Difficulty,Title,Frequency,Acceptance Rate,Link,Topics
EASY,Two Sum,100.0,0.005800918768980581,https://leetcode.com/problems/two-sum,"Array, Hash Table"
HARD,Trapping Rain Water,85.7,0.006802783224080567,https://leetcode.com/problems/trapping-rain-water,"Array, Two Pointers, Dynamic Programming, Stack, Monotonic Stack"
EASY,Best Time to Buy and Sell Stock,81.9,0.005725108396973595,https://leetcode.com/problems/best-time-to-buy-and-sell-stock,"Array, Dynamic Programming"
MEDIUM,Longest Substring Without Repeating Characters,81.6,0.00397788058102357,https://leetcode.com/problems/longest-substring-without-repeating-characters,"Hash Table, String, Sliding Window"
MEDIUM,LRU Cache,80.2,0.004786834626576906,https://leetcode.com/problems/lru-cache,"Hash Table, Linked List, Design, Doubly-Linked List"
MEDIUM,Add Two Numbers,79.0,0.0049132544618928084,https://leetcode.com/problems/add-two-numbers,"Linked List, Math, Recursion"
MEDIUM,Number of Islands,76.0,0.006495993404723111,https://leetcode.com/problems/number-of-islands,"Array, Depth-First Search, Breadth-First Search, Union-Find, Matrix"
MEDIUM,3Sum,74.9,0.003969278128577991,https://leetcode.com/problems/3sum,"Array, Two Pointers, Sorting"
MEDIUM,Group Anagrams,74.9,0.007312852709282173,https://leetcode.com/problems/group-anagrams,"Array, Hash Table, String, Sorting"
HARD,Median of Two Sorted Arrays,74.5,0.004736926664645988,https://leetcode.com/problems/median-of-two-sorted-arrays,"Array, Binary Search, Divide and Conquer"
MEDIUM,Longest Palindromic Substring,72.9,0.0038470812842634973,https://leetcode.com/problems/longest-palindromic-substring,"Two Pointers, String, Dynamic Programming, Manacher"
MEDIUM,Merge Intervals,72.0,0.005257590403796301,https://leetcode.com/problems/merge-intervals,"Array, Sorting, Quicksort"
MEDIUM,Course Schedule,72.0,0.005203993313307946,https://leetcode.com/problems/course-schedule,"Depth-First Search, Breadth-First Search, Graph Theory, Topological Sort, Directed Acyclic Graph"
MEDIUM,Koko Eating Bananas,71.1,0.005039557778650947,https://leetcode.com/problems/koko-eating-bananas,"Array, Binary Search"
EASY,Palindrome Number,70.6,0.006087440701351663,https://leetcode.com/problems/palindrome-number,Math
MEDIUM,Rotting Oranges,70.6,0.005927583344860977,https://leetcode.com/problems/rotting-oranges,"Array, Breadth-First Search, Matrix"
MEDIUM,Search in Rotated Sorted Array,70.2,0.004546195080094433,https://leetcode.com/problems/search-in-rotated-sorted-array,"Array, Binary Search"
MEDIUM,Container With Most Water,69.2,0.0060648042388392965,https://leetcode.com/problems/container-with-most-water,"Array, Two Pointers, Greedy"
HARD,Merge k Sorted Lists,69.2,0.006029341144142439,https://leetcode.com/problems/merge-k-sorted-lists,"Linked List, Divide and Conquer, Heap (Priority Queue), Merge Sort, Tournament Sort"
MEDIUM,Subarray Sum Equals K,69.2,0.004797978674749575,https://leetcode.com/problems/subarray-sum-equals-k,"Array, Hash Table, Prefix Sum"
MEDIUM,Maximum Coins From K Consecutive Bags,69.2,0.002659080459770115,https://leetcode.com/problems/maximum-coins-from-k-consecutive-bags,"Array, Binary Search, Greedy, Sliding Window, Sorting, Prefix Sum"
MEDIUM,Fruit Into Baskets,68.6,0.005215318808571866,https://leetcode.com/problems/fruit-into-baskets,"Array, Hash Table, Sliding Window"
MEDIUM,Reorganize String,68.1,0.005744887310946427,https://leetcode.com/problems/reorganize-string,"Hash Table, String, Greedy, Sorting, Heap (Priority Queue), Counting"
MEDIUM,Longest Consecutive Sequence,67.6,0.004720825212594653,https://leetcode.com/problems/longest-consecutive-sequence,"Array, Hash Table, Union-Find"
EASY,Majority Element,65.8,0.006648691015557973,https://leetcode.com/problems/majority-element,"Array, Hash Table, Divide and Conquer, Sorting, Counting, Boyer–Moore Majority Vote Algorithm"
MEDIUM,Lowest Common Ancestor of a Binary Tree,65.2,0.0069951400977484824,https://leetcode.com/problems/lowest-common-ancestor-of-a-binary-tree,"Tree, Depth-First Search, Binary Tree, Binary Lifting, Lowest Common Ancestor"
MEDIUM,Letter Combinations of a Phone Number,64.5,0.006665954583234598,https://leetcode.com/problems/letter-combinations-of-a-phone-number,"Hash Table, String, Backtracking"
MEDIUM,Top K Frequent Elements,64.5,0.006713859563139234,https://leetcode.com/problems/top-k-frequent-elements,"Array, Hash Table, Divide and Conquer, Sorting, Heap (Priority Queue), Bucket Sort, Counting, Quickselect"
EASY,Longest Common Prefix,63.9,0.00481870369839444,https://leetcode.com/problems/longest-common-prefix,"Array, String, Trie"
MEDIUM,Maximum Subarray,63.2,0.005373528008445135,https://leetcode.com/problems/maximum-subarray,"Array, Divide and Conquer, Dynamic Programming"
MEDIUM,Subsets,63.2,0.008271543733881505,https://leetcode.com/problems/subsets,"Array, Backtracking, Bit Manipulation"
MEDIUM,House Robber,63.2,0.0053502628777586615,https://leetcode.com/problems/house-robber,"Array, Dynamic Programming"
MEDIUM,Copy List with Random Pointer,62.5,0.00635090239140889,https://leetcode.com/problems/copy-list-with-random-pointer,"Hash Table, Linked List"
EASY,Remove Duplicates from Sorted Array,61.8,0.006356270294689139,https://leetcode.com/problems/remove-duplicates-from-sorted-array,"Array, Two Pointers"
HARD,Minimum Window Substring,61.8,0.004825467559165663,https://leetcode.com/problems/minimum-window-substring,"Hash Table, String, Sliding Window"
EASY,Valid Parentheses,61.0,0.004472528120893722,https://leetcode.com/problems/valid-parentheses,"String, Stack, Bracket Sequences"
EASY,Climbing Stairs,61.0,0.005428113338571589,https://leetcode.com/problems/climbing-stairs,"Math, Dynamic Programming, Memoization"
MEDIUM,Sort Colors,60.2,0.007016884072715112,https://leetcode.com/problems/sort-colors,"Array, Two Pointers, Sorting, Quicksort, Bubble Sort"
HARD,Sliding Window Maximum,60.2,0.004910871637192918,https://leetcode.com/problems/sliding-window-maximum,"Array, Queue, Sliding Window, Heap (Priority Queue), Monotonic Queue, Range Minimum/Maximum Query"
EASY,Merge Two Sorted Lists,59.4,0.006874735114992656,https://leetcode.com/problems/merge-two-sorted-lists,"Linked List, Recursion"
MEDIUM,Next Permutation,59.4,0.004595868333751636,https://leetcode.com/problems/next-permutation,"Array, Two Pointers"
MEDIUM,4Sum,58.5,0.004145615338772268,https://leetcode.com/problems/4sum,"Array, Two Pointers, Sorting"
MEDIUM,Find First and Last Position of Element in Sorted Array,58.5,0.004950589348372612,https://leetcode.com/problems/find-first-and-last-position-of-element-in-sorted-array,"Array, Binary Search"
MEDIUM,Rotate Image,58.5,0.008056978348914971,https://leetcode.com/problems/rotate-image,"Array, Math, Matrix"
MEDIUM,Longest Repeating Character Replacement,58.5,0.00604294200343494,https://leetcode.com/problems/longest-repeating-character-replacement,"Hash Table, String, Sliding Window"
MEDIUM,Capacity To Ship Packages Within D Days,58.5,0.007450990532981995,https://leetcode.com/problems/capacity-to-ship-packages-within-d-days,"Array, Binary Search"
EASY,Concatenation of Array,58.5,0.00900758888927667,https://leetcode.com/problems/concatenation-of-array,"Array, Simulation"
EASY,Find the Index of the First Occurrence in a String,57.6,0.004716717869479574,https://leetcode.com/problems/find-the-index-of-the-first-occurrence-in-a-string,"Two Pointers, String, String Matching, Z Algorithm, Knuth–Morris–Pratt Algorithm, Boyer–Moore String-Search Algorithm"
MEDIUM,Jump Game,57.6,0.004138468069420424,https://leetcode.com/problems/jump-game,"Array, Dynamic Programming, Greedy"
MEDIUM,Reverse Integer,56.7,0.0032365985796483756,https://leetcode.com/problems/reverse-integer,Math
HARD,Largest Rectangle in Histogram,56.7,0.005066326280307808,https://leetcode.com/problems/largest-rectangle-in-histogram,"Array, Stack, Monotonic Stack, Range Minimum/Maximum Query"
EASY,Merge Sorted Array,56.7,0.005552771146516082,https://leetcode.com/problems/merge-sorted-array,"Array, Two Pointers, Sorting"
EASY,Contains Duplicate,56.7,0.006462890773565,https://leetcode.com/problems/contains-duplicate,"Array, Hash Table, Sorting"
MEDIUM,Product of Array Except Self,56.7,0.006916445627132168,https://leetcode.com/problems/product-of-array-except-self,"Array, Prefix Sum"
MEDIUM,Asteroid Collision,56.7,0.004876242625471,https://leetcode.com/problems/asteroid-collision,"Array, Stack, Simulation"
EASY,Valid Palindrome,55.7,0.005407000425085054,https://leetcode.com/problems/valid-palindrome,"Two Pointers, String"
MEDIUM,Meeting Rooms II,55.7,0.005277660995833269,https://leetcode.com/problems/meeting-rooms-ii,"Array, Two Pointers, Greedy, Sorting, Heap (Priority Queue), Prefix Sum"
MEDIUM,Generate Parentheses,54.6,0.007906588417970683,https://leetcode.com/problems/generate-parentheses,"String, Dynamic Programming, Backtracking, Bracket Sequences"
EASY,Remove Element,54.6,0.006237181968231845,https://leetcode.com/problems/remove-element,"Array, Two Pointers"
MEDIUM,Permutations,54.6,0.008226107653199182,https://leetcode.com/problems/permutations,"Array, Backtracking"
MEDIUM,Unique Paths,54.6,0.006717300556067408,https://leetcode.com/problems/unique-paths,"Math, Dynamic Programming, Combinatorics"
MEDIUM,Coin Change,54.6,0.004897299461902748,https://leetcode.com/problems/coin-change,"Array, Dynamic Programming, Breadth-First Search, Knapsack Problem, Complete Knapsack"
MEDIUM,Task Scheduler,54.6,0.006363509242599362,https://leetcode.com/problems/task-scheduler,"Array, Hash Table, Greedy, Sorting, Heap (Priority Queue), Counting"
MEDIUM,3Sum Closest,53.5,0.004920512672452517,https://leetcode.com/problems/3sum-closest,"Array, Two Pointers, Sorting"
MEDIUM,Remove Nth Node From End of List,53.5,0.005239101584159045,https://leetcode.com/problems/remove-nth-node-from-end-of-list,"Linked List, Two Pointers"
EASY,Search Insert Position,53.5,0.005201624196485214,https://leetcode.com/problems/search-insert-position,"Array, Binary Search"
EASY,Palindrome Linked List,53.5,0.00586075034726289,https://leetcode.com/problems/palindrome-linked-list,"Linked List, Two Pointers, Stack, Recursion"
EASY,Move Zeroes,53.5,0.006426520020031069,https://leetcode.com/problems/move-zeroes,"Array, Two Pointers"
HARD,Split Array Largest Sum,53.5,0.006119137361637512,https://leetcode.com/problems/split-array-largest-sum,"Array, Binary Search, Dynamic Programming, Greedy, Prefix Sum"
HARD,Word Ladder,52.3,0.0046325920843474895,https://leetcode.com/problems/word-ladder,"Hash Table, String, Breadth-First Search, Bidirectional Search"
MEDIUM,Course Schedule II,52.3,0.005608729469948884,https://leetcode.com/problems/course-schedule-ii,"Depth-First Search, Breadth-First Search, Graph Theory, Topological Sort"
EASY,Valid Anagram,52.3,0.006853215114815539,https://leetcode.com/problems/valid-anagram,"Hash Table, String, Sorting"
HARD,Find Median from Data Stream,52.3,0.005487637421105771,https://leetcode.com/problems/find-median-from-data-stream,"Two Pointers, Design, Sorting, Heap (Priority Queue), Data Stream"
EASY,Check if Array Is Sorted and Rotated,52.3,0.0057610454627678555,https://leetcode.com/problems/check-if-array-is-sorted-and-rotated,Array
MEDIUM,Minimum Operations to Make Array Non Decreasing,52.3,0.005587410611428696,https://leetcode.com/problems/minimum-operations-to-make-array-non-decreasing,"Array, Greedy"
MEDIUM,Zigzag Conversion,51.1,0.005489165550758973,https://leetcode.com/problems/zigzag-conversion,String
HARD,First Missing Positive,51.1,0.0043542871574812105,https://leetcode.com/problems/first-missing-positive,"Array, Hash Table"
MEDIUM,Spiral Matrix,51.1,0.005762649340140076,https://leetcode.com/problems/spiral-matrix,"Array, Matrix, Simulation"
EASY,Single Number,51.1,0.007815755890287197,https://leetcode.com/problems/single-number,"Array, Bit Manipulation"
MEDIUM,Two Sum II - Input Array Is Sorted,51.1,0.0065685748816255475,https://leetcode.com/problems/two-sum-ii-input-array-is-sorted,"Array, Two Pointers, Binary Search"
EASY,Max Consecutive Ones,51.1,0.006591758755977218,https://leetcode.com/problems/max-consecutive-ones,Array
EASY,Next Greater Element I,51.1,0.007668483172754845,https://leetcode.com/problems/next-greater-element-i,"Array, Hash Table, Stack, Monotonic Stack"
MEDIUM,Daily Temperatures,51.1,0.006905642405710863,https://leetcode.com/problems/daily-temperatures,"Array, Stack, Monotonic Stack"
EASY,Combine Two Tables,51.1,0.00798795665068269,https://leetcode.com/problems/combine-two-tables,Database
MEDIUM,String to Integer (atoi),49.7,0.0021566772444169607,https://leetcode.com/problems/string-to-integer-atoi,String
MEDIUM,Word Search,49.7,0.004794632341721784,https://leetcode.com/problems/word-search,"Array, String, Backtracking, Depth-First Search, Matrix"
EASY,Rotate String,49.7,0.006666982044139076,https://leetcode.com/problems/rotate-string,"String, String Matching"
MEDIUM,Max Consecutive Ones III,49.7,0.0068276765629248755,https://leetcode.com/problems/max-consecutive-ones-iii,"Array, Binary Search, Sliding Window, Prefix Sum"
MEDIUM,Single Element in a Sorted Array,49.7,0.005939518546920414,https://leetcode.com/problems/single-element-in-a-sorted-array,"Array, Binary Search"
EASY,Squares of a Sorted Array,49.7,0.007406501475104354,https://leetcode.com/problems/squares-of-a-sorted-array,"Array, Two Pointers, Sorting"
EASY,Same Tree,48.3,0.00677830532009003,https://leetcode.com/problems/same-tree,"Tree, Depth-First Search, Breadth-First Search, Binary Tree"
HARD,Binary Tree Maximum Path Sum,48.3,0.004266447538385566,https://leetcode.com/problems/binary-tree-maximum-path-sum,"Dynamic Programming, Tree, Depth-First Search, Binary Tree, DP on Trees"
MEDIUM,Maximum Product Subarray,48.3,0.0036892028817072727,https://leetcode.com/problems/maximum-product-subarray,"Array, Dynamic Programming"
MEDIUM,Find Peak Element,48.3,0.004714029442407914,https://leetcode.com/problems/find-peak-element,"Array, Binary Search"
MEDIUM,Binary Tree Right Side View,48.3,0.00709791158692465,https://leetcode.com/problems/binary-tree-right-side-view,"Tree, Depth-First Search, Breadth-First Search, Binary Tree"
EASY,Reverse Linked List,48.3,0.008094175602302101,https://leetcode.com/problems/reverse-linked-list,"Linked List, Recursion"
MEDIUM,Find the Duplicate Number,48.3,0.006476906099465616,https://leetcode.com/problems/find-the-duplicate-number,"Array, Two Pointers, Binary Search, Bit Manipulation, Pigeonhole Principle, Floyd's Cycle Finding Algorithm"
EASY,Sqrt(x),48.3,0.004223061470169658,https://leetcode.com/problems/sqrtx,"Math, Binary Search, Newton's Method"
EASY,Intersection of Two Arrays,48.3,0.007820111647638732,https://leetcode.com/problems/intersection-of-two-arrays,"Array, Hash Table, Two Pointers, Binary Search, Sorting"
EASY,First Unique Character in a String,48.3,0.006611153379300317,https://leetcode.com/problems/first-unique-character-in-a-string,"Hash Table, String, Queue, Counting"
MEDIUM,Partition Equal Subset Sum,48.3,0.004989013203689033,https://leetcode.com/problems/partition-equal-subset-sum,"Array, Dynamic Programming, Knapsack Problem, 0-1 Knapsack"
EASY,Diameter of Binary Tree,48.3,0.006608584489249044,https://leetcode.com/problems/diameter-of-binary-tree,"Tree, Depth-First Search, Binary Tree, DP on Trees"
MEDIUM,Sum of Subarray Minimums,48.3,0.0038949679780420857,https://leetcode.com/problems/sum-of-subarray-minimums,"Array, Dynamic Programming, Stack, Monotonic Stack"
EASY,Add Binary,48.3,0.005848441314531582,https://leetcode.com/problems/add-binary,"Math, String, Bit Manipulation, Simulation"
EASY,Roman to Integer,46.8,0.0067049027990411765,https://leetcode.com/problems/roman-to-integer,"Hash Table, Math, String"
MEDIUM,Set Matrix Zeroes,46.8,0.006348192369186882,https://leetcode.com/problems/set-matrix-zeroes,"Array, Hash Table, Matrix"
MEDIUM,Linked List Cycle II,46.8,0.005888413133183402,https://leetcode.com/problems/linked-list-cycle-ii,"Hash Table, Linked List, Two Pointers, Floyd's Cycle Finding Algorithm"
MEDIUM,Min Stack,46.8,0.005855059608044856,https://leetcode.com/problems/min-stack,"Stack, Design"
MEDIUM,Kth Largest Element in an Array,46.8,0.006924330750974554,https://leetcode.com/problems/kth-largest-element-in-an-array,"Array, Divide and Conquer, Sorting, Heap (Priority Queue), Quickselect"
EASY,Reverse String,46.8,0.008119709932104969,https://leetcode.com/problems/reverse-string,"Two Pointers, String"
MEDIUM,String Compression,46.8,0.006060080317898665,https://leetcode.com/problems/string-compression,"Two Pointers, String"
MEDIUM,Next Greater Element II,46.8,0.006900509900667207,https://leetcode.com/problems/next-greater-element-ii,"Array, Stack, Monotonic Stack"
MEDIUM,All Nodes Distance K in Binary Tree,46.8,0.006800075916651703,https://leetcode.com/problems/all-nodes-distance-k-in-binary-tree,"Hash Table, Tree, Depth-First Search, Breadth-First Search, Binary Tree"
MEDIUM,Search a 2D Matrix II,46.8,0.005790388268492287,https://leetcode.com/problems/search-a-2d-matrix-ii,"Array, Binary Search, Divide and Conquer, Matrix"
MEDIUM,Valid Sudoku,45.1,0.006495053391920732,https://leetcode.com/problems/valid-sudoku,"Array, Hash Table, Matrix"
HARD,N-Queens,45.1,0.007626982145500583,https://leetcode.com/problems/n-queens,"Array, Backtracking, Algorithm X"
MEDIUM,Rotate List,45.1,0.0043113682153384115,https://leetcode.com/problems/rotate-list,"Linked List, Two Pointers"
EASY,Pascal's Triangle,45.1,0.007929400828192344,https://leetcode.com/problems/pascals-triangle,"Array, Dynamic Programming"
MEDIUM,Second Highest Salary,45.1,0.004798752418603008,https://leetcode.com/problems/second-highest-salary,Database
MEDIUM,Largest Number,45.1,0.004358468300955362,https://leetcode.com/problems/largest-number,"Array, String, Greedy, Sorting"
MEDIUM,Rotate Array,45.1,0.004532175079320106,https://leetcode.com/problems/rotate-array,"Array, Math, Two Pointers"
EASY,Isomorphic Strings,45.1,0.004892147955651791,https://leetcode.com/problems/isomorphic-strings,"Hash Table, String"
MEDIUM,Decode String,45.1,0.006308994697353077,https://leetcode.com/problems/decode-string,"String, Stack, Recursion"
MEDIUM,Word Break,45.1,0.004977847616482445,https://leetcode.com/problems/word-break,"Array, Hash Table, String, Dynamic Programming, Trie, Memoization, Brute-Force Search"
MEDIUM,Boats to Save People,45.1,0.006229769345086623,https://leetcode.com/problems/boats-to-save-people,"Array, Two Pointers, Greedy, Sorting, Timsort"
MEDIUM,Time Based Key-Value Store,45.1,0.0050128731110318705,https://leetcode.com/problems/time-based-key-value-store,"Hash Table, String, Binary Search, Design"
EASY,Maximum Average Subarray I,45.1,0.004890206572118782,https://leetcode.com/problems/maximum-average-subarray-i,"Array, Sliding Window"
EASY,Binary Tree Inorder Traversal,45.1,0.00805101288059095,https://leetcode.com/problems/binary-tree-inorder-traversal,"Stack, Tree, Depth-First Search, Binary Tree"
EASY,Running Sum of 1d Array,45.1,0.008707053629743729,https://leetcode.com/problems/running-sum-of-1d-array,"Array, Prefix Sum"
MEDIUM,Find Minimum in Rotated Sorted Array,45.1,0.005517031810057429,https://leetcode.com/problems/find-minimum-in-rotated-sorted-array,"Array, Binary Search"
MEDIUM,Angle Between Hands of a Clock,45.1,0.006987913590099264,https://leetcode.com/problems/angle-between-hands-of-a-clock,Math
MEDIUM,Search a 2D Matrix,43.2,0.005438009059396466,https://leetcode.com/problems/search-a-2d-matrix,"Array, Binary Search, Matrix"
EASY,Linked List Cycle,43.2,0.005490560918058881,https://leetcode.com/problems/linked-list-cycle,"Hash Table, Linked List, Two Pointers, Floyd's Cycle Finding Algorithm"
MEDIUM,Minimum Number of Days to Make m Bouquets,43.2,0.005705176574154857,https://leetcode.com/problems/minimum-number-of-days-to-make-m-bouquets,"Array, Binary Search"
EASY,Recyclable and Low Fat Products,43.2,0.00886321441072615,https://leetcode.com/problems/recyclable-and-low-fat-products,Database
MEDIUM,Minimum Size Subarray Sum,43.2,0.005261624451362095,https://leetcode.com/problems/minimum-size-subarray-sum,"Array, Binary Search, Sliding Window, Prefix Sum"
MEDIUM,Non-overlapping Intervals,43.2,0.005756935065562214,https://leetcode.com/problems/non-overlapping-intervals,"Array, Dynamic Programming, Greedy, Sorting"
EASY,Binary Search,43.2,0.006130264995956878,https://leetcode.com/problems/binary-search,"Array, Binary Search"
MEDIUM,Interleaving String,43.2,0.004457092084006462,https://leetcode.com/problems/interleaving-string,"String, Dynamic Programming"
HARD,Sum of Total Strength of Wizards,43.2,0.002983201581027668,https://leetcode.com/problems/sum-of-total-strength-of-wizards,"Array, Stack, Monotonic Stack, Prefix Sum"
HARD,Reverse Nodes in k-Group,41.2,0.00669651100488863,https://leetcode.com/problems/reverse-nodes-in-k-group,"Linked List, Recursion"
HARD,Longest Valid Parentheses,41.2,0.0039503594042912295,https://leetcode.com/problems/longest-valid-parentheses,"String, Dynamic Programming, Stack, Bracket Sequences"
MEDIUM,Jump Game II,41.2,0.004335921243017604,https://leetcode.com/problems/jump-game-ii,"Array, Dynamic Programming, Greedy"
MEDIUM,"Pow(x, n)",41.2,0.003917051350448515,https://leetcode.com/problems/powx-n,"Math, Recursion"
MEDIUM,Subsets II,41.2,0.006182630857877343,https://leetcode.com/problems/subsets-ii,"Array, Backtracking, Bit Manipulation"
MEDIUM,Best Time to Buy and Sell Stock II,41.2,0.007150136376528176,https://leetcode.com/problems/best-time-to-buy-and-sell-stock-ii,"Array, Dynamic Programming, Greedy"
MEDIUM,Reorder List,41.2,0.00660002656775456,https://leetcode.com/problems/reorder-list,"Linked List, Two Pointers, Stack, Recursion"
MEDIUM,Longest Increasing Subsequence,41.2,0.005984836196397778,https://leetcode.com/problems/longest-increasing-subsequence,"Array, Binary Search, Dynamic Programming, Longest Increasing Subsequence"
MEDIUM,Odd Even Linked List,41.2,0.006273100587820584,https://leetcode.com/problems/odd-even-linked-list,Linked List
MEDIUM,Insert Delete GetRandom O(1),41.2,0.0055486583995054475,https://leetcode.com/problems/insert-delete-getrandom-o1,"Array, Hash Table, Math, Design, Randomized"
MEDIUM,Permutation in String,41.2,0.004952152888713448,https://leetcode.com/problems/permutation-in-string,"Hash Table, Two Pointers, String, Sliding Window"
EASY,Kth Missing Positive Number,41.2,0.006382756890104686,https://leetcode.com/problems/kth-missing-positive-number,"Array, Binary Search"
MEDIUM,Edit Distance,41.2,0.006111924133041377,https://leetcode.com/problems/edit-distance,"String, Dynamic Programming"
EASY,First Bad Version,41.2,0.004751333698003643,https://leetcode.com/problems/first-bad-version,"Binary Search, Interactive"
EASY,Ransom Note,41.2,0.00663136966235492,https://leetcode.com/problems/ransom-note,"Hash Table, String, Counting"
HARD,Regular Expression Matching,39.0,0.003157634297802194,https://leetcode.com/problems/regular-expression-matching,"String, Dynamic Programming, Recursion"
MEDIUM,Integer to Roman,39.0,0.007149571266632225,https://leetcode.com/problems/integer-to-roman,"Hash Table, Math, String"
EASY,Plus One,39.0,0.0050450167133903445,https://leetcode.com/problems/plus-one,"Array, Math"
MEDIUM,Remove Duplicates from Sorted Array II,39.0,0.0065155872701921635,https://leetcode.com/problems/remove-duplicates-from-sorted-array-ii,"Array, Two Pointers"
MEDIUM,Reverse Linked List II,39.0,0.005217599261663659,https://leetcode.com/problems/reverse-linked-list-ii,Linked List
MEDIUM,Binary Tree Zigzag Level Order Traversal,39.0,0.006432883708725693,https://leetcode.com/problems/binary-tree-zigzag-level-order-traversal,"Tree, Breadth-First Search, Binary Tree"
MEDIUM,Palindrome Partitioning,39.0,0.0074504463219244865,https://leetcode.com/problems/palindrome-partitioning,"String, Dynamic Programming, Backtracking"
MEDIUM,Count Primes,39.0,0.003637127513843213,https://leetcode.com/problems/count-primes,"Array, Math, Enumeration, Number Theory, Primality Test, Sieve Theory, Prime Number Sieve"
HARD,Word Search II,39.0,0.0038787235391833813,https://leetcode.com/problems/word-search-ii,"Array, String, Backtracking, Trie, Matrix"
HARD,Serialize and Deserialize Binary Tree,39.0,0.006102950550995958,https://leetcode.com/problems/serialize-and-deserialize-binary-tree,"String, Tree, Depth-First Search, Breadth-First Search, Design, Binary Tree"
MEDIUM,Remove K Digits,39.0,0.0037489879658208023,https://leetcode.com/problems/remove-k-digits,"String, Stack, Greedy, Monotonic Stack"
HARD,Reverse Pairs,39.0,0.0034986467889311585,https://leetcode.com/problems/reverse-pairs,"Array, Binary Search, Divide and Conquer, Binary Indexed Tree, Segment Tree, Merge Sort, Ordered Set, Treap"
MEDIUM,Number of Provinces,39.0,0.007093648923444207,https://leetcode.com/problems/number-of-provinces,"Depth-First Search, Breadth-First Search, Union-Find, Graph Theory"
MEDIUM,Peak Index in a Mountain Array,39.0,0.006670434630121796,https://leetcode.com/problems/peak-index-in-a-mountain-array,"Array, Binary Search, Ternary Search"
MEDIUM,Random Pick with Weight,39.0,0.004921195605186074,https://leetcode.com/problems/random-pick-with-weight,"Array, Math, Binary Search, Prefix Sum, Randomized"
EASY,Fibonacci Number,39.0,0.007452180064209408,https://leetcode.com/problems/fibonacci-number,"Math, Dynamic Programming, Recursion, Memoization"
EASY,Merge Strings Alternately,39.0,0.008214715064886214,https://leetcode.com/problems/merge-strings-alternately,"Two Pointers, String"
MEDIUM,Surrounded Regions,39.0,0.004606683958506796,https://leetcode.com/problems/surrounded-regions,"Array, Depth-First Search, Breadth-First Search, Union-Find, Matrix"
HARD,Vertical Order Traversal of a Binary Tree,39.0,0.00545262765801227,https://leetcode.com/problems/vertical-order-traversal-of-a-binary-tree,"Hash Table, Tree, Depth-First Search, Breadth-First Search, Sorting, Binary Tree"
MEDIUM,Frequency of the Most Frequent Element,39.0,0.004512537753740255,https://leetcode.com/problems/frequency-of-the-most-frequent-element,"Array, Binary Search, Greedy, Sliding Window, Sorting, Prefix Sum"
MEDIUM,House Robber III,39.0,0.005622273497684685,https://leetcode.com/problems/house-robber-iii,"Dynamic Programming, Tree, Depth-First Search, Binary Tree, DP on Trees"
MEDIUM,Unique Paths II,39.0,0.004494286854910931,https://leetcode.com/problems/unique-paths-ii,"Array, Dynamic Programming, Matrix"
MEDIUM,Multiply Strings,39.0,0.004462400499590362,https://leetcode.com/problems/multiply-strings,"Math, String, Simulation"
EASY,Assign Cookies,39.0,0.005541664234589968,https://leetcode.com/problems/assign-cookies,"Array, Two Pointers, Greedy, Sorting, Quicksort"
EASY,Balanced Binary Tree,39.0,0.005900720366026005,https://leetcode.com/problems/balanced-binary-tree,"Tree, Depth-First Search, Binary Tree"
EASY,Remove Duplicates from Sorted List,39.0,0.00573376879300634,https://leetcode.com/problems/remove-duplicates-from-sorted-list,Linked List
EASY,Add Digits,39.0,0.006923277072135301,https://leetcode.com/problems/add-digits,"Math, Simulation, Number Theory"
MEDIUM,Construct Binary Search Tree from Preorder Traversal,39.0,0.008454696643590052,https://leetcode.com/problems/construct-binary-search-tree-from-preorder-traversal,"Array, Stack, Tree, Binary Search Tree, Monotonic Stack, Binary Tree"
HARD,Concatenated Words,39.0,0.004991074765929127,https://leetcode.com/problems/concatenated-words,"Array, String, Dynamic Programming, Depth-First Search, Trie, Sorting"
MEDIUM,Longest Arithmetic Sequence After Changing At Most One Element,39.0,0.002173663237883422,https://leetcode.com/problems/longest-arithmetic-sequence-after-changing-at-most-one-element,"Array, Enumeration"
HARD,Wildcard Matching,39.0,0.003262322499166926,https://leetcode.com/problems/wildcard-matching,"String, Dynamic Programming, Greedy, Recursion"
MEDIUM,Maximum Ice Cream Bars,39.0,0.007725355325020211,https://leetcode.com/problems/maximum-ice-cream-bars,"Array, Greedy, Sorting, Counting Sort"
EASY,Maximum Product of Three Numbers,39.0,0.004822190115583897,https://leetcode.com/problems/maximum-product-of-three-numbers,"Array, Math, Sorting"
MEDIUM,Validate Binary Search Tree,36.4,0.0036206010872143228,https://leetcode.com/problems/validate-binary-search-tree,"Tree, Depth-First Search, Binary Search Tree, Binary Tree"
EASY,Symmetric Tree,36.4,0.006182543122270631,https://leetcode.com/problems/symmetric-tree,"Tree, Depth-First Search, Breadth-First Search, Binary Tree"
MEDIUM,Gas Station,36.4,0.004855720508729963,https://leetcode.com/problems/gas-station,"Array, Greedy"
EASY,Happy Number,36.4,0.00601149685323521,https://leetcode.com/problems/happy-number,"Hash Table, Math, Two Pointers, Floyd's Cycle Finding Algorithm"
EASY,Contains Duplicate II,36.4,0.005178439854329056,https://leetcode.com/problems/contains-duplicate-ii,"Array, Hash Table, Sliding Window"
EASY,Power of Two,36.4,0.0050421415478439525,https://leetcode.com/problems/power-of-two,"Math, Bit Manipulation, Recursion"
EASY,Reverse Vowels of a String,36.4,0.006208593351279957,https://leetcode.com/problems/reverse-vowels-of-a-string,"Two Pointers, String"
MEDIUM,Managers with at Least 5 Direct Reports,36.4,0.004939506996395336,https://leetcode.com/problems/managers-with-at-least-5-direct-reports,Database
EASY,Valid Palindrome II,36.4,0.004461328879412779,https://leetcode.com/problems/valid-palindrome-ii,"Two Pointers, String, Greedy"
MEDIUM,Accounts Merge,36.4,0.006188973838707603,https://leetcode.com/problems/accounts-merge,"Array, Hash Table, String, Depth-First Search, Breadth-First Search, Union-Find, Sorting"
MEDIUM,Open the Lock,36.4,0.0061505168250489285,https://leetcode.com/problems/open-the-lock,"Array, Hash Table, String, Breadth-First Search, Bidirectional Search"
EASY,Middle of the Linked List,36.4,0.008227599656640099,https://leetcode.com/problems/middle-of-the-linked-list,"Linked List, Two Pointers"
MEDIUM,Longest Common Subsequence,36.4,0.005947635583980062,https://leetcode.com/problems/longest-common-subsequence,"String, Dynamic Programming, Longest Common Subsequence"
HARD,Basic Calculator,36.4,0.00471112581789601,https://leetcode.com/problems/basic-calculator,"Math, String, Stack, Recursion"
MEDIUM,Pacific Atlantic Water Flow,36.4,0.006134503514875067,https://leetcode.com/problems/pacific-atlantic-water-flow,"Array, Depth-First Search, Breadth-First Search, Matrix"
MEDIUM,Recover Binary Search Tree,36.4,0.0060669682919533355,https://leetcode.com/problems/recover-binary-search-tree,"Tree, Depth-First Search, Binary Search Tree, Binary Tree"
EASY,Length of Last Word,36.4,0.005951314338263951,https://leetcode.com/problems/length-of-last-word,String
MEDIUM,Valid Parenthesis String,36.4,0.0040403895485300115,https://leetcode.com/problems/valid-parenthesis-string,"String, Dynamic Programming, Stack, Greedy, Bracket Sequences"
HARD,Burst Balloons,36.4,0.006419184417830754,https://leetcode.com/problems/burst-balloons,"Array, Dynamic Programming"
EASY,Reverse Words in a String III,36.4,0.00841212897654075,https://leetcode.com/problems/reverse-words-in-a-string-iii,"Two Pointers, String"
MEDIUM,Search in Rotated Sorted Array II,36.4,0.004044603819619822,https://leetcode.com/problems/search-in-rotated-sorted-array-ii,"Array, Binary Search"
MEDIUM,Insert Interval,36.4,0.00458118037265792,https://leetcode.com/problems/insert-interval,Array
EASY,Remove Outermost Parentheses,36.4,0.008738971797352755,https://leetcode.com/problems/remove-outermost-parentheses,"String, Stack, Bracket Sequences"
MEDIUM,132 Pattern,36.4,0.0035032369478907167,https://leetcode.com/problems/132-pattern,"Array, Binary Search, Stack, Monotonic Stack, Ordered Set"
EASY,Find Missing and Repeated Values,36.4,0.008297238414358636,https://leetcode.com/problems/find-missing-and-repeated-values,"Array, Hash Table, Math, Matrix"
MEDIUM,Amount of Time for Binary Tree to Be Infected,36.4,0.0065872463681562335,https://leetcode.com/problems/amount-of-time-for-binary-tree-to-be-infected,"Hash Table, Tree, Depth-First Search, Breadth-First Search, Binary Tree"
MEDIUM,Partition List,36.4,0.006184100170255395,https://leetcode.com/problems/partition-list,"Linked List, Two Pointers"
EASY,Duplicate Emails,36.4,0.007419572104275729,https://leetcode.com/problems/duplicate-emails,Database
EASY,Largest Odd Number in String,36.4,0.006797983545663588,https://leetcode.com/problems/largest-odd-number-in-string,"Math, String, Greedy"
MEDIUM,First Unique Number,36.4,0.005787431965347192,https://leetcode.com/problems/first-unique-number,"Array, Hash Table, Design, Queue, Data Stream"
HARD,Substring with Concatenation of All Words,36.4,0.0035003040942139163,https://leetcode.com/problems/substring-with-concatenation-of-all-words,"Hash Table, String, Sliding Window"
EASY,Students and Examinations,36.4,0.006177104311564636,https://leetcode.com/problems/students-and-examinations,Database
EASY,Find Common Characters,36.4,0.007480135807417537,https://leetcode.com/problems/find-common-characters,"Array, Hash Table, String"
MEDIUM,Length of Longest Subarray With at Most K Frequency,36.4,0.006050502614472228,https://leetcode.com/problems/length-of-longest-subarray-with-at-most-k-frequency,"Array, Hash Table, Sliding Window"
MEDIUM,Divide Two Integers,33.5,0.0020225067542993715,https://leetcode.com/problems/divide-two-integers,"Math, Bit Manipulation"
EASY,Maximum Depth of Binary Tree,33.5,0.007852232439696587,https://leetcode.com/problems/maximum-depth-of-binary-tree,"Tree, Depth-First Search, Breadth-First Search, Binary Tree"
MEDIUM,Binary Tree Level Order Traversal,33.5,0.007328967348998725,https://leetcode.com/problems/binary-tree-level-order-traversal,"Tree, Breadth-First Search, Binary Tree"
MEDIUM,Sort List,33.5,0.006518643874463636,https://leetcode.com/problems/sort-list,"Linked List, Two Pointers, Divide and Conquer, Sorting, Merge Sort"
EASY,Rising Temperature,33.5,0.005193865803454294,https://leetcode.com/problems/rising-temperature,Database
EASY,Is Subsequence,33.5,0.004934153208028073,https://leetcode.com/problems/is-subsequence,"Two Pointers, String, Dynamic Programming"
MEDIUM,Evaluate Division,33.5,0.006450708148715583,https://leetcode.com/problems/evaluate-division,"Array, String, Depth-First Search, Breadth-First Search, Union-Find, Graph Theory, Shortest Path, Bellman–Ford Algorithm, Floyd–Warshall Algorithm"
MEDIUM,Find All Anagrams in a String,33.5,0.005432424800679061,https://leetcode.com/problems/find-all-anagrams-in-a-string,"Hash Table, String, Sliding Window"
MEDIUM,Find K Closest Elements,33.5,0.005001233450715752,https://leetcode.com/problems/find-k-closest-elements,"Array, Two Pointers, Binary Search, Sliding Window, Sorting, Heap (Priority Queue)"
MEDIUM,Cheapest Flights Within K Stops,33.5,0.0042415075545453925,https://leetcode.com/problems/cheapest-flights-within-k-stops,"Dynamic Programming, Depth-First Search, Breadth-First Search, Graph Theory, Heap (Priority Queue), Shortest Path"
HARD,Subarrays with K Different Integers,33.5,0.006886127682833283,https://leetcode.com/problems/subarrays-with-k-different-integers,"Array, Hash Table, Sliding Window, Counting"
MEDIUM,Top K Frequent Words,33.5,0.006050097703056446,https://leetcode.com/problems/top-k-frequent-words,"Array, Hash Table, String, Trie, Sorting, Heap (Priority Queue), Bucket Sort, Counting"
MEDIUM,Maximum Width of Binary Tree,33.5,0.004597500461454376,https://leetcode.com/problems/maximum-width-of-binary-tree,"Tree, Depth-First Search, Breadth-First Search, Binary Tree"
MEDIUM,Design Circular Queue,33.5,0.005521268075158022,https://leetcode.com/problems/design-circular-queue,"Array, Linked List, Design, Queue"
HARD,Maximal Rectangle,33.5,0.00595947460319782,https://leetcode.com/problems/maximal-rectangle,"Array, Dynamic Programming, Stack, Matrix, Monotonic Stack"
MEDIUM,Number of Operations to Make Network Connected,33.5,0.006714832158007217,https://leetcode.com/problems/number-of-operations-to-make-network-connected,"Depth-First Search, Breadth-First Search, Union-Find, Graph Theory"
MEDIUM,Sell Diminishing-Valued Colored Balls,33.5,0.0030386472505533335,https://leetcode.com/problems/sell-diminishing-valued-colored-balls,"Array, Math, Binary Search, Greedy, Sorting, Heap (Priority Queue)"
EASY,Shuffle the Array,33.5,0.008869491805820461,https://leetcode.com/problems/shuffle-the-array,Array
EASY,Find if Path Exists in Graph,33.5,0.005570799168339289,https://leetcode.com/problems/find-if-path-exists-in-graph,"Depth-First Search, Breadth-First Search, Union-Find, Graph Theory"
MEDIUM,Longest Continuous Subarray With Absolute Diff Less Than or Equal to Limit,33.5,0.005791927273496946,https://leetcode.com/problems/longest-continuous-subarray-with-absolute-diff-less-than-or-equal-to-limit,"Array, Queue, Sliding Window, Heap (Priority Queue), Ordered Set, Monotonic Queue"
HARD,IPO,33.5,0.005372736954206603,https://leetcode.com/problems/ipo,"Array, Greedy, Sorting, Heap (Priority Queue)"
MEDIUM,Majority Element II,33.5,0.005667233002105416,https://leetcode.com/problems/majority-element-ii,"Array, Hash Table, Sorting, Counting, Boyer–Moore Majority Vote Algorithm"
HARD,Minimum Initial Energy to Finish Tasks,33.5,0.007651235631973123,https://leetcode.com/problems/minimum-initial-energy-to-finish-tasks,"Array, Greedy, Sorting"
MEDIUM,Create Binary Tree From Descriptions,33.5,0.008391448766100243,https://leetcode.com/problems/create-binary-tree-from-descriptions,"Array, Hash Table, Tree, Binary Tree"
MEDIUM,01 Matrix,33.5,0.0054725966693036,https://leetcode.com/problems/01-matrix,"Array, Dynamic Programming, Breadth-First Search, Matrix"
MEDIUM,Maximum Sum Circular Subarray,33.5,0.005115591695803902,https://leetcode.com/problems/maximum-sum-circular-subarray,"Array, Divide and Conquer, Dynamic Programming, Queue, Monotonic Queue"
HARD,Number of ZigZag Arrays I,33.5,0.005035740595791704,https://leetcode.com/problems/number-of-zigzag-arrays-i,"Dynamic Programming, Prefix Sum"
EASY,Distance Between Bus Stops,33.5,0.00567882709072248,https://leetcode.com/problems/distance-between-bus-stops,Array
MEDIUM,Predict the Winner,33.5,0.0059879680486440755,https://leetcode.com/problems/predict-the-winner,"Array, Math, Dynamic Programming, Recursion, Minimax, Game Theory, Zero-Sum Game"
MEDIUM,Combination Sum,30.1,0.0077005768815870505,https://leetcode.com/problems/combination-sum,"Array, Backtracking"
MEDIUM,Minimum Path Sum,30.1,0.006874260343668333,https://leetcode.com/problems/minimum-path-sum,"Array, Dynamic Programming, Matrix"
MEDIUM,Construct Binary Tree from Preorder and Inorder Traversal,30.1,0.006938038532730717,https://leetcode.com/problems/construct-binary-tree-from-preorder-and-inorder-traversal,"Array, Hash Table, Divide and Conquer, Tree, Binary Tree"
MEDIUM,Evaluate Reverse Polish Notation,30.1,0.005848800500808375,https://leetcode.com/problems/evaluate-reverse-polish-notation,"Array, Math, Stack"
MEDIUM,Rearrange Array Elements by Sign,30.1,0.00848044946250092,https://leetcode.com/problems/rearrange-array-elements-by-sign,"Array, Two Pointers, Simulation"
MEDIUM,Lowest Common Ancestor of a Binary Search Tree,30.1,0.007119552915764813,https://leetcode.com/problems/lowest-common-ancestor-of-a-binary-search-tree,"Tree, Depth-First Search, Binary Search Tree, Binary Tree, Binary Lifting, Lowest Common Ancestor"
EASY,Missing Number,30.1,0.0072516596353814035,https://leetcode.com/problems/missing-number,"Array, Hash Table, Math, Binary Search, Bit Manipulation, Sorting"
EASY,Add Two Integers,30.1,0.008809079255378442,https://leetcode.com/problems/add-two-integers,Math
HARD,LFU Cache,30.1,0.005002856004978826,https://leetcode.com/problems/lfu-cache,"Hash Table, Linked List, Design, Doubly-Linked List"
MEDIUM,Search Suggestions System,30.1,0.006523544993956227,https://leetcode.com/problems/search-suggestions-system,"Array, String, Binary Search, Trie, Sorting, Heap (Priority Queue)"
EASY,Big Countries,30.1,0.006875425849139056,https://leetcode.com/problems/big-countries,Database
EASY,Intersection of Two Linked Lists,30.1,0.006446665709366838,https://leetcode.com/problems/intersection-of-two-linked-lists,"Hash Table, Linked List, Two Pointers"
MEDIUM,Find the Smallest Divisor Given a Threshold,30.1,0.006660660895904325,https://leetcode.com/problems/find-the-smallest-divisor-given-a-threshold,"Array, Binary Search"
MEDIUM,Magnetic Force Between Two Balls,30.1,0.007254963532625118,https://leetcode.com/problems/magnetic-force-between-two-balls,"Array, Binary Search, Sorting"
MEDIUM,Count and Say,30.1,0.006361947553339493,https://leetcode.com/problems/count-and-say,String
MEDIUM,House Robber II,30.1,0.0045403812596714185,https://leetcode.com/problems/house-robber-ii,"Array, Dynamic Programming"
HARD,Bus Routes,30.1,0.004749544257014072,https://leetcode.com/problems/bus-routes,"Array, Hash Table, Breadth-First Search"
EASY,Count Binary Substrings,30.1,0.0070534051072942494,https://leetcode.com/problems/count-binary-substrings,"Two Pointers, String"
EASY,Employees Earning More Than Their Managers,30.1,0.007374407522984628,https://leetcode.com/problems/employees-earning-more-than-their-managers,Database
MEDIUM,Maximum Points You Can Obtain from Cards,30.1,0.005824615178228427,https://leetcode.com/problems/maximum-points-you-can-obtain-from-cards,"Array, Sliding Window, Prefix Sum"
EASY,Customer Who Visited but Did Not Make Any Transactions,30.1,0.006830147767907949,https://leetcode.com/problems/customer-who-visited-but-did-not-make-any-transactions,Database
MEDIUM,Most Stones Removed with Same Row or Column,30.1,0.006338928597745192,https://leetcode.com/problems/most-stones-removed-with-same-row-or-column,"Hash Table, Depth-First Search, Union-Find, Graph Theory, Bipartite Graph"
EASY,Set Mismatch,30.1,0.0043371175637204815,https://leetcode.com/problems/set-mismatch,"Array, Hash Table, Bit Manipulation, Sorting"
EASY,Reverse Bits,30.1,0.0069125866418237635,https://leetcode.com/problems/reverse-bits,"Divide and Conquer, Bit Manipulation"
MEDIUM,Consecutive Numbers,30.1,0.004908294908655094,https://leetcode.com/problems/consecutive-numbers,Database
EASY,Summary Ranges,30.1,0.0054618862212235855,https://leetcode.com/problems/summary-ranges,Array
MEDIUM,Coin Change II,30.1,0.005930312380477852,https://leetcode.com/problems/coin-change-ii,"Array, Dynamic Programming, Knapsack Problem, Complete Knapsack"
MEDIUM,Longest Substring with At Least K Repeating Characters,30.1,0.004656544866244088,https://leetcode.com/problems/longest-substring-with-at-least-k-repeating-characters,"Hash Table, String, Divide and Conquer, Sliding Window"
EASY,Can Place Flowers,30.1,0.0029280014546573512,https://leetcode.com/problems/can-place-flowers,"Array, Greedy"
MEDIUM,Detect Cycles in 2D Grid,30.1,0.00635072463768116,https://leetcode.com/problems/detect-cycles-in-2d-grid,"Array, Depth-First Search, Breadth-First Search, Union-Find, Matrix"
MEDIUM,Bulls and Cows,30.1,0.005288257317397806,https://leetcode.com/problems/bulls-and-cows,"Hash Table, String, Counting"
HARD,Parallel Courses III,30.1,0.006681134524149296,https://leetcode.com/problems/parallel-courses-iii,"Array, Dynamic Programming, Graph Theory, Topological Sort, Directed Acyclic Graph"
EASY,Minimum Distance to the Target Element,30.1,0.006434509027032997,https://leetcode.com/problems/minimum-distance-to-the-target-element,Array
EASY,Queries Quality and Percentage,30.1,0.005441903906668865,https://leetcode.com/problems/queries-quality-and-percentage,Database
MEDIUM,Path Sum II,30.1,0.00627416206467224,https://leetcode.com/problems/path-sum-ii,"Backtracking, Tree, Depth-First Search, Binary Tree"
MEDIUM,Rotate Function,30.1,0.005414634651157376,https://leetcode.com/problems/rotate-function,"Array, Math, Dynamic Programming"
MEDIUM,Find the Length of the Longest Common Prefix,30.1,0.006226097083965104,https://leetcode.com/problems/find-the-length-of-the-longest-common-prefix,"Array, Hash Table, String, Trie"
MEDIUM,Earliest Finish Time for Land and Water Rides II,30.1,0.006413970180608642,https://leetcode.com/problems/earliest-finish-time-for-land-and-water-rides-ii,"Array, Two Pointers, Binary Search, Greedy, Sorting"
EASY,Earliest Finish Time for Land and Water Rides I,30.1,0.007296735748055734,https://leetcode.com/problems/earliest-finish-time-for-land-and-water-rides-i,"Array, Two Pointers, Binary Search, Greedy, Sorting"
EASY,Range Sum Query - Immutable,30.1,0.007316352456266755,https://leetcode.com/problems/range-sum-query-immutable,"Array, Design, Prefix Sum"
MEDIUM,Total Waviness of Numbers in Range I,30.1,0.008742262039138339,https://leetcode.com/problems/total-waviness-of-numbers-in-range-i,"Math, Dynamic Programming, Enumeration"
EASY,User Activity for the Past 30 Days I,30.1,0.005139028450273821,https://leetcode.com/problems/user-activity-for-the-past-30-days-i,Database
EASY,Find Pivot Index,30.1,0.0063598101123025115,https://leetcode.com/problems/find-pivot-index,"Array, Prefix Sum"
EASY,Binary Tree Preorder Traversal,30.1,0.0076473033342295835,https://leetcode.com/problems/binary-tree-preorder-traversal,"Stack, Tree, Depth-First Search, Binary Tree"
MEDIUM,Path Sum III,30.1,0.004658895141515222,https://leetcode.com/problems/path-sum-iii,"Tree, Depth-First Search, Binary Tree"
HARD,Minimum Number of Taps to Open to Water a Garden,30.1,0.005106344306636353,https://leetcode.com/problems/minimum-number-of-taps-to-open-to-water-a-garden,"Array, Dynamic Programming, Greedy"
MEDIUM,Combinations,30.1,0.00750210196887536,https://leetcode.com/problems/combinations,Backtracking
MEDIUM,Remove Covered Intervals,30.1,0.006017015898807308,https://leetcode.com/problems/remove-covered-intervals,"Array, Sorting"
MEDIUM,Sequential Digits,30.1,0.0068642477593384155,https://leetcode.com/problems/sequential-digits,Enumeration
MEDIUM,Sum of GCD of Formed Pairs,30.1,0.007501293122558461,https://leetcode.com/problems/sum-of-gcd-of-formed-pairs,"Array, Math, Two Pointers, Sorting, Simulation, Number Theory"
MEDIUM,Stone Game II,30.1,0.007573751519623717,https://leetcode.com/problems/stone-game-ii,"Array, Math, Dynamic Programming, Minimax, Prefix Sum, Game Theory, Zero-Sum Game"
MEDIUM,Swap Nodes in Pairs,26.0,0.0070104841794785076,https://leetcode.com/problems/swap-nodes-in-pairs,"Linked List, Recursion"
HARD,Sudoku Solver,26.0,0.006558657151792837,https://leetcode.com/problems/sudoku-solver,"Array, Hash Table, Backtracking, Matrix, Algorithm X, Dancing Links"
MEDIUM,Clone Graph,26.0,0.00659795548864232,https://leetcode.com/problems/clone-graph,"Hash Table, Depth-First Search, Breadth-First Search, Graph Theory"
HARD,Candy,26.0,0.00490467635479669,https://leetcode.com/problems/candy,"Array, Greedy"
HARD,Word Break II,26.0,0.005602404741789417,https://leetcode.com/problems/word-break-ii,"Array, Hash Table, String, Dynamic Programming, Backtracking, Trie, Memoization"
EASY,Implement Queue using Stacks,26.0,0.00702323866542685,https://leetcode.com/problems/implement-queue-using-stacks,"Stack, Design, Queue"
HARD,Integer to English Words,26.0,0.003516285345382588,https://leetcode.com/problems/integer-to-english-words,"Math, String, Recursion"
EASY,Flood Fill,26.0,0.0068787040387350215,https://leetcode.com/problems/flood-fill,"Array, Depth-First Search, Breadth-First Search, Matrix"
EASY,Min Cost Climbing Stairs,26.0,0.006863476642626538,https://leetcode.com/problems/min-cost-climbing-stairs,"Array, Dynamic Programming"
EASY,Design HashMap,26.0,0.006675549644750756,https://leetcode.com/problems/design-hashmap,"Array, Hash Table, Linked List, Design, Hash Function"
MEDIUM,Online Stock Span,26.0,0.006962015880698431,https://leetcode.com/problems/online-stock-span,"Stack, Design, Monotonic Stack, Data Stream"
HARD,Critical Connections in a Network,26.0,0.006037170676740863,https://leetcode.com/problems/critical-connections-in-a-network,"Depth-First Search, Graph Theory, Biconnected Component, Bridge (Graph)"
EASY,Average Time of Process per Machine,26.0,0.006693244456039248,https://leetcode.com/problems/average-time-of-process-per-machine,Database
MEDIUM,Confirmation Rate,26.0,0.006254227869549999,https://leetcode.com/problems/confirmation-rate,Database
HARD,Maximum Profit in Job Scheduling,26.0,0.0054812314023464995,https://leetcode.com/problems/maximum-profit-in-job-scheduling,"Array, Binary Search, Dynamic Programming, Sorting"
MEDIUM,Shortest Path in Binary Matrix,26.0,0.005205282983092235,https://leetcode.com/problems/shortest-path-in-binary-matrix,"Array, Breadth-First Search, Matrix"
MEDIUM,Remove All Adjacent Duplicates in String II,26.0,0.006175687044307348,https://leetcode.com/problems/remove-all-adjacent-duplicates-in-string-ii,"String, Stack"
MEDIUM,Subarray Product Less Than K,26.0,0.0054858355024627456,https://leetcode.com/problems/subarray-product-less-than-k,"Array, Binary Search, Sliding Window, Prefix Sum"
MEDIUM,Contiguous Array,26.0,0.0052082291576860075,https://leetcode.com/problems/contiguous-array,"Array, Hash Table, Prefix Sum"
EASY,Excel Sheet Column Title,26.0,0.004729587436752565,https://leetcode.com/problems/excel-sheet-column-title,"Math, String"
MEDIUM,Spiral Matrix II,26.0,0.007566243329510636,https://leetcode.com/problems/spiral-matrix-ii,"Array, Matrix, Simulation"
MEDIUM,Product Sales Analysis III,26.0,0.004641051158655829,https://leetcode.com/problems/product-sales-analysis-iii,Database
MEDIUM,Single Number II,26.0,0.006767171447899468,https://leetcode.com/problems/single-number-ii,"Array, Bit Manipulation"
HARD,Dungeon Game,26.0,0.004200802820563928,https://leetcode.com/problems/dungeon-game,"Array, Dynamic Programming, Matrix"
MEDIUM,Car Fleet,26.0,0.005556785683288915,https://leetcode.com/problems/car-fleet,"Array, Stack, Sorting, Monotonic Stack"
MEDIUM,Bulb Switcher,26.0,0.0056328907450730005,https://leetcode.com/problems/bulb-switcher,"Math, Brainteaser"
MEDIUM,Max Area of Island,26.0,0.00741854179363408,https://leetcode.com/problems/max-area-of-island,"Array, Depth-First Search, Breadth-First Search, Union-Find, Matrix"
HARD,Alien Dictionary,26.0,0.0037286290888170304,https://leetcode.com/problems/alien-dictionary,"Array, String, Depth-First Search, Breadth-First Search, Graph Theory, Topological Sort, Directed Acyclic Graph"
EASY,Number of Students Unable to Eat Lunch,26.0,0.007993620548969606,https://leetcode.com/problems/number-of-students-unable-to-eat-lunch,"Array, Stack, Queue, Simulation"
HARD,Frog Jump,26.0,0.004754496025646009,https://leetcode.com/problems/frog-jump,"Array, Dynamic Programming"
EASY,Intersection of Two Arrays II,26.0,0.006021526819520826,https://leetcode.com/problems/intersection-of-two-arrays-ii,"Array, Hash Table, Two Pointers, Binary Search, Sorting"
HARD,Longest Happy Prefix,26.0,0.005374342333110356,https://leetcode.com/problems/longest-happy-prefix,"String, Rolling Hash, String Matching, Hash Function, Z Algorithm, Knuth–Morris–Pratt Algorithm"
MEDIUM,Min Cost to Connect All Points,26.0,0.007156156703501343,https://leetcode.com/problems/min-cost-to-connect-all-points,"Array, Union-Find, Graph Theory, Minimum Spanning Tree, Prim's Algorithm, Kruskal's Algorithm, Borůvka's Algorithm"
MEDIUM,Minimum Cost For Tickets,26.0,0.006747684413940163,https://leetcode.com/problems/minimum-cost-for-tickets,"Array, Dynamic Programming"
HARD,Binary Tree Cameras,26.0,0.0048078175577937745,https://leetcode.com/problems/binary-tree-cameras,"Dynamic Programming, Tree, Depth-First Search, Binary Tree, DP on Trees"
EASY,Reverse String II,26.0,0.005434584037352547,https://leetcode.com/problems/reverse-string-ii,"Two Pointers, String"
EASY,Number of Good Pairs,26.0,0.00899112402705997,https://leetcode.com/problems/number-of-good-pairs,"Array, Hash Table, Math, Counting"
MEDIUM,Remove Duplicate Letters,26.0,0.00542794922972841,https://leetcode.com/problems/remove-duplicate-letters,"String, Stack, Greedy, Monotonic Stack"
EASY,Add Strings,26.0,0.005221925350779546,https://leetcode.com/problems/add-strings,"Math, String, Simulation"
MEDIUM,Convert Sorted List to Binary Search Tree,26.0,0.0067195517811201545,https://leetcode.com/problems/convert-sorted-list-to-binary-search-tree,"Linked List, Divide and Conquer, Tree, Binary Search Tree, Binary Tree"
EASY,Find Center of Star Graph,26.0,0.008660189614973881,https://leetcode.com/problems/find-center-of-star-graph,Graph Theory
MEDIUM,Web Crawler,26.0,0.006871503115540007,https://leetcode.com/problems/web-crawler,"String, Depth-First Search, Breadth-First Search, Interactive"
MEDIUM,Closest Equal Element Queries,26.0,0.005135603593899185,https://leetcode.com/problems/closest-equal-element-queries,"Array, Hash Table, Binary Search"
MEDIUM,Brick Wall,26.0,0.005606338317751051,https://leetcode.com/problems/brick-wall,"Array, Hash Table"
EASY,Meeting Rooms,26.0,0.005952634827992592,https://leetcode.com/problems/meeting-rooms,"Array, Sorting, Quicksort"
MEDIUM,Largest Palindromic Number,26.0,0.0037350762933879064,https://leetcode.com/problems/largest-palindromic-number,"Hash Table, String, Greedy, Counting"
HARD,Maximize Fixed Points After Deletions,26.0,0.001997195980905965,https://leetcode.com/problems/maximize-fixed-points-after-deletions,"Array, Binary Search, Sorting"
MEDIUM,Is Graph Bipartite?,26.0,0.005977138680759284,https://leetcode.com/problems/is-graph-bipartite,"Depth-First Search, Breadth-First Search, Union-Find, Graph Theory, Graph Coloring, Bipartite Graph"
MEDIUM,Repeated DNA Sequences,26.0,0.005382323263105856,https://leetcode.com/problems/repeated-dna-sequences,"Hash Table, String, Bit Manipulation, Sliding Window, Rolling Hash, Hash Function, Z Algorithm, Boyer–Moore String-Search Algorithm"
MEDIUM,First Completely Painted Row or Column,26.0,0.006385790374813662,https://leetcode.com/problems/first-completely-painted-row-or-column,"Array, Hash Table, Matrix"
MEDIUM,Minimum Moves to Make Array Complementary,26.0,0.006483831630293091,https://leetcode.com/problems/minimum-moves-to-make-array-complementary,"Array, Hash Table, Prefix Sum"
MEDIUM,Populating Next Right Pointers in Each Node,26.0,0.006763833468175856,https://leetcode.com/problems/populating-next-right-pointers-in-each-node,"Linked List, Tree, Depth-First Search, Breadth-First Search, Binary Tree"
MEDIUM,Find the Prefix Common Array of Two Arrays,26.0,0.008829179186595317,https://leetcode.com/problems/find-the-prefix-common-array-of-two-arrays,"Array, Hash Table, Bit Manipulation"
MEDIUM,Single Number III,26.0,0.007014489436776195,https://leetcode.com/problems/single-number-iii,"Array, Bit Manipulation"
MEDIUM,Jump Game VII,26.0,0.003564442419669424,https://leetcode.com/problems/jump-game-vii,"String, Dynamic Programming, Sliding Window, Prefix Sum"
HARD,Best Time to Buy and Sell Stock III,26.0,0.005451157668612667,https://leetcode.com/problems/best-time-to-buy-and-sell-stock-iii,"Array, Dynamic Programming"
EASY,Maximum Nesting Depth of the Parentheses,26.0,0.008504446379376793,https://leetcode.com/problems/maximum-nesting-depth-of-the-parentheses,"String, Stack, Bracket Sequences"
MEDIUM,Partition Array According to Given Pivot,26.0,0.009075455115639383,https://leetcode.com/problems/partition-array-according-to-given-pivot,"Array, Two Pointers, Simulation"
EASY,Build Array from Permutation,26.0,0.009109459878126655,https://leetcode.com/problems/build-array-from-permutation,"Array, Simulation"
MEDIUM,Combination Sum II,26.0,0.005997280460507808,https://leetcode.com/problems/combination-sum-ii,"Array, Backtracking"
MEDIUM,Permutations II,26.0,0.006400878893090229,https://leetcode.com/problems/permutations-ii,"Array, Backtracking, Sorting"
MEDIUM,Product Price at a Given Date,26.0,0.005835949501329528,https://leetcode.com/problems/product-price-at-a-given-date,Database
HARD,Process String with Special Operations II,26.0,0.003982273350319971,https://leetcode.com/problems/process-string-with-special-operations-ii,"String, Simulation"
MEDIUM,Count Subarrays With Majority Element I,26.0,0.007566259241167721,https://leetcode.com/problems/count-subarrays-with-majority-element-i,"Array, Hash Table, Divide and Conquer, Segment Tree, Merge Sort, Counting, Prefix Sum"
MEDIUM,Remove Duplicates from Sorted List II,26.0,0.005235383431792811,https://leetcode.com/problems/remove-duplicates-from-sorted-list-ii,"Linked List, Two Pointers"
MEDIUM,Target Sum,26.0,0.005273059594683657,https://leetcode.com/problems/target-sum,"Array, Dynamic Programming, Backtracking, Knapsack Problem, 0-1 Knapsack"
MEDIUM,Subarray Sums Divisible by K,26.0,0.005664232594353679,https://leetcode.com/problems/subarray-sums-divisible-by-k,"Array, Hash Table, Prefix Sum"
MEDIUM,Separate Black and White Balls,26.0,0.006381998473402635,https://leetcode.com/problems/separate-black-and-white-balls,"Two Pointers, String, Greedy"
EASY,Row With Maximum Ones,26.0,0.007454332591129664,https://leetcode.com/problems/row-with-maximum-ones,"Array, Matrix"
EASY,Rank Transform of an Array,26.0,0.007397527786766802,https://leetcode.com/problems/rank-transform-of-an-array,"Array, Hash Table, Sorting"
EASY,Guess Number Higher or Lower,26.0,0.005813554892194176,https://leetcode.com/problems/guess-number-higher-or-lower,"Binary Search, Interactive"
EASY,Convert Sorted Array to Binary Search Tree,26.0,0.007598446523845733,https://leetcode.com/problems/convert-sorted-array-to-binary-search-tree,"Array, Divide and Conquer, Tree, Binary Search Tree, Binary Tree"
HARD,Sorted GCD Pair Queries,26.0,0.005818630552106032,https://leetcode.com/problems/sorted-gcd-pair-queries,"Array, Hash Table, Math, Binary Search, Combinatorics, Counting, Number Theory, Prefix Sum, Euclidean Algorithm, Greatest Common Divisor"
MEDIUM,Smallest Subsequence of Distinct Characters,26.0,0.0070564827029259035,https://leetcode.com/problems/smallest-subsequence-of-distinct-characters,"String, Stack, Greedy, Monotonic Stack"
MEDIUM,Maximize Active Section with Trade I,26.0,0.006095574569079963,https://leetcode.com/problems/maximize-active-section-with-trade-i,"String, Enumeration"
MEDIUM,Monthly Transactions I,26.0,0.005969044434700358,https://leetcode.com/problems/monthly-transactions-i,Database
MEDIUM,Binary Search Tree to Greater Sum Tree,26.0,0.008840955133505362,https://leetcode.com/problems/binary-search-tree-to-greater-sum-tree,"Tree, Depth-First Search, Binary Search Tree, Binary Tree"
MEDIUM,Triangle,20.9,0.005991255720169068,https://leetcode.com/problems/triangle,"Array, Dynamic Programming"
MEDIUM,Delete Node in a Linked List,20.9,0.008429252111669104,https://leetcode.com/problems/delete-node-in-a-linked-list,Linked List
EASY,Fizz Buzz,20.9,0.007580834617066308,https://leetcode.com/problems/fizz-buzz,"Math, String, Simulation"
MEDIUM,Sort Characters By Frequency,20.9,0.007570984853505718,https://leetcode.com/problems/sort-characters-by-frequency,"Hash Table, String, Sorting, Heap (Priority Queue), Bucket Sort, Counting"
EASY,Create Hello World Function,20.9,0.008191580857174885,https://leetcode.com/problems/create-hello-world-function,
MEDIUM,Analyze User Website Visit Pattern,20.9,0.00443321229758774,https://leetcode.com/problems/analyze-user-website-visit-pattern,"Array, Hash Table, String, Sorting"
EASY,Article Views I,20.9,0.007681236481262067,https://leetcode.com/problems/article-views-i,Database
MEDIUM,Lowest Common Ancestor of a Binary Tree III,20.9,0.008301654742873582,https://leetcode.com/problems/lowest-common-ancestor-of-a-binary-tree-iii,"Hash Table, Two Pointers, Tree, Binary Tree, Binary Lifting, Lowest Common Ancestor"
MEDIUM,Find Eventual Safe States,20.9,0.0071422009741227786,https://leetcode.com/problems/find-eventual-safe-states,"Depth-First Search, Breadth-First Search, Graph Theory, Topological Sort, Kosaraju's Algorithm, Tarjan's SCC Algorithm"
MEDIUM,Sum of Two Integers,20.9,0.005587646025103971,https://leetcode.com/problems/sum-of-two-integers,"Math, Bit Manipulation"
HARD,Russian Doll Envelopes,20.9,0.0038121748166046444,https://leetcode.com/problems/russian-doll-envelopes,"Array, Binary Search, Dynamic Programming, Sorting, Longest Increasing Subsequence"
MEDIUM,Furthest Building You Can Reach,20.9,0.005109662816824548,https://leetcode.com/problems/furthest-building-you-can-reach,"Array, Greedy, Heap (Priority Queue)"
HARD,Department Top Three Salaries,20.9,0.006139792504431588,https://leetcode.com/problems/department-top-three-salaries,Database
EASY,Array Partition,20.9,0.008207972778807018,https://leetcode.com/problems/array-partition,"Array, Greedy, Sorting, Counting Sort"
MEDIUM,Nth Highest Salary,20.9,0.003990527543627035,https://leetcode.com/problems/nth-highest-salary,Database
EASY,Find the Difference,20.9,0.006061535181771441,https://leetcode.com/problems/find-the-difference,"Hash Table, String, Bit Manipulation, Sorting"
MEDIUM,Rank Scores,20.9,0.006853938289403295,https://leetcode.com/problems/rank-scores,Database
MEDIUM,H-Index,20.9,0.004178343715562805,https://leetcode.com/problems/h-index,"Array, Sorting, Counting Sort"
HARD,Count Subarrays With Median K,20.9,0.004931693379168713,https://leetcode.com/problems/count-subarrays-with-median-k,"Array, Hash Table, Prefix Sum"
EASY,Remove Linked List Elements,20.9,0.005521327822047982,https://leetcode.com/problems/remove-linked-list-elements,"Linked List, Recursion"
MEDIUM,Find a Peak Element II,20.9,0.00555296205405319,https://leetcode.com/problems/find-a-peak-element-ii,"Array, Binary Search, Matrix"
EASY,Two Sum IV - Input is a BST,20.9,0.0063614474159027915,https://leetcode.com/problems/two-sum-iv-input-is-a-bst,"Hash Table, Two Pointers, Tree, Depth-First Search, Breadth-First Search, Binary Search Tree, Binary Tree"
MEDIUM,Minimum Number of Groups to Create a Valid Assignment,20.9,0.0025293222966451196,https://leetcode.com/problems/minimum-number-of-groups-to-create-a-valid-assignment,"Array, Hash Table, Greedy"
MEDIUM,Interval List Intersections,20.9,0.007314311931155916,https://leetcode.com/problems/interval-list-intersections,"Array, Two Pointers, Sweep Line"
HARD,Permutation Sequence,20.9,0.005399979276140163,https://leetcode.com/problems/permutation-sequence,"Math, Recursion"
HARD,Minimum Number of Refueling Stops,20.9,0.0041773213213213214,https://leetcode.com/problems/minimum-number-of-refueling-stops,"Array, Dynamic Programming, Greedy, Heap (Priority Queue)"
MEDIUM,Network Delay Time,20.9,0.006135669934181815,https://leetcode.com/problems/network-delay-time,"Depth-First Search, Breadth-First Search, Graph Theory, Heap (Priority Queue), Shortest Path, Dijkstra's Algorithm"
EASY,Number of Recent Calls,20.9,0.00788923570978704,https://leetcode.com/problems/number-of-recent-calls,"Design, Queue, Data Stream"
MEDIUM,Perfect Squares,20.9,0.005680436902672128,https://leetcode.com/problems/perfect-squares,"Math, Dynamic Programming, Breadth-First Search, Knapsack Problem, Complete Knapsack"
MEDIUM,Domino and Tromino Tiling,20.9,0.005126151558083638,https://leetcode.com/problems/domino-and-tromino-tiling,Dynamic Programming
MEDIUM,Design Browser History,20.9,0.007844280460564745,https://leetcode.com/problems/design-browser-history,"Array, Linked List, Stack, Design, Doubly-Linked List, Data Stream"
MEDIUM,Partition to K Equal Sum Subsets,20.9,0.003882578930079468,https://leetcode.com/problems/partition-to-k-equal-sum-subsets,"Array, Dynamic Programming, Backtracking, Bit Manipulation, Memoization, Bitmask"
MEDIUM,Restore IP Addresses,20.9,0.005679354373480606,https://leetcode.com/problems/restore-ip-addresses,"String, Backtracking"
MEDIUM,Max Number of K-Sum Pairs,20.9,0.00573136469980349,https://leetcode.com/problems/max-number-of-k-sum-pairs,"Array, Hash Table, Two Pointers, Sorting"
MEDIUM,Range Sum Query 2D - Immutable,20.9,0.005883573356336268,https://leetcode.com/problems/range-sum-query-2d-immutable,"Array, Design, Matrix, Prefix Sum"
HARD,Max Points on a Line,20.9,0.00312550817038122,https://leetcode.com/problems/max-points-on-a-line,"Array, Hash Table, Math, Geometry, Euclidean Algorithm, Greatest Common Divisor"
HARD,Count of Range Sum,20.9,0.003961336552363039,https://leetcode.com/problems/count-of-range-sum,"Array, Binary Search, Divide and Conquer, Binary Indexed Tree, Segment Tree, Merge Sort, Ordered Set, Treap"
MEDIUM,All Paths From Source to Target,20.9,0.00837709098960524,https://leetcode.com/problems/all-paths-from-source-to-target,"Backtracking, Depth-First Search, Breadth-First Search, Graph Theory, Directed Acyclic Graph"
MEDIUM,Satisfiability of Equality Equations,20.9,0.005211093008429552,https://leetcode.com/problems/satisfiability-of-equality-equations,"Array, String, Union-Find, Graph Theory"
MEDIUM,Concatenation of Consecutive Binary Numbers,20.9,0.006669838637321406,https://leetcode.com/problems/concatenation-of-consecutive-binary-numbers,"Math, Bit Manipulation, Simulation"
MEDIUM,Find Unique Binary String,20.9,0.008122981095426486,https://leetcode.com/problems/find-unique-binary-string,"Array, Hash Table, String, Backtracking"
MEDIUM,Minimum Operations to Reduce X to Zero,20.9,0.004080898672369961,https://leetcode.com/problems/minimum-operations-to-reduce-x-to-zero,"Array, Hash Table, Binary Search, Sliding Window, Prefix Sum"
EASY,Find Customer Referee,20.9,0.007335279719966238,https://leetcode.com/problems/find-customer-referee,Database
MEDIUM,Design Tic-Tac-Toe,20.9,0.0058756827868897575,https://leetcode.com/problems/design-tic-tac-toe,"Array, Hash Table, Design, Matrix, Simulation"
HARD,Fancy Sequence,20.9,0.004164344890424451,https://leetcode.com/problems/fancy-sequence,"Math, Design, Segment Tree, Number Theory, Fermat's Little Theorem"
MEDIUM,Largest Submatrix With Rearrangements,20.9,0.008019162177085976,https://leetcode.com/problems/largest-submatrix-with-rearrangements,"Array, Greedy, Sorting, Matrix"
EASY,Counter,20.9,0.008244041015783963,https://leetcode.com/problems/counter,
EASY,Triangle Judgement,20.9,0.0075094311204952635,https://leetcode.com/problems/triangle-judgement,Database
MEDIUM,Kth Largest Sum in a Binary Tree,20.9,0.005895348837209302,https://leetcode.com/problems/kth-largest-sum-in-a-binary-tree,"Tree, Breadth-First Search, Sorting, Binary Tree"
MEDIUM,Walking Robot Simulation,20.9,0.006462692714199941,https://leetcode.com/problems/walking-robot-simulation,"Array, Hash Table, Simulation"
MEDIUM,Sum of Square Numbers,20.9,0.0036997436562479615,https://leetcode.com/problems/sum-of-square-numbers,"Math, Two Pointers, Binary Search"
EASY,Word Pattern,20.9,0.00445126727039724,https://leetcode.com/problems/word-pattern,"Hash Table, String"
MEDIUM,Maximum Good Subarray Sum,20.9,0.002237814263724987,https://leetcode.com/problems/maximum-good-subarray-sum,"Array, Hash Table, Prefix Sum"
MEDIUM,Apply Discount to Prices,20.9,0.003449470958797986,https://leetcode.com/problems/apply-discount-to-prices,String
HARD,Word Ladder II,20.9,0.002796256359452415,https://leetcode.com/problems/word-ladder-ii,"Hash Table, String, Backtracking, Breadth-First Search, Bidirectional Search"
HARD,Recover a Tree From Preorder Traversal,20.9,0.00832147070389304,https://leetcode.com/problems/recover-a-tree-from-preorder-traversal,"String, Tree, Depth-First Search, Binary Tree"
HARD,Minimum Cost to Cut a Stick,20.9,0.0063399569548025425,https://leetcode.com/problems/minimum-cost-to-cut-a-stick,"Array, Dynamic Programming, Sorting"
HARD,Shortest Path in a Grid with Obstacles Elimination,20.9,0.004663132370877532,https://leetcode.com/problems/shortest-path-in-a-grid-with-obstacles-elimination,"Array, Breadth-First Search, Matrix"
MEDIUM,Two City Scheduling,20.9,0.00688569284758891,https://leetcode.com/problems/two-city-scheduling,"Array, Greedy, Sorting, Hungarian Algorithm, Successive Shortest Path Algorithm"
MEDIUM,Sum of Distances,20.9,0.005029269035753923,https://leetcode.com/problems/sum-of-distances,"Array, Hash Table, Prefix Sum"
MEDIUM,Design Task Manager,20.9,0.004873259867574461,https://leetcode.com/problems/design-task-manager,"Hash Table, Design, Heap (Priority Queue), Ordered Set"
HARD,Maximum Score From Grid Operations,20.9,0.006421799436001482,https://leetcode.com/problems/maximum-score-from-grid-operations,"Array, Dynamic Programming, Matrix, Prefix Sum"
MEDIUM,Minimum Jumps to Reach End via Prime Teleportation,20.9,0.004451501892728971,https://leetcode.com/problems/minimum-jumps-to-reach-end-via-prime-teleportation,"Array, Hash Table, Math, Breadth-First Search, Number Theory"
MEDIUM,Maximum Number of Jumps to Reach the Last Index,20.9,0.005116751361079253,https://leetcode.com/problems/maximum-number-of-jumps-to-reach-the-last-index,"Array, Dynamic Programming"
MEDIUM,Flatten Nested List Iterator,20.9,0.006582841518480364,https://leetcode.com/problems/flatten-nested-list-iterator,"Stack, Tree, Depth-First Search, Design, Queue, Iterator"
HARD,Maximum Height by Stacking Cuboids ,20.9,0.006250439355871748,https://leetcode.com/problems/maximum-height-by-stacking-cuboids,"Array, Dynamic Programming, Sorting"
HARD,Substring With Largest Variance,20.9,0.0046028335780188825,https://leetcode.com/problems/substring-with-largest-variance,"Hash Table, String, Dynamic Programming, Enumeration"
EASY,Subtree of Another Tree,20.9,0.005204651334762996,https://leetcode.com/problems/subtree-of-another-tree,"Tree, Depth-First Search, String Matching, Binary Tree, Hash Function"
MEDIUM,Minimum Height Trees,20.9,0.004275017145654353,https://leetcode.com/problems/minimum-height-trees,"Depth-First Search, Breadth-First Search, Graph Theory, Topological Sort"
EASY,Count the Number of Special Characters I,20.9,0.007733632280097221,https://leetcode.com/problems/count-the-number-of-special-characters-i,"Hash Table, String"
MEDIUM,K Closest Points to Origin,20.9,0.006928803625184413,https://leetcode.com/problems/k-closest-points-to-origin,"Array, Math, Divide and Conquer, Geometry, Sorting, Heap (Priority Queue), Quickselect, K-D Tree"
EASY,Minimum Cost of Buying Candies With Discount,20.9,0.007160997364180335,https://leetcode.com/problems/minimum-cost-of-buying-candies-with-discount,"Array, Greedy, Sorting"
HARD,Lexicographically Maximum MEX Array,20.9,0.005711650347665674,https://leetcode.com/problems/lexicographically-maximum-mex-array,"Array, Hash Table, Greedy, Queue"
MEDIUM,Find the Winner of the Circular Game,20.9,0.008232440871256711,https://leetcode.com/problems/find-the-winner-of-the-circular-game,"Array, Math, Recursion, Queue, Simulation"
EASY,Buddy Strings,20.9,0.0034173032284814165,https://leetcode.com/problems/buddy-strings,"Hash Table, String"
MEDIUM,Minimum Operations to Sort a Permutation,20.9,0.002807336117668422,https://leetcode.com/problems/minimum-operations-to-sort-a-permutation,Array
MEDIUM,Count Number of Nice Subarrays,20.9,0.007563624410358549,https://leetcode.com/problems/count-number-of-nice-subarrays,"Array, Hash Table, Math, Sliding Window, Prefix Sum"
HARD,Total Waviness of Numbers in Range II,20.9,0.005663151087010596,https://leetcode.com/problems/total-waviness-of-numbers-in-range-ii,"Math, Dynamic Programming"
MEDIUM,Insert into a Binary Search Tree,20.9,0.007361403922030505,https://leetcode.com/problems/insert-into-a-binary-search-tree,"Tree, Binary Search Tree, Binary Tree"
EASY,Left and Right Sum Differences,20.9,0.008967580905919393,https://leetcode.com/problems/left-and-right-sum-differences,"Array, Prefix Sum"
EASY,Defuse the Bomb,20.9,0.007946097025354362,https://leetcode.com/problems/defuse-the-bomb,"Array, Sliding Window"
MEDIUM,Number of Ways to Assign Edge Weights I,20.9,0.006397718851693141,https://leetcode.com/problems/number-of-ways-to-assign-edge-weights-i,"Math, Tree, Depth-First Search"
HARD,Palindrome Partitioning II,20.9,0.0037742109730689094,https://leetcode.com/problems/palindrome-partitioning-ii,"String, Dynamic Programming"
EASY,Third Maximum Number,20.9,0.004016652776799357,https://leetcode.com/problems/third-maximum-number,"Array, Sorting"
MEDIUM,Delete the Middle Node of a Linked List,20.9,0.006091394996850307,https://leetcode.com/problems/delete-the-middle-node-of-a-linked-list,"Linked List, Two Pointers"
EASY,Reshape the Matrix,20.9,0.006541972066562974,https://leetcode.com/problems/reshape-the-matrix,"Array, Matrix, Simulation"
EASY,Apply Operations to an Array,20.9,0.00747510609017796,https://leetcode.com/problems/apply-operations-to-an-array,"Array, Two Pointers, Simulation"
MEDIUM,Maximum K to Sort a Permutation,20.9,0.0037622540846948983,https://leetcode.com/problems/maximum-k-to-sort-a-permutation,"Array, Bit Manipulation"
EASY,Jewels and Stones,20.9,0.008963470115490426,https://leetcode.com/problems/jewels-and-stones,"Hash Table, String"
MEDIUM,Kth Smallest Element in a BST,20.9,0.007721439227418731,https://leetcode.com/problems/kth-smallest-element-in-a-bst,"Tree, Depth-First Search, Binary Search Tree, Binary Tree"
EASY,Maximum Number of Balloons,20.9,0.006426825925949532,https://leetcode.com/problems/maximum-number-of-balloons,"Hash Table, String, Counting"
HARD,Allocate Mailboxes,20.9,0.005689674442368795,https://leetcode.com/problems/allocate-mailboxes,"Array, Math, Dynamic Programming, Sorting"
EASY,Product Sales Analysis I,20.9,0.008610172919644615,https://leetcode.com/problems/product-sales-analysis-i,Database
MEDIUM,Maximum Gap,20.9,0.005282377717469592,https://leetcode.com/problems/maximum-gap,"Array, Sorting, Bucket Sort, Radix Sort, Pigeonhole Principle"
HARD,Minimum Cost to Merge Stones,20.9,0.004673413376158795,https://leetcode.com/problems/minimum-cost-to-merge-stones,"Array, Dynamic Programming, Prefix Sum"
MEDIUM,Pancake Sorting,20.9,0.007188623653147608,https://leetcode.com/problems/pancake-sorting,"Array, Two Pointers, Greedy, Sorting"
MEDIUM,Find the Maximum Number of Elements in Subset,20.9,0.0042261182568279375,https://leetcode.com/problems/find-the-maximum-number-of-elements-in-subset,"Array, Hash Table, Enumeration"
MEDIUM,Maximum Element After Decreasing and Rearranging,20.9,0.006915910709972514,https://leetcode.com/problems/maximum-element-after-decreasing-and-rearranging,"Array, Greedy, Sorting"
MEDIUM,Continuous Subarrays,20.9,0.0057985648992350865,https://leetcode.com/problems/continuous-subarrays,"Array, Queue, Sliding Window, Heap (Priority Queue), Ordered Set, Monotonic Queue"
HARD,Minimum Adjacent Swaps for K Consecutive Ones,20.9,0.004254421730450187,https://leetcode.com/problems/minimum-adjacent-swaps-for-k-consecutive-ones,"Array, Greedy, Sliding Window, Prefix Sum"
HARD,Network Recovery Pathways,20.9,0.005054648417981426,https://leetcode.com/problems/network-recovery-pathways,"Array, Binary Search, Dynamic Programming, Graph Theory, Topological Sort, Heap (Priority Queue), Shortest Path"
MEDIUM,Kth Smallest Element in a Sorted Matrix,20.9,0.006496119115594,https://leetcode.com/problems/kth-smallest-element-in-a-sorted-matrix,"Array, Binary Search, Sorting, Heap (Priority Queue), Matrix"
HARD,Cherry Pickup,20.9,0.004027049213150202,https://leetcode.com/problems/cherry-pickup,"Array, Dynamic Programming, Matrix"
MEDIUM,Path Existence Queries in a Graph I,20.9,0.007022988164802894,https://leetcode.com/problems/path-existence-queries-in-a-graph-i,"Array, Hash Table, Binary Search, Union-Find, Graph Theory"
EASY,Customer Placing the Largest Number of Orders,20.9,0.006465071953163914,https://leetcode.com/problems/customer-placing-the-largest-number-of-orders,Database
HARD,Distinct Subsequences,20.9,0.005239474760147188,https://leetcode.com/problems/distinct-subsequences,"String, Dynamic Programming"
EASY,Game Play Analysis I,20.9,0.007660476902085633,https://leetcode.com/problems/game-play-analysis-i,Database
MEDIUM,Movie Rating,20.9,0.004416125071533545,https://leetcode.com/problems/movie-rating,Database
EASY,Can Make Arithmetic Progression From Sequence,20.9,0.00687111979117763,https://leetcode.com/problems/can-make-arithmetic-progression-from-sequence,"Array, Sorting"
HARD,Best Time to Buy and Sell Stock IV,20.9,0.005104061165324287,https://leetcode.com/problems/best-time-to-buy-and-sell-stock-iv,"Array, Dynamic Programming"
EASY,Find Greatest Common Divisor of Array,20.9,0.008348069824544287,https://leetcode.com/problems/find-greatest-common-divisor-of-array,"Array, Math, Number Theory, Euclidean Algorithm, Greatest Common Divisor"
HARD,Sliding Window Median,20.9,0.003908070541369966,https://leetcode.com/problems/sliding-window-median,"Array, Hash Table, Sliding Window, Heap (Priority Queue), Treap"
MEDIUM,Ones and Zeroes,20.9,0.005368299056589846,https://leetcode.com/problems/ones-and-zeroes,"Array, String, Dynamic Programming, Knapsack Problem, 0-1 Knapsack"
EASY,Maximum Product of Two Elements in an Array,20.9,0.008495596997016752,https://leetcode.com/problems/maximum-product-of-two-elements-in-an-array,"Array, Sorting, Heap (Priority Queue)"
MEDIUM,Maximum Sum of Distinct Subarrays With Length K,20.9,0.004343542054025735,https://leetcode.com/problems/maximum-sum-of-distinct-subarrays-with-length-k,"Array, Hash Table, Sliding Window"
EASY,Minimum Number of Pushes to Type Word I,20.9,0.007741042931632195,https://leetcode.com/problems/minimum-number-of-pushes-to-type-word-i,"Math, String, Greedy"
HARD,Stone Game III,20.9,0.006793165135982349,https://leetcode.com/problems/stone-game-iii,"Array, Math, Dynamic Programming, Minimax, Game Theory, Zero-Sum Game"
MEDIUM,Remove Methods From Project,20.9,0.0070190319338696875,https://leetcode.com/problems/remove-methods-from-project,"Depth-First Search, Breadth-First Search, Graph Theory"
HARD,Minimum Cost to Make Array Equal,20.9,0.004689172763610013,https://leetcode.com/problems/minimum-cost-to-make-array-equal,"Array, Binary Search, Greedy, Sorting, Prefix Sum"
HARD,Minimum Difficulty of a Job Schedule,20.9,0.005980790438819214,https://leetcode.com/problems/minimum-difficulty-of-a-job-schedule,"Array, Dynamic Programming"
EASY,Smallest Missing Integer Greater Than Sequential Prefix Sum,20.9,0.004997034504413355,https://leetcode.com/problems/smallest-missing-integer-greater-than-sequential-prefix-sum,"Array, Hash Table, Sorting"
EASY,Maximum Length Substring With Two Occurrences,20.9,0.007765971454678217,https://leetcode.com/problems/maximum-length-substring-with-two-occurrences,"Hash Table, String, Sliding Window"
MEDIUM,Simplify Path,14.3,0.005122079157370559,https://leetcode.com/problems/simplify-path,"String, Stack"
MEDIUM,Reverse Words in a String,14.3,0.005752996396229188,https://leetcode.com/problems/reverse-words-in-a-string,"Two Pointers, String"
MEDIUM,Design Add and Search Words Data Structure,14.3,0.004888489892504639,https://leetcode.com/problems/design-add-and-search-words-data-structure,"String, Depth-First Search, Design, Trie"
MEDIUM,Basic Calculator II,14.3,0.004708523557903369,https://leetcode.com/problems/basic-calculator-ii,"Math, String, Stack"
HARD,Making A Large Island,14.3,0.005708557348244039,https://leetcode.com/problems/making-a-large-island,"Array, Depth-First Search, Breadth-First Search, Union-Find, Matrix"
MEDIUM,Compare Version Numbers,14.3,0.004685992303584148,https://leetcode.com/problems/compare-version-numbers,"Two Pointers, String"
EASY,Greatest Common Divisor of Strings,14.3,0.005427556022068661,https://leetcode.com/problems/greatest-common-divisor-of-strings,"Math, String, Euclidean Algorithm, Greatest Common Divisor"
MEDIUM,Partition Labels,14.3,0.008200878669466038,https://leetcode.com/problems/partition-labels,"Hash Table, Two Pointers, String, Greedy"
MEDIUM,Flatten Binary Tree to Linked List,14.3,0.007132410367699786,https://leetcode.com/problems/flatten-binary-tree-to-linked-list,"Linked List, Stack, Tree, Depth-First Search, Binary Tree"
MEDIUM,Palindromic Substrings,14.3,0.007312510017465137,https://leetcode.com/problems/palindromic-substrings,"Two Pointers, String, Dynamic Programming"
EASY,Remove All Adjacent Duplicates In String,14.3,0.007386759224726374,https://leetcode.com/problems/remove-all-adjacent-duplicates-in-string,"String, Stack"
EASY,Logger Rate Limiter,14.3,0.007688304081253721,https://leetcode.com/problems/logger-rate-limiter,"Hash Table, Design, Data Stream"
MEDIUM,Maximum Frequency After Subarray Operation,14.3,0.003157725933669106,https://leetcode.com/problems/maximum-frequency-after-subarray-operation,"Array, Hash Table, Dynamic Programming, Greedy, Enumeration, Prefix Sum"
MEDIUM,Count Square Submatrices with All Ones,14.3,0.008080433496127408,https://leetcode.com/problems/count-square-submatrices-with-all-ones,"Array, Dynamic Programming, Matrix"
EASY,Lemonade Change,14.3,0.005939475949624715,https://leetcode.com/problems/lemonade-change,"Array, Greedy"
MEDIUM,Minimum Falling Path Sum,14.3,0.006084632572239227,https://leetcode.com/problems/minimum-falling-path-sum,"Array, Dynamic Programming, Matrix"
MEDIUM,Maximum Number of Events That Can Be Attended,14.3,0.0039056185395131703,https://leetcode.com/problems/maximum-number-of-events-that-can-be-attended,"Array, Greedy, Sorting, Heap (Priority Queue)"
EASY,Customers Who Never Order,14.3,0.0072226942175629295,https://leetcode.com/problems/customers-who-never-order,Database
MEDIUM,Lexicographically Smallest Negated Permutation that Sums to Target,14.3,0.003153374504725856,https://leetcode.com/problems/lexicographically-smallest-negated-permutation-that-sums-to-target,"Array, Math, Two Pointers, Greedy, Sorting"
EASY,Final Prices With a Special Discount in a Shop,14.3,0.008429668747907569,https://leetcode.com/problems/final-prices-with-a-special-discount-in-a-shop,"Array, Stack, Monotonic Stack"
EASY,Design Parking System,14.3,0.008718905909839736,https://leetcode.com/problems/design-parking-system,"Design, Simulation, Counting"
MEDIUM,Snapshot Array,14.3,0.0036804480998442472,https://leetcode.com/problems/snapshot-array,"Array, Hash Table, Binary Search, Design, Persistent Data Structure"
HARD,Number of Atoms,14.3,0.006524168993642231,https://leetcode.com/problems/number-of-atoms,"Hash Table, String, Stack, Sorting"
MEDIUM,Gray Code,14.3,0.006578992217235699,https://leetcode.com/problems/gray-code,"Math, Backtracking, Bit Manipulation"
EASY,Binary Number with Alternating Bits,14.3,0.007000372295809205,https://leetcode.com/problems/binary-number-with-alternating-bits,Bit Manipulation
EASY,Binary Gap,14.3,0.00743994207892417,https://leetcode.com/problems/binary-gap,Bit Manipulation
EASY,Matrix Diagonal Sum,14.3,0.00845814635080965,https://leetcode.com/problems/matrix-diagonal-sum,"Array, Matrix"
EASY,Find Resultant Array After Removing Anagrams,14.3,0.006995591315970942,https://leetcode.com/problems/find-resultant-array-after-removing-anagrams,"Array, Hash Table, String, Sorting"
MEDIUM,Find Score of an Array After Marking All Elements,14.3,0.00645630317092034,https://leetcode.com/problems/find-score-of-an-array-after-marking-all-elements,"Array, Hash Table, Sorting, Heap (Priority Queue), Simulation"
HARD,Median Employee Salary,14.3,0.006580412007655887,https://leetcode.com/problems/median-employee-salary,Database
MEDIUM,Partitioning Into Minimum Number Of Deci-Binary Numbers,14.3,0.009046833477298366,https://leetcode.com/problems/partitioning-into-minimum-number-of-deci-binary-numbers,"String, Greedy"
EASY,Missing Number In Arithmetic Progression,14.3,0.005220744509563985,https://leetcode.com/problems/missing-number-in-arithmetic-progression,"Array, Math"
HARD,Find All Possible Stable Binary Arrays II,14.3,0.005846838824577026,https://leetcode.com/problems/find-all-possible-stable-binary-arrays-ii,"Dynamic Programming, Prefix Sum"
MEDIUM,Minimum Number of Seconds to Make Mountain Height Zero,14.3,0.005830959732127327,https://leetcode.com/problems/minimum-number-of-seconds-to-make-mountain-height-zero,"Array, Math, Binary Search, Greedy, Heap (Priority Queue)"
MEDIUM,Maximum Non Negative Product in a Matrix,14.3,0.005173007316308874,https://leetcode.com/problems/maximum-non-negative-product-in-a-matrix,"Array, Dynamic Programming, Matrix"
MEDIUM,Exam Room,14.3,0.004374267168591898,https://leetcode.com/problems/exam-room,"Design, Heap (Priority Queue), Ordered Set"
MEDIUM,Possible Bipartition,14.3,0.005296193616495414,https://leetcode.com/problems/possible-bipartition,"Depth-First Search, Breadth-First Search, Union-Find, Graph Theory, Graph Coloring, Bipartite Graph"
MEDIUM,Count Submatrices With Equal Frequency of X and Y,14.3,0.00698032070435187,https://leetcode.com/problems/count-submatrices-with-equal-frequency-of-x-and-y,"Array, Matrix, Prefix Sum"
EASY,Matrix Similarity After Cyclic Shifts,14.3,0.007445380956354835,https://leetcode.com/problems/matrix-similarity-after-cyclic-shifts,"Array, Math, Matrix, Simulation"
MEDIUM,Check if Strings Can be Made Equal With Operations II,14.3,0.007414325208902814,https://leetcode.com/problems/check-if-strings-can-be-made-equal-with-operations-ii,"Hash Table, String, Sorting"
EASY,Daily Leads and Partners,14.3,0.008683240758475388,https://leetcode.com/problems/daily-leads-and-partners,Database
MEDIUM,Maximum Subarray Min-Product,14.3,0.00407933850090307,https://leetcode.com/problems/maximum-subarray-min-product,"Array, Stack, Monotonic Stack, Prefix Sum, Cartesian Tree"
EASY,Counting Bits,14.3,0.008077749292701983,https://leetcode.com/problems/counting-bits,"Dynamic Programming, Bit Manipulation"
MEDIUM,Maximum Amount of Money Robot Can Earn,14.3,0.004774293202676778,https://leetcode.com/problems/maximum-amount-of-money-robot-can-earn,"Array, Dynamic Programming, Matrix"
HARD,Maximum Walls Destroyed by Robots,14.3,0.00478452385351613,https://leetcode.com/problems/maximum-walls-destroyed-by-robots,"Array, Binary Search, Dynamic Programming, Sorting"
HARD,Number of Visible People in a Queue,14.3,0.007346381192798746,https://leetcode.com/problems/number-of-visible-people-in-a-queue,"Array, Stack, Monotonic Stack"
HARD,XOR After Range Multiplication Queries II,14.3,0.004755323046859097,https://leetcode.com/problems/xor-after-range-multiplication-queries-ii,"Array, Divide and Conquer, Prefix Sum"
HARD,Robot Collisions,14.3,0.006163538152037891,https://leetcode.com/problems/robot-collisions,"Array, Stack, Sorting, Simulation"
MEDIUM,Minimum Absolute Distance Between Mirror Pairs,14.3,0.005917458656376251,https://leetcode.com/problems/minimum-absolute-distance-between-mirror-pairs,"Array, Hash Table, Math"
MEDIUM,Shortest Subarray to be Removed to Make Array Sorted,14.3,0.005130934299178253,https://leetcode.com/problems/shortest-subarray-to-be-removed-to-make-array-sorted,"Array, Two Pointers, Binary Search, Stack, Monotonic Stack"
EASY,Unique Number of Occurrences,14.3,0.007885821807798354,https://leetcode.com/problems/unique-number-of-occurrences,"Array, Hash Table"
MEDIUM,Maximum Candies Allocated to K Children,14.3,0.004989412728662044,https://leetcode.com/problems/maximum-candies-allocated-to-k-children,"Array, Binary Search"
EASY,Two Furthest Houses With Different Colors,14.3,0.007169793340914432,https://leetcode.com/problems/two-furthest-houses-with-different-colors,"Array, Greedy"
MEDIUM,Smallest String Starting From Leaf,14.3,0.0061379809301672665,https://leetcode.com/problems/smallest-string-starting-from-leaf,"String, Backtracking, Tree, Depth-First Search, Binary Tree"
MEDIUM,Minimized Maximum of Products Distributed to Any Store,14.3,0.006322543270031982,https://leetcode.com/problems/minimized-maximum-of-products-distributed-to-any-store,"Array, Binary Search, Greedy"
EASY,Determine Whether Matrix Can Be Obtained By Rotation,14.3,0.006850218655088558,https://leetcode.com/problems/determine-whether-matrix-can-be-obtained-by-rotation,"Array, Matrix"
MEDIUM,Time Needed to Inform All Employees,14.3,0.006057744746588049,https://leetcode.com/problems/time-needed-to-inform-all-employees,"Tree, Depth-First Search, Breadth-First Search"
MEDIUM,Minimum Operations to Make a Uni-Value Grid,14.3,0.007075967721598789,https://leetcode.com/problems/minimum-operations-to-make-a-uni-value-grid,"Array, Math, Sorting, Matrix"
MEDIUM,Sliding Subarray Beauty,14.3,0.0037643130242345805,https://leetcode.com/problems/sliding-subarray-beauty,"Array, Hash Table, Sliding Window"
MEDIUM,Minimum Cost to Split into Ones,14.3,0.008258240049751245,https://leetcode.com/problems/minimum-cost-to-split-into-ones,"Math, Dynamic Programming"
HARD,Maximum Frequency Stack,14.3,0.006704339785407,https://leetcode.com/problems/maximum-frequency-stack,"Hash Table, Stack, Design, Ordered Set"
MEDIUM,Super Ugly Number,14.3,0.004645804293281294,https://leetcode.com/problems/super-ugly-number,"Array, Math, Dynamic Programming"
MEDIUM,Redundant Connection,14.3,0.006808059458395054,https://leetcode.com/problems/redundant-connection,"Depth-First Search, Breadth-First Search, Union-Find, Graph Theory"
MEDIUM,Rotating the Box,14.3,0.008246570336647533,https://leetcode.com/problems/rotating-the-box,"Array, Two Pointers, Matrix"
MEDIUM,Jump Game IX,14.3,0.00463370999638964,https://leetcode.com/problems/jump-game-ix,"Array, Dynamic Programming"
MEDIUM,Rotated Digits,14.3,0.006408488063660478,https://leetcode.com/problems/rotated-digits,"Math, Dynamic Programming"
HARD,Minimum Cost to Buy Apples II,14.3,0.0032171856523452898,https://leetcode.com/problems/minimum-cost-to-buy-apples-ii,"Array, Graph Theory, Heap (Priority Queue), Shortest Path"
MEDIUM,Maximum Sum With at Most K Elements,14.3,0.006051799274168866,https://leetcode.com/problems/maximum-sum-with-at-most-k-elements,"Array, Greedy, Sorting, Heap (Priority Queue), Matrix"
MEDIUM,Jump Game III,14.3,0.007039561958242585,https://leetcode.com/problems/jump-game-iii,"Array, Depth-First Search, Breadth-First Search"
EASY,Minimum Depth of Binary Tree,14.3,0.005358029444009588,https://leetcode.com/problems/minimum-depth-of-binary-tree,"Tree, Depth-First Search, Breadth-First Search, Binary Tree"
MEDIUM,Maximum Product of Word Lengths,14.3,0.006147866814996422,https://leetcode.com/problems/maximum-product-of-word-lengths,"Array, String, Bit Manipulation"
MEDIUM,Longest Palindromic Subsequence,14.3,0.006580377433059974,https://leetcode.com/problems/longest-palindromic-subsequence,"String, Dynamic Programming"
MEDIUM,Minimum Fuel Cost to Report to the Capital,14.3,0.006537155258670499,https://leetcode.com/problems/minimum-fuel-cost-to-report-to-the-capital,"Tree, Depth-First Search, Breadth-First Search, Graph Theory"
HARD,Parallel Courses II,14.3,0.0031333649432099832,https://leetcode.com/problems/parallel-courses-ii,"Dynamic Programming, Bit Manipulation, Graph Theory, Bitmask, Directed Acyclic Graph"
MEDIUM,Find All Possible Recipes from Given Supplies,14.3,0.005707424073577746,https://leetcode.com/problems/find-all-possible-recipes-from-given-supplies,"Array, Hash Table, String, Graph Theory, Topological Sort, Directed Acyclic Graph"
EASY,Shortest Distance to Target String in a Circular Array,14.3,0.006504896897709248,https://leetcode.com/problems/shortest-distance-to-target-string-in-a-circular-array,"Array, String"
HARD,Jump Game V,14.3,0.007579587892716304,https://leetcode.com/problems/jump-game-v,"Array, Dynamic Programming, Sorting"
MEDIUM,Walls and Gates,14.3,0.006414167467471599,https://leetcode.com/problems/walls-and-gates,"Array, Breadth-First Search, Matrix"
HARD,Longest Common Suffix Queries,14.3,0.005262763102589802,https://leetcode.com/problems/longest-common-suffix-queries,"Array, String, Trie"
EASY,Count Elements With Maximum Frequency,14.3,0.007972897997919443,https://leetcode.com/problems/count-elements-with-maximum-frequency,"Array, Hash Table, Counting"
EASY,Not Boring Movies,14.3,0.007517524961856526,https://leetcode.com/problems/not-boring-movies,Database
HARD,K-Similar Strings,14.3,0.004122844043373844,https://leetcode.com/problems/k-similar-strings,"Hash Table, String, Breadth-First Search"
HARD,Jump Game IV,14.3,0.005107244885581753,https://leetcode.com/problems/jump-game-iv,"Array, Hash Table, Breadth-First Search"
EASY,Excel Sheet Column Number,14.3,0.006827381357047701,https://leetcode.com/problems/excel-sheet-column-number,"Math, String"
HARD,Remove Invalid Parentheses,14.3,0.0050095193761911395,https://leetcode.com/problems/remove-invalid-parentheses,"String, Backtracking, Breadth-First Search"
MEDIUM,Minimum Genetic Mutation,14.3,0.0057062236185262995,https://leetcode.com/problems/minimum-genetic-mutation,"Hash Table, String, Breadth-First Search, Bidirectional Search"
MEDIUM,My Calendar I,14.3,0.005837587846089441,https://leetcode.com/problems/my-calendar-i,"Array, Binary Search, Design, Segment Tree, Ordered Set"
HARD,Total Appeal of A String,14.3,0.00566935662816635,https://leetcode.com/problems/total-appeal-of-a-string,"Hash Table, String, Dynamic Programming"
EASY,Self Dividing Numbers,14.3,0.008113424091923633,https://leetcode.com/problems/self-dividing-numbers,Math
EASY,Robot Return to Origin,14.3,0.007817574642007582,https://leetcode.com/problems/robot-return-to-origin,"String, Simulation"
EASY,Sort the People,14.3,0.008480904725575552,https://leetcode.com/problems/sort-the-people,"Array, Hash Table, String, Sorting"
HARD,Cherry Pickup II,14.3,0.007259967663146307,https://leetcode.com/problems/cherry-pickup-ii,"Array, Dynamic Programming, Matrix"
EASY,Kth Largest Element in a Stream,14.3,0.006147231785750912,https://leetcode.com/problems/kth-largest-element-in-a-stream,"Tree, Design, Binary Search Tree, Heap (Priority Queue), Binary Tree, Data Stream"
MEDIUM,Maximum Total Subarray Value I,14.3,0.007195580163162201,https://leetcode.com/problems/maximum-total-subarray-value-i,"Array, Greedy"
MEDIUM,Count Complete Tree Nodes,14.3,0.00728742936732983,https://leetcode.com/problems/count-complete-tree-nodes,"Binary Search, Bit Manipulation, Tree, Binary Tree"
MEDIUM,Optimal Partition of String,14.3,0.007850824614686088,https://leetcode.com/problems/optimal-partition-of-string,"Hash Table, String, Greedy"
MEDIUM,Maximum Width Ramp,14.3,0.0055931043668338955,https://leetcode.com/problems/maximum-width-ramp,"Array, Two Pointers, Stack, Monotonic Stack"
EASY,Valid Perfect Square,14.3,0.004513221380506225,https://leetcode.com/problems/valid-perfect-square,"Math, Binary Search"
HARD,Number of Islands II,14.3,0.004070937581124033,https://leetcode.com/problems/number-of-islands-ii,"Array, Hash Table, Union-Find"
EASY,Range Sum of BST,14.3,0.00876272321001664,https://leetcode.com/problems/range-sum-of-bst,"Tree, Depth-First Search, Binary Search Tree, Binary Tree"
EASY,Minimum Number Game,14.3,0.00857547417995368,https://leetcode.com/problems/minimum-number-game,"Array, Sorting, Heap (Priority Queue), Simulation"
EASY,Complement of Base 10 Integer,14.3,0.006341187407657446,https://leetcode.com/problems/complement-of-base-10-integer,Bit Manipulation
EASY,Check if the Sentence Is Pangram,14.3,0.008430225152987084,https://leetcode.com/problems/check-if-the-sentence-is-pangram,"Hash Table, String"
MEDIUM,The kth Factor of n,14.3,0.007068593619350889,https://leetcode.com/problems/the-kth-factor-of-n,"Math, Number Theory, Prime Factorization"
MEDIUM,Score After Flipping Matrix,14.3,0.00802887715527312,https://leetcode.com/problems/score-after-flipping-matrix,"Array, Greedy, Bit Manipulation, Matrix"
MEDIUM,Process String with Special Operations I,14.3,0.007146267256050557,https://leetcode.com/problems/process-string-with-special-operations-i,"String, Simulation"
EASY,Minimum Absolute Difference,14.3,0.007518446875455541,https://leetcode.com/problems/minimum-absolute-difference,"Array, Sorting"
HARD,Merge BSTs to Create Single BST,14.3,0.0039689963331357185,https://leetcode.com/problems/merge-bsts-to-create-single-bst,"Array, Hash Table, Tree, Depth-First Search, Binary Search Tree, Binary Tree"
MEDIUM,Find the Celebrity,14.3,0.0049066489437002755,https://leetcode.com/problems/find-the-celebrity,"Two Pointers, Graph Theory, Interactive"
MEDIUM,Maximum Twin Sum of a Linked List,14.3,0.008326408606632108,https://leetcode.com/problems/maximum-twin-sum-of-a-linked-list,"Linked List, Two Pointers, Stack"
EASY,Find the K-th Character in String Game I,14.3,0.008156724360051531,https://leetcode.com/problems/find-the-k-th-character-in-string-game-i,"Math, Bit Manipulation, Recursion, Simulation"
MEDIUM,Distribute Coins in Binary Tree,14.3,0.007733373926891448,https://leetcode.com/problems/distribute-coins-in-binary-tree,"Tree, Depth-First Search, Binary Tree, DP on Trees"
EASY,Find the Highest Altitude,14.3,0.008464350466260304,https://leetcode.com/problems/find-the-highest-altitude,"Array, Prefix Sum"
EASY,Perfect Number,14.3,0.004987650001995722,https://leetcode.com/problems/perfect-number,Math
MEDIUM,Remove Nodes From Linked List,14.3,0.0075154914809960685,https://leetcode.com/problems/remove-nodes-from-linked-list,"Linked List, Stack, Recursion, Monotonic Stack"
MEDIUM,Delete and Earn,14.3,0.005747823715420847,https://leetcode.com/problems/delete-and-earn,"Array, Hash Table, Dynamic Programming"
EASY,Shortest Distance to a Character,14.3,0.007294721725386402,https://leetcode.com/problems/shortest-distance-to-a-character,"Array, Two Pointers, String"
EASY,Actors and Directors Who Cooperated At Least Three Times,14.3,0.007131957958689231,https://leetcode.com/problems/actors-and-directors-who-cooperated-at-least-three-times,Database
EASY,N-th Tribonacci Number,14.3,0.006307469398786818,https://leetcode.com/problems/n-th-tribonacci-number,"Math, Dynamic Programming, Memoization"
MEDIUM,Plates Between Candles,14.3,0.004770467879798672,https://leetcode.com/problems/plates-between-candles,"Array, String, Binary Search, Prefix Sum"
MEDIUM,Grid Teleportation Traversal,14.3,0.0023860506803552515,https://leetcode.com/problems/grid-teleportation-traversal,"Array, Hash Table, Breadth-First Search, Matrix"
HARD,Good Subsequence Queries,14.3,0.002072663346029886,https://leetcode.com/problems/good-subsequence-queries,"Array, Math, Segment Tree, Number Theory"
MEDIUM,Design Authentication Manager,14.3,0.005866595855694693,https://leetcode.com/problems/design-authentication-manager,"Hash Table, Linked List, Design, Doubly-Linked List"
EASY,Number of Strings That Appear as Substrings in Word,14.3,0.00861769665536731,https://leetcode.com/problems/number-of-strings-that-appear-as-substrings-in-word,"Array, String"
HARD,Maximum Sum BST in Binary Tree,14.3,0.004863255789393784,https://leetcode.com/problems/maximum-sum-bst-in-binary-tree,"Dynamic Programming, Tree, Depth-First Search, Binary Search Tree, Binary Tree, DP on Trees"
HARD,Minimum Cost to Hire K Workers,14.3,0.006374139864862243,https://leetcode.com/problems/minimum-cost-to-hire-k-workers,"Array, Greedy, Sorting, Heap (Priority Queue)"
HARD,Length of Longest V-Shaped Diagonal Segment,14.3,0.005592556979521927,https://leetcode.com/problems/length-of-longest-v-shaped-diagonal-segment,"Array, Dynamic Programming, Memoization, Matrix"
MEDIUM,Car Pooling,14.3,0.005647482655629365,https://leetcode.com/problems/car-pooling,"Array, Sorting, Heap (Priority Queue), Simulation, Prefix Sum"
MEDIUM,Sum of Nodes with Even-Valued Grandparent,14.3,0.00859862968233545,https://leetcode.com/problems/sum-of-nodes-with-even-valued-grandparent,"Tree, Depth-First Search, Breadth-First Search, Binary Tree"
MEDIUM,Minimum Number of Arrows to Burst Balloons,14.3,0.006180319349785592,https://leetcode.com/problems/minimum-number-of-arrows-to-burst-balloons,"Array, Greedy, Sorting"
MEDIUM,Maximum White Tiles Covered by a Carpet,14.3,0.003633846686277903,https://leetcode.com/problems/maximum-white-tiles-covered-by-a-carpet,"Array, Binary Search, Greedy, Sliding Window, Sorting, Prefix Sum"
EASY,Project Employees I,14.3,0.006719136345203531,https://leetcode.com/problems/project-employees-i,Database
MEDIUM,Minimum Swaps to Group All 1's Together,14.3,0.006128295435117114,https://leetcode.com/problems/minimum-swaps-to-group-all-1s-together,"Array, Sliding Window"
MEDIUM,Wiggle Subsequence,14.3,0.004967939182247791,https://leetcode.com/problems/wiggle-subsequence,"Array, Dynamic Programming, Greedy"
EASY,Concatenate Non-Zero Digits and Multiply by Sum I,14.3,0.006614352824403608,https://leetcode.com/problems/concatenate-non-zero-digits-and-multiply-by-sum-i,Math
MEDIUM,Concatenate Non-Zero Digits and Multiply by Sum II,14.3,0.004266366498345187,https://leetcode.com/problems/concatenate-non-zero-digits-and-multiply-by-sum-ii,"Math, String, Prefix Sum"
HARD,Employee Free Time,14.3,0.007297710892093974,https://leetcode.com/problems/employee-free-time,"Array, Sweep Line, Sorting, Heap (Priority Queue)"
EASY,Fair Candy Swap,14.3,0.006547618616934682,https://leetcode.com/problems/fair-candy-swap,"Array, Hash Table, Binary Search, Sorting"
MEDIUM,Number of Longest Increasing Subsequence,14.3,0.005256556028467663,https://leetcode.com/problems/number-of-longest-increasing-subsequence,"Array, Dynamic Programming, Binary Indexed Tree, Segment Tree, Longest Increasing Subsequence"
MEDIUM,Minimum Swaps to Arrange a Binary Grid,14.3,0.007024986764792387,https://leetcode.com/problems/minimum-swaps-to-arrange-a-binary-grid,"Array, Greedy, Matrix"
EASY,Verifying an Alien Dictionary,14.3,0.0056098965850558125,https://leetcode.com/problems/verifying-an-alien-dictionary,"Array, Hash Table, String"
MEDIUM,Best Sightseeing Pair,14.3,0.006270127776751682,https://leetcode.com/problems/best-sightseeing-pair,"Array, Dynamic Programming"
MEDIUM,XOR After Range Multiplication Queries I,14.3,0.0073288278843207134,https://leetcode.com/problems/xor-after-range-multiplication-queries-i,"Array, Divide and Conquer, Simulation, Prefix Sum"
MEDIUM,Increasing Triplet Subsequence,14.3,0.003958479385301522,https://leetcode.com/problems/increasing-triplet-subsequence,"Array, Greedy, Longest Increasing Subsequence"
HARD,Find the Number of Subsequences With Equal GCD,14.3,0.006629548124493274,https://leetcode.com/problems/find-the-number-of-subsequences-with-equal-gcd,"Array, Math, Dynamic Programming, Number Theory, Euclidean Algorithm, Greatest Common Divisor"
MEDIUM,Minimize Array Sum Using Divisible Replacements,14.3,0.0032286595817620843,https://leetcode.com/problems/minimize-array-sum-using-divisible-replacements,"Array, Hash Table, Math, Greedy, Number Theory"
MEDIUM,Insertion Sort List,14.3,0.005993748381049069,https://leetcode.com/problems/insertion-sort-list,"Linked List, Sorting"
HARD,Painting the Walls,14.3,0.004919992005079126,https://leetcode.com/problems/painting-the-walls,"Array, Dynamic Programming"
MEDIUM,Partition Array Such That Maximum Difference Is K,14.3,0.008177398781121557,https://leetcode.com/problems/partition-array-such-that-maximum-difference-is-k,"Array, Greedy, Sorting"
EASY,Split a String in Balanced Strings,14.3,0.008757070504899316,https://leetcode.com/problems/split-a-string-in-balanced-strings,"String, Greedy, Counting"
EASY,Unique Email Addresses,14.3,0.00679619930047768,https://leetcode.com/problems/unique-email-addresses,"Array, Hash Table, String"
EASY,Richest Customer Wealth,14.3,0.00888047331782106,https://leetcode.com/problems/richest-customer-wealth,"Array, Matrix"
EASY,Invalid Tweets,14.3,0.008521882329457558,https://leetcode.com/problems/invalid-tweets,Database
EASY,Special Positions in a Binary Matrix,14.3,0.007273245495030157,https://leetcode.com/problems/special-positions-in-a-binary-matrix,"Array, Matrix"
MEDIUM,Number of Unique XOR Triplets I,14.3,0.005770381084961065,https://leetcode.com/problems/number-of-unique-xor-triplets-i,"Array, Math, Bit Manipulation"
MEDIUM,Different Ways to Add Parentheses,14.3,0.0073530464194778,https://leetcode.com/problems/different-ways-to-add-parentheses,"Math, String, Dynamic Programming, Recursion, Memoization, Bracket Sequences"
MEDIUM,Find Right Interval,14.3,0.0056368022488860236,https://leetcode.com/problems/find-right-interval,"Array, Binary Search, Sorting"
MEDIUM,Arithmetic Slices,14.3,0.006487843231093982,https://leetcode.com/problems/arithmetic-slices,"Array, Dynamic Programming, Sliding Window"
EASY,Find All Numbers Disappeared in an Array,14.3,0.006453643318253996,https://leetcode.com/problems/find-all-numbers-disappeared-in-an-array,"Array, Hash Table"
MEDIUM,Get Watched Videos by Your Friends,14.3,0.005400752144787872,https://leetcode.com/problems/get-watched-videos-by-your-friends,"Array, Hash Table, Breadth-First Search, Graph Theory, Sorting"
MEDIUM,Sort an Array,14.3,0.005579246363127776,https://leetcode.com/problems/sort-an-array,"Array, Divide and Conquer, Sorting, Heap (Priority Queue), Merge Sort, Bucket Sort, Radix Sort, Counting Sort"
MEDIUM,Hand of Straights,14.3,0.005832125756048388,https://leetcode.com/problems/hand-of-straights,"Array, Hash Table, Greedy, Sorting"
MEDIUM,Number of Unique XOR Triplets II,14.3,0.005290759353843798,https://leetcode.com/problems/number-of-unique-xor-triplets-ii,"Array, Math, Bit Manipulation, Enumeration"
EASY,Maximum Product of Two Digits,14.3,0.007570828423587274,https://leetcode.com/problems/maximum-product-of-two-digits,"Math, Sorting"
HARD,Design In-Memory File System,14.3,0.004831380475423341,https://leetcode.com/problems/design-in-memory-file-system,"Hash Table, String, Design, Trie, Sorting"
MEDIUM,Sum of Beauty of All Substrings,14.3,0.007467177223982831,https://leetcode.com/problems/sum-of-beauty-of-all-substrings,"Hash Table, String, Counting"
EASY,Check Distances Between Same Letters,14.3,0.00714705914042214,https://leetcode.com/problems/check-distances-between-same-letters,"Array, Hash Table, String"
MEDIUM,Game Play Analysis IV,14.3,0.004210972565278029,https://leetcode.com/problems/game-play-analysis-iv,Database
MEDIUM,Repeated String Match,14.3,0.00396391595184647,https://leetcode.com/problems/repeated-string-match,"String, String Matching, Z Algorithm, Knuth–Morris–Pratt Algorithm, Boyer–Moore String-Search Algorithm"
MEDIUM,Valid Triangle Number,14.3,0.005713980130604744,https://leetcode.com/problems/valid-triangle-number,"Array, Two Pointers, Binary Search, Greedy, Sorting"
MEDIUM,Smallest Palindromic Rearrangement I,14.3,0.007454088606577148,https://leetcode.com/problems/smallest-palindromic-rearrangement-i,"String, Sorting, Counting Sort"
HARD,Super Washing Machines,14.3,0.004520365717181528,https://leetcode.com/problems/super-washing-machines,"Array, Greedy"
HARD,Minimum Number of Operations to Make Array Continuous,14.3,0.005176232360944124,https://leetcode.com/problems/minimum-number-of-operations-to-make-array-continuous,"Array, Hash Table, Binary Search, Sliding Window"
MEDIUM,Largest Divisible Subset,14.3,0.0050003305741411685,https://leetcode.com/problems/largest-divisible-subset,"Array, Math, Dynamic Programming, Sorting"
EASY,Primary Department for Each Employee,14.3,0.007514211826994438,https://leetcode.com/problems/primary-department-for-each-employee,Database
HARD,Minimum Cost to Convert String III,14.3,0.005511984346975379,https://leetcode.com/problems/minimum-cost-to-convert-string-iii,
EASY,Divisor Game,14.3,0.007243765707242856,https://leetcode.com/problems/divisor-game,"Math, Dynamic Programming, Brainteaser, Game Theory, Impartial Game"
HARD,Odd Even Jump,14.3,0.004146624144368389,https://leetcode.com/problems/odd-even-jump,"Array, Dynamic Programming, Stack, Sorting, Monotonic Stack, Ordered Set"
MEDIUM,Populating Next Right Pointers in Each Node II,14.3,0.005803757259460829,https://leetcode.com/problems/populating-next-right-pointers-in-each-node-ii,"Linked List, Tree, Depth-First Search, Breadth-First Search, Binary Tree"
EASY,Kids With the Greatest Number of Candies,14.3,0.008800506413044808,https://leetcode.com/problems/kids-with-the-greatest-number-of-candies,Array
MEDIUM,Detect Squares,14.3,0.0052898878687676655,https://leetcode.com/problems/detect-squares,"Array, Hash Table, Design, Counting, Data Stream"
MEDIUM,Minimum Number of Pushes to Type Word II,14.3,0.008330660338975933,https://leetcode.com/problems/minimum-number-of-pushes-to-type-word-ii,"Hash Table, String, Greedy, Sorting, Counting"
HARD,Maximum Sum of 3 Non-Overlapping Subarrays,14.3,0.005999090488843455,https://leetcode.com/problems/maximum-sum-of-3-non-overlapping-subarrays,"Array, Dynamic Programming, Sliding Window, Prefix Sum"
MEDIUM,Single-Threaded CPU,14.3,0.004802563716229529,https://leetcode.com/problems/single-threaded-cpu,"Array, Sorting, Heap (Priority Queue)"
MEDIUM,Widest Possible Fence,14.3,0.0016627728699715265,https://leetcode.com/problems/widest-possible-fence,
MEDIUM,Lexicographical Numbers,14.3,0.007635216759839367,https://leetcode.com/problems/lexicographical-numbers,"Depth-First Search, Trie"
MEDIUM,Game of Life,14.3,0.007294271449189198,https://leetcode.com/problems/game-of-life,"Array, Matrix, Simulation"
MEDIUM,Delete Node in a BST,14.3,0.005525666463619535,https://leetcode.com/problems/delete-node-in-a-bst,"Tree, Binary Search Tree, Binary Tree"
MEDIUM,Best Time to Buy and Sell Stock with Cooldown,14.3,0.006260459989362005,https://leetcode.com/problems/best-time-to-buy-and-sell-stock-with-cooldown,"Array, Dynamic Programming"
EASY,Binary Watch,14.3,0.006608471710577882,https://leetcode.com/problems/binary-watch,"Backtracking, Bit Manipulation"
HARD,Shortest Subarray with Sum at Least K,14.3,0.0033015215374657346,https://leetcode.com/problems/shortest-subarray-with-sum-at-least-k,"Array, Binary Search, Queue, Sliding Window, Heap (Priority Queue), Prefix Sum, Monotonic Queue"
MEDIUM,Swapping Nodes in a Linked List,14.3,0.006968933197295381,https://leetcode.com/problems/swapping-nodes-in-a-linked-list,"Linked List, Two Pointers"
EASY,Convert the Temperature,14.3,0.0090372733469666,https://leetcode.com/problems/convert-the-temperature,Math
MEDIUM,Path With Minimum Effort,14.3,0.006389729681131623,https://leetcode.com/problems/path-with-minimum-effort,"Array, Binary Search, Depth-First Search, Breadth-First Search, Union-Find, Heap (Priority Queue), Matrix, Dijkstra's Algorithm"
EASY,Sum Multiples,14.3,0.008638342131601156,https://leetcode.com/problems/sum-multiples,Math
MEDIUM,Make K-Subarray Sums Equal,14.3,0.003907926797656696,https://leetcode.com/problems/make-k-subarray-sums-equal,"Array, Math, Greedy, Sorting, Number Theory"
HARD,Split Array With Same Average,14.3,0.0027429999780735413,https://leetcode.com/problems/split-array-with-same-average,"Array, Hash Table, Math, Dynamic Programming, Bit Manipulation, Meet in the Middle, Bitmask"
MEDIUM,Find the Lexicographically Smallest Valid Sequence,14.3,0.005782631897257107,https://leetcode.com/problems/find-the-lexicographically-smallest-valid-sequence,"Two Pointers, String, Dynamic Programming, Greedy"
EASY,Make Array Zero by Subtracting Equal Amounts,14.3,0.007392095072354704,https://leetcode.com/problems/make-array-zero-by-subtracting-equal-amounts,"Array, Hash Table, Greedy, Sorting, Heap (Priority Queue), Simulation"
MEDIUM,Maximum XOR of Two Numbers in an Array,14.3,0.0053711624305365765,https://leetcode.com/problems/maximum-xor-of-two-numbers-in-an-array,"Array, Hash Table, Bit Manipulation, Trie"
HARD,Distinct Subsequences II,14.3,0.004421415812269068,https://leetcode.com/problems/distinct-subsequences-ii,"String, Dynamic Programming"
MEDIUM,Sum of Subarray Ranges,14.3,0.00617920386805233,https://leetcode.com/problems/sum-of-subarray-ranges,"Array, Stack, Monotonic Stack"
HARD,Count of Smaller Numbers After Self,14.3,0.004392841773448569,https://leetcode.com/problems/count-of-smaller-numbers-after-self,"Array, Binary Search, Divide and Conquer, Binary Indexed Tree, Segment Tree, Merge Sort, Ordered Set, Treap"
MEDIUM,As Far from Land as Possible,14.3,0.005249007676873418,https://leetcode.com/problems/as-far-from-land-as-possible,"Array, Dynamic Programming, Breadth-First Search, Matrix"
EASY,Count the Digits That Divide a Number,14.3,0.00861211899064697,https://leetcode.com/problems/count-the-digits-that-divide-a-number,Math
EASY,Implement Stack using Queues,14.3,0.007054244000603032,https://leetcode.com/problems/implement-stack-using-queues,"Stack, Design, Queue"
EASY,Binary Tree Paths,14.3,0.006917615647959879,https://leetcode.com/problems/binary-tree-paths,"String, Backtracking, Tree, Depth-First Search, Binary Tree"
MEDIUM,Department Highest Salary,14.3,0.005908742405091716,https://leetcode.com/problems/department-highest-salary,Database
MEDIUM,Robot Bounded In Circle,14.3,0.0056610161200576405,https://leetcode.com/problems/robot-bounded-in-circle,"Math, String, Simulation"
MEDIUM,Range Frequency Queries,14.3,0.004400614284404511,https://leetcode.com/problems/range-frequency-queries,"Array, Hash Table, Binary Search, Design, Segment Tree"
MEDIUM,Remove Sub-Folders from the Filesystem,14.3,0.00786042296955613,https://leetcode.com/problems/remove-sub-folders-from-the-filesystem,"Array, String, Depth-First Search, Trie"
MEDIUM,Combination Sum IV,14.3,0.005526415875501007,https://leetcode.com/problems/combination-sum-iv,"Array, Dynamic Programming"
MEDIUM,Remove All Occurrences of a Substring,14.3,0.007865664025982249,https://leetcode.com/problems/remove-all-occurrences-of-a-substring,"String, Stack, Simulation"
MEDIUM,Last Person to Fit in the Bus,14.3,0.006973425013244588,https://leetcode.com/problems/last-person-to-fit-in-the-bus,Database
HARD,Longest Substring of One Repeating Character,14.3,0.006557182536472239,https://leetcode.com/problems/longest-substring-of-one-repeating-character,"Array, String, Segment Tree, Ordered Set"
HARD,Minimum Number of Increments on Subarrays to Form a Target Array,14.3,0.007824125430846637,https://leetcode.com/problems/minimum-number-of-increments-on-subarrays-to-form-a-target-array,"Array, Dynamic Programming, Stack, Greedy, Monotonic Stack"
EASY,Substrings of Size Three with Distinct Characters,14.3,0.007705759429821688,https://leetcode.com/problems/substrings-of-size-three-with-distinct-characters,"Hash Table, String, Sliding Window, Counting"
HARD,Partition Array Into Two Arrays to Minimize Sum Difference,14.3,0.0024377423122953113,https://leetcode.com/problems/partition-array-into-two-arrays-to-minimize-sum-difference,"Array, Two Pointers, Binary Search, Dynamic Programming, Bit Manipulation, Meet in the Middle, Sorting, Ordered Set, Bitmask"
MEDIUM,Market Analysis I,14.3,0.00576483438954352,https://leetcode.com/problems/market-analysis-i,Database
MEDIUM,Matrix Block Sum,14.3,0.007686633071847888,https://leetcode.com/problems/matrix-block-sum,"Array, Matrix, Prefix Sum"
HARD,Swim in Rising Water,14.3,0.006817592928724393,https://leetcode.com/problems/swim-in-rising-water,"Array, Binary Search, Depth-First Search, Breadth-First Search, Union-Find, Minimax, Heap (Priority Queue), Matrix, Dijkstra's Algorithm"
EASY,Check If N and Its Double Exist,14.3,0.004197302451120796,https://leetcode.com/problems/check-if-n-and-its-double-exist,"Array, Hash Table, Two Pointers, Binary Search, Sorting"
EASY,Fix Names in a Table,14.3,0.0060643255879121285,https://leetcode.com/problems/fix-names-in-a-table,Database
EASY,Number of 1 Bits,14.3,0.007736137503691482,https://leetcode.com/problems/number-of-1-bits,"Divide and Conquer, Bit Manipulation"
