Difficulty,Title,Frequency,Acceptance Rate,Link,Topics
EASY,Two Sum,100.0,0.005800918768980581,https://leetcode.com/problems/two-sum,"Array, Hash Table"
MEDIUM,LRU Cache,89.4,0.004786834626576906,https://leetcode.com/problems/lru-cache,"Hash Table, Linked List, Design, Doubly-Linked List"
HARD,Trapping Rain Water,87.8,0.006802783224080567,https://leetcode.com/problems/trapping-rain-water,"Array, Two Pointers, Dynamic Programming, Stack, Monotonic Stack"
MEDIUM,Number of Islands,86.6,0.006495993404723111,https://leetcode.com/problems/number-of-islands,"Array, Depth-First Search, Breadth-First Search, Union-Find, Matrix"
MEDIUM,Longest Substring Without Repeating Characters,84.1,0.00397788058102357,https://leetcode.com/problems/longest-substring-without-repeating-characters,"Hash Table, String, Sliding Window"
EASY,Best Time to Buy and Sell Stock,83.3,0.005725108396973595,https://leetcode.com/problems/best-time-to-buy-and-sell-stock,"Array, Dynamic Programming"
MEDIUM,Group Anagrams,80.5,0.007312852709282173,https://leetcode.com/problems/group-anagrams,"Array, Hash Table, String, Sorting"
MEDIUM,Reorganize String,79.5,0.005744887310946427,https://leetcode.com/problems/reorganize-string,"Hash Table, String, Greedy, Sorting, Heap (Priority Queue), Counting"
MEDIUM,Add Two Numbers,78.4,0.0049132544618928084,https://leetcode.com/problems/add-two-numbers,"Linked List, Math, Recursion"
MEDIUM,Longest Palindromic Substring,78.2,0.0038470812842634973,https://leetcode.com/problems/longest-palindromic-substring,"Two Pointers, String, Dynamic Programming, Manacher"
MEDIUM,Container With Most Water,77.5,0.0060648042388392965,https://leetcode.com/problems/container-with-most-water,"Array, Two Pointers, Greedy"
MEDIUM,3Sum,77.5,0.003969278128577991,https://leetcode.com/problems/3sum,"Array, Two Pointers, Sorting"
MEDIUM,Merge Intervals,76.7,0.005257590403796301,https://leetcode.com/problems/merge-intervals,"Array, Sorting, Quicksort"
HARD,Median of Two Sorted Arrays,76.4,0.004736926664645988,https://leetcode.com/problems/median-of-two-sorted-arrays,"Array, Binary Search, Divide and Conquer"
EASY,Valid Parentheses,75.1,0.004472528120893722,https://leetcode.com/problems/valid-parentheses,"String, Stack, Bracket Sequences"
MEDIUM,Koko Eating Bananas,74.8,0.005039557778650947,https://leetcode.com/problems/koko-eating-bananas,"Array, Binary Search"
MEDIUM,Course Schedule,74.7,0.005203993313307946,https://leetcode.com/problems/course-schedule,"Depth-First Search, Breadth-First Search, Graph Theory, Topological Sort, Directed Acyclic Graph"
EASY,Longest Common Prefix,73.9,0.00481870369839444,https://leetcode.com/problems/longest-common-prefix,"Array, String, Trie"
HARD,Merge k Sorted Lists,73.1,0.006029341144142439,https://leetcode.com/problems/merge-k-sorted-lists,"Linked List, Divide and Conquer, Heap (Priority Queue), Merge Sort, Tournament Sort"
MEDIUM,Maximum Subarray,72.7,0.005373528008445135,https://leetcode.com/problems/maximum-subarray,"Array, Divide and Conquer, Dynamic Programming"
MEDIUM,Subarray Sum Equals K,72.7,0.004797978674749575,https://leetcode.com/problems/subarray-sum-equals-k,"Array, Hash Table, Prefix Sum"
MEDIUM,Rotting Oranges,72.6,0.005927583344860977,https://leetcode.com/problems/rotting-oranges,"Array, Breadth-First Search, Matrix"
EASY,Merge Sorted Array,72.5,0.005552771146516082,https://leetcode.com/problems/merge-sorted-array,"Array, Two Pointers, Sorting"
MEDIUM,Top K Frequent Elements,72.1,0.006713859563139234,https://leetcode.com/problems/top-k-frequent-elements,"Array, Hash Table, Divide and Conquer, Sorting, Heap (Priority Queue), Bucket Sort, Counting, Quickselect"
MEDIUM,Generate Parentheses,70.7,0.007906588417970683,https://leetcode.com/problems/generate-parentheses,"String, Dynamic Programming, Backtracking, Bracket Sequences"
MEDIUM,Search in Rotated Sorted Array,70.7,0.004546195080094433,https://leetcode.com/problems/search-in-rotated-sorted-array,"Array, Binary Search"
MEDIUM,Longest Consecutive Sequence,70.3,0.004720825212594653,https://leetcode.com/problems/longest-consecutive-sequence,"Array, Hash Table, Union-Find"
EASY,Palindrome Number,69.5,0.006087440701351663,https://leetcode.com/problems/palindrome-number,Math
EASY,Majority Element,69.2,0.006648691015557973,https://leetcode.com/problems/majority-element,"Array, Hash Table, Divide and Conquer, Sorting, Counting, Boyer–Moore Majority Vote Algorithm"
MEDIUM,Copy List with Random Pointer,69.1,0.00635090239140889,https://leetcode.com/problems/copy-list-with-random-pointer,"Hash Table, Linked List"
MEDIUM,Jump Game,68.8,0.004138468069420424,https://leetcode.com/problems/jump-game,"Array, Dynamic Programming, Greedy"
HARD,Word Ladder,68.8,0.0046325920843474895,https://leetcode.com/problems/word-ladder,"Hash Table, String, Breadth-First Search, Bidirectional Search"
MEDIUM,Lowest Common Ancestor of a Binary Tree,68.6,0.0069951400977484824,https://leetcode.com/problems/lowest-common-ancestor-of-a-binary-tree,"Tree, Depth-First Search, Binary Tree, Binary Lifting, Lowest Common Ancestor"
MEDIUM,Product of Array Except Self,67.2,0.006916445627132168,https://leetcode.com/problems/product-of-array-except-self,"Array, Prefix Sum"
EASY,Climbing Stairs,67.0,0.005428113338571589,https://leetcode.com/problems/climbing-stairs,"Math, Dynamic Programming, Memoization"
MEDIUM,Course Schedule II,67.0,0.005608729469948884,https://leetcode.com/problems/course-schedule-ii,"Depth-First Search, Breadth-First Search, Graph Theory, Topological Sort"
MEDIUM,Word Search,66.9,0.004794632341721784,https://leetcode.com/problems/word-search,"Array, String, Backtracking, Depth-First Search, Matrix"
MEDIUM,House Robber,66.9,0.0053502628777586615,https://leetcode.com/problems/house-robber,"Array, Dynamic Programming"
MEDIUM,Spiral Matrix,66.7,0.005762649340140076,https://leetcode.com/problems/spiral-matrix,"Array, Matrix, Simulation"
EASY,Merge Two Sorted Lists,65.6,0.006874735114992656,https://leetcode.com/problems/merge-two-sorted-lists,"Linked List, Recursion"
MEDIUM,Letter Combinations of a Phone Number,64.5,0.006665954583234598,https://leetcode.com/problems/letter-combinations-of-a-phone-number,"Hash Table, String, Backtracking"
MEDIUM,Analyze User Website Visit Pattern,64.3,0.00443321229758774,https://leetcode.com/problems/analyze-user-website-visit-pattern,"Array, Hash Table, String, Sorting"
HARD,Sliding Window Maximum,63.9,0.004910871637192918,https://leetcode.com/problems/sliding-window-maximum,"Array, Queue, Sliding Window, Heap (Priority Queue), Monotonic Queue, Range Minimum/Maximum Query"
HARD,Find Median from Data Stream,63.9,0.005487637421105771,https://leetcode.com/problems/find-median-from-data-stream,"Two Pointers, Design, Sorting, Heap (Priority Queue), Data Stream"
EASY,Valid Anagram,63.7,0.006853215114815539,https://leetcode.com/problems/valid-anagram,"Hash Table, String, Sorting"
MEDIUM,Coin Change,63.5,0.004897299461902748,https://leetcode.com/problems/coin-change,"Array, Dynamic Programming, Breadth-First Search, Knapsack Problem, Complete Knapsack"
MEDIUM,Task Scheduler,63.5,0.006363509242599362,https://leetcode.com/problems/task-scheduler,"Array, Hash Table, Greedy, Sorting, Heap (Priority Queue), Counting"
MEDIUM,Next Permutation,62.7,0.004595868333751636,https://leetcode.com/problems/next-permutation,"Array, Two Pointers"
EASY,Roman to Integer,62.5,0.0067049027990411765,https://leetcode.com/problems/roman-to-integer,"Hash Table, Math, String"
EASY,Remove Duplicates from Sorted Array,62.5,0.006356270294689139,https://leetcode.com/problems/remove-duplicates-from-sorted-array,"Array, Two Pointers"
MEDIUM,Identify the Largest Outlier in an Array,62.2,0.0036484741109405533,https://leetcode.com/problems/identify-the-largest-outlier-in-an-array,"Array, Hash Table, Counting, Enumeration"
MEDIUM,Reverse Integer,62.0,0.0032365985796483756,https://leetcode.com/problems/reverse-integer,Math
HARD,First Missing Positive,62.0,0.0043542871574812105,https://leetcode.com/problems/first-missing-positive,"Array, Hash Table"
EASY,Pascal's Triangle,62.0,0.007929400828192344,https://leetcode.com/problems/pascals-triangle,"Array, Dynamic Programming"
MEDIUM,Kth Largest Element in an Array,61.8,0.006924330750974554,https://leetcode.com/problems/kth-largest-element-in-an-array,"Array, Divide and Conquer, Sorting, Heap (Priority Queue), Quickselect"
HARD,N-Queens,61.6,0.007626982145500583,https://leetcode.com/problems/n-queens,"Array, Backtracking, Algorithm X"
EASY,Merge Strings Alternately,61.6,0.008214715064886214,https://leetcode.com/problems/merge-strings-alternately,"Two Pointers, String"
EASY,Create Hello World Function,61.6,0.008191580857174885,https://leetcode.com/problems/create-hello-world-function,
MEDIUM,Rotate Image,61.3,0.008056978348914971,https://leetcode.com/problems/rotate-image,"Array, Math, Matrix"
MEDIUM,Unique Paths,61.3,0.006717300556067408,https://leetcode.com/problems/unique-paths,"Math, Dynamic Programming, Combinatorics"
MEDIUM,Find Peak Element,61.3,0.004714029442407914,https://leetcode.com/problems/find-peak-element,"Array, Binary Search"
MEDIUM,Meeting Rooms II,61.3,0.005277660995833269,https://leetcode.com/problems/meeting-rooms-ii,"Array, Two Pointers, Greedy, Sorting, Heap (Priority Queue), Prefix Sum"
MEDIUM,Jump Game II,61.1,0.004335921243017604,https://leetcode.com/problems/jump-game-ii,"Array, Dynamic Programming, Greedy"
MEDIUM,Subsets,60.6,0.008271543733881505,https://leetcode.com/problems/subsets,"Array, Backtracking, Bit Manipulation"
HARD,Binary Tree Maximum Path Sum,60.6,0.004266447538385566,https://leetcode.com/problems/binary-tree-maximum-path-sum,"Dynamic Programming, Tree, Depth-First Search, Binary Tree, DP on Trees"
MEDIUM,Insert Delete GetRandom O(1),60.6,0.0055486583995054475,https://leetcode.com/problems/insert-delete-getrandom-o1,"Array, Hash Table, Math, Design, Randomized"
MEDIUM,Best Time to Buy and Sell Stock II,60.4,0.007150136376528176,https://leetcode.com/problems/best-time-to-buy-and-sell-stock-ii,"Array, Dynamic Programming, Greedy"
MEDIUM,Sort Colors,59.9,0.007016884072715112,https://leetcode.com/problems/sort-colors,"Array, Two Pointers, Sorting, Quicksort, Bubble Sort"
HARD,Minimum Window Substring,59.9,0.004825467559165663,https://leetcode.com/problems/minimum-window-substring,"Hash Table, String, Sliding Window"
EASY,Move Zeroes,59.9,0.006426520020031069,https://leetcode.com/problems/move-zeroes,"Array, Two Pointers"
MEDIUM,Fruit Into Baskets,59.9,0.005215318808571866,https://leetcode.com/problems/fruit-into-baskets,"Array, Hash Table, Sliding Window"
MEDIUM,Find First and Last Position of Element in Sorted Array,59.6,0.004950589348372612,https://leetcode.com/problems/find-first-and-last-position-of-element-in-sorted-array,"Array, Binary Search"
HARD,Largest Rectangle in Histogram,59.6,0.005066326280307808,https://leetcode.com/problems/largest-rectangle-in-histogram,"Array, Stack, Monotonic Stack, Range Minimum/Maximum Query"
MEDIUM,Word Break,59.6,0.004977847616482445,https://leetcode.com/problems/word-break,"Array, Hash Table, String, Dynamic Programming, Trie, Memoization, Brute-Force Search"
MEDIUM,Asteroid Collision,59.6,0.004876242625471,https://leetcode.com/problems/asteroid-collision,"Array, Stack, Simulation"
MEDIUM,Valid Sudoku,59.1,0.006495053391920732,https://leetcode.com/problems/valid-sudoku,"Array, Hash Table, Matrix"
MEDIUM,Search a 2D Matrix,58.8,0.005438009059396466,https://leetcode.com/problems/search-a-2d-matrix,"Array, Binary Search, Matrix"
EASY,Single Number,58.6,0.007815755890287197,https://leetcode.com/problems/single-number,"Array, Bit Manipulation"
MEDIUM,Longest Repeating Character Replacement,58.3,0.00604294200343494,https://leetcode.com/problems/longest-repeating-character-replacement,"Hash Table, String, Sliding Window"
MEDIUM,Rotate Array,58.0,0.004532175079320106,https://leetcode.com/problems/rotate-array,"Array, Math, Two Pointers"
MEDIUM,Single Element in a Sorted Array,58.0,0.005939518546920414,https://leetcode.com/problems/single-element-in-a-sorted-array,"Array, Binary Search"
EASY,Recyclable and Low Fat Products,58.0,0.00886321441072615,https://leetcode.com/problems/recyclable-and-low-fat-products,Database
MEDIUM,4Sum,57.7,0.004145615338772268,https://leetcode.com/problems/4sum,"Array, Two Pointers, Sorting"
MEDIUM,Capacity To Ship Packages Within D Days,57.4,0.007450990532981995,https://leetcode.com/problems/capacity-to-ship-packages-within-d-days,"Array, Binary Search"
HARD,Reverse Nodes in k-Group,57.1,0.00669651100488863,https://leetcode.com/problems/reverse-nodes-in-k-group,"Linked List, Recursion"
EASY,Sqrt(x),57.1,0.004223061470169658,https://leetcode.com/problems/sqrtx,"Math, Binary Search, Newton's Method"
MEDIUM,Min Stack,57.1,0.005855059608044856,https://leetcode.com/problems/min-stack,"Stack, Design"
MEDIUM,Binary Tree Zigzag Level Order Traversal,56.8,0.006432883708725693,https://leetcode.com/problems/binary-tree-zigzag-level-order-traversal,"Tree, Breadth-First Search, Binary Tree"
MEDIUM,Daily Temperatures,56.8,0.006905642405710863,https://leetcode.com/problems/daily-temperatures,"Array, Stack, Monotonic Stack"
MEDIUM,Zigzag Conversion,56.5,0.005489165550758973,https://leetcode.com/problems/zigzag-conversion,String
EASY,Missing Number,56.5,0.0072516596353814035,https://leetcode.com/problems/missing-number,"Array, Hash Table, Math, Binary Search, Bit Manipulation, Sorting"
EASY,Reverse Linked List,56.2,0.008094175602302101,https://leetcode.com/problems/reverse-linked-list,"Linked List, Recursion"
HARD,Candy,55.6,0.00490467635479669,https://leetcode.com/problems/candy,"Array, Greedy"
EASY,Contains Duplicate,55.6,0.006462890773565,https://leetcode.com/problems/contains-duplicate,"Array, Hash Table, Sorting"
MEDIUM,Find the Duplicate Number,55.6,0.006476906099465616,https://leetcode.com/problems/find-the-duplicate-number,"Array, Two Pointers, Binary Search, Bit Manipulation, Pigeonhole Principle, Floyd's Cycle Finding Algorithm"
HARD,Serialize and Deserialize Binary Tree,55.6,0.006102950550995958,https://leetcode.com/problems/serialize-and-deserialize-binary-tree,"String, Tree, Depth-First Search, Breadth-First Search, Design, Binary Tree"
MEDIUM,Max Consecutive Ones III,55.6,0.0068276765629248755,https://leetcode.com/problems/max-consecutive-ones-iii,"Array, Binary Search, Sliding Window, Prefix Sum"
EASY,Search Insert Position,55.3,0.005201624196485214,https://leetcode.com/problems/search-insert-position,"Array, Binary Search"
MEDIUM,Gas Station,55.3,0.004855720508729963,https://leetcode.com/problems/gas-station,"Array, Greedy"
HARD,LFU Cache,55.3,0.005002856004978826,https://leetcode.com/problems/lfu-cache,"Hash Table, Linked List, Design, Doubly-Linked List"
EASY,Flood Fill,55.3,0.0068787040387350215,https://leetcode.com/problems/flood-fill,"Array, Depth-First Search, Breadth-First Search, Matrix"
EASY,Remove Element,54.9,0.006237181968231845,https://leetcode.com/problems/remove-element,"Array, Two Pointers"
MEDIUM,Permutations,54.9,0.008226107653199182,https://leetcode.com/problems/permutations,"Array, Backtracking"
MEDIUM,Reorder List,54.9,0.00660002656775456,https://leetcode.com/problems/reorder-list,"Linked List, Two Pointers, Stack, Recursion"
MEDIUM,String Compression,54.9,0.006060080317898665,https://leetcode.com/problems/string-compression,"Two Pointers, String"
HARD,Regular Expression Matching,54.6,0.003157634297802194,https://leetcode.com/problems/regular-expression-matching,"String, Dynamic Programming, Recursion"
MEDIUM,Combination Sum,54.6,0.0077005768815870505,https://leetcode.com/problems/combination-sum,"Array, Backtracking"
MEDIUM,Binary Tree Right Side View,54.6,0.00709791158692465,https://leetcode.com/problems/binary-tree-right-side-view,"Tree, Depth-First Search, Breadth-First Search, Binary Tree"
HARD,Word Search II,54.6,0.0038787235391833813,https://leetcode.com/problems/word-search-ii,"Array, String, Backtracking, Trie, Matrix"
MEDIUM,"Pow(x, n)",54.2,0.003917051350448515,https://leetcode.com/problems/powx-n,"Math, Recursion"
MEDIUM,All Nodes Distance K in Binary Tree,54.2,0.006800075916651703,https://leetcode.com/problems/all-nodes-distance-k-in-binary-tree,"Hash Table, Tree, Depth-First Search, Breadth-First Search, Binary Tree"
MEDIUM,Reverse Words in a String,53.9,0.005752996396229188,https://leetcode.com/problems/reverse-words-in-a-string,"Two Pointers, String"
MEDIUM,Odd Even Linked List,53.9,0.006273100587820584,https://leetcode.com/problems/odd-even-linked-list,Linked List
HARD,Concatenated Words,53.9,0.004991074765929127,https://leetcode.com/problems/concatenated-words,"Array, String, Dynamic Programming, Depth-First Search, Trie, Sorting"
MEDIUM,Next Greater Element II,53.9,0.006900509900667207,https://leetcode.com/problems/next-greater-element-ii,"Array, Stack, Monotonic Stack"
MEDIUM,Binary Tree Level Order Traversal,53.5,0.007328967348998725,https://leetcode.com/problems/binary-tree-level-order-traversal,"Tree, Breadth-First Search, Binary Tree"
EASY,Palindrome Linked List,53.5,0.00586075034726289,https://leetcode.com/problems/palindrome-linked-list,"Linked List, Two Pointers, Stack, Recursion"
EASY,Next Greater Element I,53.5,0.007668483172754845,https://leetcode.com/problems/next-greater-element-i,"Array, Hash Table, Stack, Monotonic Stack"
HARD,Maximum Profit in Job Scheduling,53.5,0.0054812314023464995,https://leetcode.com/problems/maximum-profit-in-job-scheduling,"Array, Binary Search, Dynamic Programming, Sorting"
MEDIUM,Integer to Roman,53.2,0.007149571266632225,https://leetcode.com/problems/integer-to-roman,"Hash Table, Math, String"
MEDIUM,Edit Distance,53.2,0.006111924133041377,https://leetcode.com/problems/edit-distance,"String, Dynamic Programming"
MEDIUM,Maximum Product Subarray,53.2,0.0036892028817072727,https://leetcode.com/problems/maximum-product-subarray,"Array, Dynamic Programming"
MEDIUM,Longest Increasing Subsequence,53.2,0.005984836196397778,https://leetcode.com/problems/longest-increasing-subsequence,"Array, Binary Search, Dynamic Programming, Longest Increasing Subsequence"
MEDIUM,Set Matrix Zeroes,52.8,0.006348192369186882,https://leetcode.com/problems/set-matrix-zeroes,"Array, Hash Table, Matrix"
HARD,Word Break II,52.8,0.005602404741789417,https://leetcode.com/problems/word-break-ii,"Array, Hash Table, String, Dynamic Programming, Backtracking, Trie, Memoization"
HARD,Basic Calculator,52.8,0.00471112581789601,https://leetcode.com/problems/basic-calculator,"Math, String, Stack, Recursion"
MEDIUM,Basic Calculator II,52.8,0.004708523557903369,https://leetcode.com/problems/basic-calculator-ii,"Math, String, Stack"
EASY,Middle of the Linked List,52.4,0.008227599656640099,https://leetcode.com/problems/middle-of-the-linked-list,"Linked List, Two Pointers"
EASY,First Unique Character in a String,52.0,0.006611153379300317,https://leetcode.com/problems/first-unique-character-in-a-string,"Hash Table, String, Queue, Counting"
EASY,Find the Index of the First Occurrence in a String,51.6,0.004716717869479574,https://leetcode.com/problems/find-the-index-of-the-first-occurrence-in-a-string,"Two Pointers, String, String Matching, Z Algorithm, Knuth–Morris–Pratt Algorithm, Boyer–Moore String-Search Algorithm"
MEDIUM,Two Sum II - Input Array Is Sorted,51.6,0.0065685748816255475,https://leetcode.com/problems/two-sum-ii-input-array-is-sorted,"Array, Two Pointers, Binary Search"
EASY,Happy Number,51.6,0.00601149685323521,https://leetcode.com/problems/happy-number,"Hash Table, Math, Two Pointers, Floyd's Cycle Finding Algorithm"
EASY,Fibonacci Number,51.6,0.007452180064209408,https://leetcode.com/problems/fibonacci-number,"Math, Dynamic Programming, Recursion, Memoization"
MEDIUM,Maximum Frequency After Subarray Operation,51.6,0.003157725933669106,https://leetcode.com/problems/maximum-frequency-after-subarray-operation,"Array, Hash Table, Dynamic Programming, Greedy, Enumeration, Prefix Sum"
MEDIUM,Evaluate Division,51.2,0.006450708148715583,https://leetcode.com/problems/evaluate-division,"Array, String, Depth-First Search, Breadth-First Search, Union-Find, Graph Theory, Shortest Path, Bellman–Ford Algorithm, Floyd–Warshall Algorithm"
EASY,Diameter of Binary Tree,51.2,0.006608584489249044,https://leetcode.com/problems/diameter-of-binary-tree,"Tree, Depth-First Search, Binary Tree, DP on Trees"
MEDIUM,Number of Provinces,51.2,0.007093648923444207,https://leetcode.com/problems/number-of-provinces,"Depth-First Search, Breadth-First Search, Union-Find, Graph Theory"
EASY,Plus One,50.8,0.0050450167133903445,https://leetcode.com/problems/plus-one,"Array, Math"
MEDIUM,Palindrome Partitioning,50.8,0.0074504463219244865,https://leetcode.com/problems/palindrome-partitioning,"String, Dynamic Programming, Backtracking"
MEDIUM,Largest Number,50.8,0.004358468300955362,https://leetcode.com/problems/largest-number,"Array, String, Greedy, Sorting"
MEDIUM,Partition Equal Subset Sum,50.8,0.004989013203689033,https://leetcode.com/problems/partition-equal-subset-sum,"Array, Dynamic Programming, Knapsack Problem, 0-1 Knapsack"
HARD,Sudoku Solver,50.4,0.006558657151792837,https://leetcode.com/problems/sudoku-solver,"Array, Hash Table, Backtracking, Matrix, Algorithm X, Dancing Links"
MEDIUM,Validate Binary Search Tree,50.4,0.0036206010872143228,https://leetcode.com/problems/validate-binary-search-tree,"Tree, Depth-First Search, Binary Search Tree, Binary Tree"
EASY,Balanced Binary Tree,50.4,0.005900720366026005,https://leetcode.com/problems/balanced-binary-tree,"Tree, Depth-First Search, Binary Tree"
EASY,Valid Palindrome,50.4,0.005407000425085054,https://leetcode.com/problems/valid-palindrome,"Two Pointers, String"
HARD,Integer to English Words,50.4,0.003516285345382588,https://leetcode.com/problems/integer-to-english-words,"Math, String, Recursion"
MEDIUM,Remove Nth Node From End of List,49.9,0.005239101584159045,https://leetcode.com/problems/remove-nth-node-from-end-of-list,"Linked List, Two Pointers"
HARD,Longest Valid Parentheses,49.9,0.0039503594042912295,https://leetcode.com/problems/longest-valid-parentheses,"String, Dynamic Programming, Stack, Bracket Sequences"
EASY,Contains Duplicate II,49.9,0.005178439854329056,https://leetcode.com/problems/contains-duplicate-ii,"Array, Hash Table, Sliding Window"
MEDIUM,String to Integer (atoi),49.5,0.0021566772444169607,https://leetcode.com/problems/string-to-integer-atoi,String
EASY,Intersection of Two Arrays,49.5,0.007820111647638732,https://leetcode.com/problems/intersection-of-two-arrays,"Array, Hash Table, Two Pointers, Binary Search, Sorting"
HARD,Split Array Largest Sum,49.5,0.006119137361637512,https://leetcode.com/problems/split-array-largest-sum,"Array, Binary Search, Dynamic Programming, Greedy, Prefix Sum"
MEDIUM,K Closest Points to Origin,49.5,0.006928803625184413,https://leetcode.com/problems/k-closest-points-to-origin,"Array, Math, Divide and Conquer, Geometry, Sorting, Heap (Priority Queue), Quickselect, K-D Tree"
MEDIUM,Rotate List,49.0,0.0043113682153384115,https://leetcode.com/problems/rotate-list,"Linked List, Two Pointers"
MEDIUM,Remove Duplicates from Sorted Array II,49.0,0.0065155872701921635,https://leetcode.com/problems/remove-duplicates-from-sorted-array-ii,"Array, Two Pointers"
EASY,Max Consecutive Ones,49.0,0.006591758755977218,https://leetcode.com/problems/max-consecutive-ones,Array
MEDIUM,Sum of Subarray Minimums,49.0,0.0038949679780420857,https://leetcode.com/problems/sum-of-subarray-minimums,"Array, Dynamic Programming, Stack, Monotonic Stack"
EASY,Add Binary,48.5,0.005848441314531582,https://leetcode.com/problems/add-binary,"Math, String, Bit Manipulation, Simulation"
EASY,Combine Two Tables,48.5,0.00798795665068269,https://leetcode.com/problems/combine-two-tables,Database
MEDIUM,Decode String,48.5,0.006308994697353077,https://leetcode.com/problems/decode-string,"String, Stack, Recursion"
EASY,Article Views I,48.5,0.007681236481262067,https://leetcode.com/problems/article-views-i,Database
MEDIUM,3Sum Closest,48.0,0.004920512672452517,https://leetcode.com/problems/3sum-closest,"Array, Two Pointers, Sorting"
MEDIUM,Evaluate Reverse Polish Notation,48.0,0.005848800500808375,https://leetcode.com/problems/evaluate-reverse-polish-notation,"Array, Math, Stack"
MEDIUM,Minimum Size Subarray Sum,48.0,0.005261624451362095,https://leetcode.com/problems/minimum-size-subarray-sum,"Array, Binary Search, Sliding Window, Prefix Sum"
EASY,Symmetric Tree,47.5,0.006182543122270631,https://leetcode.com/problems/symmetric-tree,"Tree, Depth-First Search, Breadth-First Search, Binary Tree"
EASY,Maximum Depth of Binary Tree,47.5,0.007852232439696587,https://leetcode.com/problems/maximum-depth-of-binary-tree,"Tree, Depth-First Search, Breadth-First Search, Binary Tree"
EASY,Linked List Cycle,47.5,0.005490560918058881,https://leetcode.com/problems/linked-list-cycle,"Hash Table, Linked List, Two Pointers, Floyd's Cycle Finding Algorithm"
MEDIUM,Permutation in String,47.5,0.004952152888713448,https://leetcode.com/problems/permutation-in-string,"Hash Table, Two Pointers, String, Sliding Window"
MEDIUM,Kth Smallest Element in a BST,47.0,0.007721439227418731,https://leetcode.com/problems/kth-smallest-element-in-a-bst,"Tree, Depth-First Search, Binary Search Tree, Binary Tree"
HARD,Vertical Order Traversal of a Binary Tree,47.0,0.00545262765801227,https://leetcode.com/problems/vertical-order-traversal-of-a-binary-tree,"Hash Table, Tree, Depth-First Search, Breadth-First Search, Sorting, Binary Tree"
MEDIUM,Simplify Path,46.5,0.005122079157370559,https://leetcode.com/problems/simplify-path,"String, Stack"
MEDIUM,Populating Next Right Pointers in Each Node,46.5,0.006763833468175856,https://leetcode.com/problems/populating-next-right-pointers-in-each-node,"Linked List, Tree, Depth-First Search, Breadth-First Search, Binary Tree"
MEDIUM,Surrounded Regions,46.5,0.004606683958506796,https://leetcode.com/problems/surrounded-regions,"Array, Depth-First Search, Breadth-First Search, Union-Find, Matrix"
MEDIUM,Sort List,46.5,0.006518643874463636,https://leetcode.com/problems/sort-list,"Linked List, Two Pointers, Divide and Conquer, Sorting, Merge Sort"
MEDIUM,Lowest Common Ancestor of a Binary Tree III,46.5,0.008301654742873582,https://leetcode.com/problems/lowest-common-ancestor-of-a-binary-tree-iii,"Hash Table, Two Pointers, Tree, Binary Tree, Binary Lifting, Lowest Common Ancestor"
MEDIUM,Plates Between Candles,46.5,0.004770467879798672,https://leetcode.com/problems/plates-between-candles,"Array, String, Binary Search, Prefix Sum"
MEDIUM,Construct Binary Tree from Preorder and Inorder Traversal,45.9,0.006938038532730717,https://leetcode.com/problems/construct-binary-tree-from-preorder-and-inorder-traversal,"Array, Hash Table, Divide and Conquer, Tree, Binary Tree"
MEDIUM,Second Highest Salary,45.9,0.004798752418603008,https://leetcode.com/problems/second-highest-salary,Database
MEDIUM,Online Stock Span,45.9,0.006962015880698431,https://leetcode.com/problems/online-stock-span,"Stack, Design, Monotonic Stack, Data Stream"
MEDIUM,Time Based Key-Value Store,45.9,0.0050128731110318705,https://leetcode.com/problems/time-based-key-value-store,"Hash Table, String, Binary Search, Design"
MEDIUM,The kth Factor of n,45.9,0.007068593619350889,https://leetcode.com/problems/the-kth-factor-of-n,"Math, Number Theory, Prime Factorization"
EASY,Check if Array Is Sorted and Rotated,45.9,0.0057610454627678555,https://leetcode.com/problems/check-if-array-is-sorted-and-rotated,Array
MEDIUM,Minimum Path Sum,45.3,0.006874260343668333,https://leetcode.com/problems/minimum-path-sum,"Array, Dynamic Programming, Matrix"
HARD,Maximal Rectangle,45.3,0.00595947460319782,https://leetcode.com/problems/maximal-rectangle,"Array, Dynamic Programming, Stack, Matrix, Monotonic Stack"
EASY,Same Tree,45.3,0.00677830532009003,https://leetcode.com/problems/same-tree,"Tree, Depth-First Search, Breadth-First Search, Binary Tree"
MEDIUM,Find Minimum in Rotated Sorted Array,45.3,0.005517031810057429,https://leetcode.com/problems/find-minimum-in-rotated-sorted-array,"Array, Binary Search"
EASY,Employees Earning More Than Their Managers,45.3,0.007374407522984628,https://leetcode.com/problems/employees-earning-more-than-their-managers,Database
EASY,Isomorphic Strings,45.3,0.004892147955651791,https://leetcode.com/problems/isomorphic-strings,"Hash Table, String"
MEDIUM,Search a 2D Matrix II,45.3,0.005790388268492287,https://leetcode.com/problems/search-a-2d-matrix-ii,"Array, Binary Search, Divide and Conquer, Matrix"
MEDIUM,Pacific Atlantic Water Flow,45.3,0.006134503514875067,https://leetcode.com/problems/pacific-atlantic-water-flow,"Array, Depth-First Search, Breadth-First Search, Matrix"
MEDIUM,Target Sum,45.3,0.005273059594683657,https://leetcode.com/problems/target-sum,"Array, Dynamic Programming, Backtracking, Knapsack Problem, 0-1 Knapsack"
MEDIUM,Contiguous Array,45.3,0.0052082291576860075,https://leetcode.com/problems/contiguous-array,"Array, Hash Table, Prefix Sum"
MEDIUM,Find K Closest Elements,45.3,0.005001233450715752,https://leetcode.com/problems/find-k-closest-elements,"Array, Two Pointers, Binary Search, Sliding Window, Sorting, Heap (Priority Queue)"
MEDIUM,Peak Index in a Mountain Array,45.3,0.006670434630121796,https://leetcode.com/problems/peak-index-in-a-mountain-array,"Array, Binary Search, Ternary Search"
EASY,Rotate String,44.8,0.006666982044139076,https://leetcode.com/problems/rotate-string,"String, String Matching"
MEDIUM,Random Pick with Weight,44.8,0.004921195605186074,https://leetcode.com/problems/random-pick-with-weight,"Array, Math, Binary Search, Prefix Sum, Randomized"
EASY,Make Array Zero by Subtracting Equal Amounts,44.8,0.007392095072354704,https://leetcode.com/problems/make-array-zero-by-subtracting-equal-amounts,"Array, Hash Table, Greedy, Sorting, Heap (Priority Queue), Simulation"
MEDIUM,Divide Two Integers,44.1,0.0020225067542993715,https://leetcode.com/problems/divide-two-integers,"Math, Bit Manipulation"
MEDIUM,Reverse Linked List II,44.1,0.005217599261663659,https://leetcode.com/problems/reverse-linked-list-ii,Linked List
EASY,Invert Binary Tree,44.1,0.008036550258882072,https://leetcode.com/problems/invert-binary-tree,"Tree, Depth-First Search, Breadth-First Search, Binary Tree"
MEDIUM,Cheapest Flights Within K Stops,44.1,0.0042415075545453925,https://leetcode.com/problems/cheapest-flights-within-k-stops,"Dynamic Programming, Depth-First Search, Breadth-First Search, Graph Theory, Heap (Priority Queue), Shortest Path"
MEDIUM,Snakes and Ladders,44.1,0.00482343649723324,https://leetcode.com/problems/snakes-and-ladders,"Array, Breadth-First Search, Matrix"
MEDIUM,House Robber III,43.5,0.005622273497684685,https://leetcode.com/problems/house-robber-iii,"Dynamic Programming, Tree, Depth-First Search, Binary Tree, DP on Trees"
HARD,Trapping Rain Water II,43.5,0.006419306134274252,https://leetcode.com/problems/trapping-rain-water-ii,"Array, Breadth-First Search, Heap (Priority Queue), Matrix"
EASY,Fizz Buzz,43.5,0.007580834617066308,https://leetcode.com/problems/fizz-buzz,"Math, String, Simulation"
HARD,Reverse Pairs,43.5,0.0034986467889311585,https://leetcode.com/problems/reverse-pairs,"Array, Binary Search, Divide and Conquer, Binary Indexed Tree, Segment Tree, Merge Sort, Ordered Set, Treap"
EASY,Average Time of Process per Machine,43.5,0.006693244456039248,https://leetcode.com/problems/average-time-of-process-per-machine,Database
MEDIUM,Frequency of the Most Frequent Element,43.5,0.004512537753740255,https://leetcode.com/problems/frequency-of-the-most-frequent-element,"Array, Binary Search, Greedy, Sliding Window, Sorting, Prefix Sum"
MEDIUM,Minimum Time to Complete All Deliveries,43.5,0.003572714681440444,https://leetcode.com/problems/minimum-time-to-complete-all-deliveries,"Math, Binary Search"
EASY,Length of Last Word,42.9,0.005951314338263951,https://leetcode.com/problems/length-of-last-word,String
HARD,Smallest Range Covering Elements from K Lists,42.9,0.007032746305726644,https://leetcode.com/problems/smallest-range-covering-elements-from-k-lists,"Array, Hash Table, Greedy, Sliding Window, Sorting, Heap (Priority Queue)"
MEDIUM,Search Suggestions System,42.9,0.006523544993956227,https://leetcode.com/problems/search-suggestions-system,"Array, String, Binary Search, Trie, Sorting, Heap (Priority Queue)"
MEDIUM,Exclusive Time of Functions,42.9,0.006626110202430574,https://leetcode.com/problems/exclusive-time-of-functions,"Array, Stack"
MEDIUM,Decode Ways,42.2,0.0038445550461463566,https://leetcode.com/problems/decode-ways,"String, Dynamic Programming"
EASY,Intersection of Two Linked Lists,42.2,0.006446665709366838,https://leetcode.com/problems/intersection-of-two-linked-lists,"Hash Table, Linked List, Two Pointers"
MEDIUM,Majority Element II,42.2,0.005667233002105416,https://leetcode.com/problems/majority-element-ii,"Array, Hash Table, Sorting, Counting, Boyer–Moore Majority Vote Algorithm"
EASY,Reverse String,42.2,0.008119709932104969,https://leetcode.com/problems/reverse-string,"Two Pointers, String"
MEDIUM,Furthest Building You Can Reach,42.2,0.005109662816824548,https://leetcode.com/problems/furthest-building-you-can-reach,"Array, Greedy, Heap (Priority Queue)"
MEDIUM,Minimum Health to Beat Game,42.2,0.005887365637753636,https://leetcode.com/problems/minimum-health-to-beat-game,"Array, Greedy"
MEDIUM,Swap Nodes in Pairs,41.5,0.0070104841794785076,https://leetcode.com/problems/swap-nodes-in-pairs,"Linked List, Recursion"
EASY,Remove Duplicates from Sorted List,41.5,0.00573376879300634,https://leetcode.com/problems/remove-duplicates-from-sorted-list,Linked List
MEDIUM,Count Primes,41.5,0.003637127513843213,https://leetcode.com/problems/count-primes,"Array, Math, Enumeration, Number Theory, Primality Test, Sieve Theory, Prime Number Sieve"
MEDIUM,Find All Anagrams in a String,41.5,0.005432424800679061,https://leetcode.com/problems/find-all-anagrams-in-a-string,"Hash Table, String, Sliding Window"
MEDIUM,Managers with at Least 5 Direct Reports,41.5,0.004939506996395336,https://leetcode.com/problems/managers-with-at-least-5-direct-reports,Database
MEDIUM,Palindromic Substrings,41.5,0.007312510017465137,https://leetcode.com/problems/palindromic-substrings,"Two Pointers, String, Dynamic Programming"
EASY,Valid Palindrome II,41.5,0.004461328879412779,https://leetcode.com/problems/valid-palindrome-ii,"Two Pointers, String, Greedy"
HARD,Making A Large Island,41.5,0.005708557348244039,https://leetcode.com/problems/making-a-large-island,"Array, Depth-First Search, Breadth-First Search, Union-Find, Matrix"
HARD,Subarrays with K Different Integers,41.5,0.006886127682833283,https://leetcode.com/problems/subarrays-with-k-different-integers,"Array, Hash Table, Sliding Window, Counting"
MEDIUM,Count Good Numbers,41.5,0.005799144134220068,https://leetcode.com/problems/count-good-numbers,"Math, Recursion"
EASY,Add Two Integers,41.5,0.008809079255378442,https://leetcode.com/problems/add-two-integers,Math
MEDIUM,Count and Say,40.7,0.006361947553339493,https://leetcode.com/problems/count-and-say,String
MEDIUM,Subsets II,40.7,0.006182630857877343,https://leetcode.com/problems/subsets-ii,"Array, Backtracking, Bit Manipulation"
HARD,Word Ladder II,40.7,0.002796256359452415,https://leetcode.com/problems/word-ladder-ii,"Hash Table, String, Backtracking, Breadth-First Search, Bidirectional Search"
EASY,Rising Temperature,40.7,0.005193865803454294,https://leetcode.com/problems/rising-temperature,Database
MEDIUM,Implement Trie (Prefix Tree),40.7,0.006991477423387661,https://leetcode.com/problems/implement-trie-prefix-tree,"Hash Table, String, Design, Trie"
MEDIUM,House Robber II,40.7,0.0045403812596714185,https://leetcode.com/problems/house-robber-ii,"Array, Dynamic Programming"
EASY,Power of Two,40.7,0.0050421415478439525,https://leetcode.com/problems/power-of-two,"Math, Bit Manipulation, Recursion"
MEDIUM,Lowest Common Ancestor of a Binary Search Tree,40.7,0.007119552915764813,https://leetcode.com/problems/lowest-common-ancestor-of-a-binary-search-tree,"Tree, Depth-First Search, Binary Search Tree, Binary Tree, Binary Lifting, Lowest Common Ancestor"
MEDIUM,Find K Pairs with Smallest Sums,40.7,0.0042260439277404535,https://leetcode.com/problems/find-k-pairs-with-smallest-sums,"Array, Heap (Priority Queue)"
EASY,Is Subsequence,40.7,0.004934153208028073,https://leetcode.com/problems/is-subsequence,"Two Pointers, String, Dynamic Programming"
MEDIUM,Delete Node in a BST,40.7,0.005525666463619535,https://leetcode.com/problems/delete-node-in-a-bst,"Tree, Binary Search Tree, Binary Tree"
MEDIUM,Maximum Width of Binary Tree,40.7,0.004597500461454376,https://leetcode.com/problems/maximum-width-of-binary-tree,"Tree, Depth-First Search, Breadth-First Search, Binary Tree"
MEDIUM,Max Area of Island,40.7,0.00741854179363408,https://leetcode.com/problems/max-area-of-island,"Array, Depth-First Search, Breadth-First Search, Union-Find, Matrix"
MEDIUM,Accounts Merge,40.7,0.006188973838707603,https://leetcode.com/problems/accounts-merge,"Array, Hash Table, String, Depth-First Search, Breadth-First Search, Union-Find, Sorting"
EASY,Binary Search,40.7,0.006130264995956878,https://leetcode.com/problems/binary-search,"Array, Binary Search"
MEDIUM,Maximum Width Ramp,40.7,0.0055931043668338955,https://leetcode.com/problems/maximum-width-ramp,"Array, Two Pointers, Stack, Monotonic Stack"
EASY,Kids With the Greatest Number of Candies,40.7,0.008800506413044808,https://leetcode.com/problems/kids-with-the-greatest-number-of-candies,Array
MEDIUM,Maximum Points You Can Obtain from Cards,40.7,0.005824615178228427,https://leetcode.com/problems/maximum-points-you-can-obtain-from-cards,"Array, Sliding Window, Prefix Sum"
HARD,Minimum Difference in Sums After Removal of Elements,40.7,0.00695772519322223,https://leetcode.com/problems/minimum-difference-in-sums-after-removal-of-elements,"Array, Dynamic Programming, Heap (Priority Queue)"
MEDIUM,Clone Graph,40.0,0.00659795548864232,https://leetcode.com/problems/clone-graph,"Hash Table, Depth-First Search, Breadth-First Search, Graph Theory"
MEDIUM,Delete Node in a Linked List,40.0,0.008429252111669104,https://leetcode.com/problems/delete-node-in-a-linked-list,Linked List
MEDIUM,Remove K Digits,40.0,0.0037489879658208023,https://leetcode.com/problems/remove-k-digits,"String, Stack, Greedy, Monotonic Stack"
MEDIUM,Non-overlapping Intervals,40.0,0.005756935065562214,https://leetcode.com/problems/non-overlapping-intervals,"Array, Dynamic Programming, Greedy, Sorting"
MEDIUM,Open the Lock,40.0,0.0061505168250489285,https://leetcode.com/problems/open-the-lock,"Array, Hash Table, String, Breadth-First Search, Bidirectional Search"
MEDIUM,Sort an Array,40.0,0.005579246363127776,https://leetcode.com/problems/sort-an-array,"Array, Divide and Conquer, Sorting, Heap (Priority Queue), Merge Sort, Bucket Sort, Radix Sort, Counting Sort"
MEDIUM,Monthly Transactions I,40.0,0.005969044434700358,https://leetcode.com/problems/monthly-transactions-i,Database
EASY,Concatenation of Array,40.0,0.00900758888927667,https://leetcode.com/problems/concatenation-of-array,"Array, Simulation"
MEDIUM,Rearrange Array Elements by Sign,40.0,0.00848044946250092,https://leetcode.com/problems/rearrange-array-elements-by-sign,"Array, Two Pointers, Simulation"
MEDIUM,Search in Rotated Sorted Array II,39.2,0.004044603819619822,https://leetcode.com/problems/search-in-rotated-sorted-array-ii,"Array, Binary Search"
EASY,Convert Sorted Array to Binary Search Tree,39.2,0.007598446523845733,https://leetcode.com/problems/convert-sorted-array-to-binary-search-tree,"Array, Divide and Conquer, Tree, Binary Search Tree, Binary Tree"
MEDIUM,Linked List Cycle II,39.2,0.005888413133183402,https://leetcode.com/problems/linked-list-cycle-ii,"Hash Table, Linked List, Two Pointers, Floyd's Cycle Finding Algorithm"
MEDIUM,Maximal Square,39.2,0.005074633316168979,https://leetcode.com/problems/maximal-square,"Array, Dynamic Programming, Matrix"
EASY,Implement Queue using Stacks,39.2,0.00702323866542685,https://leetcode.com/problems/implement-queue-using-stacks,"Stack, Design, Queue"
MEDIUM,Design Tic-Tac-Toe,39.2,0.0058756827868897575,https://leetcode.com/problems/design-tic-tac-toe,"Array, Hash Table, Design, Matrix, Simulation"
HARD,Russian Doll Envelopes,39.2,0.0038121748166046444,https://leetcode.com/problems/russian-doll-envelopes,"Array, Binary Search, Dynamic Programming, Sorting, Longest Increasing Subsequence"
MEDIUM,01 Matrix,39.2,0.0054725966693036,https://leetcode.com/problems/01-matrix,"Array, Dynamic Programming, Breadth-First Search, Matrix"
EASY,Find Customer Referee,39.2,0.007335279719966238,https://leetcode.com/problems/find-customer-referee,Database
EASY,Big Countries,39.2,0.006875425849139056,https://leetcode.com/problems/big-countries,Database
EASY,Design HashMap,39.2,0.006675549644750756,https://leetcode.com/problems/design-hashmap,"Array, Hash Table, Linked List, Design, Hash Function"
EASY,Squares of a Sorted Array,39.2,0.007406501475104354,https://leetcode.com/problems/squares-of-a-sorted-array,"Array, Two Pointers, Sorting"
EASY,Greatest Common Divisor of Strings,39.2,0.005427556022068661,https://leetcode.com/problems/greatest-common-divisor-of-strings,"Math, String, Euclidean Algorithm, Greatest Common Divisor"
EASY,Unique Number of Occurrences,39.2,0.007885821807798354,https://leetcode.com/problems/unique-number-of-occurrences,"Array, Hash Table"
MEDIUM,Minimum Number of Days to Make m Bouquets,39.2,0.005705176574154857,https://leetcode.com/problems/minimum-number-of-days-to-make-m-bouquets,"Array, Binary Search"
MEDIUM,Unique Paths II,38.3,0.004494286854910931,https://leetcode.com/problems/unique-paths-ii,"Array, Dynamic Programming, Matrix"
MEDIUM,Triangle,38.3,0.005991255720169068,https://leetcode.com/problems/triangle,"Array, Dynamic Programming"
HARD,Alien Dictionary,38.3,0.0037286290888170304,https://leetcode.com/problems/alien-dictionary,"Array, String, Depth-First Search, Breadth-First Search, Graph Theory, Topological Sort, Directed Acyclic Graph"
MEDIUM,Diagonal Traverse,38.3,0.00673692567139079,https://leetcode.com/problems/diagonal-traverse,"Array, Matrix, Simulation"
HARD,Design In-Memory File System,38.3,0.004831380475423341,https://leetcode.com/problems/design-in-memory-file-system,"Hash Table, String, Design, Trie, Sorting"
EASY,Maximum Average Subarray I,38.3,0.004890206572118782,https://leetcode.com/problems/maximum-average-subarray-i,"Array, Sliding Window"
MEDIUM,Subarray Product Less Than K,38.3,0.0054858355024627456,https://leetcode.com/problems/subarray-product-less-than-k,"Array, Binary Search, Sliding Window, Prefix Sum"
EASY,Min Cost Climbing Stairs,38.3,0.006863476642626538,https://leetcode.com/problems/min-cost-climbing-stairs,"Array, Dynamic Programming"
MEDIUM,Minimum Add to Make Parentheses Valid,38.3,0.007427578839736833,https://leetcode.com/problems/minimum-add-to-make-parentheses-valid,"String, Stack, Greedy, Bracket Sequences"
MEDIUM,Shortest Path in Binary Matrix,38.3,0.005205282983092235,https://leetcode.com/problems/shortest-path-in-binary-matrix,"Array, Breadth-First Search, Matrix"
EASY,Running Sum of 1d Array,38.3,0.008707053629743729,https://leetcode.com/problems/running-sum-of-1d-array,"Array, Prefix Sum"
MEDIUM,Find Triangular Sum of an Array,38.3,0.008196224330539131,https://leetcode.com/problems/find-triangular-sum-of-an-array,"Array, Math, Simulation, Combinatorics, Number Theory"
MEDIUM,Minimum Number of Primes to Sum to Target,38.3,0.005991211762717593,https://leetcode.com/problems/minimum-number-of-primes-to-sum-to-target,"Array, Math, Dynamic Programming, Number Theory"
HARD,Text Justification,37.4,0.005189716128123602,https://leetcode.com/problems/text-justification,"Array, String, Simulation"
EASY,Implement Stack using Queues,37.4,0.007054244000603032,https://leetcode.com/problems/implement-stack-using-queues,"Stack, Design, Queue"
EASY,Assign Cookies,37.4,0.005541664234589968,https://leetcode.com/problems/assign-cookies,"Array, Two Pointers, Greedy, Sorting, Quicksort"
MEDIUM,Coin Change II,37.4,0.005930312380477852,https://leetcode.com/problems/coin-change-ii,"Array, Dynamic Programming, Knapsack Problem, Complete Knapsack"
MEDIUM,Top K Frequent Words,37.4,0.006050097703056446,https://leetcode.com/problems/top-k-frequent-words,"Array, Hash Table, String, Trie, Sorting, Heap (Priority Queue), Bucket Sort, Counting"
MEDIUM,Partition Labels,37.4,0.008200878669466038,https://leetcode.com/problems/partition-labels,"Hash Table, Two Pointers, String, Greedy"
MEDIUM,Boats to Save People,37.4,0.006229769345086623,https://leetcode.com/problems/boats-to-save-people,"Array, Two Pointers, Greedy, Sorting, Timsort"
EASY,Replace Employee ID With The Unique Identifier,37.4,0.008375548699192747,https://leetcode.com/problems/replace-employee-id-with-the-unique-identifier,Database
EASY,Kth Missing Positive Number,37.4,0.006382756890104686,https://leetcode.com/problems/kth-missing-positive-number,"Array, Binary Search"
EASY,Design Parking System,37.4,0.008718905909839736,https://leetcode.com/problems/design-parking-system,"Design, Simulation, Counting"
MEDIUM,Number of Connected Components in an Undirected Graph,37.4,0.006510101725318038,https://leetcode.com/problems/number-of-connected-components-in-an-undirected-graph,"Depth-First Search, Breadth-First Search, Union-Find, Graph Theory"
MEDIUM,Recover Binary Search Tree,36.5,0.0060669682919533355,https://leetcode.com/problems/recover-binary-search-tree,"Tree, Depth-First Search, Binary Search Tree, Binary Tree"
MEDIUM,Flatten Binary Tree to Linked List,36.5,0.007132410367699786,https://leetcode.com/problems/flatten-binary-tree-to-linked-list,"Linked List, Stack, Tree, Depth-First Search, Binary Tree"
HARD,Distinct Subsequences,36.5,0.005239474760147188,https://leetcode.com/problems/distinct-subsequences,"String, Dynamic Programming"
MEDIUM,Design Add and Search Words Data Structure,36.5,0.004888489892504639,https://leetcode.com/problems/design-add-and-search-words-data-structure,"String, Depth-First Search, Design, Trie"
MEDIUM,Increasing Triplet Subsequence,36.5,0.003958479385301522,https://leetcode.com/problems/increasing-triplet-subsequence,"Array, Greedy, Longest Increasing Subsequence"
EASY,Reverse Vowels of a String,36.5,0.006208593351279957,https://leetcode.com/problems/reverse-vowels-of-a-string,"Two Pointers, String"
EASY,Ransom Note,36.5,0.00663136966235492,https://leetcode.com/problems/ransom-note,"Hash Table, String, Counting"
MEDIUM,Sort Characters By Frequency,36.5,0.007570984853505718,https://leetcode.com/problems/sort-characters-by-frequency,"Hash Table, String, Sorting, Heap (Priority Queue), Bucket Sort, Counting"
EASY,Can Place Flowers,36.5,0.0029280014546573512,https://leetcode.com/problems/can-place-flowers,"Array, Greedy"
EASY,Kth Largest Element in a Stream,36.5,0.006147231785750912,https://leetcode.com/problems/kth-largest-element-in-a-stream,"Tree, Design, Binary Search Tree, Heap (Priority Queue), Binary Tree, Data Stream"
MEDIUM,Design Circular Queue,36.5,0.005521268075158022,https://leetcode.com/problems/design-circular-queue,"Array, Linked List, Design, Queue"
HARD,Substring with Concatenation of All Words,35.5,0.0035003040942139163,https://leetcode.com/problems/substring-with-concatenation-of-all-words,"Hash Table, String, Sliding Window"
HARD,Wildcard Matching,35.5,0.003262322499166926,https://leetcode.com/problems/wildcard-matching,"String, Dynamic Programming, Greedy, Recursion"
HARD,Permutation Sequence,35.5,0.005399979276140163,https://leetcode.com/problems/permutation-sequence,"Math, Recursion"
MEDIUM,Partition List,35.5,0.006184100170255395,https://leetcode.com/problems/partition-list,"Linked List, Two Pointers"
EASY,Binary Tree Inorder Traversal,35.5,0.00805101288059095,https://leetcode.com/problems/binary-tree-inorder-traversal,"Stack, Tree, Depth-First Search, Binary Tree"
MEDIUM,Single Number II,35.5,0.006767171447899468,https://leetcode.com/problems/single-number-ii,"Array, Bit Manipulation"
HARD,Department Top Three Salaries,35.5,0.006139792504431588,https://leetcode.com/problems/department-top-three-salaries,Database
EASY,Range Sum Query - Immutable,35.5,0.007316352456266755,https://leetcode.com/problems/range-sum-query-immutable,"Array, Design, Prefix Sum"
HARD,Reconstruct Itinerary,35.5,0.0044899327805000624,https://leetcode.com/problems/reconstruct-itinerary,"Array, String, Depth-First Search, Graph Theory, Sorting, Heap (Priority Queue), Eulerian Circuit, Eulerian Path, Semi-Eulerian Graph"
MEDIUM,Design Twitter,35.5,0.004537887996024738,https://leetcode.com/problems/design-twitter,"Hash Table, Linked List, Design, Heap (Priority Queue)"
MEDIUM,Sum of Two Integers,35.5,0.005587646025103971,https://leetcode.com/problems/sum-of-two-integers,"Math, Bit Manipulation"
EASY,Employee Bonus,35.5,0.007791239087551415,https://leetcode.com/problems/employee-bonus,Database
MEDIUM,Valid Parenthesis String,35.5,0.0040403895485300115,https://leetcode.com/problems/valid-parenthesis-string,"String, Dynamic Programming, Stack, Greedy, Bracket Sequences"
MEDIUM,Find Eventual Safe States,35.5,0.0071422009741227786,https://leetcode.com/problems/find-eventual-safe-states,"Depth-First Search, Breadth-First Search, Graph Theory, Topological Sort, Kosaraju's Algorithm, Tarjan's SCC Algorithm"
HARD,Bus Routes,35.5,0.004749544257014072,https://leetcode.com/problems/bus-routes,"Array, Hash Table, Breadth-First Search"
MEDIUM,Minimum Falling Path Sum,35.5,0.006084632572239227,https://leetcode.com/problems/minimum-falling-path-sum,"Array, Dynamic Programming, Matrix"
MEDIUM,Reorder Data in Log Files,35.5,0.005678020526119876,https://leetcode.com/problems/reorder-data-in-log-files,"Array, String, Sorting"
EASY,Remove All Adjacent Duplicates In String,35.5,0.007386759224726374,https://leetcode.com/problems/remove-all-adjacent-duplicates-in-string,"String, Stack"
MEDIUM,Immediate Food Delivery II,35.5,0.0056736110399247365,https://leetcode.com/problems/immediate-food-delivery-ii,Database
EASY,Average Selling Price,35.5,0.0037748120564436425,https://leetcode.com/problems/average-selling-price,Database
MEDIUM,Maximum Number of Events That Can Be Attended,35.5,0.0039056185395131703,https://leetcode.com/problems/maximum-number-of-events-that-can-be-attended,"Array, Greedy, Sorting, Heap (Priority Queue)"
MEDIUM,Longest Continuous Subarray With Absolute Diff Less Than or Equal to Limit,35.5,0.005791927273496946,https://leetcode.com/problems/longest-continuous-subarray-with-absolute-diff-less-than-or-equal-to-limit,"Array, Queue, Sliding Window, Heap (Priority Queue), Ordered Set, Monotonic Queue"
MEDIUM,Amount of Time for Binary Tree to Be Infected,35.5,0.0065872463681562335,https://leetcode.com/problems/amount-of-time-for-binary-tree-to-be-infected,"Hash Table, Tree, Depth-First Search, Breadth-First Search, Binary Tree"
MEDIUM,Count Square Submatrices with All Ones,35.5,0.008080433496127408,https://leetcode.com/problems/count-square-submatrices-with-all-ones,"Array, Dynamic Programming, Matrix"
HARD,Maximum Number of Groups With Increasing Length,35.5,0.0023368828334270316,https://leetcode.com/problems/maximum-number-of-groups-with-increasing-length,"Array, Math, Binary Search, Greedy, Sorting"
HARD,Put Marbles in Bags,35.5,0.00720510524582102,https://leetcode.com/problems/put-marbles-in-bags,"Array, Greedy, Sorting, Heap (Priority Queue)"
MEDIUM,Insert Interval,34.5,0.00458118037265792,https://leetcode.com/problems/insert-interval,Array
MEDIUM,Compare Version Numbers,34.5,0.004685992303584148,https://leetcode.com/problems/compare-version-numbers,"Two Pointers, String"
EASY,First Bad Version,34.5,0.004751333698003643,https://leetcode.com/problems/first-bad-version,"Binary Search, Interactive"
MEDIUM,Kth Smallest Element in a Sorted Matrix,34.5,0.006496119115594,https://leetcode.com/problems/kth-smallest-element-in-a-sorted-matrix,"Array, Binary Search, Sorting, Heap (Priority Queue), Matrix"
EASY,Find All Numbers Disappeared in an Array,34.5,0.006453643318253996,https://leetcode.com/problems/find-all-numbers-disappeared-in-an-array,"Array, Hash Table"
MEDIUM,Predict the Winner,34.5,0.0059879680486440755,https://leetcode.com/problems/predict-the-winner,"Array, Math, Dynamic Programming, Recursion, Minimax, Game Theory, Zero-Sum Game"
MEDIUM,Next Greater Element III,34.5,0.0035555373753405383,https://leetcode.com/problems/next-greater-element-iii,"Math, Two Pointers, String"
EASY,Set Mismatch,34.5,0.0043371175637204815,https://leetcode.com/problems/set-mismatch,"Array, Hash Table, Bit Manipulation, Sorting"
EASY,Two Sum IV - Input is a BST,34.5,0.0063614474159027915,https://leetcode.com/problems/two-sum-iv-input-is-a-bst,"Hash Table, Two Pointers, Tree, Depth-First Search, Breadth-First Search, Binary Search Tree, Binary Tree"
EASY,Count Binary Substrings,34.5,0.0070534051072942494,https://leetcode.com/problems/count-binary-substrings,"Two Pointers, String"
EASY,Find Pivot Index,34.5,0.0063598101123025115,https://leetcode.com/problems/find-pivot-index,"Array, Prefix Sum"
MEDIUM,Binary Subarrays With Sum,34.5,0.006966155872141746,https://leetcode.com/problems/binary-subarrays-with-sum,"Array, Hash Table, Sliding Window, Prefix Sum"
HARD,Binary Tree Cameras,34.5,0.0048078175577937745,https://leetcode.com/problems/binary-tree-cameras,"Dynamic Programming, Tree, Depth-First Search, Binary Tree, DP on Trees"
MEDIUM,Longest Common Subsequence,34.5,0.005947635583980062,https://leetcode.com/problems/longest-common-subsequence,"String, Dynamic Programming, Longest Common Subsequence"
MEDIUM,Remove All Adjacent Duplicates in String II,34.5,0.006175687044307348,https://leetcode.com/problems/remove-all-adjacent-duplicates-in-string-ii,"String, Stack"
MEDIUM,Maximum Number of Vowels in a Substring of Given Length,34.5,0.006268474935230666,https://leetcode.com/problems/maximum-number-of-vowels-in-a-substring-of-given-length,"String, Sliding Window"
MEDIUM,Confirmation Rate,34.5,0.006254227869549999,https://leetcode.com/problems/confirmation-rate,Database
MEDIUM,Sum of Subarray Ranges,34.5,0.00617920386805233,https://leetcode.com/problems/sum-of-subarray-ranges,"Array, Stack, Monotonic Stack"
EASY,Create a DataFrame from List,34.5,0.008087130407340876,https://leetcode.com/problems/create-a-dataframe-from-list,
EASY,Find Missing and Repeated Values,34.5,0.008297238414358636,https://leetcode.com/problems/find-missing-and-repeated-values,"Array, Hash Table, Math, Matrix"
MEDIUM,Permutations II,33.4,0.006400878893090229,https://leetcode.com/problems/permutations-ii,"Array, Backtracking, Sorting"
MEDIUM,Unique Binary Search Trees,33.4,0.00640836304368523,https://leetcode.com/problems/unique-binary-search-trees,"Math, Dynamic Programming, Tree, Binary Search Tree, Binary Tree"
MEDIUM,Binary Search Tree Iterator,33.4,0.007688349524384364,https://leetcode.com/problems/binary-search-tree-iterator,"Stack, Tree, Design, Binary Search Tree, Binary Tree, Iterator"
MEDIUM,Rank Scores,33.4,0.006853938289403295,https://leetcode.com/problems/rank-scores,Database
EASY,Remove Linked List Elements,33.4,0.005521327822047982,https://leetcode.com/problems/remove-linked-list-elements,"Linked List, Recursion"
MEDIUM,Different Ways to Add Parentheses,33.4,0.0073530464194778,https://leetcode.com/problems/different-ways-to-add-parentheses,"Math, String, Dynamic Programming, Recursion, Memoization, Bracket Sequences"
MEDIUM,Is Graph Bipartite?,33.4,0.005977138680759284,https://leetcode.com/problems/is-graph-bipartite,"Depth-First Search, Breadth-First Search, Union-Find, Graph Theory, Graph Coloring, Bipartite Graph"
MEDIUM,Construct Binary Search Tree from Preorder Traversal,33.4,0.008454696643590052,https://leetcode.com/problems/construct-binary-search-tree-from-preorder-traversal,"Array, Stack, Tree, Binary Search Tree, Monotonic Stack, Binary Tree"
HARD,Critical Connections in a Network,33.4,0.006037170676740863,https://leetcode.com/problems/critical-connections-in-a-network,"Depth-First Search, Graph Theory, Biconnected Component, Bridge (Graph)"
MEDIUM,Find the Smallest Divisor Given a Threshold,33.4,0.006660660895904325,https://leetcode.com/problems/find-the-smallest-divisor-given-a-threshold,"Array, Binary Search"
EASY,Customer Who Visited but Did Not Make Any Transactions,33.4,0.006830147767907949,https://leetcode.com/problems/customer-who-visited-but-did-not-make-any-transactions,Database
MEDIUM,Flip String to Monotone Increasing,33.4,0.00619362235315883,https://leetcode.com/problems/flip-string-to-monotone-increasing,"String, Dynamic Programming"
MEDIUM,Combination Sum II,32.2,0.005997280460507808,https://leetcode.com/problems/combination-sum-ii,"Array, Backtracking"
MEDIUM,Spiral Matrix II,32.2,0.007566243329510636,https://leetcode.com/problems/spiral-matrix-ii,"Array, Matrix, Simulation"
EASY,Path Sum,32.2,0.005551566641534456,https://leetcode.com/problems/path-sum,"Tree, Depth-First Search, Breadth-First Search, Binary Tree"
EASY,Excel Sheet Column Title,32.2,0.004729587436752565,https://leetcode.com/problems/excel-sheet-column-title,"Math, String"
EASY,Add Digits,32.2,0.006923277072135301,https://leetcode.com/problems/add-digits,"Math, Simulation, Number Theory"
MEDIUM,H-Index,32.2,0.004178343715562805,https://leetcode.com/problems/h-index,"Array, Sorting, Counting Sort"
HARD,Burst Balloons,32.2,0.006419184417830754,https://leetcode.com/problems/burst-balloons,"Array, Dynamic Programming"
EASY,Find the Difference,32.2,0.006061535181771441,https://leetcode.com/problems/find-the-difference,"Hash Table, String, Bit Manipulation, Sorting"
HARD,Frog Jump,32.2,0.004754496025646009,https://leetcode.com/problems/frog-jump,"Array, Dynamic Programming"
MEDIUM,Find All Duplicates in an Array,32.2,0.007710546113806329,https://leetcode.com/problems/find-all-duplicates-in-an-array,"Array, Hash Table, Sorting"
MEDIUM,Longest Palindromic Subsequence,32.2,0.006580377433059974,https://leetcode.com/problems/longest-palindromic-subsequence,"String, Dynamic Programming"
MEDIUM,Flatten a Multilevel Doubly Linked List,32.2,0.006329529186937766,https://leetcode.com/problems/flatten-a-multilevel-doubly-linked-list,"Linked List, Depth-First Search, Doubly-Linked List"
MEDIUM,Domino and Tromino Tiling,32.2,0.005126151558083638,https://leetcode.com/problems/domino-and-tromino-tiling,Dynamic Programming
MEDIUM,Keys and Rooms,32.2,0.0076144084893690015,https://leetcode.com/problems/keys-and-rooms,"Depth-First Search, Breadth-First Search, Graph Theory"
HARD,Minimum Number of Refueling Stops,32.2,0.0041773213213213214,https://leetcode.com/problems/minimum-number-of-refueling-stops,"Array, Dynamic Programming, Greedy, Heap (Priority Queue)"
EASY,Maximum Units on a Truck,32.2,0.00751636507921861,https://leetcode.com/problems/maximum-units-on-a-truck,"Array, Greedy, Sorting"
HARD,Length of Longest V-Shaped Diagonal Segment,32.2,0.005592556979521927,https://leetcode.com/problems/length-of-longest-v-shaped-diagonal-segment,"Array, Dynamic Programming, Memoization, Matrix"
MEDIUM,Minimum Operations to Make the Array Alternating,32.2,0.003587226126498553,https://leetcode.com/problems/minimum-operations-to-make-the-array-alternating,"Array, Hash Table, Greedy, Counting"
EASY,Divide an Array Into Subarrays With Minimum Cost I,32.2,0.008061686807865594,https://leetcode.com/problems/divide-an-array-into-subarrays-with-minimum-cost-i,"Array, Sorting, Enumeration"
MEDIUM,Combinations,30.9,0.00750210196887536,https://leetcode.com/problems/combinations,Backtracking
HARD,Best Time to Buy and Sell Stock III,30.9,0.005451157668612667,https://leetcode.com/problems/best-time-to-buy-and-sell-stock-iii,"Array, Dynamic Programming"
MEDIUM,Nth Highest Salary,30.9,0.003990527543627035,https://leetcode.com/problems/nth-highest-salary,Database
MEDIUM,Consecutive Numbers,30.9,0.004908294908655094,https://leetcode.com/problems/consecutive-numbers,Database
EASY,Customers Who Never Order,30.9,0.0072226942175629295,https://leetcode.com/problems/customers-who-never-order,Database
EASY,Add Strings,30.9,0.005221925350779546,https://leetcode.com/problems/add-strings,"Math, String, Simulation"
HARD,All O`one Data Structure,30.9,0.004446796196430027,https://leetcode.com/problems/all-oone-data-structure,"Hash Table, Linked List, Design, Doubly-Linked List"
MEDIUM,Path Sum III,30.9,0.004658895141515222,https://leetcode.com/problems/path-sum-iii,"Tree, Depth-First Search, Binary Tree"
HARD,Shortest Common Supersequence ,30.9,0.006226590881053781,https://leetcode.com/problems/shortest-common-supersequence,"String, Dynamic Programming, Longest Common Subsequence"
HARD,Minimum Cost to Cut a Stick,30.9,0.0063399569548025425,https://leetcode.com/problems/minimum-cost-to-cut-a-stick,"Array, Dynamic Programming, Sorting"
MEDIUM,Magnetic Force Between Two Balls,30.9,0.007254963532625118,https://leetcode.com/problems/magnetic-force-between-two-balls,"Array, Binary Search, Sorting"
MEDIUM,Maximum Erasure Value,30.9,0.006439771790196379,https://leetcode.com/problems/maximum-erasure-value,"Array, Hash Table, Sliding Window"
MEDIUM,Sum of Beauty of All Substrings,30.9,0.007467177223982831,https://leetcode.com/problems/sum-of-beauty-of-all-substrings,"Hash Table, String, Counting"
HARD,Partition Array Into Two Arrays to Minimize Sum Difference,30.9,0.0024377423122953113,https://leetcode.com/problems/partition-array-into-two-arrays-to-minimize-sum-difference,"Array, Two Pointers, Binary Search, Dynamic Programming, Bit Manipulation, Meet in the Middle, Sorting, Ordered Set, Bitmask"
HARD,Meeting Rooms III,30.9,0.005139481126853179,https://leetcode.com/problems/meeting-rooms-iii,"Array, Hash Table, Sorting, Heap (Priority Queue), Simulation"
MEDIUM,Maximum Sum of Distinct Subarrays With Length K,30.9,0.004343542054025735,https://leetcode.com/problems/maximum-sum-of-distinct-subarrays-with-length-k,"Array, Hash Table, Sliding Window"
MEDIUM,Count Covered Buildings,30.9,0.00586938956223366,https://leetcode.com/problems/count-covered-buildings,"Array, Hash Table, Sorting"
MEDIUM,Lexicographically Smallest Negated Permutation that Sums to Target,30.9,0.003153374504725856,https://leetcode.com/problems/lexicographically-smallest-negated-permutation-that-sums-to-target,"Array, Math, Two Pointers, Greedy, Sorting"
HARD,N-Queens II,29.6,0.007919361274486189,https://leetcode.com/problems/n-queens-ii,"Backtracking, Algorithm X"
MEDIUM,Interleaving String,29.6,0.004457092084006462,https://leetcode.com/problems/interleaving-string,"String, Dynamic Programming"
HARD,Dungeon Game,29.6,0.004200802820563928,https://leetcode.com/problems/dungeon-game,"Array, Dynamic Programming, Matrix"
EASY,Number of 1 Bits,29.6,0.007736137503691482,https://leetcode.com/problems/number-of-1-bits,"Divide and Conquer, Bit Manipulation"
HARD,Shortest Palindrome,29.6,0.004295033243701194,https://leetcode.com/problems/shortest-palindrome,"String, Rolling Hash, String Matching, Hash Function, Manacher, Z Algorithm, Knuth–Morris–Pratt Algorithm"
MEDIUM,Combination Sum III,29.6,0.007363375145051666,https://leetcode.com/problems/combination-sum-iii,"Array, Backtracking"
MEDIUM,Binary Tree Vertical Order Traversal,29.6,0.005788598039366801,https://leetcode.com/problems/binary-tree-vertical-order-traversal,"Hash Table, Tree, Depth-First Search, Breadth-First Search, Sorting, Binary Tree"
EASY,Arranging Coins,29.6,0.004850347033715338,https://leetcode.com/problems/arranging-coins,"Math, Binary Search"
MEDIUM,Heaters,29.6,0.00424518430888293,https://leetcode.com/problems/heaters,"Array, Two Pointers, Binary Search, Sorting"
MEDIUM,Continuous Subarray Sum,29.6,0.0031594474273095295,https://leetcode.com/problems/continuous-subarray-sum,"Array, Hash Table, Math, Prefix Sum, Pigeonhole Principle"
EASY,Array Partition,29.6,0.008207972778807018,https://leetcode.com/problems/array-partition,"Array, Greedy, Sorting, Counting Sort"
MEDIUM,Number of Distinct Islands,29.6,0.006293662276449443,https://leetcode.com/problems/number-of-distinct-islands,"Array, Hash Table, Depth-First Search, Breadth-First Search, Union-Find, Sorting, Matrix, Hash Function"
HARD,Swim in Rising Water,29.6,0.006817592928724393,https://leetcode.com/problems/swim-in-rising-water,"Array, Binary Search, Depth-First Search, Breadth-First Search, Union-Find, Minimax, Heap (Priority Queue), Matrix, Dijkstra's Algorithm"
EASY,Backspace String Compare,29.6,0.0050172765485532005,https://leetcode.com/problems/backspace-string-compare,"Two Pointers, String, Stack, Simulation"
EASY,Lemonade Change,29.6,0.005939475949624715,https://leetcode.com/problems/lemonade-change,"Array, Greedy"
HARD,Shortest Subarray with Sum at Least K,29.6,0.0033015215374657346,https://leetcode.com/problems/shortest-subarray-with-sum-at-least-k,"Array, Binary Search, Queue, Sliding Window, Heap (Priority Queue), Prefix Sum, Monotonic Queue"
EASY,Last Stone Weight,29.6,0.006673449233659321,https://leetcode.com/problems/last-stone-weight,"Array, Heap (Priority Queue)"
MEDIUM,Product Sales Analysis III,29.6,0.004641051158655829,https://leetcode.com/problems/product-sales-analysis-iii,Database
EASY,Students and Examinations,29.6,0.006177104311564636,https://leetcode.com/problems/students-and-examinations,Database
EASY,How Many Numbers Are Smaller Than the Current Number,29.6,0.008748079682084228,https://leetcode.com/problems/how-many-numbers-are-smaller-than-the-current-number,"Array, Hash Table, Sorting, Counting Sort"
MEDIUM,Find All Possible Recipes from Given Supplies,29.6,0.005707424073577746,https://leetcode.com/problems/find-all-possible-recipes-from-given-supplies,"Array, Hash Table, String, Graph Theory, Topological Sort, Directed Acyclic Graph"
MEDIUM,Count Zero Request Servers,29.6,0.003642152010487172,https://leetcode.com/problems/count-zero-request-servers,"Array, Hash Table, Sliding Window, Sorting"
HARD,Find the Number of Possible Ways for an Event,29.6,0.0034412255235036133,https://leetcode.com/problems/find-the-number-of-possible-ways-for-an-event,"Math, Dynamic Programming, Combinatorics"
MEDIUM,Minimum Array Sum,29.6,0.0032031973225094355,https://leetcode.com/problems/minimum-array-sum,"Array, Dynamic Programming"
EASY,Minimum Number of Operations to Make Elements in Array Distinct,29.6,0.007126182073165534,https://leetcode.com/problems/minimum-number-of-operations-to-make-elements-in-array-distinct,"Array, Hash Table"
EASY,Substring Matching Pattern,29.6,0.0029245283018867925,https://leetcode.com/problems/substring-matching-pattern,"String, String Matching"
EASY,Check If Digits Are Equal in String After Operations I,29.6,0.008227623274298938,https://leetcode.com/problems/check-if-digits-are-equal-in-string-after-operations-i,"Math, String, Simulation, Combinatorics, Number Theory"
MEDIUM,Maximum Sum With at Most K Elements,29.6,0.006051799274168866,https://leetcode.com/problems/maximum-sum-with-at-most-k-elements,"Array, Greedy, Sorting, Heap (Priority Queue), Matrix"
MEDIUM,Maximum K to Sort a Permutation,29.6,0.0037622540846948983,https://leetcode.com/problems/maximum-k-to-sort-a-permutation,"Array, Bit Manipulation"
HARD,Valid Number,28.1,0.0023439610997660733,https://leetcode.com/problems/valid-number,String
MEDIUM,Restore IP Addresses,28.1,0.005679354373480606,https://leetcode.com/problems/restore-ip-addresses,"String, Backtracking"
MEDIUM,Sum Root to Leaf Numbers,28.1,0.007027291021417633,https://leetcode.com/problems/sum-root-to-leaf-numbers,"Tree, Depth-First Search, Binary Tree"
EASY,Duplicate Emails,28.1,0.007419572104275729,https://leetcode.com/problems/duplicate-emails,Database
MEDIUM,Department Highest Salary,28.1,0.005908742405091716,https://leetcode.com/problems/department-highest-salary,Database
MEDIUM,Repeated DNA Sequences,28.1,0.005382323263105856,https://leetcode.com/problems/repeated-dna-sequences,"Hash Table, String, Bit Manipulation, Sliding Window, Rolling Hash, Hash Function, Z Algorithm, Boyer–Moore String-Search Algorithm"
EASY,Reverse Bits,28.1,0.0069125866418237635,https://leetcode.com/problems/reverse-bits,"Divide and Conquer, Bit Manipulation"
MEDIUM,Find the Celebrity,28.1,0.0049066489437002755,https://leetcode.com/problems/find-the-celebrity,"Two Pointers, Graph Theory, Interactive"
MEDIUM,Design Hit Counter,28.1,0.006974254642154143,https://leetcode.com/problems/design-hit-counter,"Array, Binary Search, Design, Queue, Data Stream"
MEDIUM,Longest Substring with At Least K Repeating Characters,28.1,0.004656544866244088,https://leetcode.com/problems/longest-substring-with-at-least-k-repeating-characters,"Hash Table, String, Divide and Conquer, Sliding Window"
MEDIUM,Battleships in a Board,28.1,0.007772987404343057,https://leetcode.com/problems/battleships-in-a-board,"Array, Depth-First Search, Matrix"
EASY,Repeated Substring Pattern,28.1,0.004865461652823996,https://leetcode.com/problems/repeated-substring-pattern,"String, String Matching, Z Algorithm, Knuth–Morris–Pratt Algorithm"
MEDIUM,Exchange Seats,28.1,0.007465713593409256,https://leetcode.com/problems/exchange-seats,Database
MEDIUM,Redundant Connection,28.1,0.006808059458395054,https://leetcode.com/problems/redundant-connection,"Depth-First Search, Breadth-First Search, Union-Find, Graph Theory"
HARD,Serialize and Deserialize N-ary Tree,28.1,0.0068937815924279945,https://leetcode.com/problems/serialize-and-deserialize-n-ary-tree,"String, Tree, Depth-First Search, Breadth-First Search"
MEDIUM,Car Fleet,28.1,0.005556785683288915,https://leetcode.com/problems/car-fleet,"Array, Stack, Sorting, Monotonic Stack"
MEDIUM,Subarray Sums Divisible by K,28.1,0.005664232594353679,https://leetcode.com/problems/subarray-sums-divisible-by-k,"Array, Hash Table, Prefix Sum"
MEDIUM,Interval List Intersections,28.1,0.007314311931155916,https://leetcode.com/problems/interval-list-intersections,"Array, Two Pointers, Sweep Line"
MEDIUM,Design File System,28.1,0.006517900483302497,https://leetcode.com/problems/design-file-system,"Hash Table, String, Design, Trie"
EASY,Shuffle the Array,28.1,0.008869491805820461,https://leetcode.com/problems/shuffle-the-array,Array
MEDIUM,Design Browser History,28.1,0.007844280460564745,https://leetcode.com/problems/design-browser-history,"Array, Linked List, Stack, Design, Doubly-Linked List, Data Stream"
MEDIUM,Check If Array Pairs Are Divisible by k,28.1,0.004620906226230577,https://leetcode.com/problems/check-if-array-pairs-are-divisible-by-k,"Array, Hash Table, Counting"
EASY,Find the Highest Altitude,28.1,0.008464350466260304,https://leetcode.com/problems/find-the-highest-altitude,"Array, Prefix Sum"
MEDIUM,Path Sum II,28.1,0.00627416206467224,https://leetcode.com/problems/path-sum-ii,"Backtracking, Tree, Depth-First Search, Binary Tree"
HARD,Design an Array Statistics Tracker ,28.1,0.0035832363213038417,https://leetcode.com/problems/design-an-array-statistics-tracker,"Hash Table, Binary Search, Design, Queue, Heap (Priority Queue), Data Stream, Ordered Set"
HARD,Minimum Number of Moves to Make Palindrome,28.1,0.005303188521893373,https://leetcode.com/problems/minimum-number-of-moves-to-make-palindrome,"Two Pointers, String, Greedy, Binary Indexed Tree"
HARD,Count Subarrays With Median K,28.1,0.004931693379168713,https://leetcode.com/problems/count-subarrays-with-median-k,"Array, Hash Table, Prefix Sum"
MEDIUM,Process String with Special Operations I,28.1,0.007146267256050557,https://leetcode.com/problems/process-string-with-special-operations-i,"String, Simulation"
MEDIUM,Sell Diminishing-Valued Colored Balls,28.1,0.0030386472505533335,https://leetcode.com/problems/sell-diminishing-valued-colored-balls,"Array, Math, Binary Search, Greedy, Sorting, Heap (Priority Queue)"
MEDIUM,Multiply Strings,26.5,0.004462400499590362,https://leetcode.com/problems/multiply-strings,"Math, String, Simulation"
MEDIUM,Unique Binary Search Trees II,26.5,0.006312619157445577,https://leetcode.com/problems/unique-binary-search-trees-ii,"Dynamic Programming, Backtracking, Tree, Binary Search Tree, Binary Tree"
HARD,Palindrome Partitioning II,26.5,0.0037742109730689094,https://leetcode.com/problems/palindrome-partitioning-ii,"String, Dynamic Programming"
EASY,Delete Duplicate Emails,26.5,0.006657867568732159,https://leetcode.com/problems/delete-duplicate-emails,Database
HARD,The Skyline Problem,26.5,0.004577272315451443,https://leetcode.com/problems/the-skyline-problem,"Array, Divide and Conquer, Binary Indexed Tree, Segment Tree, Sweep Line, Sorting, Heap (Priority Queue), Ordered Set"
EASY,Summary Ranges,26.5,0.0054618862212235855,https://leetcode.com/problems/summary-ranges,Array
EASY,Ugly Number,26.5,0.0044057489222609466,https://leetcode.com/problems/ugly-number,Math
EASY,Power of Three,26.5,0.005147285746239287,https://leetcode.com/problems/power-of-three,"Math, Recursion"
HARD,Longest Increasing Path in a Matrix,26.5,0.005695035901541661,https://leetcode.com/problems/longest-increasing-path-in-a-matrix,"Array, Dynamic Programming, Depth-First Search, Breadth-First Search, Graph Theory, Topological Sort, Memoization, Matrix, Directed Acyclic Graph"
MEDIUM,Nested List Weight Sum,26.5,0.008598186107728856,https://leetcode.com/problems/nested-list-weight-sum,"Depth-First Search, Breadth-First Search"
MEDIUM,Flatten Nested List Iterator,26.5,0.006582841518480364,https://leetcode.com/problems/flatten-nested-list-iterator,"Stack, Tree, Depth-First Search, Design, Queue, Iterator"
EASY,Logger Rate Limiter,26.5,0.007688304081253721,https://leetcode.com/problems/logger-rate-limiter,"Hash Table, Design, Data Stream"
HARD,Insert Delete GetRandom O(1) - Duplicates allowed,26.5,0.0036895060732996072,https://leetcode.com/problems/insert-delete-getrandom-o1-duplicates-allowed,"Array, Hash Table, Math, Design, Randomized"
MEDIUM,Lexicographical Numbers,26.5,0.007635216759839367,https://leetcode.com/problems/lexicographical-numbers,"Depth-First Search, Trie"
EASY,Longest Palindrome,26.5,0.005617384435288558,https://leetcode.com/problems/longest-palindrome,"Hash Table, String, Greedy"
EASY,Subtree of Another Tree,26.5,0.005204651334762996,https://leetcode.com/problems/subtree-of-another-tree,"Tree, Depth-First Search, String Matching, Binary Tree, Hash Function"
HARD,Design Search Autocomplete System,26.5,0.005005719822101859,https://leetcode.com/problems/design-search-autocomplete-system,"String, Depth-First Search, Design, Trie, Sorting, Heap (Priority Queue), Data Stream"
MEDIUM,Partition to K Equal Sum Subsets,26.5,0.003882578930079468,https://leetcode.com/problems/partition-to-k-equal-sum-subsets,"Array, Dynamic Programming, Backtracking, Bit Manipulation, Memoization, Bitmask"
HARD,Max Stack,26.5,0.004599696864736329,https://leetcode.com/problems/max-stack,"Linked List, Stack, Design, Doubly-Linked List, Ordered Set"
MEDIUM,My Calendar I,26.5,0.005837587846089441,https://leetcode.com/problems/my-calendar-i,"Array, Binary Search, Design, Segment Tree, Ordered Set"
MEDIUM,Delete and Earn,26.5,0.005747823715420847,https://leetcode.com/problems/delete-and-earn,"Array, Hash Table, Dynamic Programming"
MEDIUM,Maximum Sum Circular Subarray,26.5,0.005115591695803902,https://leetcode.com/problems/maximum-sum-circular-subarray,"Array, Divide and Conquer, Dynamic Programming, Queue, Monotonic Queue"
EASY,Number of Recent Calls,26.5,0.00788923570978704,https://leetcode.com/problems/number-of-recent-calls,"Design, Queue, Data Stream"
MEDIUM,Shortest Bridge,26.5,0.005970932140848663,https://leetcode.com/problems/shortest-bridge,"Array, Depth-First Search, Breadth-First Search, Matrix"
MEDIUM,Product Price at a Given Date,26.5,0.005835949501329528,https://leetcode.com/problems/product-price-at-a-given-date,Database
MEDIUM,Maximum Subarray Sum with One Deletion,26.5,0.004915433856430239,https://leetcode.com/problems/maximum-subarray-sum-with-one-deletion,"Array, Dynamic Programming"
HARD,Shortest Path in a Grid with Obstacles Elimination,26.5,0.004663132370877532,https://leetcode.com/problems/shortest-path-in-a-grid-with-obstacles-elimination,"Array, Breadth-First Search, Matrix"
MEDIUM,Number of Substrings Containing All Three Characters,26.5,0.007439999030091415,https://leetcode.com/problems/number-of-substrings-containing-all-three-characters,"Hash Table, String, Sliding Window"
HARD,Maximum Sum BST in Binary Tree,26.5,0.004863255789393784,https://leetcode.com/problems/maximum-sum-bst-in-binary-tree,"Dynamic Programming, Tree, Depth-First Search, Binary Search Tree, Binary Tree, DP on Trees"
HARD,Allocate Mailboxes,26.5,0.005689674442368795,https://leetcode.com/problems/allocate-mailboxes,"Array, Math, Dynamic Programming, Sorting"
MEDIUM,Reorder Routes to Make All Paths Lead to the City Zero,26.5,0.006608948146044033,https://leetcode.com/problems/reorder-routes-to-make-all-paths-lead-to-the-city-zero,"Depth-First Search, Breadth-First Search, Graph Theory"
MEDIUM,Number of Subsequences That Satisfy the Given Sum Condition,26.5,0.004901932451650683,https://leetcode.com/problems/number-of-subsequences-that-satisfy-the-given-sum-condition,"Array, Two Pointers, Binary Search, Sorting"
MEDIUM,Min Cost to Connect All Points,26.5,0.007156156703501343,https://leetcode.com/problems/min-cost-to-connect-all-points,"Array, Union-Find, Graph Theory, Minimum Spanning Tree, Prim's Algorithm, Kruskal's Algorithm, Borůvka's Algorithm"
EASY,Number of Students Unable to Eat Lunch,26.5,0.007993620548969606,https://leetcode.com/problems/number-of-students-unable-to-eat-lunch,"Array, Stack, Queue, Simulation"
EASY,Invalid Tweets,26.5,0.008521882329457558,https://leetcode.com/problems/invalid-tweets,Database
EASY,The Number of Employees Which Report to Each Employee,26.5,0.005373317626043302,https://leetcode.com/problems/the-number-of-employees-which-report-to-each-employee,Database
MEDIUM,Unique Length-3 Palindromic Subsequences,26.5,0.007376138759597406,https://leetcode.com/problems/unique-length-3-palindromic-subsequences,"Hash Table, String, Bit Manipulation, Prefix Sum"
EASY,Row With Maximum Ones,26.5,0.007454332591129664,https://leetcode.com/problems/row-with-maximum-ones,"Array, Matrix"
EASY,Base 7,26.5,0.0055090684150684455,https://leetcode.com/problems/base-7,"Math, String"
MEDIUM,Most Expensive Item That Can Not Be Bought,26.5,0.008017524644030667,https://leetcode.com/problems/most-expensive-item-that-can-not-be-bought,"Math, Dynamic Programming, Number Theory"
HARD,Find Longest Self-Contained Substring,26.5,0.005836022015562725,https://leetcode.com/problems/find-longest-self-contained-substring,"Hash Table, String, Sorting"
EASY,Moving Average from Data Stream,26.5,0.008022839149766967,https://leetcode.com/problems/moving-average-from-data-stream,"Array, Design, Queue, Data Stream"
MEDIUM,Max Chunks To Make Sorted,26.5,0.006424565694046214,https://leetcode.com/problems/max-chunks-to-make-sorted,"Array, Stack, Greedy, Sorting, Monotonic Stack"
MEDIUM,Maximum Matrix Sum,26.5,0.006750714074657736,https://leetcode.com/problems/maximum-matrix-sum,"Array, Greedy, Matrix"
MEDIUM,Two Best Non-Overlapping Events,26.5,0.006394933785791226,https://leetcode.com/problems/two-best-non-overlapping-events,"Array, Binary Search, Dynamic Programming, Sorting, Heap (Priority Queue)"
HARD,Shortest Matching Substring,26.5,0.002488669879864758,https://leetcode.com/problems/shortest-matching-substring,"Two Pointers, String, Binary Search, String Matching"
MEDIUM,Maximize Y‑Sum by Picking a Triplet of Distinct X‑Values,26.5,0.0062826652072786975,https://leetcode.com/problems/maximize-ysum-by-picking-a-triplet-of-distinct-xvalues,"Array, Hash Table, Greedy, Sorting, Heap (Priority Queue)"
MEDIUM,Construct Binary Tree from Inorder and Postorder Traversal,24.8,0.006939132191121581,https://leetcode.com/problems/construct-binary-tree-from-inorder-and-postorder-traversal,"Array, Hash Table, Divide and Conquer, Tree, Binary Tree"
HARD,Best Time to Buy and Sell Stock IV,24.8,0.005104061165324287,https://leetcode.com/problems/best-time-to-buy-and-sell-stock-iv,"Array, Dynamic Programming"
HARD,Number of Digit One,24.8,0.003957875963929568,https://leetcode.com/problems/number-of-digit-one,"Math, Dynamic Programming, Recursion"
EASY,Meeting Rooms,24.8,0.005952634827992592,https://leetcode.com/problems/meeting-rooms,"Array, Sorting, Quicksort"
HARD,Count of Smaller Numbers After Self,24.8,0.004392841773448569,https://leetcode.com/problems/count-of-smaller-numbers-after-self,"Array, Binary Search, Divide and Conquer, Binary Indexed Tree, Segment Tree, Merge Sort, Ordered Set, Treap"
MEDIUM,Bulb Switcher,24.8,0.0056328907450730005,https://leetcode.com/problems/bulb-switcher,"Math, Brainteaser"
MEDIUM,Largest Divisible Subset,24.8,0.0050003305741411685,https://leetcode.com/problems/largest-divisible-subset,"Array, Math, Dynamic Programming, Sorting"
MEDIUM,Minimum Genetic Mutation,24.8,0.0057062236185262995,https://leetcode.com/problems/minimum-genetic-mutation,"Hash Table, String, Breadth-First Search, Bidirectional Search"
MEDIUM,Minimum Number of Arrows to Burst Balloons,24.8,0.006180319349785592,https://leetcode.com/problems/minimum-number-of-arrows-to-burst-balloons,"Array, Greedy, Sorting"
MEDIUM,132 Pattern,24.8,0.0035032369478907167,https://leetcode.com/problems/132-pattern,"Array, Binary Search, Stack, Monotonic Stack, Ordered Set"
MEDIUM,Swapping Nodes in a Linked List,24.8,0.006968933197295381,https://leetcode.com/problems/swapping-nodes-in-a-linked-list,"Linked List, Two Pointers"
EASY,Longest Harmonious Subsequence,24.8,0.006499171781350277,https://leetcode.com/problems/longest-harmonious-subsequence,"Array, Hash Table, Sliding Window, Sorting, Counting"
EASY,Triangle Judgement,24.8,0.0075094311204952635,https://leetcode.com/problems/triangle-judgement,Database
MEDIUM,2 Keys Keyboard,24.8,0.0059455516223034955,https://leetcode.com/problems/2-keys-keyboard,"Math, Dynamic Programming"
MEDIUM,Network Delay Time,24.8,0.006135669934181815,https://leetcode.com/problems/network-delay-time,"Depth-First Search, Breadth-First Search, Graph Theory, Heap (Priority Queue), Shortest Path, Dijkstra's Algorithm"
MEDIUM,Insert into a Binary Search Tree,24.8,0.007361403922030505,https://leetcode.com/problems/insert-into-a-binary-search-tree,"Tree, Binary Search Tree, Binary Tree"
MEDIUM,Design Linked List,24.8,0.003067678094068455,https://leetcode.com/problems/design-linked-list,"Linked List, Design"
HARD,Maximum Frequency Stack,24.8,0.006704339785407,https://leetcode.com/problems/maximum-frequency-stack,"Hash Table, Stack, Design, Ordered Set"
MEDIUM,Most Stones Removed with Same Row or Column,24.8,0.006338928597745192,https://leetcode.com/problems/most-stones-removed-with-same-row-or-column,"Hash Table, Depth-First Search, Union-Find, Graph Theory, Bipartite Graph"
HARD,Unique Paths III,24.8,0.008294687317665,https://leetcode.com/problems/unique-paths-iii,"Array, Backtracking, Bit Manipulation, Matrix, Hamiltonian Path"
MEDIUM,Minimum Cost For Tickets,24.8,0.006747684413940163,https://leetcode.com/problems/minimum-cost-for-tickets,"Array, Dynamic Programming"
EASY,Remove Outermost Parentheses,24.8,0.008738971797352755,https://leetcode.com/problems/remove-outermost-parentheses,"String, Stack, Bracket Sequences"
MEDIUM,Path With Minimum Effort,24.8,0.006389729681131623,https://leetcode.com/problems/path-with-minimum-effort,"Array, Binary Search, Depth-First Search, Breadth-First Search, Union-Find, Heap (Priority Queue), Matrix, Dijkstra's Algorithm"
MEDIUM,Max Number of K-Sum Pairs,24.8,0.00573136469980349,https://leetcode.com/problems/max-number-of-k-sum-pairs,"Array, Hash Table, Two Pointers, Sorting"
MEDIUM,Remove All Occurrences of a Substring,24.8,0.007865664025982249,https://leetcode.com/problems/remove-all-occurrences-of-a-substring,"String, Stack, Simulation"
EASY,Find if Path Exists in Graph,24.8,0.005570799168339289,https://leetcode.com/problems/find-if-path-exists-in-graph,"Depth-First Search, Breadth-First Search, Union-Find, Graph Theory"
MEDIUM,Maximum Twin Sum of a Linked List,24.8,0.008326408606632108,https://leetcode.com/problems/maximum-twin-sum-of-a-linked-list,"Linked List, Two Pointers, Stack"
HARD,Sum of Total Strength of Wizards,24.8,0.002983201581027668,https://leetcode.com/problems/sum-of-total-strength-of-wizards,"Array, Stack, Monotonic Stack, Prefix Sum"
MEDIUM,Apply Discount to Prices,24.8,0.003449470958797986,https://leetcode.com/problems/apply-discount-to-prices,String
MEDIUM,Optimal Partition of String,24.8,0.007850824614686088,https://leetcode.com/problems/optimal-partition-of-string,"Hash Table, String, Greedy"
EASY,To Be Or Not To Be,24.8,0.006341084501204126,https://leetcode.com/problems/to-be-or-not-to-be,
EASY,Valid Word Abbreviation,24.8,0.0037047745112878954,https://leetcode.com/problems/valid-word-abbreviation,"Two Pointers, String"
MEDIUM,Maximum Swap,24.8,0.005209206610017371,https://leetcode.com/problems/maximum-swap,"Math, Greedy"
HARD,Find the Median of the Uniqueness Array,24.8,0.0030672581846442797,https://leetcode.com/problems/find-the-median-of-the-uniqueness-array,"Array, Hash Table, Binary Search, Sliding Window"
HARD,Course Schedule III,24.8,0.00420454674526641,https://leetcode.com/problems/course-schedule-iii,"Array, Greedy, Sorting, Heap (Priority Queue)"
EASY,Percentage of Users Attended a Contest,24.8,0.006095929838122766,https://leetcode.com/problems/percentage-of-users-attended-a-contest,Database
MEDIUM,House Robber IV,24.8,0.006457240782195585,https://leetcode.com/problems/house-robber-iv,"Array, Binary Search, Dynamic Programming, Greedy"
MEDIUM,Number of Zero-Filled Subarrays,24.8,0.007005521431580814,https://leetcode.com/problems/number-of-zero-filled-subarrays,"Array, Math"
MEDIUM,Valid Triangle Number,24.8,0.005713980130604744,https://leetcode.com/problems/valid-triangle-number,"Array, Two Pointers, Binary Search, Greedy, Sorting"
MEDIUM,Maximum Candies Allocated to K Children,24.8,0.004989412728662044,https://leetcode.com/problems/maximum-candies-allocated-to-k-children,"Array, Binary Search"
MEDIUM,Avoid Flood in The City,24.8,0.0038963398880436347,https://leetcode.com/problems/avoid-flood-in-the-city,"Array, Hash Table, Binary Search, Greedy, Heap (Priority Queue)"
HARD,Scramble String,22.8,0.004536357797692765,https://leetcode.com/problems/scramble-string,"String, Dynamic Programming"
EASY,Excel Sheet Column Number,22.8,0.006827381357047701,https://leetcode.com/problems/excel-sheet-column-number,"Math, String"
HARD,Trips and Users,22.8,0.0038934820341720456,https://leetcode.com/problems/trips-and-users,Database
MEDIUM,Walls and Gates,22.8,0.006414167467471599,https://leetcode.com/problems/walls-and-gates,"Array, Breadth-First Search, Matrix"
MEDIUM,Game of Life,22.8,0.007294271449189198,https://leetcode.com/problems/game-of-life,"Array, Matrix, Simulation"
EASY,Counting Bits,22.8,0.008077749292701983,https://leetcode.com/problems/counting-bits,"Dynamic Programming, Bit Manipulation"
MEDIUM,Boundary of Binary Tree,22.8,0.004818214698293081,https://leetcode.com/problems/boundary-of-binary-tree,"Tree, Depth-First Search, Binary Tree"
MEDIUM,All Paths From Source to Target,22.8,0.00837709098960524,https://leetcode.com/problems/all-paths-from-source-to-target,"Backtracking, Depth-First Search, Breadth-First Search, Graph Theory, Directed Acyclic Graph"
HARD,Guess the Word,22.8,0.003660212592333535,https://leetcode.com/problems/guess-the-word,"Array, Math, String, Minimax, Interactive, Game Theory"
EASY,Transpose Matrix,22.8,0.007706151696989267,https://leetcode.com/problems/transpose-matrix,"Array, Matrix, Simulation"
MEDIUM,Customers Who Bought All Products,22.8,0.006439194901826191,https://leetcode.com/problems/customers-who-bought-all-products,Database
MEDIUM,Game Play Analysis IV,22.8,0.004210972565278029,https://leetcode.com/problems/game-play-analysis-iv,Database
MEDIUM,Car Pooling,22.8,0.005647482655629365,https://leetcode.com/problems/car-pooling,"Array, Sorting, Heap (Priority Queue), Simulation, Prefix Sum"
HARD,Find in Mountain Array,22.8,0.004194290060597403,https://leetcode.com/problems/find-in-mountain-array,"Array, Binary Search, Interactive, Ternary Search"
MEDIUM,Snapshot Array,22.8,0.0036804480998442472,https://leetcode.com/problems/snapshot-array,"Array, Hash Table, Binary Search, Design, Persistent Data Structure"
EASY,Find N Unique Integers Sum up to Zero,22.8,0.007844347149100832,https://leetcode.com/problems/find-n-unique-integers-sum-up-to-zero,"Array, Math"
HARD,Max Dot Product of Two Subsequences,22.8,0.006937148269292188,https://leetcode.com/problems/max-dot-product-of-two-subsequences,"Array, Dynamic Programming, Longest Common Subsequence"
MEDIUM,Longest Subarray of 1's After Deleting One Element,22.8,0.007148262248167658,https://leetcode.com/problems/longest-subarray-of-1s-after-deleting-one-element,"Array, Dynamic Programming, Sliding Window"
EASY,Maximum Nesting Depth of the Parentheses,22.8,0.008504446379376793,https://leetcode.com/problems/maximum-nesting-depth-of-the-parentheses,"String, Stack, Bracket Sequences"
EASY,Build Array from Permutation,22.8,0.009109459878126655,https://leetcode.com/problems/build-array-from-permutation,"Array, Simulation"
MEDIUM,Minimized Maximum of Products Distributed to Any Store,22.8,0.006322543270031982,https://leetcode.com/problems/minimized-maximum-of-products-distributed-to-any-store,"Array, Binary Search, Greedy"
MEDIUM,Successful Pairs of Spells and Potions,22.8,0.004981063788213126,https://leetcode.com/problems/successful-pairs-of-spells-and-potions,"Array, Two Pointers, Binary Search, Sorting"
MEDIUM,Count Number of Bad Pairs,22.8,0.0054125213918996004,https://leetcode.com/problems/count-number-of-bad-pairs,"Array, Hash Table, Math, Counting"
MEDIUM,Removing Stars From a String,22.8,0.007978269232352867,https://leetcode.com/problems/removing-stars-from-a-string,"String, Stack, Simulation"
MEDIUM,Count the Number of Fair Pairs,22.8,0.005258401012368579,https://leetcode.com/problems/count-the-number-of-fair-pairs,"Array, Two Pointers, Binary Search, Sorting"
MEDIUM,Make String a Subsequence Using Cyclic Increments,22.8,0.006576249431985778,https://leetcode.com/problems/make-string-a-subsequence-using-cyclic-increments,"Two Pointers, String"
MEDIUM,Factorial Trailing Zeroes,22.8,0.004722425431227373,https://leetcode.com/problems/factorial-trailing-zeroes,Math
MEDIUM,Restaurant Growth,22.8,0.005957933576251922,https://leetcode.com/problems/restaurant-growth,Database
MEDIUM,Single Number III,22.8,0.007014489436776195,https://leetcode.com/problems/single-number-iii,"Array, Bit Manipulation"
MEDIUM,Grumpy Bookstore Owner,22.8,0.006413689522691566,https://leetcode.com/problems/grumpy-bookstore-owner,"Array, Sliding Window"
EASY,Minimum Difference Between Highest and Lowest of K Scores,22.8,0.006639350394780813,https://leetcode.com/problems/minimum-difference-between-highest-and-lowest-of-k-scores,"Array, Sliding Window, Sorting"
HARD,Parsing A Boolean Expression,22.8,0.0069797691093130085,https://leetcode.com/problems/parsing-a-boolean-expression,"String, Stack, Recursion"
MEDIUM,Magic Squares In Grid,22.8,0.0055225896677716275,https://leetcode.com/problems/magic-squares-in-grid,"Array, Hash Table, Math, Matrix"
MEDIUM,Smallest Subsequence of Distinct Characters,22.8,0.0070564827029259035,https://leetcode.com/problems/smallest-subsequence-of-distinct-characters,"String, Stack, Greedy, Monotonic Stack"
MEDIUM,Count Servers that Communicate,22.8,0.007357535221186524,https://leetcode.com/problems/count-servers-that-communicate,"Array, Depth-First Search, Breadth-First Search, Union-Find, Matrix, Counting"
MEDIUM,Encode and Decode Strings,22.8,0.005185171833496922,https://leetcode.com/problems/encode-and-decode-strings,"Array, String, Design"
MEDIUM,Remove Sub-Folders from the Filesystem,22.8,0.00786042296955613,https://leetcode.com/problems/remove-sub-folders-from-the-filesystem,"Array, String, Depth-First Search, Trie"
MEDIUM,Course Schedule IV,22.8,0.006018935561354189,https://leetcode.com/problems/course-schedule-iv,"Depth-First Search, Breadth-First Search, Graph Theory, Topological Sort"
EASY,Clear Digits,22.8,0.008269974682970757,https://leetcode.com/problems/clear-digits,"String, Stack, Simulation"
MEDIUM,Lexicographically Minimum String After Removing Stars,22.8,0.005086538421213761,https://leetcode.com/problems/lexicographically-minimum-string-after-removing-stars,"Hash Table, String, Stack, Greedy, Heap (Priority Queue)"
MEDIUM,New 21 Game,22.8,0.005194912990383148,https://leetcode.com/problems/new-21-game,"Math, Dynamic Programming, Sliding Window, Probability and Statistics"
HARD,Find the Minimum Area to Cover All Ones II,22.8,0.006316933240611961,https://leetcode.com/problems/find-the-minimum-area-to-cover-all-ones-ii,"Array, Matrix, Enumeration"
MEDIUM,Soup Servings,22.8,0.005956803556439829,https://leetcode.com/problems/soup-servings,"Math, Dynamic Programming, Probability and Statistics"
MEDIUM,Find the Maximum Length of Valid Subsequence I,22.8,0.0054904631110227,https://leetcode.com/problems/find-the-maximum-length-of-valid-subsequence-i,"Array, Dynamic Programming"
EASY,Count Subarrays of Length Three With a Condition,22.8,0.006135714371092863,https://leetcode.com/problems/count-subarrays-of-length-three-with-a-condition,Array
MEDIUM,Count the Number of Substrings With Dominant Ones,22.8,0.004199969522648481,https://leetcode.com/problems/count-the-number-of-substrings-with-dominant-ones,"String, Enumeration"
MEDIUM,Gray Code,20.7,0.006578992217235699,https://leetcode.com/problems/gray-code,"Math, Backtracking, Bit Manipulation"
EASY,Binary Tree Postorder Traversal,20.7,0.007882961506579727,https://leetcode.com/problems/binary-tree-postorder-traversal,"Stack, Tree, Depth-First Search, Binary Tree"
HARD,Max Points on a Line,20.7,0.00312550817038122,https://leetcode.com/problems/max-points-on-a-line,"Array, Hash Table, Math, Geometry, Euclidean Algorithm, Greatest Common Divisor"
EASY,Binary Tree Paths,20.7,0.006917615647959879,https://leetcode.com/problems/binary-tree-paths,"String, Backtracking, Tree, Depth-First Search, Binary Tree"
MEDIUM,Perfect Squares,20.7,0.005680436902672128,https://leetcode.com/problems/perfect-squares,"Math, Dynamic Programming, Breadth-First Search, Knapsack Problem, Complete Knapsack"
EASY,Word Pattern,20.7,0.00445126727039724,https://leetcode.com/problems/word-pattern,"Hash Table, String"
MEDIUM,Remove Duplicate Letters,20.7,0.00542794922972841,https://leetcode.com/problems/remove-duplicate-letters,"String, Stack, Greedy, Monotonic Stack"
MEDIUM,Longest Substring with At Most K Distinct Characters,20.7,0.005009976527276198,https://leetcode.com/problems/longest-substring-with-at-most-k-distinct-characters,"Hash Table, String, Sliding Window"
EASY,Power of Four,20.7,0.005247302544435029,https://leetcode.com/problems/power-of-four,"Math, Bit Manipulation, Recursion"
EASY,Intersection of Two Arrays II,20.7,0.006021526819520826,https://leetcode.com/problems/intersection-of-two-arrays-ii,"Array, Hash Table, Two Pointers, Binary Search, Sorting"
EASY,Valid Perfect Square,20.7,0.004513221380506225,https://leetcode.com/problems/valid-perfect-square,"Math, Binary Search"
EASY,Sum of Left Leaves,20.7,0.006303052744742631,https://leetcode.com/problems/sum-of-left-leaves,"Tree, Depth-First Search, Breadth-First Search, Binary Tree"
MEDIUM,Add Two Numbers II,20.7,0.006294712318770681,https://leetcode.com/problems/add-two-numbers-ii,"Linked List, Math, Stack"
EASY,Island Perimeter,20.7,0.007432120657520351,https://leetcode.com/problems/island-perimeter,"Array, Depth-First Search, Breadth-First Search, Matrix"
HARD,IPO,20.7,0.005372736954206603,https://leetcode.com/problems/ipo,"Array, Greedy, Sorting, Heap (Priority Queue)"
EASY,Reverse Words in a String III,20.7,0.00841212897654075,https://leetcode.com/problems/reverse-words-in-a-string-iii,"Two Pointers, String"
EASY,Merge Two Binary Trees,20.7,0.007914642729302233,https://leetcode.com/problems/merge-two-binary-trees,"Tree, Depth-First Search, Breadth-First Search, Binary Tree"
EASY,Maximum Product of Three Numbers,20.7,0.004822190115583897,https://leetcode.com/problems/maximum-product-of-three-numbers,"Array, Math, Sorting"
MEDIUM,Find Duplicate Subtrees,20.7,0.006083277901413466,https://leetcode.com/problems/find-duplicate-subtrees,"Hash Table, Tree, Depth-First Search, Binary Tree"
HARD,Find K-th Smallest Pair Distance,20.7,0.00467582681076267,https://leetcode.com/problems/find-k-th-smallest-pair-distance,"Array, Two Pointers, Binary Search, Sorting"
EASY,Jewels and Stones,20.7,0.008963470115490426,https://leetcode.com/problems/jewels-and-stones,"Hash Table, String"
EASY,Search in a Binary Search Tree,20.7,0.008306599348413506,https://leetcode.com/problems/search-in-a-binary-search-tree,"Tree, Binary Search Tree, Binary Tree"
HARD,Basic Calculator III,20.7,0.005349571021625904,https://leetcode.com/problems/basic-calculator-iii,"Math, String, Stack, Recursion"
MEDIUM,Maximize Distance to Closest Person,20.7,0.004997639294413225,https://leetcode.com/problems/maximize-distance-to-closest-person,Array
MEDIUM,Reordered Power of 2,20.7,0.006587170819010823,https://leetcode.com/problems/reordered-power-of-2,"Hash Table, Math, Sorting, Counting, Enumeration"
MEDIUM,Distribute Coins in Binary Tree,20.7,0.007733373926891448,https://leetcode.com/problems/distribute-coins-in-binary-tree,"Tree, Depth-First Search, Binary Tree, DP on Trees"
EASY,Find the Town Judge,20.7,0.005104586661398026,https://leetcode.com/problems/find-the-town-judge,"Array, Hash Table, Graph Theory"
HARD,Minimum Cost to Merge Stones,20.7,0.004673413376158795,https://leetcode.com/problems/minimum-cost-to-merge-stones,"Array, Dynamic Programming, Prefix Sum"
MEDIUM,Pairs of Songs With Total Durations Divisible by 60,20.7,0.005352827484014368,https://leetcode.com/problems/pairs-of-songs-with-total-durations-divisible-by-60,"Array, Hash Table, Counting"
MEDIUM,Next Greater Node In Linked List,20.7,0.006468843623031779,https://leetcode.com/problems/next-greater-node-in-linked-list,"Array, Linked List, Stack, Monotonic Stack"
EASY,User Activity for the Past 30 Days I,20.7,0.005139028450273821,https://leetcode.com/problems/user-activity-for-the-past-30-days-i,Database
MEDIUM,Longest Happy String,20.7,0.006553809440661196,https://leetcode.com/problems/longest-happy-string,"String, Greedy, Heap (Priority Queue)"
MEDIUM,Minimum Remove to Make Valid Parentheses,20.7,0.007157017200560305,https://leetcode.com/problems/minimum-remove-to-make-valid-parentheses,"String, Stack"
EASY,Find the Difference of Two Arrays,20.7,0.00815941208098376,https://leetcode.com/problems/find-the-difference-of-two-arrays,"Array, Hash Table"
MEDIUM,Number of Operations to Make Network Connected,20.7,0.006714832158007217,https://leetcode.com/problems/number-of-operations-to-make-network-connected,"Depth-First Search, Breadth-First Search, Union-Find, Graph Theory"
HARD,Minimum Difficulty of a Job Schedule,20.7,0.005980790438819214,https://leetcode.com/problems/minimum-difficulty-of-a-job-schedule,"Array, Dynamic Programming"
MEDIUM,Movie Rating,20.7,0.004416125071533545,https://leetcode.com/problems/movie-rating,Database
MEDIUM,Minimum Operations to Reduce X to Zero,20.7,0.004080898672369961,https://leetcode.com/problems/minimum-operations-to-reduce-x-to-zero,"Array, Hash Table, Binary Search, Sliding Window, Prefix Sum"
MEDIUM,Buildings With an Ocean View,20.7,0.008087319988091025,https://leetcode.com/problems/buildings-with-an-ocean-view,"Array, Stack, Monotonic Stack"
MEDIUM,Maximum Average Pass Ratio,20.7,0.007408676278952458,https://leetcode.com/problems/maximum-average-pass-ratio,"Array, Greedy, Heap (Priority Queue)"
MEDIUM,Nearest Exit from Entrance in Maze,20.7,0.004903627661514649,https://leetcode.com/problems/nearest-exit-from-entrance-in-maze,"Array, Breadth-First Search, Matrix"
MEDIUM,Find a Peak Element II,20.7,0.00555296205405319,https://leetcode.com/problems/find-a-peak-element-ii,"Array, Binary Search, Matrix"
MEDIUM,Minimum Swaps to Group All 1's Together II,20.7,0.006572283842605314,https://leetcode.com/problems/minimum-swaps-to-group-all-1s-together-ii,"Array, Sliding Window"
MEDIUM,Longest Nice Subarray,20.7,0.006478402219458255,https://leetcode.com/problems/longest-nice-subarray,"Array, Bit Manipulation, Sliding Window"
EASY,Filter Elements from Array,20.7,0.008553548063070803,https://leetcode.com/problems/filter-elements-from-array,
EASY,Return Length of Arguments Passed,20.7,0.009444651408725748,https://leetcode.com/problems/return-length-of-arguments-passed,
EASY,Check If N and Its Double Exist,20.7,0.004197302451120796,https://leetcode.com/problems/check-if-n-and-its-double-exist,"Array, Hash Table, Two Pointers, Binary Search, Sorting"
EASY,Count Elements With Maximum Frequency,20.7,0.007972897997919443,https://leetcode.com/problems/count-elements-with-maximum-frequency,"Array, Hash Table, Counting"
MEDIUM,Minimum Cost to Connect Sticks,20.7,0.007204733739028229,https://leetcode.com/problems/minimum-cost-to-connect-sticks,"Array, Greedy, Heap (Priority Queue)"
HARD,Nth Magical Number,20.7,0.003701876787832275,https://leetcode.com/problems/nth-magical-number,"Math, Binary Search, Least Common Multiple, Inclusion-Exclusion Principle"
MEDIUM,Number of Ways to Arrive at Destination,20.7,0.0037714543276359015,https://leetcode.com/problems/number-of-ways-to-arrive-at-destination,"Dynamic Programming, Graph Theory, Topological Sort, Shortest Path, Dijkstra's Algorithm"
MEDIUM,Distribute Candies Among Children II,20.7,0.005564238069997744,https://leetcode.com/problems/distribute-candies-among-children-ii,"Math, Combinatorics, Enumeration"
EASY,Find Winner on a Tic Tac Toe Game,20.7,0.005468755392545972,https://leetcode.com/problems/find-winner-on-a-tic-tac-toe-game,"Array, Hash Table, Matrix, Simulation"
MEDIUM,Delete Nodes From Linked List Present in Array,20.7,0.006925587806388462,https://leetcode.com/problems/delete-nodes-from-linked-list-present-in-array,"Array, Hash Table, Linked List"
EASY,Final Prices With a Special Discount in a Shop,20.7,0.008429668747907569,https://leetcode.com/problems/final-prices-with-a-special-discount-in-a-shop,"Array, Stack, Monotonic Stack"
MEDIUM,String Compression III,20.7,0.00671457265886369,https://leetcode.com/problems/string-compression-iii,String
MEDIUM,Last Stone Weight II,20.7,0.006056559632271776,https://leetcode.com/problems/last-stone-weight-ii,"Array, Dynamic Programming, Knapsack Problem, 0-1 Knapsack"
MEDIUM,Total Characters in String After Transformations I,20.7,0.004564891512641405,https://leetcode.com/problems/total-characters-in-string-after-transformations-i,"Hash Table, Math, String, Dynamic Programming, Counting"
MEDIUM,Minimum Limit of Balls in a Bag,20.7,0.00659684027677492,https://leetcode.com/problems/minimum-limit-of-balls-in-a-bag,"Array, Binary Search"
EASY,Find All K-Distant Indices in an Array,20.7,0.007721978350875443,https://leetcode.com/problems/find-all-k-distant-indices-in-an-array,"Array, Two Pointers"
HARD,Maximum Performance of a Team,20.7,0.004808088592537988,https://leetcode.com/problems/maximum-performance-of-a-team,"Array, Greedy, Sorting, Heap (Priority Queue)"
EASY,Find the K-th Character in String Game I,20.7,0.008156724360051531,https://leetcode.com/problems/find-the-k-th-character-in-string-game-i,"Math, Bit Manipulation, Recursion, Simulation"
MEDIUM,Maximum Absolute Sum of Any Subarray,20.7,0.007075572805555461,https://leetcode.com/problems/maximum-absolute-sum-of-any-subarray,"Array, Dynamic Programming"
HARD,Maximum Number of Tasks You Can Assign,20.7,0.004995149448644429,https://leetcode.com/problems/maximum-number-of-tasks-you-can-assign,"Array, Two Pointers, Binary Search, Greedy, Queue, Sorting, Monotonic Queue"
HARD,Kth Smallest Product of Two Sorted Arrays,20.7,0.004871780227311669,https://leetcode.com/problems/kth-smallest-product-of-two-sorted-arrays,"Array, Binary Search"
MEDIUM,Separate Squares I,20.7,0.005795054898403321,https://leetcode.com/problems/separate-squares-i,"Array, Binary Search"
MEDIUM,Lexicographically Smallest Equivalent String,20.7,0.008108210630959803,https://leetcode.com/problems/lexicographically-smallest-equivalent-string,"String, Union-Find"
MEDIUM,Vowel Spellchecker,20.7,0.006145180774872724,https://leetcode.com/problems/vowel-spellchecker,"Array, Hash Table, String"
EASY,Find Numbers with Even Number of Digits,20.7,0.00799487115162158,https://leetcode.com/problems/find-numbers-with-even-number-of-digits,"Array, Math"
MEDIUM,Greatest Sum Divisible by Three,20.7,0.005700152438509145,https://leetcode.com/problems/greatest-sum-divisible-by-three,"Array, Dynamic Programming, Greedy, Sorting"
MEDIUM,Reschedule Meetings for Maximum Free Time I,20.7,0.00538588152794281,https://leetcode.com/problems/reschedule-meetings-for-maximum-free-time-i,"Array, Greedy, Sliding Window"
MEDIUM,Minimum Equal Sum of Two Arrays After Replacing Zeros,20.7,0.005007325014495637,https://leetcode.com/problems/minimum-equal-sum-of-two-arrays-after-replacing-zeros,"Array, Greedy"
EASY,Nim Game,20.7,0.006032880828726023,https://leetcode.com/problems/nim-game,"Math, Brainteaser, Minimax, Game Theory, Nim Game, Impartial Game"
HARD,Maximize Subarrays After Removing One Conflicting Pair,20.7,0.006407459496572574,https://leetcode.com/problems/maximize-subarrays-after-removing-one-conflicting-pair,"Array, Segment Tree, Enumeration, Prefix Sum"
MEDIUM,Largest 1-Bordered Square,20.7,0.005245349437077049,https://leetcode.com/problems/largest-1-bordered-square,"Array, Dynamic Programming, Matrix"
MEDIUM,Minimize the Maximum Difference of Pairs,20.7,0.005103456200153792,https://leetcode.com/problems/minimize-the-maximum-difference-of-pairs,"Array, Binary Search, Dynamic Programming, Greedy, Sorting"
HARD,Minimum Cost to Reach Destination in Time,20.7,0.004223397549541031,https://leetcode.com/problems/minimum-cost-to-reach-destination-in-time,"Array, Dynamic Programming, Graph Theory, Dijkstra's Algorithm"
EASY,Fruits Into Baskets II,20.7,0.007037808226598817,https://leetcode.com/problems/fruits-into-baskets-ii,"Array, Binary Search, Segment Tree, Simulation, Ordered Set"
MEDIUM,Count Bowl Subarrays,20.7,0.004874787710359734,https://leetcode.com/problems/count-bowl-subarrays,"Array, Stack, Monotonic Stack"
MEDIUM,Longest Balanced Substring I,20.7,0.0069660966096609656,https://leetcode.com/problems/longest-balanced-substring-i,"Hash Table, String, Counting, Enumeration"
MEDIUM,Lexicographically Smallest Permutation Greater Than Target,20.7,0.0026986941802353698,https://leetcode.com/problems/lexicographically-smallest-permutation-greater-than-target,"Hash Table, String, Greedy, Counting, Enumeration"
MEDIUM,Champagne Tower,20.7,0.006397996971468838,https://leetcode.com/problems/champagne-tower,Dynamic Programming
MEDIUM,Populating Next Right Pointers in Each Node II,18.3,0.005803757259460829,https://leetcode.com/problems/populating-next-right-pointers-in-each-node-ii,"Linked List, Tree, Depth-First Search, Breadth-First Search, Binary Tree"
EASY,Binary Tree Preorder Traversal,18.3,0.0076473033342295835,https://leetcode.com/problems/binary-tree-preorder-traversal,"Stack, Tree, Depth-First Search, Binary Tree"
MEDIUM,Fraction to Recurring Decimal,18.3,0.003125646169083763,https://leetcode.com/problems/fraction-to-recurring-decimal,"Hash Table, Math, String"
EASY,Valid Phone Numbers,18.3,0.003057071960297767,https://leetcode.com/problems/valid-phone-numbers,Shell
MEDIUM,Bitwise AND of Numbers Range,18.3,0.004902135475958708,https://leetcode.com/problems/bitwise-and-of-numbers-range,Bit Manipulation
MEDIUM,Ugly Number II,18.3,0.004976054658371717,https://leetcode.com/problems/ugly-number-ii,"Hash Table, Math, Dynamic Programming, Heap (Priority Queue)"
MEDIUM,Range Sum Query 2D - Immutable,18.3,0.005883573356336268,https://leetcode.com/problems/range-sum-query-2d-immutable,"Array, Design, Matrix, Prefix Sum"
MEDIUM,Minimum Height Trees,18.3,0.004275017145654353,https://leetcode.com/problems/minimum-height-trees,"Depth-First Search, Breadth-First Search, Graph Theory, Topological Sort"
MEDIUM,Combination Sum IV,18.3,0.005526415875501007,https://leetcode.com/problems/combination-sum-iv,"Array, Dynamic Programming"
EASY,Third Maximum Number,18.3,0.004016652776799357,https://leetcode.com/problems/third-maximum-number,"Array, Sorting"
MEDIUM,Can I Win,18.3,0.003167749152408736,https://leetcode.com/problems/can-i-win,"Math, Dynamic Programming, Bit Manipulation, Memoization, Game Theory, Bitmask"
HARD,Optimal Account Balancing,18.3,0.005061682275094789,https://leetcode.com/problems/optimal-account-balancing,"Array, Dynamic Programming, Backtracking, Bit Manipulation, Bitmask"
MEDIUM,Find Largest Value in Each Tree Row,18.3,0.006636996093105839,https://leetcode.com/problems/find-largest-value-in-each-tree-row,"Tree, Depth-First Search, Breadth-First Search, Binary Tree"
MEDIUM,Minimum Time Difference,18.3,0.006268158846292107,https://leetcode.com/problems/minimum-time-difference,"Array, Math, String, Sorting"
EASY,Reverse String II,18.3,0.005434584037352547,https://leetcode.com/problems/reverse-string-ii,"Two Pointers, String"
HARD,Find the Closest Palindrome,18.3,0.0032072232076547284,https://leetcode.com/problems/find-the-closest-palindrome,"Math, String"
MEDIUM,Shortest Unsorted Continuous Subarray,18.3,0.0038532378982287334,https://leetcode.com/problems/shortest-unsorted-continuous-subarray,"Array, Two Pointers, Stack, Greedy, Sorting, Monotonic Stack"
HARD,Human Traffic of Stadium,18.3,0.00519733575927372,https://leetcode.com/problems/human-traffic-of-stadium,Database
MEDIUM,Trim a Binary Search Tree,18.3,0.006681249119511622,https://leetcode.com/problems/trim-a-binary-search-tree,"Tree, Depth-First Search, Binary Search Tree, Binary Tree"
HARD,Number of Atoms,18.3,0.006524168993642231,https://leetcode.com/problems/number-of-atoms,"Hash Table, String, Stack, Sorting"
MEDIUM,K-th Symbol in Grammar,18.3,0.004861164506278063,https://leetcode.com/problems/k-th-symbol-in-grammar,"Math, Bit Manipulation, Recursion"
MEDIUM,Custom Sort String,18.3,0.007232253465735916,https://leetcode.com/problems/custom-sort-string,"Hash Table, String, Sorting"
EASY,Monotonic Array,18.3,0.006258801049190645,https://leetcode.com/problems/monotonic-array,Array
EASY,Valid Mountain Array,18.3,0.003567316120200975,https://leetcode.com/problems/valid-mountain-array,Array
MEDIUM,Reveal Cards In Increasing Order,18.3,0.008377735668042228,https://leetcode.com/problems/reveal-cards-in-increasing-order,"Array, Queue, Sorting, Simulation"
EASY,Cousins in Binary Tree,18.3,0.005967065744573614,https://leetcode.com/problems/cousins-in-binary-tree,"Tree, Depth-First Search, Breadth-First Search, Binary Tree"
EASY,Divisor Game,18.3,0.007243765707242856,https://leetcode.com/problems/divisor-game,"Math, Dynamic Programming, Brainteaser, Game Theory, Impartial Game"
MEDIUM,Minimum Knight Moves,18.3,0.0042057017082814,https://leetcode.com/problems/minimum-knight-moves,"Breadth-First Search, Heuristic Search, Bidirectional Search, A* Search"
EASY,Defanging an IP Address,18.3,0.009013096205380799,https://leetcode.com/problems/defanging-an-ip-address,String
EASY,Replace Elements with Greatest Element on Right Side,18.3,0.007253566381271665,https://leetcode.com/problems/replace-elements-with-greatest-element-on-right-side,Array
EASY,N-th Tribonacci Number,18.3,0.006307469398786818,https://leetcode.com/problems/n-th-tribonacci-number,"Math, Dynamic Programming, Memoization"
MEDIUM,Invalid Transactions,18.3,0.00324993920316526,https://leetcode.com/problems/invalid-transactions,"Array, Hash Table, String, Sorting"
HARD,Number of Visible People in a Queue,18.3,0.007346381192798746,https://leetcode.com/problems/number-of-visible-people-in-a-queue,"Array, Stack, Monotonic Stack"
EASY,Queries Quality and Percentage,18.3,0.005441903906668865,https://leetcode.com/problems/queries-quality-and-percentage,Database
MEDIUM,Maximum Product of Splitted Binary Tree,18.3,0.005577096263585372,https://leetcode.com/problems/maximum-product-of-splitted-binary-tree,"Tree, Depth-First Search, Binary Tree"
EASY,Maximum Product of Two Elements in an Array,18.3,0.008495596997016752,https://leetcode.com/problems/maximum-product-of-two-elements-in-an-array,"Array, Sorting, Heap (Priority Queue)"
EASY,Path Crossing,18.3,0.006266452197270201,https://leetcode.com/problems/path-crossing,"Hash Table, String"
HARD,Minimum Number of Increments on Subarrays to Form a Target Array,18.3,0.007824125430846637,https://leetcode.com/problems/minimum-number-of-increments-on-subarrays-to-form-a-target-array,"Array, Dynamic Programming, Stack, Greedy, Monotonic Stack"
EASY,Matrix Diagonal Sum,18.3,0.00845814635080965,https://leetcode.com/problems/matrix-diagonal-sum,"Array, Matrix"
MEDIUM,Make Sum Divisible by P,18.3,0.0042594935564914055,https://leetcode.com/problems/make-sum-divisible-by-p,"Array, Hash Table, Prefix Sum"
HARD,Maximum Number of Events That Can Be Attended II,18.3,0.0063395376362560376,https://leetcode.com/problems/maximum-number-of-events-that-can-be-attended-ii,"Array, Binary Search, Dynamic Programming, Sorting"
EASY,Maximum Population Year,18.3,0.006452171862423934,https://leetcode.com/problems/maximum-population-year,"Array, Counting, Prefix Sum"
EASY,Sum of All Subset XOR Totals,18.3,0.00901215823783875,https://leetcode.com/problems/sum-of-all-subset-xor-totals,"Array, Math, Backtracking, Bit Manipulation, Combinatorics, Enumeration"
MEDIUM,Minimum Number of Swaps to Make the String Balanced,18.3,0.007804353942571986,https://leetcode.com/problems/minimum-number-of-swaps-to-make-the-string-balanced,"Two Pointers, String, Stack, Greedy, Bracket Sequences"
MEDIUM,Detonate the Maximum Bombs,18.3,0.005037893822207442,https://leetcode.com/problems/detonate-the-maximum-bombs,"Array, Math, Depth-First Search, Breadth-First Search, Graph Theory, Geometry"
EASY,Root Equals Sum of Children,18.3,0.00851322262153852,https://leetcode.com/problems/root-equals-sum-of-children,"Tree, Binary Tree"
HARD,Maximum Number of Books You Can Take,18.3,0.003948296464690624,https://leetcode.com/problems/maximum-number-of-books-you-can-take,"Array, Dynamic Programming, Stack, Monotonic Stack"
EASY,Smallest Even Multiple,18.3,0.008853417847582734,https://leetcode.com/problems/smallest-even-multiple,"Math, Number Theory"
MEDIUM,Using a Robot to Print the Lexicographically Smallest String,18.3,0.0062196406756105495,https://leetcode.com/problems/using-a-robot-to-print-the-lexicographically-smallest-string,"Hash Table, String, Stack, Greedy"
MEDIUM,Find the Prefix Common Array of Two Arrays,18.3,0.008829179186595317,https://leetcode.com/problems/find-the-prefix-common-array-of-two-arrays,"Array, Hash Table, Bit Manipulation"
EASY,Find the Maximum Achievable Number,18.3,0.009163835820128209,https://leetcode.com/problems/find-the-maximum-achievable-number,Math
EASY,Primary Department for Each Employee,18.3,0.007514211826994438,https://leetcode.com/problems/primary-department-for-each-employee,Database
MEDIUM,Design a Stack With Increment Operation,18.3,0.007991422380868878,https://leetcode.com/problems/design-a-stack-with-increment-operation,"Array, Stack, Design"
MEDIUM,Nth Digit,18.3,0.003877451339536474,https://leetcode.com/problems/nth-digit,"Math, Binary Search"
MEDIUM,Bulls and Cows,18.3,0.005288257317397806,https://leetcode.com/problems/bulls-and-cows,"Hash Table, String, Counting"
MEDIUM,Count Number of Rectangles Containing Each Point,18.3,0.003789136977451428,https://leetcode.com/problems/count-number-of-rectangles-containing-each-point,"Array, Hash Table, Binary Search, Binary Indexed Tree, Sorting"
EASY,Best Poker Hand,18.3,0.006194878228619851,https://leetcode.com/problems/best-poker-hand,"Array, Hash Table, Counting"
EASY,Defuse the Bomb,18.3,0.007946097025354362,https://leetcode.com/problems/defuse-the-bomb,"Array, Sliding Window"
MEDIUM,First Unique Number,18.3,0.005787431965347192,https://leetcode.com/problems/first-unique-number,"Array, Hash Table, Design, Queue, Data Stream"
EASY,Score of a String,18.3,0.009120978836753214,https://leetcode.com/problems/score-of-a-string,String
MEDIUM,Minimum Operations to Make Binary Array Elements Equal to One I,18.3,0.008026143061676056,https://leetcode.com/problems/minimum-operations-to-make-binary-array-elements-equal-to-one-i,"Array, Bit Manipulation, Queue, Sliding Window, Prefix Sum"
HARD,Shortest Distance from All Buildings,18.3,0.004497978696228657,https://leetcode.com/problems/shortest-distance-from-all-buildings,"Array, Breadth-First Search, Matrix"
MEDIUM,Count Vowel Strings in Ranges,18.3,0.006788224525156103,https://leetcode.com/problems/count-vowel-strings-in-ranges,"Array, String, Prefix Sum"
HARD,K-th Smallest in Lexicographical Order,18.3,0.004649799519493933,https://leetcode.com/problems/k-th-smallest-in-lexicographical-order,Trie
MEDIUM,Elimination Game,18.3,0.004661094428710164,https://leetcode.com/problems/elimination-game,"Math, Recursion"
MEDIUM,Word Subsets,18.3,0.005599059283518246,https://leetcode.com/problems/word-subsets,"Array, Hash Table, String"
EASY,Number of Equivalent Domino Pairs,18.3,0.006074986128358919,https://leetcode.com/problems/number-of-equivalent-domino-pairs,"Array, Hash Table, Counting"
MEDIUM,Max Sum of a Pair With Equal Sum of Digits,18.3,0.006592855770079837,https://leetcode.com/problems/max-sum-of-a-pair-with-equal-sum-of-digits,"Array, Hash Table, Sorting, Heap (Priority Queue)"
MEDIUM,Number of Sub-arrays With Odd Sum,18.3,0.005561008432411077,https://leetcode.com/problems/number-of-sub-arrays-with-odd-sum,"Array, Math, Dynamic Programming, Prefix Sum"
MEDIUM,Lexicographically Smallest String After Applying Operations,18.3,0.007925946068434171,https://leetcode.com/problems/lexicographically-smallest-string-after-applying-operations,"String, Depth-First Search, Breadth-First Search, Enumeration"
MEDIUM,Map of Highest Peak,18.3,0.007617775825987981,https://leetcode.com/problems/map-of-highest-peak,"Array, Breadth-First Search, Matrix"
MEDIUM,Minimum Domino Rotations For Equal Row,18.3,0.005649733676146684,https://leetcode.com/problems/minimum-domino-rotations-for-equal-row,"Array, Greedy"
MEDIUM,Most Beautiful Item for Each Query,18.3,0.006204840947633485,https://leetcode.com/problems/most-beautiful-item-for-each-query,"Array, Binary Search, Sorting"
MEDIUM,Number of Sub-arrays of Size K and Average Greater than or Equal to Threshold,18.3,0.00739059115336916,https://leetcode.com/problems/number-of-sub-arrays-of-size-k-and-average-greater-than-or-equal-to-threshold,"Array, Sliding Window"
MEDIUM,Make Lexicographically Smallest Array by Swapping Elements,18.3,0.006013827430412206,https://leetcode.com/problems/make-lexicographically-smallest-array-by-swapping-elements,"Array, Union-Find, Sorting"
EASY,Maximum Difference Between Even and Odd Frequency I,18.3,0.006075554987094849,https://leetcode.com/problems/maximum-difference-between-even-and-odd-frequency-i,"Hash Table, String, Counting"
HARD,Special Binary String,18.3,0.007943526160104965,https://leetcode.com/problems/special-binary-string,"String, Divide and Conquer, Sorting"
MEDIUM,Length of Longest Fibonacci Subsequence,18.3,0.005757466757083468,https://leetcode.com/problems/length-of-longest-fibonacci-subsequence,"Array, Hash Table, Dynamic Programming"
MEDIUM,Maximum Tastiness of Candy Basket,18.3,0.00686797664636826,https://leetcode.com/problems/maximum-tastiness-of-candy-basket,"Array, Binary Search, Greedy, Sorting"
MEDIUM,Even Odd Tree,18.3,0.00672740684354296,https://leetcode.com/problems/even-odd-tree,"Tree, Breadth-First Search, Binary Tree"
EASY,Unique 3-Digit Even Numbers,18.3,0.007041717928643328,https://leetcode.com/problems/unique-3-digit-even-numbers,"Array, Hash Table, Recursion, Enumeration"
MEDIUM,Insertion Sort List,18.3,0.005993748381049069,https://leetcode.com/problems/insertion-sort-list,"Linked List, Sorting"
MEDIUM,Find the Minimum Area to Cover All Ones I,18.3,0.0077978730296831755,https://leetcode.com/problems/find-the-minimum-area-to-cover-all-ones-i,"Array, Matrix"
MEDIUM,Maximum Subarray Sum With Length Divisible by K,18.3,0.004956039308648571,https://leetcode.com/problems/maximum-subarray-sum-with-length-divisible-by-k,"Array, Hash Table, Prefix Sum"
EASY,Maximum Difference Between Increasing Elements,18.3,0.006665387201054339,https://leetcode.com/problems/maximum-difference-between-increasing-elements,Array
EASY,Fix Names in a Table,18.3,0.0060643255879121285,https://leetcode.com/problems/fix-names-in-a-table,Database
EASY,Minimum Depth of Binary Tree,18.3,0.005358029444009588,https://leetcode.com/problems/minimum-depth-of-binary-tree,"Tree, Depth-First Search, Breadth-First Search, Binary Tree"
EASY,Sort Array By Parity,18.3,0.007662634676739944,https://leetcode.com/problems/sort-array-by-parity,"Array, Two Pointers, Sorting"
MEDIUM,Maximum Balanced Shipments,18.3,0.006157107712539821,https://leetcode.com/problems/maximum-balanced-shipments,"Array, Dynamic Programming, Stack, Greedy, Monotonic Stack"
HARD,Minimum Pair Removal to Sort Array II,18.3,0.003881132989025178,https://leetcode.com/problems/minimum-pair-removal-to-sort-array-ii,"Array, Hash Table, Linked List, Heap (Priority Queue), Simulation, Doubly-Linked List, Ordered Set"
MEDIUM,Range Product Queries of Powers,18.3,0.006120184318642893,https://leetcode.com/problems/range-product-queries-of-powers,"Array, Bit Manipulation, Prefix Sum"
MEDIUM,Ways to Express an Integer as Sum of Powers,18.3,0.0049796967721169,https://leetcode.com/problems/ways-to-express-an-integer-as-sum-of-powers,Dynamic Programming
EASY,Transformed Array,18.3,0.007043360529599062,https://leetcode.com/problems/transformed-array,"Array, Simulation"
MEDIUM,Minimum Number of Groups to Create a Valid Assignment,18.3,0.0025293222966451196,https://leetcode.com/problems/minimum-number-of-groups-to-create-a-valid-assignment,"Array, Hash Table, Greedy"
MEDIUM,Minimum Penalty for a Shop,18.3,0.007124242675740724,https://leetcode.com/problems/minimum-penalty-for-a-shop,"String, Prefix Sum"
HARD,Minimum Swaps to Avoid Forbidden Values,18.3,0.003108690602173296,https://leetcode.com/problems/minimum-swaps-to-avoid-forbidden-values,"Array, Hash Table, Greedy, Counting"
MEDIUM,Maximum Level Sum of a Binary Tree,18.3,0.007003073552809869,https://leetcode.com/problems/maximum-level-sum-of-a-binary-tree,"Tree, Depth-First Search, Breadth-First Search, Binary Tree"
MEDIUM,Convert Sorted List to Binary Search Tree,15.6,0.0067195517811201545,https://leetcode.com/problems/convert-sorted-list-to-binary-search-tree,"Linked List, Divide and Conquer, Tree, Binary Search Tree, Binary Tree"
EASY,Shortest Word Distance,15.6,0.00663811254593344,https://leetcode.com/problems/shortest-word-distance,"Array, String"
MEDIUM,Best Time to Buy and Sell Stock with Cooldown,15.6,0.006260459989362005,https://leetcode.com/problems/best-time-to-buy-and-sell-stock-with-cooldown,"Array, Dynamic Programming"
HARD,Count of Range Sum,15.6,0.003961336552363039,https://leetcode.com/problems/count-of-range-sum,"Array, Binary Search, Divide and Conquer, Binary Indexed Tree, Segment Tree, Merge Sort, Ordered Set, Treap"
HARD,Sliding Window Median,15.6,0.003908070541369966,https://leetcode.com/problems/sliding-window-median,"Array, Hash Table, Sliding Window, Heap (Priority Queue), Treap"
EASY,Perfect Number,15.6,0.004987650001995722,https://leetcode.com/problems/perfect-number,Math
MEDIUM,Friend Requests II: Who Has the Most Friends,15.6,0.006340372060631854,https://leetcode.com/problems/friend-requests-ii-who-has-the-most-friends,Database
EASY,Not Boring Movies,15.6,0.007517524961856526,https://leetcode.com/problems/not-boring-movies,Database
MEDIUM,Sum of Square Numbers,15.6,0.0036997436562479615,https://leetcode.com/problems/sum-of-square-numbers,"Math, Two Pointers, Binary Search"
MEDIUM,Maximum Length of Pair Chain,15.6,0.0062073386550192036,https://leetcode.com/problems/maximum-length-of-pair-chain,"Array, Dynamic Programming, Greedy, Sorting, Longest Increasing Subsequence"
MEDIUM,Dota2 Senate,15.6,0.0050374878238367456,https://leetcode.com/problems/dota2-senate,"String, Greedy, Queue"
EASY,Image Smoother,15.6,0.00695274303796194,https://leetcode.com/problems/image-smoother,"Array, Matrix"
EASY,Baseball Game,15.6,0.008099028023382995,https://leetcode.com/problems/baseball-game,"Array, Stack, Simulation"
MEDIUM,Split Linked List in Parts,15.6,0.007069236973955667,https://leetcode.com/problems/split-linked-list-in-parts,Linked List
EASY,Find Smallest Letter Greater Than Target,15.6,0.0059536884477103934,https://leetcode.com/problems/find-smallest-letter-greater-than-target,"Array, Binary Search"
MEDIUM,Rabbits in Forest,15.6,0.005803423141493652,https://leetcode.com/problems/rabbits-in-forest,"Array, Hash Table, Math, Greedy"
MEDIUM,Number of Matching Subsequences,15.6,0.00505841173784991,https://leetcode.com/problems/number-of-matching-subsequences,"Array, Hash Table, String, Binary Search, Dynamic Programming, Trie, Sorting"
MEDIUM,Hand of Straights,15.6,0.005832125756048388,https://leetcode.com/problems/hand-of-straights,"Array, Hash Table, Greedy, Sorting"
MEDIUM,All Possible Full Binary Trees,15.6,0.008277683862598943,https://leetcode.com/problems/all-possible-full-binary-trees,"Dynamic Programming, Tree, Recursion, Memoization, Binary Tree"
EASY,Find Common Characters,15.6,0.007480135807417537,https://leetcode.com/problems/find-common-characters,"Array, Hash Table, String"
MEDIUM,Robot Bounded In Circle,15.6,0.0056610161200576405,https://leetcode.com/problems/robot-bounded-in-circle,"Math, String, Simulation"
MEDIUM,Partition Array for Maximum Sum,15.6,0.007754188302945073,https://leetcode.com/problems/partition-array-for-maximum-sum,"Array, Dynamic Programming"
EASY,Relative Sort Array,15.6,0.007538576290149643,https://leetcode.com/problems/relative-sort-array,"Array, Hash Table, Sorting, Counting Sort, Quicksort, Bubble Sort"
MEDIUM,Balance a Binary Search Tree,15.6,0.008628103574519071,https://leetcode.com/problems/balance-a-binary-search-tree,"Divide and Conquer, Greedy, Tree, Depth-First Search, Binary Search Tree, Binary Tree"
MEDIUM,Count Number of Nice Subarrays,15.6,0.007563624410358549,https://leetcode.com/problems/count-number-of-nice-subarrays,"Array, Hash Table, Math, Sliding Window, Prefix Sum"
HARD,Minimum Insertion Steps to Make a String Palindrome,15.6,0.007436534204428259,https://leetcode.com/problems/minimum-insertion-steps-to-make-a-string-palindrome,"String, Dynamic Programming"
MEDIUM,Angle Between Hands of a Clock,15.6,0.006987913590099264,https://leetcode.com/problems/angle-between-hands-of-a-clock,Math
EASY,Count Negative Numbers in a Sorted Matrix,15.6,0.007972178344536555,https://leetcode.com/problems/count-negative-numbers-in-a-sorted-matrix,"Array, Binary Search, Matrix"
HARD,Longest Happy Prefix,15.6,0.005374342333110356,https://leetcode.com/problems/longest-happy-prefix,"String, Rolling Hash, String Matching, Hash Function, Z Algorithm, Knuth–Morris–Pratt Algorithm"
HARD,Cherry Pickup II,15.6,0.007259967663146307,https://leetcode.com/problems/cherry-pickup-ii,"Array, Dynamic Programming, Matrix"
EASY,Number of Good Pairs,15.6,0.00899112402705997,https://leetcode.com/problems/number-of-good-pairs,"Array, Hash Table, Math, Counting"
MEDIUM,Find Kth Bit in Nth Binary String,15.6,0.00737183263075402,https://leetcode.com/problems/find-kth-bit-in-nth-binary-string,"String, Recursion, Simulation"
MEDIUM,Maximum Length of Subarray With Positive Product,15.6,0.0044772240243782565,https://leetcode.com/problems/maximum-length-of-subarray-with-positive-product,"Array, Dynamic Programming, Greedy"
EASY,Sort Array by Increasing Frequency,15.6,0.008100714204637767,https://leetcode.com/problems/sort-array-by-increasing-frequency,"Array, Hash Table, Sorting"
MEDIUM,Sum of Absolute Differences in a Sorted Array,15.6,0.006856161181975453,https://leetcode.com/problems/sum-of-absolute-differences-in-a-sorted-array,"Array, Math, Prefix Sum"
MEDIUM,Minimum Number of Operations to Move All Balls to Each Box,15.6,0.009014115204981837,https://leetcode.com/problems/minimum-number-of-operations-to-move-all-balls-to-each-box,"Array, String, Prefix Sum"
EASY,Largest Odd Number in String,15.6,0.006797983545663588,https://leetcode.com/problems/largest-odd-number-in-string,"Math, String, Greedy"
EASY,Final Value of Variable After Performing Operations,15.6,0.009060122177646191,https://leetcode.com/problems/final-value-of-variable-after-performing-operations,"Array, String, Simulation"
MEDIUM,Delete the Middle Node of a Linked List,15.6,0.006091394996850307,https://leetcode.com/problems/delete-the-middle-node-of-a-linked-list,"Linked List, Two Pointers"
MEDIUM,Step-By-Step Directions From a Binary Tree Node to Another,15.6,0.005646672535740116,https://leetcode.com/problems/step-by-step-directions-from-a-binary-tree-node-to-another,"String, Tree, Depth-First Search, Binary Tree, Binary Lifting, Lowest Common Ancestor"
HARD,Substring With Largest Variance,15.6,0.0046028335780188825,https://leetcode.com/problems/substring-with-largest-variance,"Hash Table, String, Dynamic Programming, Enumeration"
EASY,Number of Unique Subjects Taught by Each Teacher,15.6,0.008926142392593204,https://leetcode.com/problems/number-of-unique-subjects-taught-by-each-teacher,Database
EASY,Counter,15.6,0.008244041015783963,https://leetcode.com/problems/counter,
MEDIUM,Continuous Subarrays,15.6,0.0057985648992350865,https://leetcode.com/problems/continuous-subarrays,"Array, Queue, Sliding Window, Heap (Priority Queue), Ordered Set, Monotonic Queue"
MEDIUM,Divide Array Into Arrays With Max Difference,15.6,0.00790788890120856,https://leetcode.com/problems/divide-array-into-arrays-with-max-difference,"Array, Greedy, Sorting"
EASY,Valid Word,15.6,0.005084752246113829,https://leetcode.com/problems/valid-word,String
MEDIUM,Count Complete Subarrays in an Array,15.6,0.007610739351819995,https://leetcode.com/problems/count-complete-subarrays-in-an-array,"Array, Hash Table, Sliding Window"
MEDIUM,Check if a Parentheses String Can Be Valid,15.6,0.004524703571377735,https://leetcode.com/problems/check-if-a-parentheses-string-can-be-valid,"String, Stack, Greedy, Bracket Sequences"
MEDIUM,Divide Players Into Teams of Equal Skill,15.6,0.006892935744185043,https://leetcode.com/problems/divide-players-into-teams-of-equal-skill,"Array, Hash Table, Two Pointers, Sorting"
MEDIUM,The Number of the Smallest Unoccupied Chair,15.6,0.006031874425118674,https://leetcode.com/problems/the-number-of-the-smallest-unoccupied-chair,"Array, Hash Table, Heap (Priority Queue)"
HARD,Minimum Cost to Hire K Workers,15.6,0.006374139864862243,https://leetcode.com/problems/minimum-cost-to-hire-k-workers,"Array, Greedy, Sorting, Heap (Priority Queue)"
MEDIUM,Investments in 2016,15.6,0.00516540772318201,https://leetcode.com/problems/investments-in-2016,Database
MEDIUM,Find the Maximum Length of Valid Subsequence II,15.6,0.005706510280850875,https://leetcode.com/problems/find-the-maximum-length-of-valid-subsequence-ii,"Array, Dynamic Programming"
EASY,Rank Transform of an Array,15.6,0.007397527786766802,https://leetcode.com/problems/rank-transform-of-an-array,"Array, Hash Table, Sorting"
MEDIUM,Separate Black and White Balls,15.6,0.006381998473402635,https://leetcode.com/problems/separate-black-and-white-balls,"Two Pointers, String, Greedy"
MEDIUM,Partition Array According to Given Pivot,15.6,0.009075455115639383,https://leetcode.com/problems/partition-array-according-to-given-pivot,"Array, Two Pointers, Simulation"
MEDIUM,Design an Expression Tree With Evaluate Function,15.6,0.008248616827014799,https://leetcode.com/problems/design-an-expression-tree-with-evaluate-function,"Array, Math, Stack, Tree, Design, Binary Tree"
EASY,Delete Columns to Make Sorted,15.6,0.007816368310797944,https://leetcode.com/problems/delete-columns-to-make-sorted,"Array, String, Longest Increasing Subsequence"
MEDIUM,Minimum Fuel Cost to Report to the Capital,15.6,0.006537155258670499,https://leetcode.com/problems/minimum-fuel-cost-to-report-to-the-capital,"Tree, Depth-First Search, Breadth-First Search, Graph Theory"
EASY,Minimum Index Sum of Two Lists,15.6,0.006034690852042157,https://leetcode.com/problems/minimum-index-sum-of-two-lists,"Array, Hash Table, String"
MEDIUM,Check if Number is a Sum of Powers of Three,15.6,0.007939968723929084,https://leetcode.com/problems/check-if-number-is-a-sum-of-powers-of-three,Math
MEDIUM,Valid Tic-Tac-Toe State,15.6,0.00349767381103106,https://leetcode.com/problems/valid-tic-tac-toe-state,"Array, Matrix"
HARD,Sum of Prefix Scores of Strings,15.6,0.006086977984006319,https://leetcode.com/problems/sum-of-prefix-scores-of-strings,"Array, String, Trie, Counting"
MEDIUM,Solving Questions With Brainpower,15.6,0.0060201413548600724,https://leetcode.com/problems/solving-questions-with-brainpower,"Array, Dynamic Programming"
HARD,Rearrange String k Distance Apart,15.6,0.003998638624474744,https://leetcode.com/problems/rearrange-string-k-distance-apart,"Hash Table, String, Greedy, Sorting, Heap (Priority Queue), Counting"
MEDIUM,Count Number of Maximum Bitwise-OR Subsets,15.6,0.008947216115018544,https://leetcode.com/problems/count-number-of-maximum-bitwise-or-subsets,"Array, Backtracking, Bit Manipulation, Enumeration"
MEDIUM,Find the Punishment Number of an Integer,15.6,0.008160802790836186,https://leetcode.com/problems/find-the-punishment-number-of-an-integer,"Math, Backtracking"
MEDIUM,The Most Frequently Ordered Products for Each Customer,15.6,0.0077678452744915595,https://leetcode.com/problems/the-most-frequently-ordered-products-for-each-customer,Database
MEDIUM,Zero Array Transformation II,15.6,0.004353364833541354,https://leetcode.com/problems/zero-array-transformation-ii,"Array, Two Pointers, Binary Search, Prefix Sum"
MEDIUM,Max Difference You Can Get From Changing an Integer,15.6,0.004863274210577645,https://leetcode.com/problems/max-difference-you-can-get-from-changing-an-integer,"Math, Greedy"
MEDIUM,Maximum Side Length of a Square with Sum Less than or Equal to Threshold,15.6,0.006546052463342659,https://leetcode.com/problems/maximum-side-length-of-a-square-with-sum-less-than-or-equal-to-threshold,"Array, Binary Search, Matrix, Prefix Sum"
MEDIUM,Minimize XOR,15.6,0.006224922805469784,https://leetcode.com/problems/minimize-xor,"Greedy, Bit Manipulation"
MEDIUM,Out of Boundary Paths,15.6,0.004854483449354777,https://leetcode.com/problems/out-of-boundary-paths,Dynamic Programming
MEDIUM,Tree Diameter,15.6,0.006125671756376354,https://leetcode.com/problems/tree-diameter,"Tree, Depth-First Search, Breadth-First Search, Graph Theory, Topological Sort, DP on Trees"
MEDIUM,As Far from Land as Possible,15.6,0.005249007676873418,https://leetcode.com/problems/as-far-from-land-as-possible,"Array, Dynamic Programming, Breadth-First Search, Matrix"
EASY,Count Hills and Valleys in an Array,15.6,0.006912264775967525,https://leetcode.com/problems/count-hills-and-valleys-in-an-array,Array
MEDIUM,Design Snake Game,15.6,0.0040080569587407555,https://leetcode.com/problems/design-snake-game,"Array, Hash Table, Design, Queue, Simulation"
MEDIUM,Count Total Number of Colored Cells,15.6,0.006621364561345855,https://leetcode.com/problems/count-total-number-of-colored-cells,Math
MEDIUM,The k-th Lexicographical String of All Happy Strings of Length n,15.6,0.008707946304582628,https://leetcode.com/problems/the-k-th-lexicographical-string-of-all-happy-strings-of-length-n,"String, Backtracking"
EASY,Add to Array-Form of Integer,15.6,0.004566211578536919,https://leetcode.com/problems/add-to-array-form-of-integer,"Array, Math"
HARD,Separate Squares II,15.6,0.00592262907183756,https://leetcode.com/problems/separate-squares-ii,"Array, Binary Search, Segment Tree, Sweep Line"
EASY,Robot Return to Origin,15.6,0.007817574642007582,https://leetcode.com/problems/robot-return-to-origin,"String, Simulation"
MEDIUM,Minimum Time to Repair Cars,15.6,0.005947560272752449,https://leetcode.com/problems/minimum-time-to-repair-cars,"Array, Binary Search"
MEDIUM,Find Duplicate File in System,15.6,0.006748923521611513,https://leetcode.com/problems/find-duplicate-file-in-system,"Array, Hash Table, String"
MEDIUM,Possible Bipartition,15.6,0.005296193616495414,https://leetcode.com/problems/possible-bipartition,"Depth-First Search, Breadth-First Search, Union-Find, Graph Theory, Graph Coloring, Bipartite Graph"
MEDIUM,Count Good Nodes in Binary Tree,15.6,0.007394919150190621,https://leetcode.com/problems/count-good-nodes-in-binary-tree,"Tree, Depth-First Search, Breadth-First Search, Binary Tree"
MEDIUM,Maximum Total Damage With Spell Casting,15.6,0.004500686103701876,https://leetcode.com/problems/maximum-total-damage-with-spell-casting,"Array, Hash Table, Two Pointers, Binary Search, Dynamic Programming, Sorting, Counting"
MEDIUM,Zero Array Transformation I,15.6,0.005452852137781401,https://leetcode.com/problems/zero-array-transformation-i,"Array, Prefix Sum"
EASY,Find Target Indices After Sorting Array,15.6,0.007828295093954914,https://leetcode.com/problems/find-target-indices-after-sorting-array,"Array, Binary Search, Sorting"
MEDIUM,Count Submatrices With All Ones,15.6,0.007100092268293601,https://leetcode.com/problems/count-submatrices-with-all-ones,"Array, Dynamic Programming, Stack, Matrix, Monotonic Stack"
EASY,Find the Original Typed String I,15.6,0.0072099981255317,https://leetcode.com/problems/find-the-original-typed-string-i,String
HARD,Find the Original Typed String II,15.6,0.004544575392629651,https://leetcode.com/problems/find-the-original-typed-string-ii,"String, Dynamic Programming, Prefix Sum"
EASY,Minimum Pair Removal to Sort Array I,15.6,0.006525177179005768,https://leetcode.com/problems/minimum-pair-removal-to-sort-array-i,"Array, Hash Table, Linked List, Heap (Priority Queue), Simulation, Doubly-Linked List, Ordered Set"
MEDIUM,Minimum Time to Complete Trips,15.6,0.003998049803152006,https://leetcode.com/problems/minimum-time-to-complete-trips,"Array, Binary Search"
MEDIUM,Longest Balanced Subarray I,15.6,0.006570480251685075,https://leetcode.com/problems/longest-balanced-subarray-i,"Array, Hash Table, Divide and Conquer, Segment Tree, Prefix Sum"
MEDIUM,Rotating the Box,15.6,0.008246570336647533,https://leetcode.com/problems/rotating-the-box,"Array, Two Pointers, Matrix"
MEDIUM,Longest Balanced Substring II,15.6,0.004188189558408848,https://leetcode.com/problems/longest-balanced-substring-ii,"Hash Table, String, Prefix Sum"
MEDIUM,Find the Number of Ways to Place People I,15.6,0.006404018630432272,https://leetcode.com/problems/find-the-number-of-ways-to-place-people-i,"Array, Math, Geometry, Sorting, Enumeration"
MEDIUM,Minimum Operations to Make the Integer Zero,15.6,0.005801490925062023,https://leetcode.com/problems/minimum-operations-to-make-the-integer-zero,"Bit Manipulation, Brainteaser, Enumeration"
MEDIUM,Number of People Aware of a Secret,15.6,0.006061813760697001,https://leetcode.com/problems/number-of-people-aware-of-a-secret,"Dynamic Programming, Queue, Simulation"
MEDIUM,Minimum Cost Path with Edge Reversals,15.6,0.006152009870025535,https://leetcode.com/problems/minimum-cost-path-with-edge-reversals,"Graph Theory, Heap (Priority Queue), Shortest Path"
MEDIUM,Taking Maximum Energy From the Mystic Dungeon,15.6,0.006088439543346957,https://leetcode.com/problems/taking-maximum-energy-from-the-mystic-dungeon,"Array, Dynamic Programming, Prefix Sum"
MEDIUM,Best Time to Buy and Sell Stock V,15.6,0.006057423069743399,https://leetcode.com/problems/best-time-to-buy-and-sell-stock-v,"Array, Dynamic Programming"
HARD,Minimum Cost Path with Teleportations,15.6,0.0045322662344240705,https://leetcode.com/problems/minimum-cost-path-with-teleportations,"Array, Dynamic Programming, Matrix"
MEDIUM,Maximize Area of Square Hole in Grid,15.6,0.0061773737945634575,https://leetcode.com/problems/maximize-area-of-square-hole-in-grid,"Array, Sorting"
HARD,Set Intersection Size At Least Two,15.6,0.00581281249086284,https://leetcode.com/problems/set-intersection-size-at-least-two,"Array, Greedy, Sorting"
MEDIUM,Remove Duplicates from Sorted List II,12.5,0.005235383431792811,https://leetcode.com/problems/remove-duplicates-from-sorted-list-ii,"Linked List, Two Pointers"
MEDIUM,Binary Tree Level Order Traversal II,12.5,0.006885766096063081,https://leetcode.com/problems/binary-tree-level-order-traversal-ii,"Tree, Breadth-First Search, Binary Tree"
EASY,Pascal's Triangle II,12.5,0.006789246250944807,https://leetcode.com/problems/pascals-triangle-ii,"Array, Dynamic Programming"
MEDIUM,Count Complete Tree Nodes,12.5,0.00728742936732983,https://leetcode.com/problems/count-complete-tree-nodes,"Binary Search, Bit Manipulation, Tree, Binary Tree"
HARD,Remove Invalid Parentheses,12.5,0.0050095193761911395,https://leetcode.com/problems/remove-invalid-parentheses,"String, Backtracking, Breadth-First Search"
MEDIUM,Wiggle Sort II,12.5,0.0038040569442824163,https://leetcode.com/problems/wiggle-sort-ii,"Array, Divide and Conquer, Greedy, Sorting, Quickselect"
HARD,Palindrome Pairs,12.5,0.00374956579248749,https://leetcode.com/problems/palindrome-pairs,"Array, Hash Table, String, Trie, Hash Function"
MEDIUM,Integer Break,12.5,0.006263081521975868,https://leetcode.com/problems/integer-break,"Math, Dynamic Programming"
MEDIUM,Super Pow,12.5,0.003734254036576534,https://leetcode.com/problems/super-pow,"Math, Divide and Conquer, Euler's Totient Function, Euler's Theorem"
HARD,Arithmetic Slices II - Subsequence,12.5,0.0055215942606616185,https://leetcode.com/problems/arithmetic-slices-ii-subsequence,"Array, Dynamic Programming"
MEDIUM,Minimum Moves to Equal Array Elements,12.5,0.005901775992581363,https://leetcode.com/problems/minimum-moves-to-equal-array-elements,"Array, Math"
EASY,Relative Ranks,12.5,0.007508487457090951,https://leetcode.com/problems/relative-ranks,"Array, Sorting, Heap (Priority Queue)"
MEDIUM,Kill Process,12.5,0.007073333190090458,https://leetcode.com/problems/kill-process,"Array, Hash Table, Tree, Depth-First Search, Breadth-First Search"
MEDIUM,Delete Operation for Two Strings,12.5,0.0066143186271208475,https://leetcode.com/problems/delete-operation-for-two-strings,"String, Dynamic Programming, Longest Common Subsequence"
MEDIUM,Best Time to Buy and Sell Stock with Transaction Fee,12.5,0.0072481786609181606,https://leetcode.com/problems/best-time-to-buy-and-sell-stock-with-transaction-fee,"Array, Dynamic Programming, Greedy"
MEDIUM,Maximum Length of Repeated Subarray,12.5,0.0051538428910176326,https://leetcode.com/problems/maximum-length-of-repeated-subarray,"Array, Binary Search, Dynamic Programming, Sliding Window, Rolling Hash, Hash Function"
MEDIUM,Reach a Number,12.5,0.00455402722206559,https://leetcode.com/problems/reach-a-number,"Math, Binary Search"
MEDIUM,Construct Quad Tree,12.5,0.007861621015128939,https://leetcode.com/problems/construct-quad-tree,"Array, Divide and Conquer, Tree, Matrix"
MEDIUM,Most Profit Assigning Work,12.5,0.005631287311959012,https://leetcode.com/problems/most-profit-assigning-work,"Array, Two Pointers, Binary Search, Greedy, Sorting"
HARD,Robot Room Cleaner,12.5,0.007802244466866529,https://leetcode.com/problems/robot-room-cleaner,"Backtracking, Interactive"
EASY,Leaf-Similar Trees,12.5,0.007033045354003251,https://leetcode.com/problems/leaf-similar-trees,"Tree, Depth-First Search, Binary Tree"
HARD,Profitable Schemes,12.5,0.004859281698756226,https://leetcode.com/problems/profitable-schemes,"Array, Dynamic Programming, Knapsack Problem, 0-1 Knapsack"
EASY,Fair Candy Swap,12.5,0.006547618616934682,https://leetcode.com/problems/fair-candy-swap,"Array, Hash Table, Binary Search, Sorting"
MEDIUM,Smallest Range II,12.5,0.0038192274524297505,https://leetcode.com/problems/smallest-range-ii,"Array, Math, Greedy, Sorting"
MEDIUM,Minimum Increment to Make Array Unique,12.5,0.006077448847763436,https://leetcode.com/problems/minimum-increment-to-make-array-unique,"Array, Greedy, Sorting, Counting"
MEDIUM,Validate Stack Sequences,12.5,0.0070670377253128506,https://leetcode.com/problems/validate-stack-sequences,"Array, Stack, Simulation"
EASY,Verifying an Alien Dictionary,12.5,0.0056098965850558125,https://leetcode.com/problems/verifying-an-alien-dictionary,"Array, Hash Table, String"
EASY,Largest Perimeter Triangle,12.5,0.006243522729523902,https://leetcode.com/problems/largest-perimeter-triangle,"Array, Math, Greedy, Sorting, Quicksort, Polygons"
MEDIUM,Longest Arithmetic Subsequence,12.5,0.005014384653918094,https://leetcode.com/problems/longest-arithmetic-subsequence,"Array, Hash Table, Binary Search, Dynamic Programming"
MEDIUM,Maximum Difference Between Node and Ancestor,12.5,0.007823415097426565,https://leetcode.com/problems/maximum-difference-between-node-and-ancestor,"Tree, Depth-First Search, Binary Tree"
MEDIUM,Binary Search Tree to Greater Sum Tree,12.5,0.008840955133505362,https://leetcode.com/problems/binary-search-tree-to-greater-sum-tree,"Tree, Depth-First Search, Binary Search Tree, Binary Tree"
HARD,Longest Duplicate Substring,12.5,0.003137033526118277,https://leetcode.com/problems/longest-duplicate-substring,"String, Binary Search, Sliding Window, Rolling Hash, Suffix Array, Hash Function, Suffix Automaton, Suffix Tree, Z Algorithm, Boyer–Moore String-Search Algorithm"
HARD,Last Substring in Lexicographical Order,12.5,0.003521058679028488,https://leetcode.com/problems/last-substring-in-lexicographical-order,"Two Pointers, String, Lyndon Factorization"
EASY,Product Sales Analysis I,12.5,0.008610172919644615,https://leetcode.com/problems/product-sales-analysis-i,Database
EASY,Project Employees I,12.5,0.006719136345203531,https://leetcode.com/problems/project-employees-i,Database
EASY,Sales Analysis III,12.5,0.004812366326904179,https://leetcode.com/problems/sales-analysis-iii,Database
MEDIUM,Design A Leaderboard,12.5,0.006804074911161337,https://leetcode.com/problems/design-a-leaderboard,"Hash Table, Design, Sorting"
EASY,Game Play Analysis I,12.5,0.007660476902085633,https://leetcode.com/problems/game-play-analysis-i,Database
MEDIUM,Shortest Path with Alternating Colors,12.5,0.004824490849394662,https://leetcode.com/problems/shortest-path-with-alternating-colors,"Breadth-First Search, Graph Theory"
MEDIUM,Last Person to Fit in the Bus,12.5,0.006973425013244588,https://leetcode.com/problems/last-person-to-fit-in-the-bus,Database
EASY,Find Resultant Array After Removing Anagrams,12.5,0.006995591315970942,https://leetcode.com/problems/find-resultant-array-after-removing-anagrams,"Array, Hash Table, String, Sorting"
EASY,Convert Binary Number in a Linked List to Integer,12.5,0.008239733734390586,https://leetcode.com/problems/convert-binary-number-in-a-linked-list-to-integer,"Linked List, Math"
EASY,Maximum 69 Number,12.5,0.008457781322685234,https://leetcode.com/problems/maximum-69-number,"Math, Greedy"
HARD,Minimum Number of Taps to Open to Water a Garden,12.5,0.005106344306636353,https://leetcode.com/problems/minimum-number-of-taps-to-open-to-water-a-garden,"Array, Dynamic Programming, Greedy"
MEDIUM,Product of the Last K Numbers,12.5,0.006303293053711142,https://leetcode.com/problems/product-of-the-last-k-numbers,"Array, Math, Design, Data Stream, Prefix Sum"
MEDIUM,Design Underground System,12.5,0.007459845536187637,https://leetcode.com/problems/design-underground-system,"Hash Table, String, Design"
MEDIUM,Least Number of Unique Integers after K Removals,12.5,0.006393074367948136,https://leetcode.com/problems/least-number-of-unique-integers-after-k-removals,"Array, Hash Table, Greedy, Sorting, Counting"
EASY,Richest Customer Wealth,12.5,0.00888047331782106,https://leetcode.com/problems/richest-customer-wealth,"Array, Matrix"
EASY,Count of Matches in Tournament,12.5,0.00865522407007744,https://leetcode.com/problems/count-of-matches-in-tournament,"Math, Simulation"
MEDIUM,Lowest Common Ancestor of a Binary Tree IV,12.5,0.007958199356913184,https://leetcode.com/problems/lowest-common-ancestor-of-a-binary-tree-iv,"Hash Table, Tree, Depth-First Search, Binary Tree, Binary Lifting, Lowest Common Ancestor"
HARD,Find Minimum Time to Finish All Jobs,12.5,0.0046180277059877815,https://leetcode.com/problems/find-minimum-time-to-finish-all-jobs,"Array, Dynamic Programming, Backtracking, Bit Manipulation, Bitmask"
EASY,Check if One String Swap Can Make Strings Equal,12.5,0.004953721221979554,https://leetcode.com/problems/check-if-one-string-swap-can-make-strings-equal,"Hash Table, String, Counting"
MEDIUM,Find the Winner of the Circular Game,12.5,0.008232440871256711,https://leetcode.com/problems/find-the-winner-of-the-circular-game,"Array, Math, Recursion, Queue, Simulation"
EASY,Remove One Element to Make the Array Strictly Increasing,12.5,0.0030689300891981507,https://leetcode.com/problems/remove-one-element-to-make-the-array-strictly-increasing,Array
EASY,Time Needed to Buy Tickets,12.5,0.007315125099785274,https://leetcode.com/problems/time-needed-to-buy-tickets,"Array, Queue, Simulation"
MEDIUM,Number of Ways to Select Buildings,12.5,0.005096003152752702,https://leetcode.com/problems/number-of-ways-to-select-buildings,"String, Dynamic Programming, Prefix Sum"
HARD,Escape the Spreading Fire,12.5,0.0039050266074636473,https://leetcode.com/problems/escape-the-spreading-fire,"Array, Binary Search, Breadth-First Search, Matrix"
EASY,Find Closest Number to Zero,12.5,0.004811767406804183,https://leetcode.com/problems/find-closest-number-to-zero,Array
HARD,Maximum Number of Robots Within Budget,12.5,0.003901034962154369,https://leetcode.com/problems/maximum-number-of-robots-within-budget,"Array, Binary Search, Queue, Sliding Window, Heap (Priority Queue), Prefix Sum, Monotonic Queue"
EASY,Apply Operations to an Array,12.5,0.00747510609017796,https://leetcode.com/problems/apply-operations-to-an-array,"Array, Two Pointers, Simulation"
EASY,Array Prototype Last,12.5,0.007466215525823336,https://leetcode.com/problems/array-prototype-last,
MEDIUM,Extra Characters in a String,12.5,0.005716244137799021,https://leetcode.com/problems/extra-characters-in-a-string,"Array, Hash Table, String, Dynamic Programming, Trie"
MEDIUM,Cache With Time Limit,12.5,0.007630850463936024,https://leetcode.com/problems/cache-with-time-limit,
EASY,Counter II,12.5,0.00812380948496331,https://leetcode.com/problems/counter-ii,
EASY,Count Pairs Whose Sum is Less than Target,12.5,0.008765259714354106,https://leetcode.com/problems/count-pairs-whose-sum-is-less-than-target,"Array, Two Pointers, Binary Search, Sorting"
MEDIUM,4Sum II,12.5,0.00581304377641825,https://leetcode.com/problems/4sum-ii,"Array, Hash Table"
MEDIUM,Walking Robot Simulation,12.5,0.006462692714199941,https://leetcode.com/problems/walking-robot-simulation,"Array, Hash Table, Simulation"
MEDIUM,Minimum Cost to Convert String I,12.5,0.006302001367097462,https://leetcode.com/problems/minimum-cost-to-convert-string-i,"Array, String, Graph Theory, Shortest Path"
EASY,Reverse Prefix of Word,12.5,0.008650352916753166,https://leetcode.com/problems/reverse-prefix-of-word,"Two Pointers, String, Stack"
MEDIUM,Clone Binary Tree With Random Pointer,12.5,0.008129160836195566,https://leetcode.com/problems/clone-binary-tree-with-random-pointer,"Hash Table, Tree, Depth-First Search, Breadth-First Search, Binary Tree"
HARD,Best Meeting Point,12.5,0.006143219217419532,https://leetcode.com/problems/best-meeting-point,"Array, Math, Sorting, Matrix"
EASY,Find Subsequence of Length K With the Largest Sum,12.5,0.005728552241484957,https://leetcode.com/problems/find-subsequence-of-length-k-with-the-largest-sum,"Array, Hash Table, Sorting, Heap (Priority Queue)"
EASY,List the Products Ordered in a Period,12.5,0.007200200394654779,https://leetcode.com/problems/list-the-products-ordered-in-a-period,Database
HARD,Employee Free Time,12.5,0.007297710892093974,https://leetcode.com/problems/employee-free-time,"Array, Sweep Line, Sorting, Heap (Priority Queue)"
EASY,Sort Array By Parity II,12.5,0.007134552173490226,https://leetcode.com/problems/sort-array-by-parity-ii,"Array, Two Pointers, Sorting"
MEDIUM,Water and Jug Problem,12.5,0.004620324095999247,https://leetcode.com/problems/water-and-jug-problem,"Math, Depth-First Search, Breadth-First Search, Bézout's Lemma, Euclidean Algorithm, Greatest Common Divisor, Extended Euclidean Algorithm"
HARD,Maximum Sum of 3 Non-Overlapping Subarrays,12.5,0.005999090488843455,https://leetcode.com/problems/maximum-sum-of-3-non-overlapping-subarrays,"Array, Dynamic Programming, Sliding Window, Prefix Sum"
MEDIUM,Task Scheduler II,12.5,0.0054986522911051215,https://leetcode.com/problems/task-scheduler-ii,"Array, Hash Table, Simulation"
EASY,Split a String in Balanced Strings,12.5,0.008757070504899316,https://leetcode.com/problems/split-a-string-in-balanced-strings,"String, Greedy, Counting"
MEDIUM,Count the Number of Complete Components,12.5,0.008081812084590224,https://leetcode.com/problems/count-the-number-of-complete-components,"Depth-First Search, Breadth-First Search, Union-Find, Graph Theory"
MEDIUM,Loud and Rich,12.5,0.00640040421494361,https://leetcode.com/problems/loud-and-rich,"Array, Depth-First Search, Graph Theory, Topological Sort, Directed Acyclic Graph"
MEDIUM,Cousins in Binary Tree II,12.5,0.0075954840673255275,https://leetcode.com/problems/cousins-in-binary-tree-ii,"Hash Table, Tree, Depth-First Search, Breadth-First Search, Binary Tree"
EASY,Finding 3-Digit Even Numbers,12.5,0.007862186160188942,https://leetcode.com/problems/finding-3-digit-even-numbers,"Array, Hash Table, Recursion, Sorting, Enumeration"
MEDIUM,Number of Ways to Split Array,12.5,0.005579328099207565,https://leetcode.com/problems/number-of-ways-to-split-array,"Array, Prefix Sum"
MEDIUM,Count Unreachable Pairs of Nodes in an Undirected Graph,12.5,0.005019437293341981,https://leetcode.com/problems/count-unreachable-pairs-of-nodes-in-an-undirected-graph,"Depth-First Search, Breadth-First Search, Union-Find, Graph Theory"
MEDIUM,Smallest Number in Infinite Set,12.5,0.007066459419805633,https://leetcode.com/problems/smallest-number-in-infinite-set,"Hash Table, Design, Heap (Priority Queue), Ordered Set"
MEDIUM,Move Pieces to Obtain a String,12.5,0.005660890486276652,https://leetcode.com/problems/move-pieces-to-obtain-a-string,"Two Pointers, String"
MEDIUM,Construct Smallest Number From DI String,12.5,0.00855062358050763,https://leetcode.com/problems/construct-smallest-number-from-di-string,"String, Backtracking, Stack, Greedy"
HARD,Find the K-Sum of an Array,12.5,0.00418162351018568,https://leetcode.com/problems/find-the-k-sum-of-an-array,"Array, Sorting, Heap (Priority Queue)"
MEDIUM,Strictly Palindromic Number,12.5,0.009038288309203868,https://leetcode.com/problems/strictly-palindromic-number,"Math, Two Pointers, Brainteaser"
EASY,N-ary Tree Postorder Traversal,12.5,0.008119323139683438,https://leetcode.com/problems/n-ary-tree-postorder-traversal,"Stack, Tree, Depth-First Search"
HARD,Contains Duplicate III,12.5,0.0025087453571211106,https://leetcode.com/problems/contains-duplicate-iii,"Array, Sliding Window, Sorting, Bucket Sort, Ordered Set"
MEDIUM,Longest Subarray With Maximum Bitwise AND,12.5,0.00653569793289387,https://leetcode.com/problems/longest-subarray-with-maximum-bitwise-and,"Array, Bit Manipulation, Brainteaser"
HARD,Find Servers That Handled Most Number of Requests,12.5,0.00456424922174062,https://leetcode.com/problems/find-servers-that-handled-most-number-of-requests,"Array, Heap (Priority Queue), Simulation, Ordered Set"
HARD,Minimum Obstacle Removal to Reach Corner,12.5,0.007101010267301033,https://leetcode.com/problems/minimum-obstacle-removal-to-reach-corner,"Array, Breadth-First Search, Graph Theory, Heap (Priority Queue), Matrix, Shortest Path, 0-1 BFS, Dijkstra's Algorithm"
HARD,Lexicographically Smallest Beautiful String,12.5,0.003864626608572297,https://leetcode.com/problems/lexicographically-smallest-beautiful-string,"String, Greedy"
MEDIUM,Minimum Operations to Make All Array Elements Equal,12.5,0.003876325648942532,https://leetcode.com/problems/minimum-operations-to-make-all-array-elements-equal,"Array, Binary Search, Sorting, Prefix Sum"
EASY,Minimum String Length After Removing Substrings,12.5,0.0077224925160926505,https://leetcode.com/problems/minimum-string-length-after-removing-substrings,"String, Stack, Simulation"
MEDIUM,Number of Good Ways to Split a String,12.5,0.006852483576652168,https://leetcode.com/problems/number-of-good-ways-to-split-a-string,"Hash Table, String, Dynamic Programming, Bit Manipulation, Prefix Sum"
MEDIUM,All Ancestors of a Node in a Directed Acyclic Graph,12.5,0.006230111585659288,https://leetcode.com/problems/all-ancestors-of-a-node-in-a-directed-acyclic-graph,"Depth-First Search, Breadth-First Search, Graph Theory, Topological Sort, Directed Acyclic Graph"
EASY,Biggest Single Number,12.5,0.007193685092907373,https://leetcode.com/problems/biggest-single-number,Database
EASY,Minimum Distance to the Target Element,12.5,0.006434509027032997,https://leetcode.com/problems/minimum-distance-to-the-target-element,Array
MEDIUM,Numbers With Same Consecutive Differences,12.5,0.005933071056278117,https://leetcode.com/problems/numbers-with-same-consecutive-differences,"Backtracking, Breadth-First Search"
MEDIUM,Take K of Each Character From Left and Right,12.5,0.005148094001614698,https://leetcode.com/problems/take-k-of-each-character-from-left-and-right,"Hash Table, String, Sliding Window"
MEDIUM,The Maze,12.5,0.00605104753862656,https://leetcode.com/problems/the-maze,"Array, Depth-First Search, Breadth-First Search, Matrix"
MEDIUM,Design Log Storage System,12.5,0.005966114103435654,https://leetcode.com/problems/design-log-storage-system,"Hash Table, String, Design, Ordered Set"
EASY,Adjacent Increasing Subarrays Detection I,12.5,0.004799532029673573,https://leetcode.com/problems/adjacent-increasing-subarrays-detection-i,Array
MEDIUM,Number of Subarrays with Bounded Maximum,12.5,0.005526876906946882,https://leetcode.com/problems/number-of-subarrays-with-bounded-maximum,"Array, Two Pointers"
MEDIUM,Binary Tree Pruning,12.5,0.0072553058892774296,https://leetcode.com/problems/binary-tree-pruning,"Tree, Depth-First Search, Binary Tree"
MEDIUM,Zigzag Iterator,12.5,0.006713542815354792,https://leetcode.com/problems/zigzag-iterator,"Array, Design, Queue, Iterator"
EASY,Sum of Unique Elements,12.5,0.008021951107064234,https://leetcode.com/problems/sum-of-unique-elements,"Array, Hash Table, Counting"
MEDIUM,Shifting Letters II,12.5,0.005383682615851746,https://leetcode.com/problems/shifting-letters-ii,"Array, String, Prefix Sum"
MEDIUM,Rearrange Array to Maximize Prefix Score,12.5,0.0043081359423274975,https://leetcode.com/problems/rearrange-array-to-maximize-prefix-score,"Array, Greedy, Sorting, Prefix Sum"
MEDIUM,Minimum Score Triangulation of Polygon,12.5,0.006761810656624036,https://leetcode.com/problems/minimum-score-triangulation-of-polygon,"Array, Dynamic Programming, Triangulation, Polygons"
HARD,Count Palindromic Subsequences,12.5,0.004186890686579548,https://leetcode.com/problems/count-palindromic-subsequences,"String, Dynamic Programming"
MEDIUM,Neighboring Bitwise XOR,12.5,0.007980800262033554,https://leetcode.com/problems/neighboring-bitwise-xor,"Array, Bit Manipulation"
MEDIUM,Most Profitable Path in a Tree,12.5,0.006730475148540585,https://leetcode.com/problems/most-profitable-path-in-a-tree,"Array, Tree, Depth-First Search, Breadth-First Search, Graph Theory"
EASY,Delete Characters to Make Fancy String,12.5,0.007398854451046517,https://leetcode.com/problems/delete-characters-to-make-fancy-string,String
MEDIUM,Maximum Subarray Min-Product,12.5,0.00407933850090307,https://leetcode.com/problems/maximum-subarray-min-product,"Array, Stack, Monotonic Stack, Prefix Sum, Cartesian Tree"
HARD,Max Chunks To Make Sorted II,12.5,0.00550601872492198,https://leetcode.com/problems/max-chunks-to-make-sorted-ii,"Array, Stack, Greedy, Sorting, Monotonic Stack"
MEDIUM,Apply Operations to Make All Array Elements Equal to Zero,12.5,0.0033726312869501902,https://leetcode.com/problems/apply-operations-to-make-all-array-elements-equal-to-zero,"Array, Prefix Sum"
MEDIUM,Construct the Lexicographically Largest Valid Sequence,12.5,0.0072655637871616675,https://leetcode.com/problems/construct-the-lexicographically-largest-valid-sequence,"Array, Backtracking"
HARD,Jump Game IV,12.5,0.005107244885581753,https://leetcode.com/problems/jump-game-iv,"Array, Hash Table, Breadth-First Search"
HARD,Design Excel Sum Formula,12.5,0.003950079751692029,https://leetcode.com/problems/design-excel-sum-formula,"Array, Hash Table, String, Graph Theory, Design, Topological Sort, Matrix"
MEDIUM,Maximum Sum of Two Non-Overlapping Subarrays,12.5,0.00613468989585337,https://leetcode.com/problems/maximum-sum-of-two-non-overlapping-subarrays,"Array, Dynamic Programming, Sliding Window"
EASY,Teemo Attacking,12.5,0.005801724692072251,https://leetcode.com/problems/teemo-attacking,"Array, Simulation"
MEDIUM,Closest Prime Numbers in Range,12.5,0.005194658577143555,https://leetcode.com/problems/closest-prime-numbers-in-range,"Math, Number Theory, Primality Test, Sieve Theory, Prime Number Sieve"
MEDIUM,Count Univalue Subtrees,12.5,0.005757084126405369,https://leetcode.com/problems/count-univalue-subtrees,"Tree, Depth-First Search, Binary Tree, DP on Trees"
EASY,Longest Continuous Increasing Subsequence,12.5,0.005232980562731712,https://leetcode.com/problems/longest-continuous-increasing-subsequence,Array
EASY,A Number After a Double Reversal,12.5,0.00826796999446968,https://leetcode.com/problems/a-number-after-a-double-reversal,Math
EASY,Count Vowel Substrings of a String,12.5,0.007342261825360831,https://leetcode.com/problems/count-vowel-substrings-of-a-string,"Hash Table, String"
MEDIUM,Maximum Gap,12.5,0.005282377717469592,https://leetcode.com/problems/maximum-gap,"Array, Sorting, Bucket Sort, Radix Sort, Pigeonhole Principle"
MEDIUM,Minimum Deletions to Make Character Frequencies Unique,12.5,0.00615302790072668,https://leetcode.com/problems/minimum-deletions-to-make-character-frequencies-unique,"Hash Table, String, Greedy, Sorting"
HARD,Number of Pairs Satisfying Inequality,12.5,0.004781332895138384,https://leetcode.com/problems/number-of-pairs-satisfying-inequality,"Array, Binary Search, Divide and Conquer, Binary Indexed Tree, Segment Tree, Merge Sort, Ordered Set"
HARD,Cherry Pickup,12.5,0.004027049213150202,https://leetcode.com/problems/cherry-pickup,"Array, Dynamic Programming, Matrix"
EASY,Number of Steps to Reduce a Number to Zero,12.5,0.008589090583922022,https://leetcode.com/problems/number-of-steps-to-reduce-a-number-to-zero,"Math, Bit Manipulation"
MEDIUM,Find Closest Node to Given Two Nodes,12.5,0.005306133171793097,https://leetcode.com/problems/find-closest-node-to-given-two-nodes,"Depth-First Search, Graph Theory"
HARD,Expression Add Operators,12.5,0.004366103205779924,https://leetcode.com/problems/expression-add-operators,"Math, String, Backtracking"
MEDIUM,Range Sum Query 2D - Mutable,12.5,0.004573246764415015,https://leetcode.com/problems/range-sum-query-2d-mutable,"Array, Design, Binary Indexed Tree, Segment Tree, Matrix, Sqrt Decomposition"
EASY,Divisible and Non-divisible Sums Difference,12.5,0.009111131566835427,https://leetcode.com/problems/divisible-and-non-divisible-sums-difference,Math
MEDIUM,N-ary Tree Level Order Traversal,12.5,0.007163194046937608,https://leetcode.com/problems/n-ary-tree-level-order-traversal,"Tree, Breadth-First Search"
MEDIUM,Count Partitions With Max-Min Difference at Most K,12.5,0.0058375532758665775,https://leetcode.com/problems/count-partitions-with-max-min-difference-at-most-k,"Array, Dynamic Programming, Queue, Sliding Window, Prefix Sum, Monotonic Queue"
MEDIUM,Design Task Manager,12.5,0.004873259867574461,https://leetcode.com/problems/design-task-manager,"Hash Table, Design, Heap (Priority Queue), Ordered Set"
MEDIUM,Mirror Reflection,12.5,0.006253916722659446,https://leetcode.com/problems/mirror-reflection,"Math, Geometry, Number Theory, Least Common Multiple, Greatest Common Divisor"
HARD,Last Day Where You Can Still Cross,12.5,0.00687536427497776,https://leetcode.com/problems/last-day-where-you-can-still-cross,"Array, Binary Search, Depth-First Search, Breadth-First Search, Union-Find, Matrix"
MEDIUM,Minimum Operations to Convert All Elements to Zero,12.5,0.005308083595980461,https://leetcode.com/problems/minimum-operations-to-convert-all-elements-to-zero,"Array, Hash Table, Stack, Greedy, Monotonic Stack"
EASY,Maximum Unique Subarray Sum After Deletion,12.5,0.004055290999918772,https://leetcode.com/problems/maximum-unique-subarray-sum-after-deletion,"Array, Hash Table, Greedy"
MEDIUM,Maximum Frequency of an Element After Performing Operations I,12.5,0.004018042419344269,https://leetcode.com/problems/maximum-frequency-of-an-element-after-performing-operations-i,"Array, Binary Search, Sliding Window, Sorting, Prefix Sum"
MEDIUM,Minimize Maximum Pair Sum in Array,12.5,0.008326401641347242,https://leetcode.com/problems/minimize-maximum-pair-sum-in-array,"Array, Two Pointers, Greedy, Sorting"
MEDIUM,Maximum Total from Optimal Activation Order,12.5,0.003358946010687304,https://leetcode.com/problems/maximum-total-from-optimal-activation-order,"Array, Two Pointers, Greedy, Sorting, Heap (Priority Queue)"
MEDIUM,Fruits Into Baskets III,12.5,0.003946059189344154,https://leetcode.com/problems/fruits-into-baskets-iii,"Array, Binary Search, Segment Tree, Ordered Set"
MEDIUM,Minimum Removals to Balance Array,12.5,0.00478376552345409,https://leetcode.com/problems/minimum-removals-to-balance-array,"Array, Binary Search, Sliding Window, Sorting"
MEDIUM,Sort Matrix by Diagonals,12.5,0.008469380180626006,https://leetcode.com/problems/sort-matrix-by-diagonals,"Array, Sorting, Matrix"
MEDIUM,Check If a String Contains All Binary Codes of Size K,12.5,0.006163807352522086,https://leetcode.com/problems/check-if-a-string-contains-all-binary-codes-of-size-k,"Hash Table, String, Bit Manipulation, Rolling Hash, Hash Function, Directed Acyclic Graph"
EASY,Sort Integers by The Number of 1 Bits,12.5,0.008243386243386242,https://leetcode.com/problems/sort-integers-by-the-number-of-1-bits,"Array, Bit Manipulation, Sorting, Counting"
EASY,Convert Integer to the Sum of Two No-Zero Integers,12.5,0.005915588703725284,https://leetcode.com/problems/convert-integer-to-the-sum-of-two-no-zero-integers,Math
MEDIUM,Longest String Chain,12.5,0.006339541176131947,https://leetcode.com/problems/longest-string-chain,"Array, Hash Table, Two Pointers, String, Dynamic Programming, Sorting"
MEDIUM,Number of Longest Increasing Subsequence,12.5,0.005256556028467663,https://leetcode.com/problems/number-of-longest-increasing-subsequence,"Array, Dynamic Programming, Binary Indexed Tree, Segment Tree, Longest Increasing Subsequence"
EASY,Maximum Number of Words Found in Sentences,12.5,0.008672748460261592,https://leetcode.com/problems/maximum-number-of-words-found-in-sentences,"Array, String"
MEDIUM,Smallest Missing Non-negative Integer After Operations,12.5,0.005593594326623821,https://leetcode.com/problems/smallest-missing-non-negative-integer-after-operations,"Array, Hash Table, Math, Greedy"
MEDIUM,Get Biggest Three Rhombus Sums in a Grid,12.5,0.007133801097750162,https://leetcode.com/problems/get-biggest-three-rhombus-sums-in-a-grid,"Array, Math, Sorting, Heap (Priority Queue), Matrix, Prefix Sum"
MEDIUM,Find the Minimum Amount of Time to Brew Potions,12.5,0.006269069446727022,https://leetcode.com/problems/find-the-minimum-amount-of-time-to-brew-potions,"Array, Simulation, Prefix Sum"
MEDIUM,Maximum Number of Distinct Elements After Operations,12.5,0.005211368557278316,https://leetcode.com/problems/maximum-number-of-distinct-elements-after-operations,"Array, Greedy, Sorting"
EASY,Find X-Sum of All K-Long Subarrays I,12.5,0.007608908927714113,https://leetcode.com/problems/find-x-sum-of-all-k-long-subarrays-i,"Array, Hash Table, Sliding Window, Heap (Priority Queue)"
MEDIUM,Pyramid Transition Matrix,12.5,0.00606007862602126,https://leetcode.com/problems/pyramid-transition-matrix,"Hash Table, String, Backtracking, Bit Manipulation"
HARD,Number of Ways to Paint N × 3 Grid,12.5,0.008055694990836184,https://leetcode.com/problems/number-of-ways-to-paint-n-3-grid,"Dynamic Programming, Graph Coloring"
EASY,N-Repeated Element in Size 2N Array,12.5,0.007998950092984666,https://leetcode.com/problems/n-repeated-element-in-size-2n-array,"Array, Hash Table, Pigeonhole Principle"
MEDIUM,Best Time to Buy and Sell Stock using Strategy,12.5,0.0059724595749985725,https://leetcode.com/problems/best-time-to-buy-and-sell-stock-using-strategy,"Array, Sliding Window, Prefix Sum"
MEDIUM,Construct the Minimum Bitwise Array II,12.5,0.0066653919206598085,https://leetcode.com/problems/construct-the-minimum-bitwise-array-ii,"Array, Bit Manipulation"
EASY,Construct the Minimum Bitwise Array I,12.5,0.008496115695489857,https://leetcode.com/problems/construct-the-minimum-bitwise-array-i,"Array, Bit Manipulation"
MEDIUM,Delete Columns to Make Sorted II,12.5,0.004972490318656072,https://leetcode.com/problems/delete-columns-to-make-sorted-ii,"Array, String, Greedy"
HARD,Find Minimum in Rotated Sorted Array II,8.9,0.004688584306009324,https://leetcode.com/problems/find-minimum-in-rotated-sorted-array-ii,"Array, Binary Search"
HARD,Create Maximum Number,8.9,0.003648742602965924,https://leetcode.com/problems/create-maximum-number,"Array, Two Pointers, Stack, Greedy, Monotonic Stack"
MEDIUM,Maximum Size Subarray Sum Equals k,8.9,0.005093501157091055,https://leetcode.com/problems/maximum-size-subarray-sum-equals-k,"Array, Hash Table, Prefix Sum"
MEDIUM,Find Leaves of Binary Tree,8.9,0.008134896034046544,https://leetcode.com/problems/find-leaves-of-binary-tree,"Tree, Depth-First Search, Binary Tree, DP on Trees"
MEDIUM,Random Pick Index,8.9,0.006512372289071319,https://leetcode.com/problems/random-pick-index,"Hash Table, Math, Reservoir Sampling, Randomized"
MEDIUM,Arithmetic Slices,8.9,0.006487843231093982,https://leetcode.com/problems/arithmetic-slices,"Array, Dynamic Programming, Sliding Window"
MEDIUM,Find Right Interval,8.9,0.0056368022488860236,https://leetcode.com/problems/find-right-interval,"Array, Binary Search, Sorting"
EASY,Keyboard Row,8.9,0.0074272490313792424,https://leetcode.com/problems/keyboard-row,"Array, Hash Table, String"
HARD,Super Washing Machines,8.9,0.004520365717181528,https://leetcode.com/problems/super-washing-machines,"Array, Greedy"
MEDIUM,K-diff Pairs in an Array,8.9,0.004623800534432179,https://leetcode.com/problems/k-diff-pairs-in-an-array,"Array, Hash Table, Two Pointers, Binary Search, Sorting"
MEDIUM,Encode and Decode TinyURL,8.9,0.008660179620316994,https://leetcode.com/problems/encode-and-decode-tinyurl,"Hash Table, String, Design, Hash Function"
MEDIUM,Convert BST to Greater Tree,8.9,0.007186410189799178,https://leetcode.com/problems/convert-bst-to-greater-tree,"Tree, Depth-First Search, Binary Search Tree, Binary Tree"
MEDIUM,Shopping Offers,8.9,0.005270919274645246,https://leetcode.com/problems/shopping-offers,"Array, Dynamic Programming, Backtracking, Bit Manipulation, Memoization, Bitmask, Knapsack Problem, Complete Knapsack"
HARD,Strange Printer,8.9,0.006098002294860102,https://leetcode.com/problems/strange-printer,"String, Dynamic Programming"
HARD,Range Module,8.9,0.004541228984331049,https://leetcode.com/problems/range-module,"Design, Segment Tree, Ordered Set"
EASY,Design HashSet,8.9,0.006836048569439832,https://leetcode.com/problems/design-hashset,"Array, Hash Table, Linked List, Design, Hash Function"
MEDIUM,Linked List Components,8.9,0.005816591402055257,https://leetcode.com/problems/linked-list-components,"Array, Hash Table, Linked List"
EASY,Most Common Word,8.9,0.004532118254991219,https://leetcode.com/problems/most-common-word,"Array, Hash Table, String, Counting"
EASY,Flipping an Image,8.9,0.008395032920370298,https://leetcode.com/problems/flipping-an-image,"Array, Two Pointers, Bit Manipulation, Matrix, Simulation"
HARD,Shortest Path Visiting All Nodes,8.9,0.006625950882059294,https://leetcode.com/problems/shortest-path-visiting-all-nodes,"Dynamic Programming, Bit Manipulation, Breadth-First Search, Graph Theory, Bitmask"
HARD,Super Egg Drop,8.9,0.003075075684053479,https://leetcode.com/problems/super-egg-drop,"Math, Binary Search, Dynamic Programming"
EASY,Increasing Order Search Tree,8.9,0.007908691695108078,https://leetcode.com/problems/increasing-order-search-tree,"Stack, Tree, Depth-First Search, Binary Search Tree, Binary Tree"
MEDIUM,Knight Dialer,8.9,0.006210596813198136,https://leetcode.com/problems/knight-dialer,Dynamic Programming
EASY,Range Sum of BST,8.9,0.00876272321001664,https://leetcode.com/problems/range-sum-of-bst,"Tree, Depth-First Search, Binary Search Tree, Binary Tree"
MEDIUM,Regions Cut By Slashes,8.9,0.007754371032379332,https://leetcode.com/problems/regions-cut-by-slashes,"Array, Hash Table, Depth-First Search, Breadth-First Search, Union-Find, Matrix, Planar Graph"
MEDIUM,Uncrossed Lines,8.9,0.00655189909647371,https://leetcode.com/problems/uncrossed-lines,"Array, Dynamic Programming, Longest Common Subsequence"
EASY,Height Checker,8.9,0.008194217210980577,https://leetcode.com/problems/height-checker,"Array, Sorting, Counting Sort, Bubble Sort"
EASY,Duplicate Zeros,8.9,0.0053945699253038605,https://leetcode.com/problems/duplicate-zeros,"Array, Two Pointers"
MEDIUM,Delete Nodes And Return Forest,8.9,0.007248231636643305,https://leetcode.com/problems/delete-nodes-and-return-forest,"Array, Hash Table, Tree, Depth-First Search, Binary Tree"
MEDIUM,Stone Game II,8.9,0.007573751519623717,https://leetcode.com/problems/stone-game-ii,"Array, Math, Dynamic Programming, Minimax, Prefix Sum, Game Theory, Zero-Sum Game"
MEDIUM,Number of Dice Rolls With Target Sum,8.9,0.006255739806969208,https://leetcode.com/problems/number-of-dice-rolls-with-target-sum,Dynamic Programming
MEDIUM,Remove Zero Sum Consecutive Nodes from Linked List,8.9,0.005328955051243696,https://leetcode.com/problems/remove-zero-sum-consecutive-nodes-from-linked-list,"Hash Table, Linked List"
EASY,Three Consecutive Odds,8.9,0.006932602222383616,https://leetcode.com/problems/three-consecutive-odds,Array
HARD,Kth Ancestor of a Tree Node,8.9,0.003942548604502108,https://leetcode.com/problems/kth-ancestor-of-a-tree-node,"Binary Search, Dynamic Programming, Bit Manipulation, Tree, Depth-First Search, Breadth-First Search, Design, Binary Lifting"
MEDIUM,Group the People Given the Group Size They Belong To,8.9,0.008751792081129769,https://leetcode.com/problems/group-the-people-given-the-group-size-they-belong-to,"Array, Hash Table, Greedy"
MEDIUM,Find the City With the Smallest Number of Neighbors at a Threshold Distance,8.9,0.007362738412580332,https://leetcode.com/problems/find-the-city-with-the-smallest-number-of-neighbors-at-a-threshold-distance,"Dynamic Programming, Graph Theory, Shortest Path, Dijkstra's Algorithm, Bellman–Ford Algorithm, Floyd–Warshall Algorithm"
MEDIUM,Minimum Number of Steps to Make Two Strings Anagram,8.9,0.00825798447823202,https://leetcode.com/problems/minimum-number-of-steps-to-make-two-strings-anagram,"Hash Table, String, Counting"
EASY,Maximum Score After Splitting a String,8.9,0.006506300958595659,https://leetcode.com/problems/maximum-score-after-splitting-a-string,"String, Prefix Sum"
EASY,Destination City,8.9,0.00795429794316966,https://leetcode.com/problems/destination-city,"Array, Hash Table, String"
EASY,Water Bottles,8.9,0.007256274715843006,https://leetcode.com/problems/water-bottles,"Math, Simulation"
EASY,Count Good Triplets,8.9,0.008554768351296664,https://leetcode.com/problems/count-good-triplets,"Array, Enumeration"
MEDIUM,Dot Product of Two Sparse Vectors,8.9,0.008989200350449289,https://leetcode.com/problems/dot-product-of-two-sparse-vectors,"Array, Hash Table, Two Pointers, Design, Linear Algebra"
EASY,Widest Vertical Area Between Two Points Containing No Points,8.9,0.00871238017782183,https://leetcode.com/problems/widest-vertical-area-between-two-points-containing-no-points,"Array, Sorting"
MEDIUM,Determine if Two Strings Are Close,8.9,0.005440455426445262,https://leetcode.com/problems/determine-if-two-strings-are-close,"Hash Table, String, Sorting, Counting"
EASY,Check If Two String Arrays are Equivalent,8.9,0.00861746388608936,https://leetcode.com/problems/check-if-two-string-arrays-are-equivalent,"Array, String"
MEDIUM,Partitioning Into Minimum Number Of Deci-Binary Numbers,8.9,0.009046833477298366,https://leetcode.com/problems/partitioning-into-minimum-number-of-deci-binary-numbers,"String, Greedy"
MEDIUM,Maximum Ice Cream Bars,8.9,0.007725355325020211,https://leetcode.com/problems/maximum-ice-cream-bars,"Array, Greedy, Sorting, Counting Sort"
MEDIUM,Single-Threaded CPU,8.9,0.004802563716229529,https://leetcode.com/problems/single-threaded-cpu,"Array, Sorting, Heap (Priority Queue)"
MEDIUM,Process Tasks Using Servers,8.9,0.004206867870722434,https://leetcode.com/problems/process-tasks-using-servers,"Array, Heap (Priority Queue)"
EASY,Count Number of Pairs With Absolute Difference K,8.9,0.00854468384511118,https://leetcode.com/problems/count-number-of-pairs-with-absolute-difference-k,"Array, Hash Table, Counting"
HARD,GCD Sort of an Array,8.9,0.005087148643672518,https://leetcode.com/problems/gcd-sort-of-an-array,"Array, Math, Union-Find, Sorting, Number Theory, Prime Factorization, Euclidean Algorithm, Greatest Common Divisor"
MEDIUM,Find the Minimum and Maximum Number of Nodes Between Critical Points,8.9,0.0069447458957722415,https://leetcode.com/problems/find-the-minimum-and-maximum-number-of-nodes-between-critical-points,Linked List
HARD,Maximum Employees to Be Invited to a Meeting,8.9,0.006176873530313873,https://leetcode.com/problems/maximum-employees-to-be-invited-to-a-meeting,"Array, Dynamic Programming, Depth-First Search, Graph Theory, Topological Sort, Kosaraju's Algorithm, Tarjan's SCC Algorithm"
MEDIUM,Merge Nodes in Between Zeros,8.9,0.0089709014556825,https://leetcode.com/problems/merge-nodes-in-between-zeros,"Linked List, Simulation"
EASY,Minimum Bit Flips to Convert Number,8.9,0.008794639557180812,https://leetcode.com/problems/minimum-bit-flips-to-convert-number,Bit Manipulation
MEDIUM,Minimum Rounds to Complete All Tasks,8.9,0.0063400285047847315,https://leetcode.com/problems/minimum-rounds-to-complete-all-tasks,"Array, Hash Table, Greedy, Counting"
HARD,Longest Path With Different Adjacent Characters,8.9,0.005401281950716616,https://leetcode.com/problems/longest-path-with-different-adjacent-characters,"Array, String, Tree, Depth-First Search, Graph Theory, Topological Sort"
EASY,Decode the Message,8.9,0.008593737426840978,https://leetcode.com/problems/decode-the-message,"Hash Table, String"
EASY,Largest Positive Integer That Exists With Its Negative,8.9,0.007449263151072258,https://leetcode.com/problems/largest-positive-integer-that-exists-with-its-negative,"Array, Hash Table, Two Pointers, Sorting"
MEDIUM,Minimize Maximum of Array,8.9,0.004659470619662958,https://leetcode.com/problems/minimize-maximum-of-array,"Array, Binary Search, Dynamic Programming, Greedy, Prefix Sum"
MEDIUM,Minimum Number of Operations to Sort a Binary Tree by Level,8.9,0.007422782370543186,https://leetcode.com/problems/minimum-number-of-operations-to-sort-a-binary-tree-by-level,"Tree, Breadth-First Search, Binary Tree"
MEDIUM,Count the Number of Good Subarrays,8.9,0.006573250520830793,https://leetcode.com/problems/count-the-number-of-good-subarrays,"Array, Hash Table, Sliding Window"
MEDIUM,Maximum Subsequence Score,8.9,0.005493649420901799,https://leetcode.com/problems/maximum-subsequence-score,"Array, Greedy, Sorting, Heap (Priority Queue)"
EASY,Apply Transform Over Each Element in Array,8.9,0.008618083473430304,https://leetcode.com/problems/apply-transform-over-each-element-in-array,
EASY,Number of Employees Who Met the Target,8.9,0.008771155708035206,https://leetcode.com/problems/number-of-employees-who-met-the-target,Array
EASY,Find Words Containing Character,8.9,0.009041328323839535,https://leetcode.com/problems/find-words-containing-character,"Array, String"
MEDIUM,Count Subarrays Where Max Element Appears at Least K Times,8.9,0.006231792273590881,https://leetcode.com/problems/count-subarrays-where-max-element-appears-at-least-k-times,"Array, Sliding Window"
MEDIUM,Longest Turbulent Subarray,8.9,0.00494024618234803,https://leetcode.com/problems/longest-turbulent-subarray,"Array, Dynamic Programming, Sliding Window"
EASY,Convert the Temperature,8.9,0.0090372733469666,https://leetcode.com/problems/convert-the-temperature,Math
HARD,Count Subarrays With Fixed Bounds,8.9,0.006917435037720032,https://leetcode.com/problems/count-subarrays-with-fixed-bounds,"Array, Queue, Sliding Window, Monotonic Queue"
EASY,Minimum Number of Moves to Seat Everyone,8.9,0.00871119025003201,https://leetcode.com/problems/minimum-number-of-moves-to-seat-everyone,"Array, Greedy, Sorting, Counting Sort"
MEDIUM,Merge In Between Linked Lists,8.9,0.008312781011266358,https://leetcode.com/problems/merge-in-between-linked-lists,Linked List
MEDIUM,Most Frequent Subtree Sum,8.9,0.006958832203791288,https://leetcode.com/problems/most-frequent-subtree-sum,"Hash Table, Tree, Depth-First Search, Binary Tree, DP on Trees"
MEDIUM,Find the Length of the Longest Common Prefix,8.9,0.006226097083965104,https://leetcode.com/problems/find-the-length-of-the-longest-common-prefix,"Array, Hash Table, String, Trie"
HARD,Reaching Points,8.9,0.003458701577599736,https://leetcode.com/problems/reaching-points,"Math, Euclidean Algorithm, Greatest Common Divisor"
EASY,Degree of an Array,8.9,0.005860293432791094,https://leetcode.com/problems/degree-of-an-array,"Array, Hash Table"
MEDIUM,Minimum Number of Operations to Make Array XOR Equal to K,8.9,0.00851221661028576,https://leetcode.com/problems/minimum-number-of-operations-to-make-array-xor-equal-to-k,"Array, Bit Manipulation"
MEDIUM,Kth Largest Sum in a Binary Tree,8.9,0.005895348837209302,https://leetcode.com/problems/kth-largest-sum-in-a-binary-tree,"Tree, Breadth-First Search, Sorting, Binary Tree"
MEDIUM,Design Memory Allocator,8.9,0.005055737393861771,https://leetcode.com/problems/design-memory-allocator,"Array, Hash Table, Design, Simulation"
MEDIUM,Minimum Array End,8.9,0.005529706461013506,https://leetcode.com/problems/minimum-array-end,Bit Manipulation
MEDIUM,Jump Game VII,8.9,0.003564442419669424,https://leetcode.com/problems/jump-game-vii,"String, Dynamic Programming, Sliding Window, Prefix Sum"
HARD,Strong Password Checker,8.9,0.0016265836020824846,https://leetcode.com/problems/strong-password-checker,"String, Greedy, Heap (Priority Queue)"
EASY,Find Users With Valid E-Mails,8.9,0.003539850283277924,https://leetcode.com/problems/find-users-with-valid-e-mails,Database
MEDIUM,Minesweeper,8.9,0.006889985271010133,https://leetcode.com/problems/minesweeper,"Array, Depth-First Search, Breadth-First Search, Matrix"
EASY,Sum of Root To Leaf Binary Numbers,8.9,0.00766771853697806,https://leetcode.com/problems/sum-of-root-to-leaf-binary-numbers,"Tree, Depth-First Search, Binary Tree"
MEDIUM,Number of Smooth Descent Periods of a Stock,8.9,0.006765353605160101,https://leetcode.com/problems/number-of-smooth-descent-periods-of-a-stock,"Array, Math, Two Pointers, Dynamic Programming, Sliding Window"
HARD,Number of Distinct Islands II,8.9,0.005557809330628803,https://leetcode.com/problems/number-of-distinct-islands-ii,"Array, Hash Table, Depth-First Search, Breadth-First Search, Union-Find, Sorting, Matrix, Hash Function"
MEDIUM,Count the Hidden Sequences,8.9,0.0056686478792536575,https://leetcode.com/problems/count-the-hidden-sequences,"Array, Prefix Sum"
EASY,Minimum Sum of Four Digit Number After Splitting Digits,8.9,0.008634826980562527,https://leetcode.com/problems/minimum-sum-of-four-digit-number-after-splitting-digits,"Math, Greedy, Sorting"
MEDIUM,Partition Array Such That Maximum Difference Is K,8.9,0.008177398781121557,https://leetcode.com/problems/partition-array-such-that-maximum-difference-is-k,"Array, Greedy, Sorting"
MEDIUM,Minimum Sum of Squared Difference,8.9,0.002700109051254089,https://leetcode.com/problems/minimum-sum-of-squared-difference,"Array, Binary Search, Greedy, Sorting, Heap (Priority Queue)"
MEDIUM,Rotate Function,8.9,0.005414634651157376,https://leetcode.com/problems/rotate-function,"Array, Math, Dynamic Programming"
HARD,Orderly Queue,8.9,0.006715017392439472,https://leetcode.com/problems/orderly-queue,"Math, String, Sorting, Lexicographically Minimal String Rotation"
MEDIUM,Largest Combination With Bitwise AND Greater Than Zero,8.9,0.00807305759567066,https://leetcode.com/problems/largest-combination-with-bitwise-and-greater-than-zero,"Array, Hash Table, Bit Manipulation, Counting"
MEDIUM,Length of the Longest Subsequence That Sums to Target,8.9,0.004032591595840466,https://leetcode.com/problems/length-of-the-longest-subsequence-that-sums-to-target,"Array, Dynamic Programming, Knapsack Problem, 0-1 Knapsack"
MEDIUM,Best Sightseeing Pair,8.9,0.006270127776751682,https://leetcode.com/problems/best-sightseeing-pair,"Array, Dynamic Programming"
EASY,Self Dividing Numbers,8.9,0.008113424091923633,https://leetcode.com/problems/self-dividing-numbers,Math
EASY,Check if Two Chessboard Squares Have the Same Color,8.9,0.007219444200758351,https://leetcode.com/problems/check-if-two-chessboard-squares-have-the-same-color,"Math, String"
HARD,Dinner Plate Stacks,8.9,0.0033934322405034297,https://leetcode.com/problems/dinner-plate-stacks,"Hash Table, Stack, Design, Heap (Priority Queue)"
MEDIUM,Maximize Score of Numbers in Ranges,8.9,0.0035680241065090467,https://leetcode.com/problems/maximize-score-of-numbers-in-ranges,"Array, Binary Search, Greedy, Sorting"
MEDIUM,Split a String Into the Max Number of Unique Substrings,8.9,0.006874664743401925,https://leetcode.com/problems/split-a-string-into-the-max-number-of-unique-substrings,"Hash Table, String, Backtracking"
EASY,Sort By,8.9,0.008302832959727913,https://leetcode.com/problems/sort-by,
MEDIUM,Graph Valid Tree,8.9,0.0050108892455387145,https://leetcode.com/problems/graph-valid-tree,"Depth-First Search, Breadth-First Search, Union-Find, Graph Theory"
MEDIUM,Grid Game,8.9,0.006087752399581101,https://leetcode.com/problems/grid-game,"Array, Matrix, Prefix Sum"
MEDIUM,Prime Palindrome,8.9,0.002850954423187028,https://leetcode.com/problems/prime-palindrome,"Math, Number Theory, Primality Test"
MEDIUM,Construct K Palindrome Strings,8.9,0.006851005866214332,https://leetcode.com/problems/construct-k-palindrome-strings,"Hash Table, String, Greedy, Counting"
MEDIUM,Maximal Score After Applying K Operations,8.9,0.006418697924455232,https://leetcode.com/problems/maximal-score-after-applying-k-operations,"Array, Greedy, Heap (Priority Queue)"
EASY,Convert a Number to Hexadecimal,8.9,0.005473439004102842,https://leetcode.com/problems/convert-a-number-to-hexadecimal,"Math, String, Bit Manipulation"
MEDIUM,Bitwise ORs of Subarrays,8.9,0.0056960917509189255,https://leetcode.com/problems/bitwise-ors-of-subarrays,"Array, Dynamic Programming, Bit Manipulation"
EASY,Minimum Subsequence in Non-Increasing Order,8.9,0.007404808226792663,https://leetcode.com/problems/minimum-subsequence-in-non-increasing-order,"Array, Greedy, Sorting"
EASY,DI String Match,8.9,0.008126365738745188,https://leetcode.com/problems/di-string-match,"Array, Two Pointers, String, Greedy"
MEDIUM,Flip Columns For Maximum Number of Equal Rows,8.9,0.007850657022932157,https://leetcode.com/problems/flip-columns-for-maximum-number-of-equal-rows,"Array, Hash Table, Matrix"
HARD,Minimum Operations to Make a Subsequence,8.9,0.005001167610485142,https://leetcode.com/problems/minimum-operations-to-make-a-subsequence,"Array, Hash Table, Binary Search, Greedy, Longest Increasing Subsequence"
HARD,Find Building Where Alice and Bob Can Meet,8.9,0.005257066213033237,https://leetcode.com/problems/find-building-where-alice-and-bob-can-meet,"Array, Binary Search, Stack, Binary Indexed Tree, Segment Tree, Heap (Priority Queue), Monotonic Stack"
MEDIUM,Maximum Number of Removable Characters,8.9,0.004767209248457537,https://leetcode.com/problems/maximum-number-of-removable-characters,"Array, Two Pointers, String, Binary Search"
EASY,Minimum Cuts to Divide a Circle,8.9,0.00566020955504294,https://leetcode.com/problems/minimum-cuts-to-divide-a-circle,"Math, Geometry"
MEDIUM,Find the Lexicographically Largest String From the Box I,8.9,0.004093887655174925,https://leetcode.com/problems/find-the-lexicographically-largest-string-from-the-box-i,"Two Pointers, String, Enumeration"
EASY,Alternating Groups I,8.9,0.006943069528081054,https://leetcode.com/problems/alternating-groups-i,"Array, Sliding Window"
HARD,Parallel Courses III,8.9,0.006681134524149296,https://leetcode.com/problems/parallel-courses-iii,"Array, Dynamic Programming, Graph Theory, Topological Sort, Directed Acyclic Graph"
MEDIUM,Circular Array Loop,8.9,0.0038185646385647037,https://leetcode.com/problems/circular-array-loop,"Array, Hash Table, Two Pointers, Floyd's Cycle Finding Algorithm"
EASY,Minimum Operations to Make the Array Increasing,8.9,0.008235287396379052,https://leetcode.com/problems/minimum-operations-to-make-the-array-increasing,"Array, Greedy"
MEDIUM,Count Ways To Build Good Strings,8.9,0.005884266294565346,https://leetcode.com/problems/count-ways-to-build-good-strings,Dynamic Programming
EASY,Binary Watch,8.9,0.006608471710577882,https://leetcode.com/problems/binary-watch,"Backtracking, Bit Manipulation"
EASY,Maximum Ascending Subarray Sum,8.9,0.0066285117250986765,https://leetcode.com/problems/maximum-ascending-subarray-sum,Array
MEDIUM,Tuple with Same Product,8.9,0.007006543056238213,https://leetcode.com/problems/tuple-with-same-product,"Array, Hash Table, Counting"
MEDIUM,Maximum Coins From K Consecutive Bags,8.9,0.002659080459770115,https://leetcode.com/problems/maximum-coins-from-k-consecutive-bags,"Array, Binary Search, Greedy, Sliding Window, Sorting, Prefix Sum"
MEDIUM,Employee Importance,8.9,0.006971816786258701,https://leetcode.com/problems/employee-importance,"Array, Hash Table, Tree, Depth-First Search, Breadth-First Search"
HARD,Data Stream as Disjoint Intervals,8.9,0.006048996533869656,https://leetcode.com/problems/data-stream-as-disjoint-intervals,"Hash Table, Binary Search, Union-Find, Design, Data Stream, Ordered Set"
HARD,Minimum Cost to Make at Least One Valid Path in a Grid,8.9,0.007112809220543213,https://leetcode.com/problems/minimum-cost-to-make-at-least-one-valid-path-in-a-grid,"Array, Breadth-First Search, Graph Theory, Heap (Priority Queue), Matrix, Shortest Path, 0-1 BFS, Dijkstra's Algorithm"
MEDIUM,Paint House IV,8.9,0.004589132134480063,https://leetcode.com/problems/paint-house-iv,"Array, Dynamic Programming"
EASY,Find the Middle Index in Array,8.9,0.0070348729608968085,https://leetcode.com/problems/find-the-middle-index-in-array,"Array, Prefix Sum"
EASY,Rectangle Overlap,8.9,0.004698164748381719,https://leetcode.com/problems/rectangle-overlap,"Math, Geometry"
EASY,Group Sold Products By The Date,8.9,0.007817969146954214,https://leetcode.com/problems/group-sold-products-by-the-date,Database
MEDIUM,Number of Pairs of Interchangeable Rectangles,8.9,0.0052984216753232585,https://leetcode.com/problems/number-of-pairs-of-interchangeable-rectangles,"Array, Hash Table, Math, Counting, Number Theory"
MEDIUM,Count of Substrings Containing Every Vowel and K Consonants II,8.9,0.004074959318297143,https://leetcode.com/problems/count-of-substrings-containing-every-vowel-and-k-consonants-ii,"Hash Table, String, Sliding Window"
MEDIUM,Find the Number of Distinct Colors Among the Balls,8.9,0.0054072049627075245,https://leetcode.com/problems/find-the-number-of-distinct-colors-among-the-balls,"Array, Hash Table, Simulation"
HARD,Maximum Difference Between Even and Odd Frequency II,8.9,0.0048367925839334905,https://leetcode.com/problems/maximum-difference-between-even-and-odd-frequency-ii,"String, Sliding Window, Enumeration, Prefix Sum"
EASY,N-ary Tree Preorder Traversal,8.9,0.0076931966150750606,https://leetcode.com/problems/n-ary-tree-preorder-traversal,"Stack, Tree, Depth-First Search"
MEDIUM,Minimum Operations to Exceed Threshold Value II,8.9,0.004578243788313047,https://leetcode.com/problems/minimum-operations-to-exceed-threshold-value-ii,"Array, Heap (Priority Queue), Simulation"
HARD,Escape a Large Maze,8.9,0.0037030110110606042,https://leetcode.com/problems/escape-a-large-maze,"Array, Hash Table, Depth-First Search, Breadth-First Search, Bidirectional Search"
MEDIUM,Minimum Score of a Path Between Two Cities,8.9,0.006624271211578787,https://leetcode.com/problems/minimum-score-of-a-path-between-two-cities,"Depth-First Search, Breadth-First Search, Union-Find, Graph Theory"
MEDIUM,Parallel Courses,8.9,0.0062361528928101505,https://leetcode.com/problems/parallel-courses,"Graph Theory, Topological Sort, Directed Acyclic Graph"
HARD,Longest Cycle in a Graph,8.9,0.005104690549361806,https://leetcode.com/problems/longest-cycle-in-a-graph,"Depth-First Search, Breadth-First Search, Graph Theory, Topological Sort, Kosaraju's Algorithm, Tarjan's SCC Algorithm"
HARD,Analyze Organization Hierarchy,8.9,0.00619671100869383,https://leetcode.com/problems/analyze-organization-hierarchy,Database
HARD,Divide Nodes Into the Maximum Number of Groups,8.9,0.006685879839096017,https://leetcode.com/problems/divide-nodes-into-the-maximum-number-of-groups,"Depth-First Search, Breadth-First Search, Union-Find, Graph Theory"
HARD,Sliding Puzzle,8.9,0.007455241808372254,https://leetcode.com/problems/sliding-puzzle,"Array, Dynamic Programming, Backtracking, Breadth-First Search, Memoization, Matrix, Heuristic Search, Bidirectional Search, A* Search"
EASY,Get Maximum in Generated Array,8.9,0.0051632065476720015,https://leetcode.com/problems/get-maximum-in-generated-array,"Array, Simulation"
EASY,Minimum Recolors to Get K Consecutive Black Blocks,8.9,0.006893947094967019,https://leetcode.com/problems/minimum-recolors-to-get-k-consecutive-black-blocks,"String, Sliding Window"
MEDIUM,Check if Grid can be Cut into Sections,8.9,0.00680329527732473,https://leetcode.com/problems/check-if-grid-can-be-cut-into-sections,"Array, Sorting"
EASY,Construct the Rectangle,8.9,0.006486511055480189,https://leetcode.com/problems/construct-the-rectangle,Math
HARD,Count Unique Characters of All Substrings of a Given String,8.9,0.005393692904517582,https://leetcode.com/problems/count-unique-characters-of-all-substrings-of-a-given-string,"Hash Table, String, Dynamic Programming"
EASY,Divide Array Into Equal Pairs,8.9,0.007922885572139304,https://leetcode.com/problems/divide-array-into-equal-pairs,"Array, Hash Table, Bit Manipulation, Counting"
MEDIUM,Finding Pairs With a Certain Sum,8.9,0.006154366988351633,https://leetcode.com/problems/finding-pairs-with-a-certain-sum,"Array, Hash Table, Design"
EASY,Maximum Number of Words You Can Type,8.9,0.008293671488622959,https://leetcode.com/problems/maximum-number-of-words-you-can-type,"Hash Table, String"
EASY,Minimum Absolute Difference,8.9,0.007518446875455541,https://leetcode.com/problems/minimum-absolute-difference,"Array, Sorting"
HARD,Count Subarrays With Score Less Than K,8.9,0.00622133796558132,https://leetcode.com/problems/count-subarrays-with-score-less-than-k,"Array, Binary Search, Sliding Window, Prefix Sum"
MEDIUM,Longest Binary Subsequence Less Than or Equal to K,8.9,0.0052736582252341895,https://leetcode.com/problems/longest-binary-subsequence-less-than-or-equal-to-k,"String, Dynamic Programming, Greedy, Memoization"
MEDIUM,Push Dominoes,8.9,0.006306377625714379,https://leetcode.com/problems/push-dominoes,"Two Pointers, String, Dynamic Programming"
EASY,Swap Sex of Employees,8.9,0.008486626417137046,https://leetcode.com/problems/swap-sex-of-employees,Database
HARD,The Earliest and Latest Rounds Where Players Compete,8.9,0.007205348527317006,https://leetcode.com/problems/the-earliest-and-latest-rounds-where-players-compete,"Dynamic Programming, Memoization"
HARD,Remove Boxes,8.9,0.004964536873378211,https://leetcode.com/problems/remove-boxes,"Array, Dynamic Programming, Memoization"
HARD,Count the Number of Ideal Arrays,8.9,0.005690617034578945,https://leetcode.com/problems/count-the-number-of-ideal-arrays,"Math, Dynamic Programming, Combinatorics, Number Theory, Prime Factorization, Fermat's Little Theorem"
MEDIUM,Number of Adjacent Elements With the Same Color,8.9,0.0059793453235009505,https://leetcode.com/problems/number-of-adjacent-elements-with-the-same-color,Array
HARD,Maximum Frequency of an Element After Performing Operations II,8.9,0.0053618487894086945,https://leetcode.com/problems/maximum-frequency-of-an-element-after-performing-operations-ii,"Array, Binary Search, Sliding Window, Sorting, Prefix Sum"
MEDIUM,Minimum Moves to Equal Array Elements II,8.9,0.006229422061925897,https://leetcode.com/problems/minimum-moves-to-equal-array-elements-ii,"Array, Math, Sorting"
EASY,Max Pair Sum in an Array,8.9,0.006121219133570527,https://leetcode.com/problems/max-pair-sum-in-an-array,"Array, Hash Table"
EASY,Smallest Number With All Set Bits,8.9,0.008012704663771478,https://leetcode.com/problems/smallest-number-with-all-set-bits,"Math, Bit Manipulation"
EASY,The Two Sneaky Numbers of Digitville,8.9,0.008961152512733965,https://leetcode.com/problems/the-two-sneaky-numbers-of-digitville,"Array, Hash Table, Math"
MEDIUM,Minimum Time to Make Rope Colorful,8.9,0.006518978862639468,https://leetcode.com/problems/minimum-time-to-make-rope-colorful,"Array, String, Dynamic Programming, Greedy"
MEDIUM,Market Analysis I,8.9,0.00576483438954352,https://leetcode.com/problems/market-analysis-i,Database
EASY,Number of Segments in a String,8.9,0.0037657943612227495,https://leetcode.com/problems/number-of-segments-in-a-string,String
EASY,Check if All the Integers in a Range Are Covered,8.9,0.005126615537565687,https://leetcode.com/problems/check-if-all-the-integers-in-a-range-are-covered,"Array, Hash Table, Prefix Sum"
MEDIUM,Count Collisions of Monkeys on a Polygon,8.9,0.0030393634660522404,https://leetcode.com/problems/count-collisions-of-monkeys-on-a-polygon,"Math, Recursion"
MEDIUM,Smallest Integer Divisible by K,8.9,0.005416445754503174,https://leetcode.com/problems/smallest-integer-divisible-by-k,"Hash Table, Math, Pigeonhole Principle"
HARD,Paths in Matrix Whose Sum Is Divisible by K,8.9,0.005870994180804851,https://leetcode.com/problems/paths-in-matrix-whose-sum-is-divisible-by-k,"Array, Dynamic Programming, Matrix"
HARD,Stream of Characters,8.9,0.005275669011799821,https://leetcode.com/problems/stream-of-characters,"Array, String, Design, Trie, Data Stream, Aho–Corasick Algorithm"
MEDIUM,Matchsticks to Square,8.9,0.004219489582726074,https://leetcode.com/problems/matchsticks-to-square,"Array, Dynamic Programming, Backtracking, Bit Manipulation, Bitmask"
EASY,Maximum Difference Between Adjacent Elements in a Circular Array,8.9,0.007561469842924009,https://leetcode.com/problems/maximum-difference-between-adjacent-elements-in-a-circular-array,Array
MEDIUM,Finding the Users Active Minutes,8.9,0.008095785269640108,https://leetcode.com/problems/finding-the-users-active-minutes,"Array, Hash Table"
EASY,Average of Levels in Binary Tree,8.9,0.007513788341349755,https://leetcode.com/problems/average-of-levels-in-binary-tree,"Tree, Depth-First Search, Breadth-First Search, Binary Tree"
EASY,Check if All Characters Have Equal Number of Occurrences,8.9,0.007963356049603396,https://leetcode.com/problems/check-if-all-characters-have-equal-number-of-occurrences,"Hash Table, String, Counting"
EASY,Minimum Distance Between BST Nodes,8.9,0.006176286005278861,https://leetcode.com/problems/minimum-distance-between-bst-nodes,"Tree, Depth-First Search, Breadth-First Search, Binary Search Tree, Binary Tree"
MEDIUM,Reschedule Meetings for Maximum Free Time II,8.9,0.006007367106293795,https://leetcode.com/problems/reschedule-meetings-for-maximum-free-time-ii,"Array, Greedy, Enumeration"
HARD,Find the K-th Character in String Game II,8.9,0.004842936499292016,https://leetcode.com/problems/find-the-k-th-character-in-string-game-ii,"Math, Bit Manipulation, Recursion"
HARD,Minimize Malware Spread,8.9,0.004339433082167205,https://leetcode.com/problems/minimize-malware-spread,"Array, Hash Table, Depth-First Search, Breadth-First Search, Union-Find, Graph Theory"
MEDIUM,Largest Sum of Averages,8.9,0.005537805504007581,https://leetcode.com/problems/largest-sum-of-averages,"Array, Dynamic Programming, Prefix Sum"
MEDIUM,Minimum Operations to Reduce an Integer to 0,8.9,0.006317409505048017,https://leetcode.com/problems/minimum-operations-to-reduce-an-integer-to-0,"Dynamic Programming, Greedy, Bit Manipulation"
EASY,Check Balanced String,8.9,0.008310673344027544,https://leetcode.com/problems/check-balanced-string,String
EASY,Find Lucky Integer in an Array,8.9,0.007561447496126274,https://leetcode.com/problems/find-lucky-integer-in-an-array,"Array, Hash Table, Counting"
HARD,Rearranging Fruits,8.9,0.005725804127692192,https://leetcode.com/problems/rearranging-fruits,"Array, Hash Table, Greedy, Sort"
MEDIUM,Maximum XOR of Two Numbers in an Array,8.9,0.0053711624305365765,https://leetcode.com/problems/maximum-xor-of-two-numbers-in-an-array,"Array, Hash Table, Bit Manipulation, Trie"
MEDIUM,Longest Non-decreasing Subarray From Two Arrays,8.9,0.00314988367680301,https://leetcode.com/problems/longest-non-decreasing-subarray-from-two-arrays,"Array, Dynamic Programming"
HARD,Maximum Fruits Harvested After at Most K Steps,8.9,0.006098296417752828,https://leetcode.com/problems/maximum-fruits-harvested-after-at-most-k-steps,"Array, Binary Search, Sliding Window, Prefix Sum"
EASY,Find Closest Person,8.9,0.008900038901547329,https://leetcode.com/problems/find-closest-person,Math
EASY,Patients With a Condition,8.9,0.003916659724070211,https://leetcode.com/problems/patients-with-a-condition,Database
EASY,Partition Array Into Three Parts With Equal Sum,8.9,0.004300620194805622,https://leetcode.com/problems/partition-array-into-three-parts-with-equal-sum,"Array, Greedy"
MEDIUM,Rectangle Area,8.9,0.0050091411038843845,https://leetcode.com/problems/rectangle-area,"Math, Geometry"
EASY,Find Most Frequent Vowel and Consonant,8.9,0.008925696744096105,https://leetcode.com/problems/find-most-frequent-vowel-and-consonant,"Hash Table, String, Counting"
EASY,Minimum Time Visiting All Points,8.9,0.008484555476888844,https://leetcode.com/problems/minimum-time-visiting-all-points,"Array, Math, Geometry"
HARD,Minimum Operations to Equalize Binary String,8.9,0.004511900307940253,https://leetcode.com/problems/minimum-operations-to-equalize-binary-string,"Math, String, Breadth-First Search, Union-Find, Ordered Set"
HARD,Maximum Running Time of N Computers,8.9,0.0056378038356855046,https://leetcode.com/problems/maximum-running-time-of-n-computers,"Array, Binary Search, Greedy, Sorting"
MEDIUM,Maximum Number of Occurrences of a Substring,8.9,0.00548054328703419,https://leetcode.com/problems/maximum-number-of-occurrences-of-a-substring,"Hash Table, String, Sliding Window"
MEDIUM,Minimum Number of People to Teach,8.9,0.0067254724031173265,https://leetcode.com/problems/minimum-number-of-people-to-teach,"Array, Hash Table, Greedy"
MEDIUM,Queue Reconstruction by Height,8.9,0.007495314143230316,https://leetcode.com/problems/queue-reconstruction-by-height,"Array, Binary Indexed Tree, Segment Tree, Sorting"
EASY,Count Largest Group,8.9,0.007467370196739962,https://leetcode.com/problems/count-largest-group,"Hash Table, Math, Counting"
MEDIUM,Ugly Number III,8.9,0.0031865263563862754,https://leetcode.com/problems/ugly-number-iii,"Math, Binary Search, Combinatorics, Number Theory, Least Common Multiple, Euclidean Algorithm, Greatest Common Divisor, Inclusion-Exclusion Principle"
MEDIUM,Construct Product Matrix,8.9,0.005177703281234128,https://leetcode.com/problems/construct-product-matrix,"Array, Matrix, Prefix Sum"
EASY,Largest Triangle Area,8.9,0.007212223954470461,https://leetcode.com/problems/largest-triangle-area,"Array, Math, Geometry, Polygons"
EASY,Check if Binary String Has at Most One Segment of Ones,8.9,0.004933125940943103,https://leetcode.com/problems/check-if-binary-string-has-at-most-one-segment-of-ones,String
MEDIUM,Power Grid Maintenance,8.9,0.005590893834023284,https://leetcode.com/problems/power-grid-maintenance,"Array, Hash Table, Depth-First Search, Breadth-First Search, Union-Find, Graph Theory, Heap (Priority Queue), Ordered Set"
HARD,Maximize the Minimum Powered City,8.9,0.0061400301994754825,https://leetcode.com/problems/maximize-the-minimum-powered-city,"Array, Binary Search, Greedy, Queue, Sliding Window, Prefix Sum"
MEDIUM,Friends Of Appropriate Ages,8.9,0.0049984238967277096,https://leetcode.com/problems/friends-of-appropriate-ages,"Array, Two Pointers, Binary Search, Sorting"
MEDIUM,Minimum Number of Operations to Make All Array Elements Equal to 1,8.9,0.0054732895970009375,https://leetcode.com/problems/minimum-number-of-operations-to-make-all-array-elements-equal-to-1,"Array, Math, Number Theory, Euclidean Algorithm, Greatest Common Divisor"
MEDIUM,Detect Squares,8.9,0.0052898878687676655,https://leetcode.com/problems/detect-squares,"Array, Hash Table, Design, Counting, Data Stream"
EASY,Make Array Elements Equal to Zero,8.9,0.006814142625623845,https://leetcode.com/problems/make-array-elements-equal-to-zero,"Array, Simulation, Prefix Sum"
EASY,Minimum Operations to Make Array Sum Divisible by K,8.9,0.009232102071355438,https://leetcode.com/problems/minimum-operations-to-make-array-sum-divisible-by-k,"Array, Math"
MEDIUM,Maximum and Minimum Sums of at Most Size K Subsequences,8.9,0.002218808839560004,https://leetcode.com/problems/maximum-and-minimum-sums-of-at-most-size-k-subsequences,"Array, Math, Dynamic Programming, Sorting, Combinatorics"
MEDIUM,Maximum Number of Operations to Move Ones to the End,8.9,0.006691219690430675,https://leetcode.com/problems/maximum-number-of-operations-to-move-ones-to-the-end,"String, Greedy, Counting"
EASY,Count Operations to Obtain Zero,8.9,0.007977104791949442,https://leetcode.com/problems/count-operations-to-obtain-zero,"Math, Simulation"
MEDIUM,Paint House,8.9,0.006452206215691811,https://leetcode.com/problems/paint-house,"Array, Dynamic Programming"
MEDIUM,Ones and Zeroes,8.9,0.005368299056589846,https://leetcode.com/problems/ones-and-zeroes,"Array, String, Dynamic Programming, Knapsack Problem, 0-1 Knapsack"
EASY,Minimum Cost of Buying Candies With Discount,8.9,0.007160997364180335,https://leetcode.com/problems/minimum-cost-of-buying-candies-with-discount,"Array, Greedy, Sorting"
MEDIUM,Minimum Number of Flips to Make the Binary String Alternating,8.9,0.005369425310990028,https://leetcode.com/problems/minimum-number-of-flips-to-make-the-binary-string-alternating,"String, Dynamic Programming, Sliding Window"
EASY,Find Followers Count,8.9,0.006960936197223253,https://leetcode.com/problems/find-followers-count,Database
MEDIUM,Bag of Tokens,8.9,0.005985310531985863,https://leetcode.com/problems/bag-of-tokens,"Array, Two Pointers, Greedy, Sorting"
MEDIUM,Largest Magic Square,8.9,0.007520118191797555,https://leetcode.com/problems/largest-magic-square,"Array, Matrix, Prefix Sum"
MEDIUM,Count Salary Categories,8.9,0.006511271604555186,https://leetcode.com/problems/count-salary-categories,Database
EASY,Trionic Array I,8.9,0.004951486783052255,https://leetcode.com/problems/trionic-array-i,Array
HARD,Perfect Rectangle,8.9,0.003888214285714286,https://leetcode.com/problems/perfect-rectangle,"Array, Hash Table, Math, Geometry, Sweep Line"
MEDIUM,Maximize Active Section with Trade I,8.9,0.006095574569079963,https://leetcode.com/problems/maximize-active-section-with-trade-i,"String, Enumeration"
HARD,Longest Balanced Subarray II,8.9,0.003380345768880801,https://leetcode.com/problems/longest-balanced-subarray-ii,"Array, Hash Table, Divide and Conquer, Segment Tree, Prefix Sum"
HARD,Patching Array,5.1,0.005458011313610285,https://leetcode.com/problems/patching-array,"Array, Greedy"
MEDIUM,Plus One Linked List,5.1,0.006121895695364239,https://leetcode.com/problems/plus-one-linked-list,"Linked List, Math"
EASY,Guess Number Higher or Lower,5.1,0.005813554892194176,https://leetcode.com/problems/guess-number-higher-or-lower,"Binary Search, Interactive"
MEDIUM,Shuffle an Array,5.1,0.005993275360593911,https://leetcode.com/problems/shuffle-an-array,"Array, Math, Design, Randomized"
EASY,Hamming Distance,5.1,0.007700365832917163,https://leetcode.com/problems/hamming-distance,Bit Manipulation
MEDIUM,Find Bottom Left Tree Value,5.1,0.007252518422083749,https://leetcode.com/problems/find-bottom-left-tree-value,"Tree, Depth-First Search, Breadth-First Search, Binary Tree"
MEDIUM,Beautiful Arrangement,5.1,0.006492686170212765,https://leetcode.com/problems/beautiful-arrangement,"Array, Dynamic Programming, Backtracking, Bit Manipulation, Bitmask"
MEDIUM,Letter Case Permutation,5.1,0.007603348585442898,https://leetcode.com/problems/letter-case-permutation,"String, Backtracking, Bit Manipulation"
HARD,Sum of Distances in Tree,5.1,0.00657527972937809,https://leetcode.com/problems/sum-of-distances-in-tree,"Dynamic Programming, Tree, Depth-First Search, Graph Theory, DP on Trees"
MEDIUM,Advantage Shuffle,5.1,0.005491733785502332,https://leetcode.com/problems/advantage-shuffle,"Array, Two Pointers, Greedy, Sorting"
MEDIUM,Construct Binary Tree from Preorder and Postorder Traversal,5.1,0.007806889071578089,https://leetcode.com/problems/construct-binary-tree-from-preorder-and-postorder-traversal,"Array, Hash Table, Divide and Conquer, Tree, Binary Tree"
MEDIUM,Beautiful Array,5.1,0.007034720906238815,https://leetcode.com/problems/beautiful-array,"Array, Math, Divide and Conquer"
MEDIUM,Flip Equivalent Binary Trees,5.1,0.006949722085058432,https://leetcode.com/problems/flip-equivalent-binary-trees,"Tree, Depth-First Search, Binary Tree"
MEDIUM,Check Completeness of a Binary Tree,5.1,0.00594530790315868,https://leetcode.com/problems/check-completeness-of-a-binary-tree,"Tree, Breadth-First Search, Binary Tree"
MEDIUM,Longest Repeating Substring,5.1,0.006347628083491461,https://leetcode.com/problems/longest-repeating-substring,"String, Binary Search, Dynamic Programming, Rolling Hash, Suffix Array, Hash Function, Suffix Automaton, Suffix Tree"
MEDIUM,Number of Enclaves,5.1,0.007218154110968109,https://leetcode.com/problems/number-of-enclaves,"Array, Depth-First Search, Breadth-First Search, Union-Find, Matrix"
EASY,Actors and Directors Who Cooperated At Least Three Times,5.1,0.007131957958689231,https://leetcode.com/problems/actors-and-directors-who-cooperated-at-least-three-times,Database
MEDIUM,Meeting Scheduler,5.1,0.005520927377126142,https://leetcode.com/problems/meeting-scheduler,"Array, Two Pointers, Sorting"
EASY,Element Appearing More Than 25% In Sorted Array,5.1,0.006133721265860783,https://leetcode.com/problems/element-appearing-more-than-25-in-sorted-array,Array
EASY,Number of Days Between Two Dates,5.1,0.005330887125979678,https://leetcode.com/problems/number-of-days-between-two-dates,"Math, String"
MEDIUM,Reverse Substrings Between Each Pair of Parentheses,5.1,0.007208293278599081,https://leetcode.com/problems/reverse-substrings-between-each-pair-of-parentheses,"String, Stack, Bracket Sequences"
EASY,Check If It Is a Straight Line,5.1,0.0040247608774557665,https://leetcode.com/problems/check-if-it-is-a-straight-line,"Array, Math, Geometry"
MEDIUM,Number of Closed Islands,5.1,0.006725113449393818,https://leetcode.com/problems/number-of-closed-islands,"Array, Depth-First Search, Breadth-First Search, Union-Find, Matrix"
MEDIUM,Fair Distribution of Cookies,5.1,0.007005991705512146,https://leetcode.com/problems/fair-distribution-of-cookies,"Array, Dynamic Programming, Backtracking, Bit Manipulation, Bitmask"
MEDIUM,XOR Queries of a Subarray,5.1,0.0077987647428292275,https://leetcode.com/problems/xor-queries-of-a-subarray,"Array, Bit Manipulation, Prefix Sum"
EASY,The K Weakest Rows in a Matrix,5.1,0.007448591314280209,https://leetcode.com/problems/the-k-weakest-rows-in-a-matrix,"Array, Binary Search, Sorting, Heap (Priority Queue), Matrix"
MEDIUM,Longest ZigZag Path in a Binary Tree,5.1,0.006734697994700953,https://leetcode.com/problems/longest-zigzag-path-in-a-binary-tree,"Dynamic Programming, Tree, Depth-First Search, Binary Tree, DP on Trees"
EASY,Make The String Great,5.1,0.006866265607373756,https://leetcode.com/problems/make-the-string-great,"String, Stack"
MEDIUM,Shortest Subarray to be Removed to Make Array Sorted,5.1,0.005130934299178253,https://leetcode.com/problems/shortest-subarray-to-be-removed-to-make-array-sorted,"Array, Two Pointers, Binary Search, Stack, Monotonic Stack"
MEDIUM,Maximum Number of Coins You Can Get,5.1,0.008485218184282845,https://leetcode.com/problems/maximum-number-of-coins-you-can-get,"Array, Math, Greedy, Sorting, Game Theory"
EASY,Sum of All Odd Length Subarrays,5.1,0.008410470242699824,https://leetcode.com/problems/sum-of-all-odd-length-subarrays,"Array, Math, Prefix Sum"
EASY,Special Array With X Elements Greater Than or Equal X,5.1,0.006691728694255348,https://leetcode.com/problems/special-array-with-x-elements-greater-than-or-equal-x,"Array, Binary Search, Sorting"
EASY,Maximum Repeating Substring,5.1,0.0042188558430723815,https://leetcode.com/problems/maximum-repeating-substring,"String, Dynamic Programming, String Matching"
HARD,Minimum Number of Removals to Make Mountain Array,5.1,0.0054786583927644815,https://leetcode.com/problems/minimum-number-of-removals-to-make-mountain-array,"Array, Binary Search, Dynamic Programming, Greedy"
EASY,Calculate Money in Leetcode Bank,5.1,0.008251369892107722,https://leetcode.com/problems/calculate-money-in-leetcode-bank,Math
HARD,Total Appeal of A String,5.1,0.00566935662816635,https://leetcode.com/problems/total-appeal-of-a-string,"Hash Table, String, Dynamic Programming"
MEDIUM,Minimum Average Difference,5.1,0.00440221350395394,https://leetcode.com/problems/minimum-average-difference,"Array, Prefix Sum"
MEDIUM,Design a Food Rating System,5.1,0.005288396017285647,https://leetcode.com/problems/design-a-food-rating-system,"Array, Hash Table, String, Design, Heap (Priority Queue), Ordered Set"
MEDIUM,Minimum Adjacent Swaps to Make a Valid Array,5.1,0.007222369233483284,https://leetcode.com/problems/minimum-adjacent-swaps-to-make-a-valid-array,"Array, Greedy"
EASY,Function Composition,5.1,0.008678089205666737,https://leetcode.com/problems/function-composition,
MEDIUM,Sliding Subarray Beauty,5.1,0.0037643130242345805,https://leetcode.com/problems/sliding-subarray-beauty,"Array, Hash Table, Sliding Window"
MEDIUM,Minimum Number of Operations to Make Array Empty,5.1,0.006238530707587695,https://leetcode.com/problems/minimum-number-of-operations-to-make-array-empty,"Array, Hash Table, Greedy, Counting"
MEDIUM,Length of Longest Subarray With at Most K Frequency,5.1,0.006050502614472228,https://leetcode.com/problems/length-of-longest-subarray-with-at-most-k-frequency,"Array, Hash Table, Sliding Window"
MEDIUM,Minimum Number of Pushes to Type Word II,5.1,0.008330660338975933,https://leetcode.com/problems/minimum-number-of-pushes-to-type-word-ii,"Hash Table, String, Greedy, Sorting, Counting"
HARD,Minimum Cost Walk in Weighted Graph,5.1,0.00679925732447997,https://leetcode.com/problems/minimum-cost-walk-in-weighted-graph,"Array, Bit Manipulation, Union-Find, Graph Theory"
HARD,Recover a Tree From Preorder Traversal,5.1,0.00832147070389304,https://leetcode.com/problems/recover-a-tree-from-preorder-traversal,"String, Tree, Depth-First Search, Binary Tree"
MEDIUM,The Number of Beautiful Subsets,5.1,0.0050994312803386566,https://leetcode.com/problems/the-number-of-beautiful-subsets,"Array, Hash Table, Math, Dynamic Programming, Backtracking, Sorting, Combinatorics"
MEDIUM,Minimum Deletions to Make String Balanced,5.1,0.006815859339201876,https://leetcode.com/problems/minimum-deletions-to-make-string-balanced,"String, Dynamic Programming, Stack"
MEDIUM,Minimum Length of String After Deleting Similar Ends,5.1,0.005617613302844727,https://leetcode.com/problems/minimum-length-of-string-after-deleting-similar-ends,"Two Pointers, String"
MEDIUM,Maximize Happiness of Selected Children,5.1,0.00586403094181882,https://leetcode.com/problems/maximize-happiness-of-selected-children,"Array, Greedy, Sorting"
MEDIUM,K Divisible Elements Subarrays,5.1,0.005515080852547618,https://leetcode.com/problems/k-divisible-elements-subarrays,"Array, Hash Table, Trie, Rolling Hash, Hash Function, Enumeration"
EASY,Substrings of Size Three with Distinct Characters,5.1,0.007705759429821688,https://leetcode.com/problems/substrings-of-size-three-with-distinct-characters,"Hash Table, String, Sliding Window, Counting"
HARD,Split Message Based on Limit,5.1,0.004206958073148974,https://leetcode.com/problems/split-message-based-on-limit,"String, Enumeration"
MEDIUM,Find Elements in a Contaminated Binary Tree,5.1,0.008413962755143532,https://leetcode.com/problems/find-elements-in-a-contaminated-binary-tree,"Hash Table, Tree, Depth-First Search, Breadth-First Search, Design, Binary Tree"
EASY,Difference Between Element Sum and Digit Sum of an Array,5.1,0.008542918685227205,https://leetcode.com/problems/difference-between-element-sum-and-digit-sum-of-an-array,"Array, Math"
MEDIUM,Sort the Matrix Diagonally,5.1,0.008325728195395659,https://leetcode.com/problems/sort-the-matrix-diagonally,"Array, Sorting, Matrix"
MEDIUM,Sentence Similarity III,5.1,0.00483954557380113,https://leetcode.com/problems/sentence-similarity-iii,"Array, Two Pointers, String"
HARD,Closest Binary Search Tree Value II,5.1,0.0061283965982161384,https://leetcode.com/problems/closest-binary-search-tree-value-ii,"Two Pointers, Stack, Tree, Depth-First Search, Binary Search Tree, Heap (Priority Queue), Binary Tree"
MEDIUM,Divide Intervals Into Minimum Number of Groups,5.1,0.006358807780310468,https://leetcode.com/problems/divide-intervals-into-minimum-number-of-groups,"Array, Two Pointers, Greedy, Sorting, Heap (Priority Queue), Prefix Sum"
MEDIUM,Linked List in Binary Tree,5.1,0.0052013890246524995,https://leetcode.com/problems/linked-list-in-binary-tree,"Linked List, Tree, Depth-First Search, Binary Tree"
HARD,Maximum Score Words Formed by Letters,5.1,0.008149621755919769,https://leetcode.com/problems/maximum-score-words-formed-by-letters,"Array, Hash Table, String, Dynamic Programming, Backtracking, Bit Manipulation, Counting, Bitmask"
EASY,Remove Digit From Number to Maximize Result,5.1,0.004876866161726719,https://leetcode.com/problems/remove-digit-from-number-to-maximize-result,"String, Greedy, Enumeration"
MEDIUM,Find the Number of Good Pairs II,5.1,0.0026732438415855504,https://leetcode.com/problems/find-the-number-of-good-pairs-ii,"Array, Hash Table"
MEDIUM,Super Ugly Number,5.1,0.004645804293281294,https://leetcode.com/problems/super-ugly-number,"Array, Math, Dynamic Programming"
MEDIUM,Rotated Digits,5.1,0.006408488063660478,https://leetcode.com/problems/rotated-digits,"Math, Dynamic Programming"
MEDIUM,Minimum Difference Between Largest and Smallest Value in Three Moves,5.1,0.00591977365461284,https://leetcode.com/problems/minimum-difference-between-largest-and-smallest-value-in-three-moves,"Array, Greedy, Sorting"
HARD,Valid Arrangement of Pairs,5.1,0.006674081705927348,https://leetcode.com/problems/valid-arrangement-of-pairs,"Array, Depth-First Search, Graph Theory, Eulerian Circuit, Eulerian Path, Semi-Eulerian Graph"
HARD,Report Contiguous Dates,5.1,0.005707898408216092,https://leetcode.com/problems/report-contiguous-dates,Database
MEDIUM,Longest Absolute File Path,5.1,0.004979197100538102,https://leetcode.com/problems/longest-absolute-file-path,"String, Stack, Depth-First Search"
HARD,Count Stepping Numbers in Range,5.1,0.0029611627238770232,https://leetcode.com/problems/count-stepping-numbers-in-range,"String, Dynamic Programming"
MEDIUM,Find the Longest Substring Containing Vowels in Even Counts,5.1,0.007557476549567776,https://leetcode.com/problems/find-the-longest-substring-containing-vowels-in-even-counts,"Hash Table, String, Bit Manipulation, Prefix Sum"
MEDIUM,Find Score of an Array After Marking All Elements,5.1,0.00645630317092034,https://leetcode.com/problems/find-score-of-an-array-after-marking-all-elements,"Array, Hash Table, Sorting, Heap (Priority Queue), Simulation"
MEDIUM,Reverse Words in a String II,5.1,0.005681004253940968,https://leetcode.com/problems/reverse-words-in-a-string-ii,"Two Pointers, String"
HARD,Check if the Rectangle Corner Is Reachable,5.1,0.0025177615866009613,https://leetcode.com/problems/check-if-the-rectangle-corner-is-reachable,"Array, Math, Depth-First Search, Breadth-First Search, Union-Find, Geometry"
MEDIUM,Maximum Alternating Subarray Sum,5.1,0.004002860463037454,https://leetcode.com/problems/maximum-alternating-subarray-sum,"Array, Dynamic Programming"
HARD,Check for Contradictions in Equations,5.1,0.00438357276195114,https://leetcode.com/problems/check-for-contradictions-in-equations,"Array, String, Depth-First Search, Union-Find, Graph Theory"
EASY,High Five,5.1,0.007417356962265157,https://leetcode.com/problems/high-five,"Array, Hash Table, Sorting, Heap (Priority Queue)"
MEDIUM,Path With Maximum Minimum Value,5.1,0.005476939359608849,https://leetcode.com/problems/path-with-maximum-minimum-value,"Array, Binary Search, Depth-First Search, Breadth-First Search, Union-Find, Heap (Priority Queue), Matrix, Dijkstra's Algorithm"
EASY,Split With Minimum Sum,5.1,0.007380713511778161,https://leetcode.com/problems/split-with-minimum-sum,"Math, Greedy, Sorting"
MEDIUM,Find Missing Observations,5.1,0.005738238963797412,https://leetcode.com/problems/find-missing-observations,"Array, Math, Simulation"
MEDIUM,Distant Barcodes,5.1,0.004936455886191595,https://leetcode.com/problems/distant-barcodes,"Array, Hash Table, Greedy, Sorting, Heap (Priority Queue), Counting"
MEDIUM,Count Beautiful Substrings I,5.1,0.00609505055016444,https://leetcode.com/problems/count-beautiful-substrings-i,"Hash Table, Math, String, Enumeration, Number Theory, Prefix Sum"
HARD,Cut Off Trees for Golf Event,5.1,0.003677981335416509,https://leetcode.com/problems/cut-off-trees-for-golf-event,"Array, Breadth-First Search, Heap (Priority Queue), Matrix"
EASY,Reformat Department Table,5.1,0.007641325087933057,https://leetcode.com/problems/reformat-department-table,Database
MEDIUM,Maximum Bags With Full Capacity of Rocks,5.1,0.006825797687055874,https://leetcode.com/problems/maximum-bags-with-full-capacity-of-rocks,"Array, Greedy, Sorting"
HARD,Design a Text Editor,5.1,0.00514238432661765,https://leetcode.com/problems/design-a-text-editor,"Linked List, String, Stack, Design, Simulation, Doubly-Linked List"
MEDIUM,Generate Binary Strings Without Adjacent Zeros,5.1,0.008864575160927472,https://leetcode.com/problems/generate-binary-strings-without-adjacent-zeros,"String, Backtracking, Bit Manipulation"
MEDIUM,Product Sales Analysis IV,5.1,0.0075969841474416815,https://leetcode.com/problems/product-sales-analysis-iv,Database
MEDIUM,Find and Replace Pattern,5.1,0.007709756936885056,https://leetcode.com/problems/find-and-replace-pattern,"Array, Hash Table, String"
EASY,Remove Palindromic Subsequences,5.1,0.00772099433964115,https://leetcode.com/problems/remove-palindromic-subsequences,"Two Pointers, String"
MEDIUM,Serialize and Deserialize BST,5.1,0.005992565055762082,https://leetcode.com/problems/serialize-and-deserialize-bst,"String, Tree, Depth-First Search, Breadth-First Search, Design, Binary Search Tree, Binary Tree"
MEDIUM,Maximum Matching of Players With Trainers,5.1,0.007547695714207749,https://leetcode.com/problems/maximum-matching-of-players-with-trainers,"Array, Two Pointers, Greedy, Sorting"
MEDIUM,Smallest Subarrays With Maximum Bitwise OR,5.1,0.0061924672734875045,https://leetcode.com/problems/smallest-subarrays-with-maximum-bitwise-or,"Array, Binary Search, Bit Manipulation, Sliding Window"
HARD,Next Palindrome Using Same Digits,5.1,0.005417928528164748,https://leetcode.com/problems/next-palindrome-using-same-digits,"Two Pointers, String"
EASY,Determine Whether Matrix Can Be Obtained By Rotation,5.1,0.006850218655088558,https://leetcode.com/problems/determine-whether-matrix-can-be-obtained-by-rotation,"Array, Matrix"
HARD,Minimum Cost to Convert String II,5.1,0.005916595668355678,https://leetcode.com/problems/minimum-cost-to-convert-string-ii,"Array, String, Dynamic Programming, Graph Theory, Trie, Shortest Path"
EASY,Longest Strictly Increasing or Strictly Decreasing Subarray,5.1,0.006492994489389143,https://leetcode.com/problems/longest-strictly-increasing-or-strictly-decreasing-subarray,Array
MEDIUM,Stock Price Fluctuation ,5.1,0.004925222796734553,https://leetcode.com/problems/stock-price-fluctuation,"Hash Table, Design, Heap (Priority Queue), Data Stream, Ordered Set"
MEDIUM,HTML Entity Parser,5.1,0.005002898639165192,https://leetcode.com/problems/html-entity-parser,"Hash Table, String"
MEDIUM,Range Addition,5.1,0.0073086651436031335,https://leetcode.com/problems/range-addition,"Array, Prefix Sum"
EASY,Reshape Data: Pivot,5.1,0.00829466801938902,https://leetcode.com/problems/reshape-data-pivot,
HARD,Minimum Time to Visit a Cell In a Grid,5.1,0.005612331211449528,https://leetcode.com/problems/minimum-time-to-visit-a-cell-in-a-grid,"Array, Breadth-First Search, Graph Theory, Heap (Priority Queue), Matrix, Shortest Path"
MEDIUM,Minimum Insertions to Balance a Parentheses String,5.1,0.005366856083151121,https://leetcode.com/problems/minimum-insertions-to-balance-a-parentheses-string,"String, Stack, Greedy, Bracket Sequences"
EASY,Uncommon Words from Two Sentences,5.1,0.007581859977099668,https://leetcode.com/problems/uncommon-words-from-two-sentences,"Hash Table, String, Counting"
MEDIUM,Lexicographically Smallest String After Substring Operation,5.1,0.003538936665558037,https://leetcode.com/problems/lexicographically-smallest-string-after-substring-operation,"String, Greedy"
MEDIUM,Count Nodes With the Highest Score,5.1,0.005281579810296457,https://leetcode.com/problems/count-nodes-with-the-highest-score,"Array, Tree, Depth-First Search, Binary Tree, DP on Trees"
EASY,Two Sum III - Data structure design,5.1,0.003924056546677341,https://leetcode.com/problems/two-sum-iii-data-structure-design,"Array, Hash Table, Two Pointers, Design, Data Stream"
HARD,Minimize Max Distance to Gas Station,5.1,0.005403121765881735,https://leetcode.com/problems/minimize-max-distance-to-gas-station,"Array, Binary Search"
MEDIUM,My Calendar II,5.1,0.006343377373532191,https://leetcode.com/problems/my-calendar-ii,"Array, Binary Search, Design, Segment Tree, Prefix Sum, Ordered Set"
MEDIUM,Design Circular Deque,5.1,0.006487375121190406,https://leetcode.com/problems/design-circular-deque,"Array, Linked List, Design, Queue"
EASY,Number of Changing Keys,5.1,0.008099915476667111,https://leetcode.com/problems/number-of-changing-keys,String
MEDIUM,Word Pattern II,5.1,0.004913576860883031,https://leetcode.com/problems/word-pattern-ii,"Hash Table, String, Backtracking"
HARD,Random Pick with Blacklist,5.1,0.003537646029540425,https://leetcode.com/problems/random-pick-with-blacklist,"Array, Hash Table, Math, Binary Search, Sorting, Randomized"
MEDIUM,The Most Recent Orders for Each Product,5.1,0.006500956648296839,https://leetcode.com/problems/the-most-recent-orders-for-each-product,Database
MEDIUM,Complete Binary Tree Inserter,5.1,0.0065193807317584715,https://leetcode.com/problems/complete-binary-tree-inserter,"Tree, Breadth-First Search, Design, Binary Tree"
MEDIUM,Minimum Division Operations to Make Array Non Decreasing,5.1,0.0029209411764705884,https://leetcode.com/problems/minimum-division-operations-to-make-array-non-decreasing,"Array, Math, Greedy, Number Theory"
MEDIUM,Find if Array Can Be Sorted,5.1,0.006639617281843209,https://leetcode.com/problems/find-if-array-can-be-sorted,"Array, Bit Manipulation, Sorting"
MEDIUM,Length of the Longest Alphabetical Continuous Substring,5.1,0.0061102650824287705,https://leetcode.com/problems/length-of-the-longest-alphabetical-continuous-substring,String
MEDIUM,Simple Bank System,5.1,0.006956969805881856,https://leetcode.com/problems/simple-bank-system,"Array, Hash Table, Design, Simulation"
MEDIUM,Prime Subtraction Operation,5.1,0.005541937166307525,https://leetcode.com/problems/prime-subtraction-operation,"Array, Math, Binary Search, Greedy, Number Theory"
EASY,Button with Longest Push Time,5.1,0.0041097568909804595,https://leetcode.com/problems/button-with-longest-push-time,Array
MEDIUM,All People Report to the Given Manager,5.1,0.0083802010903676,https://leetcode.com/problems/all-people-report-to-the-given-manager,Database
HARD,Manhattan Distances of All Arrangements of Pieces,5.1,0.0035981878376023695,https://leetcode.com/problems/manhattan-distances-of-all-arrangements-of-pieces,"Math, Combinatorics"
EASY,Check If a Word Occurs As a Prefix of Any Word in a Sentence,5.1,0.00688016540597337,https://leetcode.com/problems/check-if-a-word-occurs-as-a-prefix-of-any-word-in-a-sentence,"Two Pointers, String, String Matching"
MEDIUM,Largest Element in an Array after Merge Operations,5.1,0.004825278901858525,https://leetcode.com/problems/largest-element-in-an-array-after-merge-operations,"Array, Greedy"
HARD,Maximum Number of K-Divisible Components,5.1,0.007392710229615697,https://leetcode.com/problems/maximum-number-of-k-divisible-components,"Tree, Depth-First Search"
HARD,Maximum Strength of K Disjoint Subarrays,5.1,0.0028376267344625843,https://leetcode.com/problems/maximum-strength-of-k-disjoint-subarrays,"Array, Dynamic Programming, Prefix Sum"
MEDIUM,Count Days Without Meetings,5.1,0.004820910120855668,https://leetcode.com/problems/count-days-without-meetings,"Array, Sorting"
MEDIUM,Maximum Number of Fish in a Grid,5.1,0.007036196056375862,https://leetcode.com/problems/maximum-number-of-fish-in-a-grid,"Array, Depth-First Search, Breadth-First Search, Union-Find, Matrix"
HARD,Minimum Number of Operations to Make Arrays Similar,5.1,0.006153663581188756,https://leetcode.com/problems/minimum-number-of-operations-to-make-arrays-similar,"Array, Greedy, Sorting"
MEDIUM,Describe the Painting,5.1,0.005293034673212642,https://leetcode.com/problems/describe-the-painting,"Array, Hash Table, Sorting, Prefix Sum"
MEDIUM,Maximum Possible Number by Binary Concatenation,5.1,0.006574571324964169,https://leetcode.com/problems/maximum-possible-number-by-binary-concatenation,"Array, Bit Manipulation, Enumeration"
MEDIUM,Maximum XOR After Operations ,5.1,0.0079902966521036,https://leetcode.com/problems/maximum-xor-after-operations,"Array, Math, Bit Manipulation"
HARD,Year on Year Growth Rate,5.1,0.005150430748840291,https://leetcode.com/problems/year-on-year-growth-rate,Database
MEDIUM,Maximum Good Subarray Sum,5.1,0.002237814263724987,https://leetcode.com/problems/maximum-good-subarray-sum,"Array, Hash Table, Prefix Sum"
MEDIUM,Select K Disjoint Special Substrings,5.1,0.0019506045879016073,https://leetcode.com/problems/select-k-disjoint-special-substrings,"Hash Table, String, Dynamic Programming, Greedy, Sorting"
EASY,Check if Matrix Is X-Matrix,5.1,0.0066926314730346124,https://leetcode.com/problems/check-if-matrix-is-x-matrix,"Array, Matrix"
MEDIUM,Collecting Chocolates,5.1,0.0035455697046469763,https://leetcode.com/problems/collecting-chocolates,"Array, Enumeration"
MEDIUM,Alice and Bob Playing Flower Game,5.1,0.005990653169794592,https://leetcode.com/problems/alice-and-bob-playing-flower-game,Math
MEDIUM,Maximum Value of an Ordered Triplet II,5.1,0.005625100709696855,https://leetcode.com/problems/maximum-value-of-an-ordered-triplet-ii,"Array, Prefix Sum"
MEDIUM,Sentence Similarity II,5.1,0.005140107267123332,https://leetcode.com/problems/sentence-similarity-ii,"Array, Hash Table, String, Depth-First Search, Breadth-First Search, Union-Find"
EASY,Merge Two 2D Arrays by Summing Values,5.1,0.008165802837547774,https://leetcode.com/problems/merge-two-2d-arrays-by-summing-values,"Array, Hash Table, Two Pointers"
MEDIUM,Detect Cycles in 2D Grid,5.1,0.00635072463768116,https://leetcode.com/problems/detect-cycles-in-2d-grid,"Array, Depth-First Search, Breadth-First Search, Union-Find, Matrix"
EASY,Find Common Elements Between Two Arrays,5.1,0.008474140866758465,https://leetcode.com/problems/find-common-elements-between-two-arrays,"Array, Hash Table"
EASY,Binary Tree Tilt,5.1,0.006630062177812888,https://leetcode.com/problems/binary-tree-tilt,"Tree, Depth-First Search, Binary Tree, DP on Trees"
HARD,Find the Kth Smallest Sum of a Matrix With Sorted Rows,5.1,0.006245536826372166,https://leetcode.com/problems/find-the-kth-smallest-sum-of-a-matrix-with-sorted-rows,"Array, Binary Search, Heap (Priority Queue), Matrix"
MEDIUM,Minimum Index of a Valid Split,5.1,0.007552614222328816,https://leetcode.com/problems/minimum-index-of-a-valid-split,"Array, Hash Table, Sorting"
HARD,Maximum Score of Non-overlapping Intervals,5.1,0.003093430174975239,https://leetcode.com/problems/maximum-score-of-non-overlapping-intervals,"Array, Binary Search, Dynamic Programming, Sorting"
MEDIUM,Maximize Greatness of an Array,5.1,0.006211726338968405,https://leetcode.com/problems/maximize-greatness-of-an-array,"Array, Two Pointers, Greedy, Sorting"
MEDIUM,Number of Subarrays That Match a Pattern I,5.1,0.006887562006246555,https://leetcode.com/problems/number-of-subarrays-that-match-a-pattern-i,"Array, Rolling Hash, String Matching, Hash Function"
MEDIUM,String Without AAA or BBB,5.1,0.004557481621327841,https://leetcode.com/problems/string-without-aaa-or-bbb,"String, Greedy"
MEDIUM,Two-Letter Card Game,5.1,0.0013184660091581544,https://leetcode.com/problems/two-letter-card-game,"Array, Hash Table, String, Counting, Enumeration"
HARD,Zuma Game,5.1,0.0029360087380651966,https://leetcode.com/problems/zuma-game,"String, Dynamic Programming, Stack, Breadth-First Search, Memoization"
MEDIUM,Pizza Toppings Cost Analysis,5.1,0.0069048843187660665,https://leetcode.com/problems/pizza-toppings-cost-analysis,Database
EASY,Take Gifts From the Richest Pile,5.1,0.00754576211737024,https://leetcode.com/problems/take-gifts-from-the-richest-pile,"Array, Heap (Priority Queue), Simulation"
HARD,Tiling a Rectangle with the Fewest Squares,5.1,0.005528043482495958,https://leetcode.com/problems/tiling-a-rectangle-with-the-fewest-squares,Backtracking
MEDIUM,Binary Tree Longest Consecutive Sequence,5.1,0.005483659487986364,https://leetcode.com/problems/binary-tree-longest-consecutive-sequence,"Tree, Depth-First Search, Binary Tree, DP on Trees"
MEDIUM,Maximum Profit From Trading Stocks,5.1,0.004837233901890784,https://leetcode.com/problems/maximum-profit-from-trading-stocks,"Array, Dynamic Programming"
MEDIUM,Count Unguarded Cells in the Grid,5.1,0.006915744915981726,https://leetcode.com/problems/count-unguarded-cells-in-the-grid,"Array, Matrix, Simulation"
MEDIUM,Smallest Palindromic Rearrangement I,5.1,0.007454088606577148,https://leetcode.com/problems/smallest-palindromic-rearrangement-i,"String, Sorting, Counting Sort"
MEDIUM,Find Minimum Time to Reach Last Room II,5.1,0.00672724783516446,https://leetcode.com/problems/find-minimum-time-to-reach-last-room-ii,"Array, Graph Theory, Heap (Priority Queue), Matrix, Shortest Path"
EASY,Shortest Distance to a Character,5.1,0.007294721725386402,https://leetcode.com/problems/shortest-distance-to-a-character,"Array, Two Pointers, String"
MEDIUM,Minimum Number of Swaps to Make the Binary String Alternating,5.1,0.004406463568654761,https://leetcode.com/problems/minimum-number-of-swaps-to-make-the-binary-string-alternating,"String, Greedy"
MEDIUM,Magical String,5.1,0.005610982774614839,https://leetcode.com/problems/magical-string,"Two Pointers, String"
HARD,Minimum Amount of Damage Dealt to Bob,5.1,0.004032310004293688,https://leetcode.com/problems/minimum-amount-of-damage-dealt-to-bob,"Array, Greedy, Sorting"
HARD,Count the Number of Arrays with K Matching Adjacent Elements,5.1,0.005824228109228704,https://leetcode.com/problems/count-the-number-of-arrays-with-k-matching-adjacent-elements,"Math, Combinatorics, Fermat's Little Theorem"
HARD,Painting a Grid With Three Different Colors,5.1,0.007693910096680951,https://leetcode.com/problems/painting-a-grid-with-three-different-colors,"Dynamic Programming, Graph Coloring"
MEDIUM,Integer Replacement,5.1,0.0037890925796289815,https://leetcode.com/problems/integer-replacement,"Dynamic Programming, Greedy, Bit Manipulation, Memoization"
HARD,Minimum Unique Word Abbreviation,5.1,0.004055345461978741,https://leetcode.com/problems/minimum-unique-word-abbreviation,"Array, String, Backtracking, Bit Manipulation"
EASY,Surface Area of 3D Shapes,5.1,0.007127763251723319,https://leetcode.com/problems/surface-area-of-3d-shapes,"Array, Math, Geometry, Matrix"
MEDIUM,Count Beautiful Splits in an Array,5.1,0.001910682226211849,https://leetcode.com/problems/count-beautiful-splits-in-an-array,"Array, Dynamic Programming"
EASY,Maximum Value of an Ordered Triplet I,5.1,0.005807267709291628,https://leetcode.com/problems/maximum-value-of-an-ordered-triplet-i,"Array, Prefix Sum"
HARD,Maximum Height by Stacking Cuboids ,5.1,0.006250439355871748,https://leetcode.com/problems/maximum-height-by-stacking-cuboids,"Array, Dynamic Programming, Sorting"
MEDIUM,Longest Substring with At Most Two Distinct Characters,5.1,0.005714937303254846,https://leetcode.com/problems/longest-substring-with-at-most-two-distinct-characters,"Hash Table, String, Sliding Window"
MEDIUM,Zero Array Transformation III,5.1,0.005473820552168832,https://leetcode.com/problems/zero-array-transformation-iii,"Array, Two Pointers, Greedy, Sorting, Heap (Priority Queue), Prefix Sum"
MEDIUM,Count the Number of Computer Unlocking Permutations,5.1,0.0058951629876320055,https://leetcode.com/problems/count-the-number-of-computer-unlocking-permutations,"Array, Math, Brainteaser, Combinatorics"
HARD,Longest Subsequence Repeated k Times,5.1,0.007092608197543956,https://leetcode.com/problems/longest-subsequence-repeated-k-times,"Hash Table, Two Pointers, String, Backtracking, Counting, Enumeration"
MEDIUM,Convert Binary Search Tree to Sorted Doubly Linked List,5.1,0.006563038298305715,https://leetcode.com/problems/convert-binary-search-tree-to-sorted-doubly-linked-list,"Linked List, Stack, Tree, Depth-First Search, Binary Search Tree, Binary Tree, Doubly-Linked List"
EASY,Range Addition II,5.1,0.005913189745665178,https://leetcode.com/problems/range-addition-ii,"Array, Math"
EASY,Minimum Cost to Move Chips to The Same Position,5.1,0.0073131532364215535,https://leetcode.com/problems/minimum-cost-to-move-chips-to-the-same-position,"Array, Math, Greedy"
MEDIUM,Longest Common Prefix Between Adjacent Strings After Removals,5.1,0.0032390061131926644,https://leetcode.com/problems/longest-common-prefix-between-adjacent-strings-after-removals,"Array, String"
HARD,Number of Islands II,5.1,0.004070937581124033,https://leetcode.com/problems/number-of-islands-ii,"Array, Hash Table, Union-Find"
HARD,Kth Smallest Instructions,5.1,0.0044682593199113765,https://leetcode.com/problems/kth-smallest-instructions,"Array, Math, Dynamic Programming, Combinatorics"
EASY,Check if the Sentence Is Pangram,5.1,0.008430225152987084,https://leetcode.com/problems/check-if-the-sentence-is-pangram,"Hash Table, String"
EASY,Find the Array Concatenation Value,5.1,0.007209452736318408,https://leetcode.com/problems/find-the-array-concatenation-value,"Array, Two Pointers, Simulation"
MEDIUM,Maximum Beauty of an Array After Applying Operation,5.1,0.005835138460472048,https://leetcode.com/problems/maximum-beauty-of-an-array-after-applying-operation,"Array, Binary Search, Sliding Window, Sorting"
MEDIUM,Repeated String Match,5.1,0.00396391595184647,https://leetcode.com/problems/repeated-string-match,"String, String Matching, Z Algorithm, Knuth–Morris–Pratt Algorithm, Boyer–Moore String-Search Algorithm"
EASY,Delete Greatest Value in Each Row,5.1,0.008046844374754997,https://leetcode.com/problems/delete-greatest-value-in-each-row,"Array, Sorting, Heap (Priority Queue), Matrix, Simulation"
EASY,Find Special Substring of Length K,5.1,0.003531145192276383,https://leetcode.com/problems/find-special-substring-of-length-k,String
MEDIUM,Minimum Moves to Reach Target Score,5.1,0.005259337878107523,https://leetcode.com/problems/minimum-moves-to-reach-target-score,"Math, Greedy"
HARD,Delete Duplicate Folders in System,5.1,0.00772256520377578,https://leetcode.com/problems/delete-duplicate-folders-in-system,"Array, Hash Table, String, Depth-First Search, Trie, Sorting, Hash Function"
EASY,Game Play Analysis II,5.1,0.005483612869673058,https://leetcode.com/problems/game-play-analysis-ii,Database
MEDIUM,Maximum Score From Removing Substrings,5.1,0.006641161042708161,https://leetcode.com/problems/maximum-score-from-removing-substrings,"String, Stack, Greedy"
EASY,Maximum Depth of N-ary Tree,5.1,0.007375902672555532,https://leetcode.com/problems/maximum-depth-of-n-ary-tree,"Tree, Depth-First Search, Breadth-First Search"
HARD,Split Array With Same Average,5.1,0.0027429999780735413,https://leetcode.com/problems/split-array-with-same-average,"Array, Hash Table, Math, Dynamic Programming, Bit Manipulation, Meet in the Middle, Bitmask"
MEDIUM,Stable Subarrays With Equal Boundary and Interior Sum,5.1,0.0026653158671818555,https://leetcode.com/problems/stable-subarrays-with-equal-boundary-and-interior-sum,"Array, Hash Table, Prefix Sum"
MEDIUM,Lowest Common Ancestor of Deepest Leaves,5.1,0.00795227847553321,https://leetcode.com/problems/lowest-common-ancestor-of-deepest-leaves,"Hash Table, Tree, Depth-First Search, Breadth-First Search, Binary Tree, Binary Lifting, Lowest Common Ancestor, DP on Trees"
HARD,Minimize the Maximum Adjacent Element Difference,5.1,0.0020172323759791123,https://leetcode.com/problems/minimize-the-maximum-adjacent-element-difference,"Array, Binary Search, Greedy"
HARD,Maximum Number of Visible Points,5.1,0.0038392405852091366,https://leetcode.com/problems/maximum-number-of-visible-points,"Array, Math, Geometry, Sliding Window, Sorting"
MEDIUM,Inorder Successor in BST,5.1,0.005126154562447365,https://leetcode.com/problems/inorder-successor-in-bst,"Tree, Depth-First Search, Binary Search Tree, Binary Tree"
HARD,Find the Largest Palindrome Divisible by K,5.1,0.0017177339553293752,https://leetcode.com/problems/find-the-largest-palindrome-divisible-by-k,"Math, String, Dynamic Programming, Greedy, Number Theory"
EASY,Maximum Difference by Remapping a Digit,5.1,0.007554443234594786,https://leetcode.com/problems/maximum-difference-by-remapping-a-digit,"Math, Greedy"
MEDIUM,Rank Teams by Votes,5.1,0.005999509862590548,https://leetcode.com/problems/rank-teams-by-votes,"Array, Hash Table, String, Sorting, Counting"
MEDIUM,Sort the Students by Their Kth Score,5.1,0.008605482935575049,https://leetcode.com/problems/sort-the-students-by-their-kth-score,"Array, Sorting, Matrix"
MEDIUM,Remove Stones to Minimize the Total,5.1,0.0066098249576510455,https://leetcode.com/problems/remove-stones-to-minimize-the-total,"Array, Greedy, Heap (Priority Queue)"
EASY,Count Odd Numbers in an Interval Range,5.1,0.005476892422370582,https://leetcode.com/problems/count-odd-numbers-in-an-interval-range,Math
EASY,Find Valid Pair of Adjacent Digits in String,5.1,0.006123495564906942,https://leetcode.com/problems/find-valid-pair-of-adjacent-digits-in-string,"Hash Table, String, Counting"
HARD,Distinct Subsequences II,5.1,0.004421415812269068,https://leetcode.com/problems/distinct-subsequences-ii,"String, Dynamic Programming"
EASY,Buy Two Chocolates,5.1,0.006843136909169988,https://leetcode.com/problems/buy-two-chocolates,"Array, Greedy, Sorting"
HARD,Number of Ways to Form a Target String Given a Dictionary,5.1,0.0056329701288478275,https://leetcode.com/problems/number-of-ways-to-form-a-target-string-given-a-dictionary,"Array, String, Dynamic Programming"
MEDIUM,Smallest String Starting From Leaf,5.1,0.0061379809301672665,https://leetcode.com/problems/smallest-string-starting-from-leaf,"String, Backtracking, Tree, Depth-First Search, Binary Tree"
MEDIUM,Remove Duplicates From an Unsorted Linked List,5.1,0.00756870129385883,https://leetcode.com/problems/remove-duplicates-from-an-unsorted-linked-list,"Hash Table, Linked List"
MEDIUM,Brick Wall,5.1,0.005606338317751051,https://leetcode.com/problems/brick-wall,"Array, Hash Table"
MEDIUM,Balanced K-Factor Decomposition,5.1,0.004053012945354565,https://leetcode.com/problems/balanced-k-factor-decomposition,"Math, Backtracking, Number Theory"
HARD,Tallest Billboard,5.1,0.005187348884012803,https://leetcode.com/problems/tallest-billboard,"Array, Dynamic Programming, Meet in the Middle, Knapsack Problem, 0-1 Knapsack"
EASY,Minimum Changes To Make Alternating Binary String,5.1,0.006789251331649997,https://leetcode.com/problems/minimum-changes-to-make-alternating-binary-string,String
EASY,Reshape Data: Melt,5.1,0.008594861480889225,https://leetcode.com/problems/reshape-data-melt,
MEDIUM,Minimum Number of Work Sessions to Finish the Tasks,5.1,0.003524455010832678,https://leetcode.com/problems/minimum-number-of-work-sessions-to-finish-the-tasks,"Array, Dynamic Programming, Backtracking, Bit Manipulation, Bitmask"
MEDIUM,Maximum Value after Insertion,5.1,0.003960303204889236,https://leetcode.com/problems/maximum-value-after-insertion,"String, Greedy"
EASY,Minimum Number of Chairs in a Waiting Room,5.1,0.007965289220826467,https://leetcode.com/problems/minimum-number-of-chairs-in-a-waiting-room,"String, Simulation"
HARD,String Compression II,5.1,0.00522064228445695,https://leetcode.com/problems/string-compression-ii,"String, Dynamic Programming"
HARD,Smallest Good Base,5.1,0.004711239016794572,https://leetcode.com/problems/smallest-good-base,"Math, Binary Search"
EASY,Alternating Digit Sum,5.1,0.006958387429066019,https://leetcode.com/problems/alternating-digit-sum,Math
MEDIUM,Count Substrings That Can Be Rearranged to Contain a String I,5.1,0.004356547594120357,https://leetcode.com/problems/count-substrings-that-can-be-rearranged-to-contain-a-string-i,"Hash Table, String, Sliding Window"
MEDIUM,The Maze II,5.1,0.005519873673188486,https://leetcode.com/problems/the-maze-ii,"Array, Depth-First Search, Breadth-First Search, Graph Theory, Heap (Priority Queue), Matrix, Shortest Path, Dijkstra's Algorithm, Heuristic Search, A* Search"
MEDIUM,Maximum Size of a Set After Removals,5.1,0.004699971602699928,https://leetcode.com/problems/maximum-size-of-a-set-after-removals,"Array, Hash Table, Greedy"
EASY,Daily Leads and Partners,5.1,0.008683240758475388,https://leetcode.com/problems/daily-leads-and-partners,Database
HARD,Sort Items by Groups Respecting Dependencies,5.1,0.006602288848954885,https://leetcode.com/problems/sort-items-by-groups-respecting-dependencies,"Depth-First Search, Breadth-First Search, Graph Theory, Topological Sort, Directed Acyclic Graph"
MEDIUM,Minimum Operations to Write the Letter Y on a Grid,5.1,0.00647968160155783,https://leetcode.com/problems/minimum-operations-to-write-the-letter-y-on-a-grid,"Array, Hash Table, Matrix, Counting"
HARD,Erect the Fence,5.1,0.00533224885669562,https://leetcode.com/problems/erect-the-fence,"Array, Math, Geometry, Convex Hull, Polygons"
MEDIUM,Water Bottles II,5.1,0.007806811724378127,https://leetcode.com/problems/water-bottles-ii,"Math, Simulation"
EASY,Sorting the Sentence,5.1,0.008418769850756463,https://leetcode.com/problems/sorting-the-sentence,"String, Sorting, Bubble Sort"
MEDIUM,Decoded String at Index,5.1,0.0037500934770046566,https://leetcode.com/problems/decoded-string-at-index,"String, Stack"
EASY,Sleep,5.1,0.008731584348222033,https://leetcode.com/problems/sleep,
MEDIUM,Binary Tree Coloring Game,5.1,0.005309481283372453,https://leetcode.com/problems/binary-tree-coloring-game,"Tree, Depth-First Search, Binary Tree"
MEDIUM,XOR After Range Multiplication Queries I,5.1,0.0073288278843207134,https://leetcode.com/problems/xor-after-range-multiplication-queries-i,"Array, Divide and Conquer, Simulation, Prefix Sum"
MEDIUM,Sequence Reconstruction,5.1,0.0031076051252942765,https://leetcode.com/problems/sequence-reconstruction,"Array, Graph Theory, Topological Sort, Directed Acyclic Graph"
MEDIUM,Count Nodes Equal to Average of Subtree,5.1,0.008679580616289477,https://leetcode.com/problems/count-nodes-equal-to-average-of-subtree,"Tree, Depth-First Search, Binary Tree"
MEDIUM,Minimum Suffix Flips,5.1,0.007397059295987321,https://leetcode.com/problems/minimum-suffix-flips,"String, Greedy"
EASY,Longest Subsequence With Limited Sum,5.1,0.007375916896332416,https://leetcode.com/problems/longest-subsequence-with-limited-sum,"Array, Binary Search, Greedy, Sorting, Prefix Sum"
MEDIUM,Longest Mountain in Array,5.1,0.004245252571938576,https://leetcode.com/problems/longest-mountain-in-array,"Array, Two Pointers, Dynamic Programming, Enumeration"
EASY,Consecutive Characters,5.1,0.006041911412919596,https://leetcode.com/problems/consecutive-characters,String
HARD,Sum of Perfect Square Ancestors,5.1,0.004127797249932597,https://leetcode.com/problems/sum-of-perfect-square-ancestors,"Array, Hash Table, Math, Tree, Depth-First Search, Counting, Number Theory"
EASY,Two Furthest Houses With Different Colors,5.1,0.007169793340914432,https://leetcode.com/problems/two-furthest-houses-with-different-colors,"Array, Greedy"
MEDIUM,Non-decreasing Subsequences,5.1,0.006300010699795547,https://leetcode.com/problems/non-decreasing-subsequences,"Array, Hash Table, Backtracking, Bit Manipulation"
EASY,Binary Gap,5.1,0.00743994207892417,https://leetcode.com/problems/binary-gap,Bit Manipulation
HARD,Encrypt and Decrypt Strings,5.1,0.0038737068329786563,https://leetcode.com/problems/encrypt-and-decrypt-strings,"Array, Hash Table, String, Design, Trie"
MEDIUM,Minimum Operations to Make Array Equal,5.1,0.008274924162377722,https://leetcode.com/problems/minimum-operations-to-make-array-equal,Math
MEDIUM,Count Collisions on a Road,5.1,0.005806202848480575,https://leetcode.com/problems/count-collisions-on-a-road,"String, Stack, Simulation"
HARD,Trionic Array II,5.1,0.00473564469063752,https://leetcode.com/problems/trionic-array-ii,"Array, Dynamic Programming"
MEDIUM,Longest Word in Dictionary,5.1,0.005532313258128293,https://leetcode.com/problems/longest-word-in-dictionary,"Array, Hash Table, String, Trie, Sorting"
HARD,Number of Good Paths,5.1,0.0056548312960063955,https://leetcode.com/problems/number-of-good-paths,"Array, Hash Table, Tree, Union-Find, Graph Theory, Sorting"
MEDIUM,Jump Game III,5.1,0.007039561958242585,https://leetcode.com/problems/jump-game-iii,"Array, Depth-First Search, Breadth-First Search"
MEDIUM,Wiggle Sort,5.1,0.006850320924261875,https://leetcode.com/problems/wiggle-sort,"Array, Greedy, Sorting"
EASY,Count the Digits That Divide a Number,5.1,0.00861211899064697,https://leetcode.com/problems/count-the-digits-that-divide-a-number,Math
MEDIUM,Minimum Moves to Make Array Complementary,5.1,0.006483831630293091,https://leetcode.com/problems/minimum-moves-to-make-array-complementary,"Array, Hash Table, Prefix Sum"
EASY,Find Minimum Operations to Make All Elements Divisible by Three,5.1,0.009062714776632303,https://leetcode.com/problems/find-minimum-operations-to-make-all-elements-divisible-by-three,"Array, Math"
MEDIUM,Minimum Seconds to Equalize a Circular Array,5.1,0.002877333174309738,https://leetcode.com/problems/minimum-seconds-to-equalize-a-circular-array,"Array, Hash Table"
MEDIUM,Minimum Time for K Connected Components,5.1,0.004517688367283135,https://leetcode.com/problems/minimum-time-for-k-connected-components,"Binary Search, Union-Find, Graph Theory, Sorting"
HARD,Car Fleet II,5.1,0.005830410043807382,https://leetcode.com/problems/car-fleet-ii,"Array, Math, Stack, Heap (Priority Queue), Monotonic Stack"
MEDIUM,Minimum Swaps to Arrange a Binary Grid,5.1,0.007024986764792387,https://leetcode.com/problems/minimum-swaps-to-arrange-a-binary-grid,"Array, Greedy, Matrix"
MEDIUM,Minimum Absolute Distance Between Mirror Pairs,5.1,0.005917458656376251,https://leetcode.com/problems/minimum-absolute-distance-between-mirror-pairs,"Array, Hash Table, Math"
MEDIUM,Print Binary Tree,5.1,0.006686662727293127,https://leetcode.com/problems/print-binary-tree,"Tree, Depth-First Search, Breadth-First Search, Binary Tree"
EASY,Count Partitions with Even Sum Difference,5.1,0.008511766452531213,https://leetcode.com/problems/count-partitions-with-even-sum-difference,"Array, Math, Prefix Sum"
MEDIUM,Total Waviness of Numbers in Range I,5.1,0.008742262039138339,https://leetcode.com/problems/total-waviness-of-numbers-in-range-i,"Math, Dynamic Programming, Enumeration"
EASY,Sign of the Product of an Array,5.1,0.0064685372808006136,https://leetcode.com/problems/sign-of-the-product-of-an-array,"Array, Math"
MEDIUM,Smallest Subtree with all the Deepest Nodes,5.1,0.0077693253462533885,https://leetcode.com/problems/smallest-subtree-with-all-the-deepest-nodes,"Hash Table, Tree, Depth-First Search, Breadth-First Search, Binary Tree, Binary Lifting, Lowest Common Ancestor, DP on Trees"
MEDIUM,Shortest Distance After Road Addition Queries I,5.1,0.006193564910153351,https://leetcode.com/problems/shortest-distance-after-road-addition-queries-i,"Array, Breadth-First Search, Graph Theory"
HARD,Maximize Cyclic Partition Score,5.1,0.0014432989690721647,https://leetcode.com/problems/maximize-cyclic-partition-score,"Array, Dynamic Programming"
EASY,Find Mode in Binary Search Tree,5.1,0.005925461521754869,https://leetcode.com/problems/find-mode-in-binary-search-tree,"Tree, Depth-First Search, Binary Search Tree, Binary Tree"
EASY,Subtract the Product and Sum of Digits of an Integer,5.1,0.00866074976166313,https://leetcode.com/problems/subtract-the-product-and-sum-of-digits-of-an-integer,Math
HARD,Maximize Spanning Tree Stability with Upgrades,5.1,0.006580014766067213,https://leetcode.com/problems/maximize-spanning-tree-stability-with-upgrades,"Binary Search, Greedy, Union-Find, Graph Theory, Minimum Spanning Tree"
MEDIUM,Maximum Total Subarray Value I,5.1,0.007195580163162201,https://leetcode.com/problems/maximum-total-subarray-value-i,"Array, Greedy"
MEDIUM,Path with Maximum Gold,5.1,0.006856680932997079,https://leetcode.com/problems/path-with-maximum-gold,"Array, Backtracking, Matrix"
EASY,Binary Prefix Divisible By 5,5.1,0.005373181611911673,https://leetcode.com/problems/binary-prefix-divisible-by-5,"Array, Bit Manipulation"
MEDIUM,Operations on Tree,5.1,0.004577888658211064,https://leetcode.com/problems/operations-on-tree,"Array, Hash Table, Tree, Depth-First Search, Breadth-First Search, Design"
EASY,Customer Placing the Largest Number of Orders,5.1,0.006465071953163914,https://leetcode.com/problems/customer-placing-the-largest-number-of-orders,Database
EASY,Buddy Strings,5.1,0.0034173032284814165,https://leetcode.com/problems/buddy-strings,"Hash Table, String"
MEDIUM,Implement Router,5.1,0.003901508956470092,https://leetcode.com/problems/implement-router,"Array, Hash Table, Binary Search, Design, Queue, Ordered Set"
HARD,Process String with Special Operations II,5.1,0.003982273350319971,https://leetcode.com/problems/process-string-with-special-operations-ii,"String, Simulation"
HARD,Maximum Building Height,5.1,0.0066980539861895795,https://leetcode.com/problems/maximum-building-height,"Array, Math, Sorting"
MEDIUM,Maximum Non Negative Product in a Matrix,5.1,0.005173007316308874,https://leetcode.com/problems/maximum-non-negative-product-in-a-matrix,"Array, Dynamic Programming, Matrix"
MEDIUM,Count Good Meals,5.1,0.0033091940284515693,https://leetcode.com/problems/count-good-meals,"Array, Hash Table"
MEDIUM,Non-decreasing Array,5.1,0.002556287354413021,https://leetcode.com/problems/non-decreasing-array,Array
HARD,Design Movie Rental System,5.1,0.006214279756443406,https://leetcode.com/problems/design-movie-rental-system,"Array, Hash Table, Design, Heap (Priority Queue), Ordered Set"
HARD,Number of ZigZag Arrays II,5.1,0.006722448489550143,https://leetcode.com/problems/number-of-zigzag-arrays-ii,"Math, Dynamic Programming"
MEDIUM,Special Array II,5.1,0.004575590254452509,https://leetcode.com/problems/special-array-ii,"Array, Binary Search, Prefix Sum"
MEDIUM,Minimum Non-Zero Product of the Array Elements,5.1,0.0037640142491859162,https://leetcode.com/problems/minimum-non-zero-product-of-the-array-elements,"Math, Greedy, Recursion"
HARD,Delete Columns to Make Sorted III,5.1,0.0072627614499966376,https://leetcode.com/problems/delete-columns-to-make-sorted-iii,"Array, String, Dynamic Programming"
MEDIUM,Four Divisors,5.1,0.005653002567250809,https://leetcode.com/problems/four-divisors,"Array, Math, Prime Factorization, Sieve Theory"
MEDIUM,Minimize the Maximum of Two Arrays,5.1,0.0032650214791810016,https://leetcode.com/problems/minimize-the-maximum-of-two-arrays,"Math, Binary Search, Number Theory, Least Common Multiple, Inclusion-Exclusion Principle"
HARD,First and Last Call On the Same Day,5.1,0.005106127833073511,https://leetcode.com/problems/first-and-last-call-on-the-same-day,Database
MEDIUM,Sparse Matrix Multiplication,5.1,0.006934027670785443,https://leetcode.com/problems/sparse-matrix-multiplication,"Array, Hash Table, Matrix, Linear Algebra"
EASY,Lucky Numbers in a Matrix,5.1,0.008022490251201596,https://leetcode.com/problems/lucky-numbers-in-a-matrix,"Array, Matrix"
EASY,Number of Strings That Appear as Substrings in Word,5.1,0.00861769665536731,https://leetcode.com/problems/number-of-strings-that-appear-as-substrings-in-word,"Array, String"
MEDIUM,Count Number of Ways to Place Houses,5.1,0.004417214722510673,https://leetcode.com/problems/count-number-of-ways-to-place-houses,Dynamic Programming
MEDIUM,Find the Safest Path in a Grid,5.1,0.005734921509992928,https://leetcode.com/problems/find-the-safest-path-in-a-grid,"Array, Binary Search, Breadth-First Search, Union-Find, Heap (Priority Queue), Matrix"
HARD,Non-negative Integers without Consecutive Ones,5.1,0.004310188598107876,https://leetcode.com/problems/non-negative-integers-without-consecutive-ones,Dynamic Programming
HARD,Minimum Stability Factor of Array,5.1,0.0021095850237059484,https://leetcode.com/problems/minimum-stability-factor-of-array,"Array, Math, Binary Search, Greedy, Segment Tree, Number Theory"
HARD,Similar String Groups,5.1,0.005653289726818007,https://leetcode.com/problems/similar-string-groups,"Array, Hash Table, String, Depth-First Search, Breadth-First Search, Union-Find"
MEDIUM,Concatenate Non-Zero Digits and Multiply by Sum II,5.1,0.004266366498345187,https://leetcode.com/problems/concatenate-non-zero-digits-and-multiply-by-sum-ii,"Math, String, Prefix Sum"
EASY,Maximum Count of Positive Integer and Negative Integer,5.1,0.007423274255549751,https://leetcode.com/problems/maximum-count-of-positive-integer-and-negative-integer,"Array, Binary Search, Counting"
EASY,Total Distance Traveled,5.1,0.004179332634521314,https://leetcode.com/problems/total-distance-traveled,"Math, Simulation"
MEDIUM,Maximize the Confusion of an Exam,5.1,0.007043926091303812,https://leetcode.com/problems/maximize-the-confusion-of-an-exam,"String, Binary Search, Sliding Window, Prefix Sum"
MEDIUM,Restore the Array From Adjacent Pairs,5.1,0.007512477437469558,https://leetcode.com/problems/restore-the-array-from-adjacent-pairs,"Array, Hash Table, Depth-First Search"
MEDIUM,Find Original Array From Doubled Array,5.1,0.004090648749579426,https://leetcode.com/problems/find-original-array-from-doubled-array,"Array, Hash Table, Greedy, Sorting"
MEDIUM,Number of Substrings With Only 1s,5.1,0.005735682171004447,https://leetcode.com/problems/number-of-substrings-with-only-1s,"Math, String"
HARD,Minimum Deletions to Make Array Divisible,5.1,0.006169699760098868,https://leetcode.com/problems/minimum-deletions-to-make-array-divisible,"Array, Math, Sorting, Heap (Priority Queue), Number Theory, Euclidean Algorithm, Greatest Common Divisor"
HARD,Maximum Bitwise AND After Increment Operations,5.1,0.003236301369863014,https://leetcode.com/problems/maximum-bitwise-and-after-increment-operations,"Array, Greedy, Bit Manipulation, Sorting"
HARD,Minimum Number of K Consecutive Bit Flips,5.1,0.006240371506475801,https://leetcode.com/problems/minimum-number-of-k-consecutive-bit-flips,"Array, Bit Manipulation, Queue, Sliding Window, Prefix Sum, Brute-Force Search"
MEDIUM,Promise Time Limit,5.1,0.008329075943721363,https://leetcode.com/problems/promise-time-limit,
MEDIUM,Maximum Sum of Three Numbers Divisible by Three,5.1,0.004762170012135198,https://leetcode.com/problems/maximum-sum-of-three-numbers-divisible-by-three,"Array, Greedy, Sorting, Heap (Priority Queue)"
MEDIUM,Maximum Capacity Within Budget,5.1,0.0020682495260449575,https://leetcode.com/problems/maximum-capacity-within-budget,"Array, Two Pointers, Binary Search, Sorting"
EASY,Minimum Distance Between Three Equal Elements I,5.1,0.007340935005701254,https://leetcode.com/problems/minimum-distance-between-three-equal-elements-i,"Array, Hash Table"
EASY,  Count Symmetric Integers,5.1,0.008317319796954315,https://leetcode.com/problems/count-symmetric-integers,"Math, Enumeration"
EASY,Second Minimum Node In a Binary Tree,5.1,0.004631347844794299,https://leetcode.com/problems/second-minimum-node-in-a-binary-tree,"Tree, Depth-First Search, Binary Tree"
MEDIUM,Implement Trie II (Prefix Tree),5.1,0.006357698218967544,https://leetcode.com/problems/implement-trie-ii-prefix-tree,"Hash Table, String, Design, Trie"
EASY,Maximum Product of Two Digits,5.1,0.007570828423587274,https://leetcode.com/problems/maximum-product-of-two-digits,"Math, Sorting"
MEDIUM,Array Nesting,5.1,0.005685739122681883,https://leetcode.com/problems/array-nesting,"Array, Depth-First Search"
HARD,Max Sum of Rectangle No Larger Than K,5.1,0.004590276249259853,https://leetcode.com/problems/max-sum-of-rectangle-no-larger-than-k,"Array, Binary Search, Matrix, Prefix Sum, Ordered Set"
MEDIUM,3Sum With Multiplicity,5.1,0.00464281039763357,https://leetcode.com/problems/3sum-with-multiplicity,"Array, Hash Table, Two Pointers, Sorting, Counting"
MEDIUM,Frog Jump II,5.1,0.006258547100052817,https://leetcode.com/problems/frog-jump-ii,"Array, Binary Search, Greedy"
EASY,Minimum Value to Get Positive Step by Step Sum,5.1,0.006483150644648701,https://leetcode.com/problems/minimum-value-to-get-positive-step-by-step-sum,"Array, Prefix Sum"
MEDIUM,Minimum Addition to Make Integer Beautiful,5.1,0.0038955318740115587,https://leetcode.com/problems/minimum-addition-to-make-integer-beautiful,"Math, Greedy"
MEDIUM,Design Spreadsheet,5.1,0.0073535660451259895,https://leetcode.com/problems/design-spreadsheet,"Array, Hash Table, String, Design, Matrix"
EASY,Ant on the Boundary,5.1,0.007432720304374925,https://leetcode.com/problems/ant-on-the-boundary,"Array, Simulation, Prefix Sum"
HARD,Divide an Array Into Subarrays With Minimum Cost II,5.1,0.005444558998635031,https://leetcode.com/problems/divide-an-array-into-subarrays-with-minimum-cost-ii,"Array, Hash Table, Sliding Window, Heap (Priority Queue)"
EASY,Display the First Three Rows,5.1,0.009297622755112634,https://leetcode.com/problems/display-the-first-three-rows,
MEDIUM,Most Frequent IDs,5.1,0.004304501607717042,https://leetcode.com/problems/most-frequent-ids,"Array, Hash Table, Heap (Priority Queue), Ordered Set"
EASY,Find Missing Elements,5.1,0.008856776343190337,https://leetcode.com/problems/find-missing-elements,"Array, Hash Table, Sorting"
HARD,Painting the Walls,5.1,0.004919992005079126,https://leetcode.com/problems/painting-the-walls,"Array, Dynamic Programming"
MEDIUM,Find Maximum Value in a Constrained Sequence,5.1,0.006257928118393235,https://leetcode.com/problems/find-maximum-value-in-a-constrained-sequence,"Array, Greedy"
MEDIUM,Minimum Subarray Length With Distinct Sum At Least K,5.1,0.0031987866531850355,https://leetcode.com/problems/minimum-subarray-length-with-distinct-sum-at-least-k,"Array, Hash Table, Sliding Window"
MEDIUM,Vowels Game in a String,5.1,0.007692202258807313,https://leetcode.com/problems/vowels-game-in-a-string,"Math, String, Brainteaser, Game Theory"
EASY,Reverse Only Letters,5.1,0.006892826043404352,https://leetcode.com/problems/reverse-only-letters,"Two Pointers, String"
EASY,Minimum Hours of Training to Win a Competition,5.1,0.004272826030727847,https://leetcode.com/problems/minimum-hours-of-training-to-win-a-competition,"Array, Greedy"
HARD,Smallest Divisible Digit Product II,5.1,0.004524571383424192,https://leetcode.com/problems/smallest-divisible-digit-product-ii,"Math, String, Backtracking, Greedy, Number Theory"
MEDIUM,Mini Parser,5.1,0.004332399522924583,https://leetcode.com/problems/mini-parser,"String, Stack, Depth-First Search"
HARD,Maximum Number of Points From Grid Queries,5.1,0.005923719349933473,https://leetcode.com/problems/maximum-number-of-points-from-grid-queries,"Array, Two Pointers, Breadth-First Search, Union-Find, Sorting, Heap (Priority Queue), Matrix"
HARD,Minimum Edge Reversals So Every Node Is Reachable,5.1,0.005979358462807338,https://leetcode.com/problems/minimum-edge-reversals-so-every-node-is-reachable,"Dynamic Programming, Depth-First Search, Breadth-First Search, Graph Theory"
EASY,Minimum Absolute Difference in BST,5.1,0.005966372496099498,https://leetcode.com/problems/minimum-absolute-difference-in-bst,"Tree, Depth-First Search, Breadth-First Search, Binary Search Tree, Binary Tree"
MEDIUM,Number of Laser Beams in a Bank,5.1,0.00869707183742508,https://leetcode.com/problems/number-of-laser-beams-in-a-bank,"Array, Math, String, Matrix"
MEDIUM,Minimum Operations to Sort a String,5.1,0.0019393332409942783,https://leetcode.com/problems/minimum-operations-to-sort-a-string,String
MEDIUM,Memoize,5.1,0.006526160528826311,https://leetcode.com/problems/memoize,
EASY,Number Complement,5.1,0.007053110683394819,https://leetcode.com/problems/number-complement,Bit Manipulation
EASY,Unique Morse Code Words,5.1,0.008369748775566689,https://leetcode.com/problems/unique-morse-code-words,"Array, Hash Table, String"
MEDIUM,Longest Univalue Path,5.1,0.004433858139296727,https://leetcode.com/problems/longest-univalue-path,"Tree, Depth-First Search, Binary Tree, DP on Trees"
EASY,Maximum Length Substring With Two Occurrences,5.1,0.007765971454678217,https://leetcode.com/problems/maximum-length-substring-with-two-occurrences,"Hash Table, String, Sliding Window"
HARD,Count Good Triplets in an Array,5.1,0.00652823553465549,https://leetcode.com/problems/count-good-triplets-in-an-array,"Array, Binary Search, Divide and Conquer, Binary Indexed Tree, Segment Tree, Merge Sort, Ordered Set"
MEDIUM,Happy Students,5.1,0.005083640812893112,https://leetcode.com/problems/happy-students,"Array, Sorting, Enumeration"
EASY,Complement of Base 10 Integer,5.1,0.006341187407657446,https://leetcode.com/problems/complement-of-base-10-integer,Bit Manipulation
