Difficulty,Title,Frequency,Acceptance Rate,Link,Topics
EASY,Two Sum,100.0,0.005800918768980581,https://leetcode.com/problems/two-sum,"Array, Hash Table"
MEDIUM,LRU Cache,88.5,0.004786834626576906,https://leetcode.com/problems/lru-cache,"Hash Table, Linked List, Design, Doubly-Linked List"
HARD,Trapping Rain Water,88.0,0.006802783224080567,https://leetcode.com/problems/trapping-rain-water,"Array, Two Pointers, Dynamic Programming, Stack, Monotonic Stack"
MEDIUM,Number of Islands,85.6,0.006495993404723111,https://leetcode.com/problems/number-of-islands,"Array, Depth-First Search, Breadth-First Search, Union-Find, Matrix"
MEDIUM,Longest Substring Without Repeating Characters,84.5,0.00397788058102357,https://leetcode.com/problems/longest-substring-without-repeating-characters,"Hash Table, String, Sliding Window"
EASY,Best Time to Buy and Sell Stock,83.8,0.005725108396973595,https://leetcode.com/problems/best-time-to-buy-and-sell-stock,"Array, Dynamic Programming"
MEDIUM,Group Anagrams,80.6,0.007312852709282173,https://leetcode.com/problems/group-anagrams,"Array, Hash Table, String, Sorting"
MEDIUM,Add Two Numbers,79.7,0.0049132544618928084,https://leetcode.com/problems/add-two-numbers,"Linked List, Math, Recursion"
MEDIUM,Longest Palindromic Substring,78.5,0.0038470812842634973,https://leetcode.com/problems/longest-palindromic-substring,"Two Pointers, String, Dynamic Programming, Manacher"
MEDIUM,3Sum,78.3,0.003969278128577991,https://leetcode.com/problems/3sum,"Array, Two Pointers, Sorting"
MEDIUM,Reorganize String,78.3,0.005744887310946427,https://leetcode.com/problems/reorganize-string,"Hash Table, String, Greedy, Sorting, Heap (Priority Queue), Counting"
HARD,Median of Two Sorted Arrays,76.8,0.004736926664645988,https://leetcode.com/problems/median-of-two-sorted-arrays,"Array, Binary Search, Divide and Conquer"
MEDIUM,Container With Most Water,76.7,0.0060648042388392965,https://leetcode.com/problems/container-with-most-water,"Array, Two Pointers, Greedy"
MEDIUM,Merge Intervals,76.6,0.005257590403796301,https://leetcode.com/problems/merge-intervals,"Array, Sorting, Quicksort"
MEDIUM,Course Schedule,75.0,0.005203993313307946,https://leetcode.com/problems/course-schedule,"Depth-First Search, Breadth-First Search, Graph Theory, Topological Sort, Directed Acyclic Graph"
MEDIUM,Koko Eating Bananas,74.9,0.005039557778650947,https://leetcode.com/problems/koko-eating-bananas,"Array, Binary Search"
EASY,Valid Parentheses,74.4,0.004472528120893722,https://leetcode.com/problems/valid-parentheses,"String, Stack, Bracket Sequences"
HARD,Merge k Sorted Lists,73.9,0.006029341144142439,https://leetcode.com/problems/merge-k-sorted-lists,"Linked List, Divide and Conquer, Heap (Priority Queue), Merge Sort, Tournament Sort"
MEDIUM,Rotting Oranges,73.9,0.005927583344860977,https://leetcode.com/problems/rotting-oranges,"Array, Breadth-First Search, Matrix"
EASY,Longest Common Prefix,73.0,0.00481870369839444,https://leetcode.com/problems/longest-common-prefix,"Array, String, Trie"
MEDIUM,Subarray Sum Equals K,72.9,0.004797978674749575,https://leetcode.com/problems/subarray-sum-equals-k,"Array, Hash Table, Prefix Sum"
MEDIUM,Maximum Subarray,72.0,0.005373528008445135,https://leetcode.com/problems/maximum-subarray,"Array, Divide and Conquer, Dynamic Programming"
MEDIUM,Top K Frequent Elements,71.7,0.006713859563139234,https://leetcode.com/problems/top-k-frequent-elements,"Array, Hash Table, Divide and Conquer, Sorting, Heap (Priority Queue), Bucket Sort, Counting, Quickselect"
MEDIUM,Search in Rotated Sorted Array,71.6,0.004546195080094433,https://leetcode.com/problems/search-in-rotated-sorted-array,"Array, Binary Search"
EASY,Merge Sorted Array,70.9,0.005552771146516082,https://leetcode.com/problems/merge-sorted-array,"Array, Two Pointers, Sorting"
EASY,Palindrome Number,70.8,0.006087440701351663,https://leetcode.com/problems/palindrome-number,Math
MEDIUM,Longest Consecutive Sequence,70.7,0.004720825212594653,https://leetcode.com/problems/longest-consecutive-sequence,"Array, Hash Table, Union-Find"
MEDIUM,Lowest Common Ancestor of a Binary Tree,69.9,0.0069951400977484824,https://leetcode.com/problems/lowest-common-ancestor-of-a-binary-tree,"Tree, Depth-First Search, Binary Tree, Binary Lifting, Lowest Common Ancestor"
MEDIUM,Copy List with Random Pointer,69.8,0.00635090239140889,https://leetcode.com/problems/copy-list-with-random-pointer,"Hash Table, Linked List"
EASY,Majority Element,69.6,0.006648691015557973,https://leetcode.com/problems/majority-element,"Array, Hash Table, Divide and Conquer, Sorting, Counting, Boyer–Moore Majority Vote Algorithm"
MEDIUM,Generate Parentheses,69.1,0.007906588417970683,https://leetcode.com/problems/generate-parentheses,"String, Dynamic Programming, Backtracking, Bracket Sequences"
HARD,Word Ladder,68.3,0.0046325920843474895,https://leetcode.com/problems/word-ladder,"Hash Table, String, Breadth-First Search, Bidirectional Search"
MEDIUM,Jump Game,67.9,0.004138468069420424,https://leetcode.com/problems/jump-game,"Array, Dynamic Programming, Greedy"
MEDIUM,Product of Array Except Self,67.5,0.006916445627132168,https://leetcode.com/problems/product-of-array-except-self,"Array, Prefix Sum"
MEDIUM,House Robber,67.3,0.0053502628777586615,https://leetcode.com/problems/house-robber,"Array, Dynamic Programming"
EASY,Climbing Stairs,67.0,0.005428113338571589,https://leetcode.com/problems/climbing-stairs,"Math, Dynamic Programming, Memoization"
MEDIUM,Letter Combinations of a Phone Number,66.9,0.006665954583234598,https://leetcode.com/problems/letter-combinations-of-a-phone-number,"Hash Table, String, Backtracking"
EASY,Merge Two Sorted Lists,66.7,0.006874735114992656,https://leetcode.com/problems/merge-two-sorted-lists,"Linked List, Recursion"
MEDIUM,Course Schedule II,65.8,0.005608729469948884,https://leetcode.com/problems/course-schedule-ii,"Depth-First Search, Breadth-First Search, Graph Theory, Topological Sort"
HARD,Sliding Window Maximum,65.6,0.004910871637192918,https://leetcode.com/problems/sliding-window-maximum,"Array, Queue, Sliding Window, Heap (Priority Queue), Monotonic Queue, Range Minimum/Maximum Query"
MEDIUM,Spiral Matrix,65.3,0.005762649340140076,https://leetcode.com/problems/spiral-matrix,"Array, Matrix, Simulation"
MEDIUM,Word Search,65.3,0.004794632341721784,https://leetcode.com/problems/word-search,"Array, String, Backtracking, Depth-First Search, Matrix"
EASY,Valid Anagram,64.3,0.006853215114815539,https://leetcode.com/problems/valid-anagram,"Hash Table, String, Sorting"
MEDIUM,Subsets,64.0,0.008271543733881505,https://leetcode.com/problems/subsets,"Array, Backtracking, Bit Manipulation"
EASY,Remove Duplicates from Sorted Array,63.6,0.006356270294689139,https://leetcode.com/problems/remove-duplicates-from-sorted-array,"Array, Two Pointers"
MEDIUM,Fruit Into Baskets,63.6,0.005215318808571866,https://leetcode.com/problems/fruit-into-baskets,"Array, Hash Table, Sliding Window"
MEDIUM,Rotate Image,63.5,0.008056978348914971,https://leetcode.com/problems/rotate-image,"Array, Math, Matrix"
MEDIUM,Next Permutation,63.3,0.004595868333751636,https://leetcode.com/problems/next-permutation,"Array, Two Pointers"
HARD,Find Median from Data Stream,63.1,0.005487637421105771,https://leetcode.com/problems/find-median-from-data-stream,"Two Pointers, Design, Sorting, Heap (Priority Queue), Data Stream"
MEDIUM,Coin Change,63.1,0.004897299461902748,https://leetcode.com/problems/coin-change,"Array, Dynamic Programming, Breadth-First Search, Knapsack Problem, Complete Knapsack"
MEDIUM,Task Scheduler,63.1,0.006363509242599362,https://leetcode.com/problems/task-scheduler,"Array, Hash Table, Greedy, Sorting, Heap (Priority Queue), Counting"
MEDIUM,Analyze User Website Visit Pattern,62.6,0.00443321229758774,https://leetcode.com/problems/analyze-user-website-visit-pattern,"Array, Hash Table, String, Sorting"
MEDIUM,Reverse Integer,62.3,0.0032365985796483756,https://leetcode.com/problems/reverse-integer,Math
MEDIUM,Kth Largest Element in an Array,62.1,0.006924330750974554,https://leetcode.com/problems/kth-largest-element-in-an-array,"Array, Divide and Conquer, Sorting, Heap (Priority Queue), Quickselect"
HARD,Minimum Window Substring,61.7,0.004825467559165663,https://leetcode.com/problems/minimum-window-substring,"Hash Table, String, Sliding Window"
MEDIUM,Meeting Rooms II,61.6,0.005277660995833269,https://leetcode.com/problems/meeting-rooms-ii,"Array, Two Pointers, Greedy, Sorting, Heap (Priority Queue), Prefix Sum"
HARD,First Missing Positive,61.4,0.0043542871574812105,https://leetcode.com/problems/first-missing-positive,"Array, Hash Table"
MEDIUM,Unique Paths,61.4,0.006717300556067408,https://leetcode.com/problems/unique-paths,"Math, Dynamic Programming, Combinatorics"
MEDIUM,Sort Colors,61.4,0.007016884072715112,https://leetcode.com/problems/sort-colors,"Array, Two Pointers, Sorting, Quicksort, Bubble Sort"
EASY,Roman to Integer,61.2,0.0067049027990411765,https://leetcode.com/problems/roman-to-integer,"Hash Table, Math, String"
MEDIUM,Find First and Last Position of Element in Sorted Array,60.8,0.004950589348372612,https://leetcode.com/problems/find-first-and-last-position-of-element-in-sorted-array,"Array, Binary Search"
EASY,Pascal's Triangle,60.6,0.007929400828192344,https://leetcode.com/problems/pascals-triangle,"Array, Dynamic Programming"
MEDIUM,Insert Delete GetRandom O(1),60.6,0.0055486583995054475,https://leetcode.com/problems/insert-delete-getrandom-o1,"Array, Hash Table, Math, Design, Randomized"
HARD,Largest Rectangle in Histogram,60.4,0.005066326280307808,https://leetcode.com/problems/largest-rectangle-in-histogram,"Array, Stack, Monotonic Stack, Range Minimum/Maximum Query"
MEDIUM,Find Peak Element,60.4,0.004714029442407914,https://leetcode.com/problems/find-peak-element,"Array, Binary Search"
MEDIUM,Asteroid Collision,60.4,0.004876242625471,https://leetcode.com/problems/asteroid-collision,"Array, Stack, Simulation"
HARD,N-Queens,60.2,0.007626982145500583,https://leetcode.com/problems/n-queens,"Array, Backtracking, Algorithm X"
MEDIUM,Word Break,60.2,0.004977847616482445,https://leetcode.com/problems/word-break,"Array, Hash Table, String, Dynamic Programming, Trie, Memoization, Brute-Force Search"
EASY,Move Zeroes,60.0,0.006426520020031069,https://leetcode.com/problems/move-zeroes,"Array, Two Pointers"
HARD,Binary Tree Maximum Path Sum,59.8,0.004266447538385566,https://leetcode.com/problems/binary-tree-maximum-path-sum,"Dynamic Programming, Tree, Depth-First Search, Binary Tree, DP on Trees"
MEDIUM,Longest Repeating Character Replacement,59.8,0.00604294200343494,https://leetcode.com/problems/longest-repeating-character-replacement,"Hash Table, String, Sliding Window"
EASY,Merge Strings Alternately,59.6,0.008214717079499253,https://leetcode.com/problems/merge-strings-alternately,"Two Pointers, String"
MEDIUM,4Sum,59.4,0.004145615338772268,https://leetcode.com/problems/4sum,"Array, Two Pointers, Sorting"
MEDIUM,Jump Game II,59.4,0.004335921243017604,https://leetcode.com/problems/jump-game-ii,"Array, Dynamic Programming, Greedy"
MEDIUM,Capacity To Ship Packages Within D Days,59.2,0.007450990532981995,https://leetcode.com/problems/capacity-to-ship-packages-within-d-days,"Array, Binary Search"
MEDIUM,Rotate Array,59.0,0.004532175079320106,https://leetcode.com/problems/rotate-array,"Array, Math, Two Pointers"
MEDIUM,Best Time to Buy and Sell Stock II,58.8,0.007150136376528176,https://leetcode.com/problems/best-time-to-buy-and-sell-stock-ii,"Array, Dynamic Programming, Greedy"
MEDIUM,Identify the Largest Outlier in an Array,58.8,0.0036484741109405533,https://leetcode.com/problems/identify-the-largest-outlier-in-an-array,"Array, Hash Table, Counting, Enumeration"
EASY,Single Number,58.6,0.007815755890287197,https://leetcode.com/problems/single-number,"Array, Bit Manipulation"
MEDIUM,Min Stack,58.6,0.005855059608044856,https://leetcode.com/problems/min-stack,"Stack, Design"
EASY,Create Hello World Function,58.6,0.008191580857174885,https://leetcode.com/problems/create-hello-world-function,
MEDIUM,Valid Sudoku,58.1,0.006495053391920732,https://leetcode.com/problems/valid-sudoku,"Array, Hash Table, Matrix"
EASY,Reverse Linked List,58.1,0.008094175602302101,https://leetcode.com/problems/reverse-linked-list,"Linked List, Recursion"
MEDIUM,Single Element in a Sorted Array,57.9,0.005939518546920414,https://leetcode.com/problems/single-element-in-a-sorted-array,"Array, Binary Search"
MEDIUM,Search a 2D Matrix,57.7,0.005438009059396466,https://leetcode.com/problems/search-a-2d-matrix,"Array, Binary Search, Matrix"
EASY,Contains Duplicate,57.5,0.006462890773565,https://leetcode.com/problems/contains-duplicate,"Array, Hash Table, Sorting"
EASY,Palindrome Linked List,57.2,0.00586075034726289,https://leetcode.com/problems/palindrome-linked-list,"Linked List, Two Pointers, Stack, Recursion"
MEDIUM,Zigzag Conversion,57.0,0.005489165550758973,https://leetcode.com/problems/zigzag-conversion,String
EASY,Sqrt(x),57.0,0.004223061470169658,https://leetcode.com/problems/sqrtx,"Math, Binary Search, Newton's Method"
MEDIUM,Binary Tree Right Side View,57.0,0.00709791158692465,https://leetcode.com/problems/binary-tree-right-side-view,"Tree, Depth-First Search, Breadth-First Search, Binary Tree"
MEDIUM,Daily Temperatures,57.0,0.006905642405710863,https://leetcode.com/problems/daily-temperatures,"Array, Stack, Monotonic Stack"
EASY,Recyclable and Low Fat Products,57.0,0.008863215276179656,https://leetcode.com/problems/recyclable-and-low-fat-products,Database
EASY,Remove Element,56.5,0.006237181968231845,https://leetcode.com/problems/remove-element,"Array, Two Pointers"
EASY,Search Insert Position,56.5,0.005201624196485214,https://leetcode.com/problems/search-insert-position,"Array, Binary Search"
MEDIUM,Permutations,56.5,0.008226107653199182,https://leetcode.com/problems/permutations,"Array, Backtracking"
HARD,Serialize and Deserialize Binary Tree,56.5,0.006102950550995958,https://leetcode.com/problems/serialize-and-deserialize-binary-tree,"String, Tree, Depth-First Search, Breadth-First Search, Design, Binary Tree"
MEDIUM,All Nodes Distance K in Binary Tree,56.5,0.006800075916651703,https://leetcode.com/problems/all-nodes-distance-k-in-binary-tree,"Hash Table, Tree, Depth-First Search, Breadth-First Search, Binary Tree"
HARD,Reverse Nodes in k-Group,56.0,0.00669651100488863,https://leetcode.com/problems/reverse-nodes-in-k-group,"Linked List, Recursion"
MEDIUM,Max Consecutive Ones III,56.0,0.0068276765629248755,https://leetcode.com/problems/max-consecutive-ones-iii,"Array, Binary Search, Sliding Window, Prefix Sum"
MEDIUM,Find the Duplicate Number,55.7,0.006476906099465616,https://leetcode.com/problems/find-the-duplicate-number,"Array, Two Pointers, Binary Search, Bit Manipulation, Pigeonhole Principle, Floyd's Cycle Finding Algorithm"
MEDIUM,Set Matrix Zeroes,55.5,0.006348192369186882,https://leetcode.com/problems/set-matrix-zeroes,"Array, Hash Table, Matrix"
MEDIUM,Binary Tree Zigzag Level Order Traversal,55.5,0.006432883708725693,https://leetcode.com/problems/binary-tree-zigzag-level-order-traversal,"Tree, Breadth-First Search, Binary Tree"
MEDIUM,Two Sum II - Input Array Is Sorted,55.5,0.0065685748816255475,https://leetcode.com/problems/two-sum-ii-input-array-is-sorted,"Array, Two Pointers, Binary Search"
HARD,LFU Cache,55.5,0.005002856004978826,https://leetcode.com/problems/lfu-cache,"Hash Table, Linked List, Design, Doubly-Linked List"
EASY,First Unique Character in a String,55.2,0.006611153379300317,https://leetcode.com/problems/first-unique-character-in-a-string,"Hash Table, String, Queue, Counting"
EASY,Find the Index of the First Occurrence in a String,55.0,0.004716717869479574,https://leetcode.com/problems/find-the-index-of-the-first-occurrence-in-a-string,"Two Pointers, String, String Matching, Z Algorithm, Knuth–Morris–Pratt Algorithm, Boyer–Moore String-Search Algorithm"
MEDIUM,String Compression,55.0,0.006060080317898665,https://leetcode.com/problems/string-compression,"Two Pointers, String"
EASY,Next Greater Element I,54.7,0.007668483172754845,https://leetcode.com/problems/next-greater-element-i,"Array, Hash Table, Stack, Monotonic Stack"
MEDIUM,Binary Tree Level Order Traversal,54.4,0.007328967348998725,https://leetcode.com/problems/binary-tree-level-order-traversal,"Tree, Breadth-First Search, Binary Tree"
EASY,Missing Number,54.4,0.0072516596353814035,https://leetcode.com/problems/missing-number,"Array, Hash Table, Math, Binary Search, Bit Manipulation, Sorting"
MEDIUM,Reorder List,54.1,0.00660002656775456,https://leetcode.com/problems/reorder-list,"Linked List, Two Pointers, Stack, Recursion"
MEDIUM,Next Greater Element II,54.1,0.006900509900667207,https://leetcode.com/problems/next-greater-element-ii,"Array, Stack, Monotonic Stack"
MEDIUM,String to Integer (atoi),53.8,0.0021566772444169607,https://leetcode.com/problems/string-to-integer-atoi,String
MEDIUM,Gas Station,53.8,0.004855720508729963,https://leetcode.com/problems/gas-station,"Array, Greedy"
MEDIUM,Maximum Product Subarray,53.8,0.0036892028817072727,https://leetcode.com/problems/maximum-product-subarray,"Array, Dynamic Programming"
HARD,Regular Expression Matching,53.6,0.003157634297802194,https://leetcode.com/problems/regular-expression-matching,"String, Dynamic Programming, Recursion"
MEDIUM,"Pow(x, n)",53.6,0.003917051350448515,https://leetcode.com/problems/powx-n,"Math, Recursion"
EASY,Valid Palindrome,53.6,0.005407000425085054,https://leetcode.com/problems/valid-palindrome,"Two Pointers, String"
HARD,Word Search II,53.6,0.0038787235391833813,https://leetcode.com/problems/word-search-ii,"Array, String, Backtracking, Trie, Matrix"
HARD,Candy,53.3,0.00490467635479669,https://leetcode.com/problems/candy,"Array, Greedy"
MEDIUM,Odd Even Linked List,53.3,0.006273100587820584,https://leetcode.com/problems/odd-even-linked-list,Linked List
HARD,Concatenated Words,53.0,0.004991074765929127,https://leetcode.com/problems/concatenated-words,"Array, String, Dynamic Programming, Depth-First Search, Trie, Sorting"
EASY,Flood Fill,53.0,0.0068787040387350215,https://leetcode.com/problems/flood-fill,"Array, Depth-First Search, Breadth-First Search, Matrix"
MEDIUM,Remove Nth Node From End of List,52.7,0.005239101584159045,https://leetcode.com/problems/remove-nth-node-from-end-of-list,"Linked List, Two Pointers"
MEDIUM,Combination Sum,52.7,0.0077005768815870505,https://leetcode.com/problems/combination-sum,"Array, Backtracking"
MEDIUM,Edit Distance,52.7,0.006111924133041377,https://leetcode.com/problems/edit-distance,"String, Dynamic Programming"
MEDIUM,Longest Increasing Subsequence,52.7,0.005984836196397778,https://leetcode.com/problems/longest-increasing-subsequence,"Array, Binary Search, Dynamic Programming, Longest Increasing Subsequence"
MEDIUM,Integer to Roman,52.4,0.007149571266632225,https://leetcode.com/problems/integer-to-roman,"Hash Table, Math, String"
MEDIUM,Validate Binary Search Tree,52.4,0.0036206010872143228,https://leetcode.com/problems/validate-binary-search-tree,"Tree, Depth-First Search, Binary Search Tree, Binary Tree"
HARD,Split Array Largest Sum,52.4,0.006119137361637512,https://leetcode.com/problems/split-array-largest-sum,"Array, Binary Search, Dynamic Programming, Greedy, Prefix Sum"
EASY,Diameter of Binary Tree,52.4,0.006608584489249044,https://leetcode.com/problems/diameter-of-binary-tree,"Tree, Depth-First Search, Binary Tree, DP on Trees"
MEDIUM,Partition Equal Subset Sum,52.0,0.004989013203689033,https://leetcode.com/problems/partition-equal-subset-sum,"Array, Dynamic Programming, Knapsack Problem, 0-1 Knapsack"
HARD,Basic Calculator,51.7,0.00471112581789601,https://leetcode.com/problems/basic-calculator,"Math, String, Stack, Recursion"
MEDIUM,3Sum Closest,51.4,0.004920512672452517,https://leetcode.com/problems/3sum-closest,"Array, Two Pointers, Sorting"
EASY,Linked List Cycle,51.4,0.005490560918058881,https://leetcode.com/problems/linked-list-cycle,"Hash Table, Linked List, Two Pointers, Floyd's Cycle Finding Algorithm"
MEDIUM,Largest Number,51.4,0.004358468300955362,https://leetcode.com/problems/largest-number,"Array, String, Greedy, Sorting"
EASY,Max Consecutive Ones,51.4,0.006591758755977218,https://leetcode.com/problems/max-consecutive-ones,Array
EASY,Middle of the Linked List,51.4,0.008227599656640099,https://leetcode.com/problems/middle-of-the-linked-list,"Linked List, Two Pointers"
HARD,Maximum Profit in Job Scheduling,51.4,0.0054812314023464995,https://leetcode.com/problems/maximum-profit-in-job-scheduling,"Array, Binary Search, Dynamic Programming, Sorting"
MEDIUM,Reverse Words in a String,51.1,0.005752996396229188,https://leetcode.com/problems/reverse-words-in-a-string,"Two Pointers, String"
EASY,Combine Two Tables,51.1,0.00798795665068269,https://leetcode.com/problems/combine-two-tables,Database
EASY,Intersection of Two Arrays,51.1,0.007820111647638732,https://leetcode.com/problems/intersection-of-two-arrays,"Array, Hash Table, Two Pointers, Binary Search, Sorting"
EASY,Fibonacci Number,51.1,0.007452180064209408,https://leetcode.com/problems/fibonacci-number,"Math, Dynamic Programming, Recursion, Memoization"
HARD,Word Break II,50.7,0.005602404741789417,https://leetcode.com/problems/word-break-ii,"Array, Hash Table, String, Dynamic Programming, Backtracking, Trie, Memoization"
EASY,Happy Number,50.7,0.00601149685323521,https://leetcode.com/problems/happy-number,"Hash Table, Math, Two Pointers, Floyd's Cycle Finding Algorithm"
MEDIUM,Search a 2D Matrix II,50.7,0.005790388268492287,https://leetcode.com/problems/search-a-2d-matrix-ii,"Array, Binary Search, Divide and Conquer, Matrix"
MEDIUM,Number of Provinces,50.7,0.007093648923444207,https://leetcode.com/problems/number-of-provinces,"Depth-First Search, Breadth-First Search, Union-Find, Graph Theory"
MEDIUM,Sum of Subarray Minimums,50.7,0.0038949679780420857,https://leetcode.com/problems/sum-of-subarray-minimums,"Array, Dynamic Programming, Stack, Monotonic Stack"
EASY,Plus One,50.4,0.0050450167133903445,https://leetcode.com/problems/plus-one,"Array, Math"
EASY,Add Binary,50.4,0.005848441314531582,https://leetcode.com/problems/add-binary,"Math, String, Bit Manipulation, Simulation"
MEDIUM,Palindrome Partitioning,50.4,0.0074504463219244865,https://leetcode.com/problems/palindrome-partitioning,"String, Dynamic Programming, Backtracking"
HARD,Longest Valid Parentheses,50.0,0.0039503594042912295,https://leetcode.com/problems/longest-valid-parentheses,"String, Dynamic Programming, Stack, Bracket Sequences"
MEDIUM,Rotate List,50.0,0.0043113682153384115,https://leetcode.com/problems/rotate-list,"Linked List, Two Pointers"
EASY,Balanced Binary Tree,50.0,0.005900720366026005,https://leetcode.com/problems/balanced-binary-tree,"Tree, Depth-First Search, Binary Tree"
MEDIUM,Basic Calculator II,50.0,0.004708523557903369,https://leetcode.com/problems/basic-calculator-ii,"Math, String, Stack"
MEDIUM,Evaluate Division,50.0,0.006450708148715583,https://leetcode.com/problems/evaluate-division,"Array, String, Depth-First Search, Breadth-First Search, Union-Find, Graph Theory, Shortest Path, Bellman–Ford Algorithm, Floyd–Warshall Algorithm"
MEDIUM,Decode String,49.7,0.006308994697353077,https://leetcode.com/problems/decode-string,"String, Stack, Recursion"
EASY,Check if Array Is Sorted and Rotated,49.7,0.0057610638842247475,https://leetcode.com/problems/check-if-array-is-sorted-and-rotated,Array
EASY,Contains Duplicate II,49.3,0.005178439854329056,https://leetcode.com/problems/contains-duplicate-ii,"Array, Hash Table, Sliding Window"
MEDIUM,Remove Duplicates from Sorted Array II,48.9,0.0065155872701921635,https://leetcode.com/problems/remove-duplicates-from-sorted-array-ii,"Array, Two Pointers"
MEDIUM,Minimum Size Subarray Sum,48.9,0.005261624451362095,https://leetcode.com/problems/minimum-size-subarray-sum,"Array, Binary Search, Sliding Window, Prefix Sum"
MEDIUM,Maximum Frequency After Subarray Operation,48.9,0.003157725933669106,https://leetcode.com/problems/maximum-frequency-after-subarray-operation,"Array, Hash Table, Dynamic Programming, Greedy, Enumeration, Prefix Sum"
HARD,Sudoku Solver,48.5,0.006558657151792837,https://leetcode.com/problems/sudoku-solver,"Array, Hash Table, Backtracking, Matrix, Algorithm X, Dancing Links"
HARD,Integer to English Words,48.5,0.003516285345382588,https://leetcode.com/problems/integer-to-english-words,"Math, String, Recursion"
EASY,Concatenation of Array,48.5,0.00900759053858367,https://leetcode.com/problems/concatenation-of-array,"Array, Simulation"
EASY,Same Tree,48.1,0.00677830532009003,https://leetcode.com/problems/same-tree,"Tree, Depth-First Search, Breadth-First Search, Binary Tree"
MEDIUM,Permutation in String,48.1,0.004952152888713448,https://leetcode.com/problems/permutation-in-string,"Hash Table, Two Pointers, String, Sliding Window"
EASY,Rotate String,48.1,0.006666982044139076,https://leetcode.com/problems/rotate-string,"String, String Matching"
MEDIUM,Second Highest Salary,47.7,0.004798752418603008,https://leetcode.com/problems/second-highest-salary,Database
MEDIUM,Time Based Key-Value Store,47.7,0.0050128731110318705,https://leetcode.com/problems/time-based-key-value-store,"Hash Table, String, Binary Search, Design"
MEDIUM,Plates Between Candles,47.7,0.004770467879798672,https://leetcode.com/problems/plates-between-candles,"Array, String, Binary Search, Prefix Sum"
EASY,Symmetric Tree,47.3,0.006182543122270631,https://leetcode.com/problems/symmetric-tree,"Tree, Depth-First Search, Breadth-First Search, Binary Tree"
MEDIUM,Find Minimum in Rotated Sorted Array,47.3,0.005517031810057429,https://leetcode.com/problems/find-minimum-in-rotated-sorted-array,"Array, Binary Search"
EASY,Isomorphic Strings,47.3,0.004892147955651791,https://leetcode.com/problems/isomorphic-strings,"Hash Table, String"
MEDIUM,K Closest Points to Origin,47.3,0.006928803625184413,https://leetcode.com/problems/k-closest-points-to-origin,"Array, Math, Divide and Conquer, Geometry, Sorting, Heap (Priority Queue), Quickselect, K-D Tree"
HARD,Vertical Order Traversal of a Binary Tree,47.3,0.00545262765801227,https://leetcode.com/problems/vertical-order-traversal-of-a-binary-tree,"Hash Table, Tree, Depth-First Search, Breadth-First Search, Sorting, Binary Tree"
MEDIUM,Maximum Coins From K Consecutive Bags,47.3,0.002659080459770115,https://leetcode.com/problems/maximum-coins-from-k-consecutive-bags,"Array, Binary Search, Greedy, Sliding Window, Sorting, Prefix Sum"
EASY,Maximum Depth of Binary Tree,46.9,0.007852232439696587,https://leetcode.com/problems/maximum-depth-of-binary-tree,"Tree, Depth-First Search, Breadth-First Search, Binary Tree"
MEDIUM,Surrounded Regions,46.9,0.004606683958506796,https://leetcode.com/problems/surrounded-regions,"Array, Depth-First Search, Breadth-First Search, Union-Find, Matrix"
MEDIUM,Evaluate Reverse Polish Notation,46.9,0.005848800500808375,https://leetcode.com/problems/evaluate-reverse-polish-notation,"Array, Math, Stack"
MEDIUM,Count Primes,46.9,0.003637127513843213,https://leetcode.com/problems/count-primes,"Array, Math, Enumeration, Number Theory, Primality Test, Sieve Theory, Prime Number Sieve"
EASY,Article Views I,46.5,0.007681236481262067,https://leetcode.com/problems/article-views-i,Database
MEDIUM,Search Suggestions System,46.5,0.006523544993956227,https://leetcode.com/problems/search-suggestions-system,"Array, String, Binary Search, Trie, Sorting, Heap (Priority Queue)"
EASY,Make Array Zero by Subtracting Equal Amounts,46.5,0.007392095072354704,https://leetcode.com/problems/make-array-zero-by-subtracting-equal-amounts,"Array, Hash Table, Greedy, Sorting, Heap (Priority Queue), Simulation"
MEDIUM,Sort List,46.0,0.006518643874463636,https://leetcode.com/problems/sort-list,"Linked List, Two Pointers, Divide and Conquer, Sorting, Merge Sort"
EASY,Intersection of Two Linked Lists,46.0,0.006446665709366838,https://leetcode.com/problems/intersection-of-two-linked-lists,"Hash Table, Linked List, Two Pointers"
MEDIUM,Find All Anagrams in a String,46.0,0.005432424800679061,https://leetcode.com/problems/find-all-anagrams-in-a-string,"Hash Table, String, Sliding Window"
MEDIUM,Peak Index in a Mountain Array,46.0,0.006670434630121796,https://leetcode.com/problems/peak-index-in-a-mountain-array,"Array, Binary Search, Ternary Search"
HARD,Subarrays with K Different Integers,46.0,0.006886127682833283,https://leetcode.com/problems/subarrays-with-k-different-integers,"Array, Hash Table, Sliding Window, Counting"
EASY,Reverse String,45.6,0.008119709932104969,https://leetcode.com/problems/reverse-string,"Two Pointers, String"
MEDIUM,Pacific Atlantic Water Flow,45.6,0.006134503514875067,https://leetcode.com/problems/pacific-atlantic-water-flow,"Array, Depth-First Search, Breadth-First Search, Matrix"
MEDIUM,Maximum Width of Binary Tree,45.6,0.004597500461454376,https://leetcode.com/problems/maximum-width-of-binary-tree,"Tree, Depth-First Search, Breadth-First Search, Binary Tree"
MEDIUM,Random Pick with Weight,45.6,0.004921195605186074,https://leetcode.com/problems/random-pick-with-weight,"Array, Math, Binary Search, Prefix Sum, Randomized"
HARD,Maximal Rectangle,45.1,0.00595947460319782,https://leetcode.com/problems/maximal-rectangle,"Array, Dynamic Programming, Stack, Matrix, Monotonic Stack"
MEDIUM,Reverse Linked List II,45.1,0.005217599261663659,https://leetcode.com/problems/reverse-linked-list-ii,Linked List
MEDIUM,Construct Binary Tree from Preorder and Inorder Traversal,45.1,0.006938038532730717,https://leetcode.com/problems/construct-binary-tree-from-preorder-and-inorder-traversal,"Array, Hash Table, Divide and Conquer, Tree, Binary Tree"
MEDIUM,Populating Next Right Pointers in Each Node,45.1,0.006763833468175856,https://leetcode.com/problems/populating-next-right-pointers-in-each-node,"Linked List, Tree, Depth-First Search, Breadth-First Search, Binary Tree"
MEDIUM,Kth Smallest Element in a BST,45.1,0.007721439227418731,https://leetcode.com/problems/kth-smallest-element-in-a-bst,"Tree, Depth-First Search, Binary Search Tree, Binary Tree"
MEDIUM,Lowest Common Ancestor of a Binary Search Tree,45.1,0.007119552915764813,https://leetcode.com/problems/lowest-common-ancestor-of-a-binary-search-tree,"Tree, Depth-First Search, Binary Search Tree, Binary Tree, Binary Lifting, Lowest Common Ancestor"
MEDIUM,Find K Closest Elements,45.1,0.005001233450715752,https://leetcode.com/problems/find-k-closest-elements,"Array, Two Pointers, Binary Search, Sliding Window, Sorting, Heap (Priority Queue)"
MEDIUM,Minimum Path Sum,44.6,0.006874260343668333,https://leetcode.com/problems/minimum-path-sum,"Array, Dynamic Programming, Matrix"
EASY,Employees Earning More Than Their Managers,44.6,0.007374407522984628,https://leetcode.com/problems/employees-earning-more-than-their-managers,Database
MEDIUM,House Robber III,44.6,0.005622273497684685,https://leetcode.com/problems/house-robber-iii,"Dynamic Programming, Tree, Depth-First Search, Binary Tree, DP on Trees"
HARD,Reverse Pairs,44.6,0.0034986467889311585,https://leetcode.com/problems/reverse-pairs,"Array, Binary Search, Divide and Conquer, Binary Indexed Tree, Segment Tree, Merge Sort, Ordered Set, Treap"
MEDIUM,Online Stock Span,44.6,0.006962015880698431,https://leetcode.com/problems/online-stock-span,"Stack, Design, Monotonic Stack, Data Stream"
EASY,Squares of a Sorted Array,44.6,0.007406501475104354,https://leetcode.com/problems/squares-of-a-sorted-array,"Array, Two Pointers, Sorting"
MEDIUM,Lowest Common Ancestor of a Binary Tree III,44.6,0.008301658183940092,https://leetcode.com/problems/lowest-common-ancestor-of-a-binary-tree-iii,"Hash Table, Two Pointers, Tree, Binary Tree, Binary Lifting, Lowest Common Ancestor"
MEDIUM,Frequency of the Most Frequent Element,44.6,0.004512503301995551,https://leetcode.com/problems/frequency-of-the-most-frequent-element,"Array, Binary Search, Greedy, Sliding Window, Sorting, Prefix Sum"
MEDIUM,Rearrange Array Elements by Sign,44.6,0.00848044946250092,https://leetcode.com/problems/rearrange-array-elements-by-sign,"Array, Two Pointers, Simulation"
MEDIUM,Minimum Time to Complete All Deliveries,44.6,0.003572714681440444,https://leetcode.com/problems/minimum-time-to-complete-all-deliveries,"Math, Binary Search"
MEDIUM,Divide Two Integers,44.1,0.0020225067542993715,https://leetcode.com/problems/divide-two-integers,"Math, Bit Manipulation"
MEDIUM,Simplify Path,44.1,0.005122079157370559,https://leetcode.com/problems/simplify-path,"String, Stack"
HARD,Word Ladder II,44.1,0.002796256359452415,https://leetcode.com/problems/word-ladder-ii,"Hash Table, String, Backtracking, Breadth-First Search, Bidirectional Search"
MEDIUM,Target Sum,44.1,0.005273059594683657,https://leetcode.com/problems/target-sum,"Array, Dynamic Programming, Backtracking, Knapsack Problem, 0-1 Knapsack"
MEDIUM,Contiguous Array,44.1,0.0052082291576860075,https://leetcode.com/problems/contiguous-array,"Array, Hash Table, Prefix Sum"
MEDIUM,Cheapest Flights Within K Stops,44.1,0.0042415075545453925,https://leetcode.com/problems/cheapest-flights-within-k-stops,"Dynamic Programming, Depth-First Search, Breadth-First Search, Graph Theory, Heap (Priority Queue), Shortest Path"
EASY,Length of Last Word,43.6,0.005951314338263951,https://leetcode.com/problems/length-of-last-word,String
MEDIUM,Linked List Cycle II,43.6,0.005888413133183402,https://leetcode.com/problems/linked-list-cycle-ii,"Hash Table, Linked List, Two Pointers, Floyd's Cycle Finding Algorithm"
MEDIUM,Top K Frequent Words,43.6,0.006050097703056446,https://leetcode.com/problems/top-k-frequent-words,"Array, Hash Table, String, Trie, Sorting, Heap (Priority Queue), Bucket Sort, Counting"
EASY,Binary Search,43.6,0.006130264995956878,https://leetcode.com/problems/binary-search,"Array, Binary Search"
MEDIUM,The kth Factor of n,43.6,0.007068593619350889,https://leetcode.com/problems/the-kth-factor-of-n,"Math, Number Theory, Prime Factorization"
MEDIUM,Minimum Health to Beat Game,43.6,0.005887365637753636,https://leetcode.com/problems/minimum-health-to-beat-game,"Array, Greedy"
EASY,Remove Duplicates from Sorted List,43.1,0.00573376879300634,https://leetcode.com/problems/remove-duplicates-from-sorted-list,Linked List
MEDIUM,Subsets II,43.1,0.006182630857877343,https://leetcode.com/problems/subsets-ii,"Array, Backtracking, Bit Manipulation"
MEDIUM,Non-overlapping Intervals,43.1,0.005756935065562214,https://leetcode.com/problems/non-overlapping-intervals,"Array, Dynamic Programming, Greedy, Sorting"
EASY,Min Cost Climbing Stairs,43.1,0.006863476642626538,https://leetcode.com/problems/min-cost-climbing-stairs,"Array, Dynamic Programming"
MEDIUM,Majority Element II,42.5,0.005667233002105416,https://leetcode.com/problems/majority-element-ii,"Array, Hash Table, Sorting, Counting, Boyer–Moore Majority Vote Algorithm"
MEDIUM,Managers with at Least 5 Direct Reports,42.5,0.004939506996395336,https://leetcode.com/problems/managers-with-at-least-5-direct-reports,Database
EASY,Maximum Average Subarray I,42.5,0.004890206572118782,https://leetcode.com/problems/maximum-average-subarray-i,"Array, Sliding Window"
EASY,Valid Palindrome II,42.5,0.004461328879412779,https://leetcode.com/problems/valid-palindrome-ii,"Two Pointers, String, Greedy"
EASY,Running Sum of 1d Array,42.5,0.008707057623507382,https://leetcode.com/problems/running-sum-of-1d-array,"Array, Prefix Sum"
MEDIUM,Minimum Number of Days to Make m Bouquets,42.5,0.0057051934526733605,https://leetcode.com/problems/minimum-number-of-days-to-make-m-bouquets,"Array, Binary Search"
EASY,Average Time of Process per Machine,42.5,0.00669326253598839,https://leetcode.com/problems/average-time-of-process-per-machine,Database
EASY,Power of Two,42.0,0.0050421415478439525,https://leetcode.com/problems/power-of-two,"Math, Bit Manipulation, Recursion"
MEDIUM,Remove K Digits,42.0,0.0037489879658208023,https://leetcode.com/problems/remove-k-digits,"String, Stack, Greedy, Monotonic Stack"
EASY,Fizz Buzz,42.0,0.007580834617066308,https://leetcode.com/problems/fizz-buzz,"Math, String, Simulation"
MEDIUM,Accounts Merge,42.0,0.006188973838707603,https://leetcode.com/problems/accounts-merge,"Array, Hash Table, String, Depth-First Search, Breadth-First Search, Union-Find, Sorting"
MEDIUM,Boats to Save People,42.0,0.006229769345086623,https://leetcode.com/problems/boats-to-save-people,"Array, Two Pointers, Greedy, Sorting, Timsort"
EASY,Rising Temperature,41.4,0.005193865803454294,https://leetcode.com/problems/rising-temperature,Database
EASY,Invert Binary Tree,41.4,0.008036550258882072,https://leetcode.com/problems/invert-binary-tree,"Tree, Depth-First Search, Breadth-First Search, Binary Tree"
EASY,Is Subsequence,41.4,0.004934153208028073,https://leetcode.com/problems/is-subsequence,"Two Pointers, String, Dynamic Programming"
MEDIUM,Sort Characters By Frequency,41.4,0.007570984853505718,https://leetcode.com/problems/sort-characters-by-frequency,"Hash Table, String, Sorting, Heap (Priority Queue), Bucket Sort, Counting"
EASY,Set Mismatch,41.4,0.0043371175637204815,https://leetcode.com/problems/set-mismatch,"Array, Hash Table, Bit Manipulation, Sorting"
MEDIUM,Open the Lock,41.4,0.0061505168250489285,https://leetcode.com/problems/open-the-lock,"Array, Hash Table, String, Breadth-First Search, Bidirectional Search"
MEDIUM,Partition Labels,41.4,0.008200878669466038,https://leetcode.com/problems/partition-labels,"Hash Table, Two Pointers, String, Greedy"
MEDIUM,Snakes and Ladders,41.4,0.00482343649723324,https://leetcode.com/problems/snakes-and-ladders,"Array, Breadth-First Search, Matrix"
EASY,Design Parking System,41.4,0.008718908911958381,https://leetcode.com/problems/design-parking-system,"Design, Simulation, Counting"
EASY,Add Two Integers,41.4,0.008809079255378442,https://leetcode.com/problems/add-two-integers,Math
MEDIUM,Swap Nodes in Pairs,40.8,0.0070104841794785076,https://leetcode.com/problems/swap-nodes-in-pairs,"Linked List, Recursion"
MEDIUM,Count and Say,40.8,0.006361947553339493,https://leetcode.com/problems/count-and-say,String
MEDIUM,Unique Paths II,40.8,0.004494286854910931,https://leetcode.com/problems/unique-paths-ii,"Array, Dynamic Programming, Matrix"
MEDIUM,Search in Rotated Sorted Array II,40.8,0.004044603819619822,https://leetcode.com/problems/search-in-rotated-sorted-array-ii,"Array, Binary Search"
EASY,Binary Tree Inorder Traversal,40.8,0.00805101288059095,https://leetcode.com/problems/binary-tree-inorder-traversal,"Stack, Tree, Depth-First Search, Binary Tree"
MEDIUM,House Robber II,40.8,0.0045403812596714185,https://leetcode.com/problems/house-robber-ii,"Array, Dynamic Programming"
HARD,Trapping Rain Water II,40.8,0.006419306134274252,https://leetcode.com/problems/trapping-rain-water-ii,"Array, Breadth-First Search, Heap (Priority Queue), Matrix"
EASY,Kth Largest Element in a Stream,40.8,0.006147231785750912,https://leetcode.com/problems/kth-largest-element-in-a-stream,"Tree, Design, Binary Search Tree, Heap (Priority Queue), Binary Tree, Data Stream"
MEDIUM,Maximum Points You Can Obtain from Cards,40.8,0.005824611826018379,https://leetcode.com/problems/maximum-points-you-can-obtain-from-cards,"Array, Sliding Window, Prefix Sum"
EASY,Kth Missing Positive Number,40.8,0.0063827626058958874,https://leetcode.com/problems/kth-missing-positive-number,"Array, Binary Search"
MEDIUM,Furthest Building You Can Reach,40.8,0.005109662816824548,https://leetcode.com/problems/furthest-building-you-can-reach,"Array, Greedy, Heap (Priority Queue)"
MEDIUM,Find Triangular Sum of an Array,40.8,0.008196224330539131,https://leetcode.com/problems/find-triangular-sum-of-an-array,"Array, Math, Simulation, Combinatorics, Number Theory"
EASY,Ransom Note,40.2,0.00663136966235492,https://leetcode.com/problems/ransom-note,"Hash Table, String, Counting"
EASY,Assign Cookies,40.2,0.005541664234589968,https://leetcode.com/problems/assign-cookies,"Array, Two Pointers, Greedy, Sorting, Quicksort"
MEDIUM,01 Matrix,40.2,0.0054725966693036,https://leetcode.com/problems/01-matrix,"Array, Dynamic Programming, Breadth-First Search, Matrix"
MEDIUM,Exclusive Time of Functions,40.2,0.006626110202430574,https://leetcode.com/problems/exclusive-time-of-functions,"Array, Stack"
MEDIUM,Max Area of Island,40.2,0.00741854179363408,https://leetcode.com/problems/max-area-of-island,"Array, Depth-First Search, Breadth-First Search, Union-Find, Matrix"
HARD,Critical Connections in a Network,40.2,0.006037170676740863,https://leetcode.com/problems/critical-connections-in-a-network,"Depth-First Search, Graph Theory, Biconnected Component, Bridge (Graph)"
HARD,Sum of Total Strength of Wizards,40.2,0.002983201581027668,https://leetcode.com/problems/sum-of-total-strength-of-wizards,"Array, Stack, Monotonic Stack, Prefix Sum"
MEDIUM,Clone Graph,39.5,0.00659795548864232,https://leetcode.com/problems/clone-graph,"Hash Table, Depth-First Search, Breadth-First Search, Graph Theory"
MEDIUM,Design Twitter,39.5,0.004537887996024738,https://leetcode.com/problems/design-twitter,"Hash Table, Linked List, Design, Heap (Priority Queue)"
EASY,Big Countries,39.5,0.006875425849139056,https://leetcode.com/problems/big-countries,Database
HARD,Smallest Range Covering Elements from K Lists,39.5,0.007032746305726644,https://leetcode.com/problems/smallest-range-covering-elements-from-k-lists,"Array, Hash Table, Greedy, Sliding Window, Sorting, Heap (Priority Queue)"
MEDIUM,Palindromic Substrings,39.5,0.007312510017465137,https://leetcode.com/problems/palindromic-substrings,"Two Pointers, String, Dynamic Programming"
HARD,Making A Large Island,39.5,0.005708557348244039,https://leetcode.com/problems/making-a-large-island,"Array, Depth-First Search, Breadth-First Search, Union-Find, Matrix"
MEDIUM,Monthly Transactions I,39.5,0.005969044434700358,https://leetcode.com/problems/monthly-transactions-i,Database
EASY,Average Selling Price,39.5,0.0037748120564436425,https://leetcode.com/problems/average-selling-price,Database
MEDIUM,Sum of Subarray Ranges,39.5,0.006179213160685274,https://leetcode.com/problems/sum-of-subarray-ranges,"Array, Stack, Monotonic Stack"
HARD,Wildcard Matching,38.9,0.003262322499166926,https://leetcode.com/problems/wildcard-matching,"String, Dynamic Programming, Greedy, Recursion"
MEDIUM,Decode Ways,38.9,0.0038445550461463566,https://leetcode.com/problems/decode-ways,"String, Dynamic Programming"
MEDIUM,Recover Binary Search Tree,38.9,0.0060669682919533355,https://leetcode.com/problems/recover-binary-search-tree,"Tree, Depth-First Search, Binary Search Tree, Binary Tree"
EASY,Convert Sorted Array to Binary Search Tree,38.9,0.007598446523845733,https://leetcode.com/problems/convert-sorted-array-to-binary-search-tree,"Array, Divide and Conquer, Tree, Binary Search Tree, Binary Tree"
EASY,Implement Queue using Stacks,38.9,0.00702323866542685,https://leetcode.com/problems/implement-queue-using-stacks,"Stack, Design, Queue"
MEDIUM,Delete Node in a Linked List,38.9,0.008429252111669104,https://leetcode.com/problems/delete-node-in-a-linked-list,Linked List
EASY,First Bad Version,38.9,0.004751333698003643,https://leetcode.com/problems/first-bad-version,"Binary Search, Interactive"
EASY,Reverse Vowels of a String,38.9,0.006208593351279957,https://leetcode.com/problems/reverse-vowels-of-a-string,"Two Pointers, String"
MEDIUM,Delete Node in a BST,38.9,0.005525666463619535,https://leetcode.com/problems/delete-node-in-a-bst,"Tree, Binary Search Tree, Binary Tree"
EASY,Design HashMap,38.9,0.006675549644750756,https://leetcode.com/problems/design-hashmap,"Array, Hash Table, Linked List, Design, Hash Function"
MEDIUM,Maximum Width Ramp,38.9,0.0055931043668338955,https://leetcode.com/problems/maximum-width-ramp,"Array, Two Pointers, Stack, Monotonic Stack"
EASY,Kids With the Greatest Number of Candies,38.9,0.00880050618829092,https://leetcode.com/problems/kids-with-the-greatest-number-of-candies,Array
MEDIUM,Maximum Number of Vowels in a Substring of Given Length,38.9,0.006268487168706248,https://leetcode.com/problems/maximum-number-of-vowels-in-a-substring-of-given-length,"String, Sliding Window"
MEDIUM,Count Good Numbers,38.9,0.005799133306820962,https://leetcode.com/problems/count-good-numbers,"Math, Recursion"
MEDIUM,Minimum Operations to Make Array Non Decreasing,38.9,0.005587506520605112,https://leetcode.com/problems/minimum-operations-to-make-array-non-decreasing,"Array, Greedy"
HARD,Substring with Concatenation of All Words,38.2,0.0035003040942139163,https://leetcode.com/problems/substring-with-concatenation-of-all-words,"Hash Table, String, Sliding Window"
MEDIUM,Partition List,38.2,0.006184100170255395,https://leetcode.com/problems/partition-list,"Linked List, Two Pointers"
MEDIUM,Implement Trie (Prefix Tree),38.2,0.006991477423387661,https://leetcode.com/problems/implement-trie-prefix-tree,"Hash Table, String, Design, Trie"
HARD,Alien Dictionary,38.2,0.0037286290888170304,https://leetcode.com/problems/alien-dictionary,"Array, String, Depth-First Search, Breadth-First Search, Graph Theory, Topological Sort, Directed Acyclic Graph"
MEDIUM,Design Tic-Tac-Toe,38.2,0.0058756827868897575,https://leetcode.com/problems/design-tic-tac-toe,"Array, Hash Table, Design, Matrix, Simulation"
HARD,Russian Doll Envelopes,38.2,0.0038121748166046444,https://leetcode.com/problems/russian-doll-envelopes,"Array, Binary Search, Dynamic Programming, Sorting, Longest Increasing Subsequence"
MEDIUM,Find K Pairs with Smallest Sums,38.2,0.0042260439277404535,https://leetcode.com/problems/find-k-pairs-with-smallest-sums,"Array, Heap (Priority Queue)"
MEDIUM,Longest Palindromic Subsequence,38.2,0.006580377433059974,https://leetcode.com/problems/longest-palindromic-subsequence,"String, Dynamic Programming"
MEDIUM,Coin Change II,38.2,0.005930312380477852,https://leetcode.com/problems/coin-change-ii,"Array, Dynamic Programming, Knapsack Problem, Complete Knapsack"
EASY,Find Customer Referee,38.2,0.007335279719966238,https://leetcode.com/problems/find-customer-referee,Database
MEDIUM,Valid Parenthesis String,38.2,0.0040403895485300115,https://leetcode.com/problems/valid-parenthesis-string,"String, Dynamic Programming, Stack, Greedy, Bracket Sequences"
MEDIUM,Subarray Product Less Than K,38.2,0.0054858355024627456,https://leetcode.com/problems/subarray-product-less-than-k,"Array, Binary Search, Sliding Window, Prefix Sum"
MEDIUM,Design Circular Queue,38.2,0.005521268075158022,https://leetcode.com/problems/design-circular-queue,"Array, Linked List, Design, Queue"
MEDIUM,Sort an Array,38.2,0.005579246363127776,https://leetcode.com/problems/sort-an-array,"Array, Divide and Conquer, Sorting, Heap (Priority Queue), Merge Sort, Bucket Sort, Radix Sort, Counting Sort"
MEDIUM,Product Sales Analysis III,38.2,0.004641051158655829,https://leetcode.com/problems/product-sales-analysis-iii,Database
MEDIUM,Shortest Path in Binary Matrix,38.2,0.005205282983092235,https://leetcode.com/problems/shortest-path-in-binary-matrix,"Array, Breadth-First Search, Matrix"
MEDIUM,Amount of Time for Binary Tree to Be Infected,38.2,0.0065872463681562335,https://leetcode.com/problems/amount-of-time-for-binary-tree-to-be-infected,"Hash Table, Tree, Depth-First Search, Breadth-First Search, Binary Tree"
MEDIUM,Maximum Sum of Distinct Subarrays With Length K,38.2,0.004343537739408237,https://leetcode.com/problems/maximum-sum-of-distinct-subarrays-with-length-k,"Array, Hash Table, Sliding Window"
MEDIUM,Insert Interval,37.4,0.00458118037265792,https://leetcode.com/problems/insert-interval,Array
MEDIUM,Triangle,37.4,0.005991255720169068,https://leetcode.com/problems/triangle,"Array, Dynamic Programming"
EASY,Can Place Flowers,37.4,0.0029280014546573512,https://leetcode.com/problems/can-place-flowers,"Array, Greedy"
MEDIUM,Construct Binary Search Tree from Preorder Traversal,37.4,0.008454696643590052,https://leetcode.com/problems/construct-binary-search-tree-from-preorder-traversal,"Array, Stack, Tree, Binary Search Tree, Monotonic Stack, Binary Tree"
EASY,Greatest Common Divisor of Strings,37.4,0.005427556022068661,https://leetcode.com/problems/greatest-common-divisor-of-strings,"Math, String, Euclidean Algorithm, Greatest Common Divisor"
MEDIUM,Longest Common Subsequence,37.4,0.005947635583980062,https://leetcode.com/problems/longest-common-subsequence,"String, Dynamic Programming, Longest Common Subsequence"
EASY,Unique Number of Occurrences,37.4,0.007885821807798354,https://leetcode.com/problems/unique-number-of-occurrences,"Array, Hash Table"
MEDIUM,Longest Continuous Subarray With Absolute Diff Less Than or Equal to Limit,37.4,0.005791934695835766,https://leetcode.com/problems/longest-continuous-subarray-with-absolute-diff-less-than-or-equal-to-limit,"Array, Queue, Sliding Window, Heap (Priority Queue), Ordered Set, Monotonic Queue"
EASY,Find Missing and Repeated Values,37.4,0.008297186545163355,https://leetcode.com/problems/find-missing-and-repeated-values,"Array, Hash Table, Math, Matrix"
HARD,Minimum Difference in Sums After Removal of Elements,37.4,0.00695772519322223,https://leetcode.com/problems/minimum-difference-in-sums-after-removal-of-elements,"Array, Dynamic Programming, Heap (Priority Queue)"
MEDIUM,Maximum K to Sort a Permutation,37.4,0.0037622540846948983,https://leetcode.com/problems/maximum-k-to-sort-a-permutation,"Array, Bit Manipulation"
MEDIUM,Lexicographically Smallest Negated Permutation that Sums to Target,37.4,0.003153374504725856,https://leetcode.com/problems/lexicographically-smallest-negated-permutation-that-sums-to-target,"Array, Math, Two Pointers, Greedy, Sorting"
MEDIUM,Interleaving String,36.7,0.004457092084006462,https://leetcode.com/problems/interleaving-string,"String, Dynamic Programming"
MEDIUM,Maximal Square,36.7,0.005074633316168979,https://leetcode.com/problems/maximal-square,"Array, Dynamic Programming, Matrix"
EASY,Add Digits,36.7,0.006923277072135301,https://leetcode.com/problems/add-digits,"Math, Simulation, Number Theory"
EASY,Range Sum Query - Immutable,36.7,0.007316352456266755,https://leetcode.com/problems/range-sum-query-immutable,"Array, Design, Prefix Sum"
MEDIUM,Predict the Winner,36.7,0.0059879680486440755,https://leetcode.com/problems/predict-the-winner,"Array, Math, Dynamic Programming, Recursion, Minimax, Game Theory, Zero-Sum Game"
HARD,Design In-Memory File System,36.7,0.004831380475423341,https://leetcode.com/problems/design-in-memory-file-system,"Hash Table, String, Design, Trie, Sorting"
HARD,Bus Routes,36.7,0.004749544257014072,https://leetcode.com/problems/bus-routes,"Array, Hash Table, Breadth-First Search"
EASY,Maximum Units on a Truck,36.7,0.00751636507921861,https://leetcode.com/problems/maximum-units-on-a-truck,"Array, Greedy, Sorting"
HARD,Distinct Subsequences,35.9,0.005239474760147188,https://leetcode.com/problems/distinct-subsequences,"String, Dynamic Programming"
MEDIUM,Single Number II,35.9,0.006767171447899468,https://leetcode.com/problems/single-number-ii,"Array, Bit Manipulation"
EASY,Implement Stack using Queues,35.9,0.007054244000603032,https://leetcode.com/problems/implement-stack-using-queues,"Stack, Design, Queue"
HARD,Burst Balloons,35.9,0.006419184417830754,https://leetcode.com/problems/burst-balloons,"Array, Dynamic Programming"
MEDIUM,Diagonal Traverse,35.9,0.00673692567139079,https://leetcode.com/problems/diagonal-traverse,"Array, Matrix, Simulation"
MEDIUM,Number of Distinct Islands,35.9,0.006293662276449443,https://leetcode.com/problems/number-of-distinct-islands,"Array, Hash Table, Depth-First Search, Breadth-First Search, Union-Find, Sorting, Matrix, Hash Function"
EASY,Count Binary Substrings,35.9,0.0070534051072942494,https://leetcode.com/problems/count-binary-substrings,"Two Pointers, String"
EASY,Find Pivot Index,35.9,0.0063598101123025115,https://leetcode.com/problems/find-pivot-index,"Array, Prefix Sum"
MEDIUM,First Unique Number,35.9,0.005787431965347192,https://leetcode.com/problems/first-unique-number,"Array, Hash Table, Design, Queue, Data Stream"
MEDIUM,Process String with Special Operations I,35.9,0.007146267256050557,https://leetcode.com/problems/process-string-with-special-operations-i,"String, Simulation"
HARD,Permutation Sequence,35.1,0.005399979276140163,https://leetcode.com/problems/permutation-sequence,"Math, Recursion"
HARD,Text Justification,35.1,0.005189716128123602,https://leetcode.com/problems/text-justification,"Array, String, Simulation"
MEDIUM,Flatten Binary Tree to Linked List,35.1,0.007132410367699786,https://leetcode.com/problems/flatten-binary-tree-to-linked-list,"Linked List, Stack, Tree, Depth-First Search, Binary Tree"
HARD,Department Top Three Salaries,35.1,0.006139792504431588,https://leetcode.com/problems/department-top-three-salaries,Database
MEDIUM,Design Add and Search Words Data Structure,35.1,0.004888489892504639,https://leetcode.com/problems/design-add-and-search-words-data-structure,"String, Depth-First Search, Design, Trie"
MEDIUM,Increasing Triplet Subsequence,35.1,0.003958479385301522,https://leetcode.com/problems/increasing-triplet-subsequence,"Array, Greedy, Longest Increasing Subsequence"
MEDIUM,Sum of Two Integers,35.1,0.005587646025103971,https://leetcode.com/problems/sum-of-two-integers,"Math, Bit Manipulation"
MEDIUM,Find Eventual Safe States,35.1,0.0071422009741227786,https://leetcode.com/problems/find-eventual-safe-states,"Depth-First Search, Breadth-First Search, Graph Theory, Topological Sort, Kosaraju's Algorithm, Tarjan's SCC Algorithm"
MEDIUM,Minimum Add to Make Parentheses Valid,35.1,0.007427578839736833,https://leetcode.com/problems/minimum-add-to-make-parentheses-valid,"String, Stack, Greedy, Bracket Sequences"
HARD,Binary Tree Cameras,35.1,0.0048078175577937745,https://leetcode.com/problems/binary-tree-cameras,"Dynamic Programming, Tree, Depth-First Search, Binary Tree, DP on Trees"
MEDIUM,Smallest Subsequence of Distinct Characters,35.1,0.0070564827029259035,https://leetcode.com/problems/smallest-subsequence-of-distinct-characters,"String, Stack, Greedy, Monotonic Stack"
MEDIUM,Remove All Adjacent Duplicates in String II,35.1,0.006175687044307348,https://leetcode.com/problems/remove-all-adjacent-duplicates-in-string-ii,"String, Stack"
MEDIUM,Find the Smallest Divisor Given a Threshold,35.1,0.006660660895904325,https://leetcode.com/problems/find-the-smallest-divisor-given-a-threshold,"Array, Binary Search"
HARD,Maximum Sum BST in Binary Tree,35.1,0.004863272741673598,https://leetcode.com/problems/maximum-sum-bst-in-binary-tree,"Dynamic Programming, Tree, Depth-First Search, Binary Search Tree, Binary Tree, DP on Trees"
EASY,Customer Who Visited but Did Not Make Any Transactions,35.1,0.0068301546721554725,https://leetcode.com/problems/customer-who-visited-but-did-not-make-any-transactions,Database
MEDIUM,Confirmation Rate,35.1,0.006254238471451996,https://leetcode.com/problems/confirmation-rate,Database
MEDIUM,Apply Discount to Prices,35.1,0.003449470958797986,https://leetcode.com/problems/apply-discount-to-prices,String
HARD,Find the Number of Possible Ways for an Event,35.1,0.0034412255235036133,https://leetcode.com/problems/find-the-number-of-possible-ways-for-an-event,"Math, Dynamic Programming, Combinatorics"
MEDIUM,Minimum Number of Primes to Sum to Target,35.1,0.005991211762717593,https://leetcode.com/problems/minimum-number-of-primes-to-sum-to-target,"Array, Math, Dynamic Programming, Number Theory"
MEDIUM,Permutations II,34.2,0.006400878893090229,https://leetcode.com/problems/permutations-ii,"Array, Backtracking, Sorting"
MEDIUM,Remove Duplicate Letters,34.2,0.00542794922972841,https://leetcode.com/problems/remove-duplicate-letters,"String, Stack, Greedy, Monotonic Stack"
MEDIUM,Number of Connected Components in an Undirected Graph,34.2,0.006510101725318038,https://leetcode.com/problems/number-of-connected-components-in-an-undirected-graph,"Depth-First Search, Breadth-First Search, Union-Find, Graph Theory"
MEDIUM,Kth Smallest Element in a Sorted Matrix,34.2,0.006496119115594,https://leetcode.com/problems/kth-smallest-element-in-a-sorted-matrix,"Array, Binary Search, Sorting, Heap (Priority Queue), Matrix"
EASY,Repeated Substring Pattern,34.2,0.004865461652823996,https://leetcode.com/problems/repeated-substring-pattern,"String, String Matching, Z Algorithm, Knuth–Morris–Pratt Algorithm"
MEDIUM,Swapping Nodes in a Linked List,34.2,0.006968933197295381,https://leetcode.com/problems/swapping-nodes-in-a-linked-list,"Linked List, Two Pointers"
EASY,Two Sum IV - Input is a BST,34.2,0.0063614474159027915,https://leetcode.com/problems/two-sum-iv-input-is-a-bst,"Hash Table, Two Pointers, Tree, Depth-First Search, Breadth-First Search, Binary Search Tree, Binary Tree"
MEDIUM,Is Graph Bipartite?,34.2,0.005977138680759284,https://leetcode.com/problems/is-graph-bipartite,"Depth-First Search, Breadth-First Search, Union-Find, Graph Theory, Graph Coloring, Bipartite Graph"
MEDIUM,Minimum Falling Path Sum,34.2,0.006084632572239227,https://leetcode.com/problems/minimum-falling-path-sum,"Array, Dynamic Programming, Matrix"
EASY,Remove All Adjacent Duplicates In String,34.2,0.007386759224726374,https://leetcode.com/problems/remove-all-adjacent-duplicates-in-string,"String, Stack"
EASY,Students and Examinations,34.2,0.006177104311564636,https://leetcode.com/problems/students-and-examinations,Database
MEDIUM,Maximum Number of Events That Can Be Attended,34.2,0.0039056185395131703,https://leetcode.com/problems/maximum-number-of-events-that-can-be-attended,"Array, Greedy, Sorting, Heap (Priority Queue)"
EASY,Replace Employee ID With The Unique Identifier,34.2,0.008375550437158787,https://leetcode.com/problems/replace-employee-id-with-the-unique-identifier,Database
MEDIUM,Count Square Submatrices with All Ones,34.2,0.008080436616901835,https://leetcode.com/problems/count-square-submatrices-with-all-ones,"Array, Dynamic Programming, Matrix"
MEDIUM,Combination Sum II,33.3,0.005997280460507808,https://leetcode.com/problems/combination-sum-ii,"Array, Backtracking"
MEDIUM,Multiply Strings,33.3,0.004462400499590362,https://leetcode.com/problems/multiply-strings,"Math, String, Simulation"
MEDIUM,Spiral Matrix II,33.3,0.007566243329510636,https://leetcode.com/problems/spiral-matrix-ii,"Array, Matrix, Simulation"
MEDIUM,Combinations,33.3,0.00750210196887536,https://leetcode.com/problems/combinations,Backtracking
MEDIUM,Compare Version Numbers,33.3,0.004685992303584148,https://leetcode.com/problems/compare-version-numbers,"Two Pointers, String"
EASY,Excel Sheet Column Title,33.3,0.004729587436752565,https://leetcode.com/problems/excel-sheet-column-title,"Math, String"
MEDIUM,Rank Scores,33.3,0.006853938289403295,https://leetcode.com/problems/rank-scores,Database
MEDIUM,Consecutive Numbers,33.3,0.004908294908655094,https://leetcode.com/problems/consecutive-numbers,Database
EASY,Duplicate Emails,33.3,0.007419572104275729,https://leetcode.com/problems/duplicate-emails,Database
EASY,Remove Linked List Elements,33.3,0.005521327822047982,https://leetcode.com/problems/remove-linked-list-elements,"Linked List, Recursion"
HARD,Reconstruct Itinerary,33.3,0.0044899327805000624,https://leetcode.com/problems/reconstruct-itinerary,"Array, String, Depth-First Search, Graph Theory, Sorting, Heap (Priority Queue), Eulerian Circuit, Eulerian Path, Semi-Eulerian Graph"
HARD,Frog Jump,33.3,0.004754496025646009,https://leetcode.com/problems/frog-jump,"Array, Dynamic Programming"
MEDIUM,Path Sum III,33.3,0.004658895141515222,https://leetcode.com/problems/path-sum-iii,"Tree, Depth-First Search, Binary Tree"
EASY,Find All Numbers Disappeared in an Array,33.3,0.006453643318253996,https://leetcode.com/problems/find-all-numbers-disappeared-in-an-array,"Array, Hash Table"
EASY,Employee Bonus,33.3,0.007791239087551415,https://leetcode.com/problems/employee-bonus,Database
EASY,Jewels and Stones,33.3,0.008963470115490426,https://leetcode.com/problems/jewels-and-stones,"Hash Table, String"
MEDIUM,Immediate Food Delivery II,33.3,0.0056736110399247365,https://leetcode.com/problems/immediate-food-delivery-ii,Database
MEDIUM,Magnetic Force Between Two Balls,33.3,0.007254963532625118,https://leetcode.com/problems/magnetic-force-between-two-balls,"Array, Binary Search, Sorting"
HARD,Put Marbles in Bags,33.3,0.00720510524582102,https://leetcode.com/problems/put-marbles-in-bags,"Array, Greedy, Sorting, Heap (Priority Queue)"
MEDIUM,Most Expensive Item That Can Not Be Bought,33.3,0.008017524644030667,https://leetcode.com/problems/most-expensive-item-that-can-not-be-bought,"Math, Dynamic Programming, Number Theory"
HARD,Find Longest Self-Contained Substring,33.3,0.005836022015562725,https://leetcode.com/problems/find-longest-self-contained-substring,"Hash Table, String, Sorting"
MEDIUM,Gray Code,32.3,0.006578992217235699,https://leetcode.com/problems/gray-code,"Math, Backtracking, Bit Manipulation"
HARD,Best Time to Buy and Sell Stock III,32.3,0.005451157668612667,https://leetcode.com/problems/best-time-to-buy-and-sell-stock-iii,"Array, Dynamic Programming"
MEDIUM,Different Ways to Add Parentheses,32.3,0.0073530464194778,https://leetcode.com/problems/different-ways-to-add-parentheses,"Math, String, Dynamic Programming, Recursion, Memoization, Bracket Sequences"
MEDIUM,H-Index,32.3,0.004178343715562805,https://leetcode.com/problems/h-index,"Array, Sorting, Counting Sort"
EASY,Find the Difference,32.3,0.006061535181771441,https://leetcode.com/problems/find-the-difference,"Hash Table, String, Bit Manipulation, Sorting"
EASY,Third Maximum Number,32.3,0.004016652776799357,https://leetcode.com/problems/third-maximum-number,"Array, Sorting"
EASY,Add Strings,32.3,0.005221925350779546,https://leetcode.com/problems/add-strings,"Math, String, Simulation"
MEDIUM,Next Greater Element III,32.3,0.0035555373753405383,https://leetcode.com/problems/next-greater-element-iii,"Math, Two Pointers, String"
MEDIUM,Domino and Tromino Tiling,32.3,0.005126151558083638,https://leetcode.com/problems/domino-and-tromino-tiling,Dynamic Programming
HARD,Minimum Number of Refueling Stops,32.3,0.0041773213213213214,https://leetcode.com/problems/minimum-number-of-refueling-stops,"Array, Dynamic Programming, Greedy, Heap (Priority Queue)"
MEDIUM,Reorder Data in Log Files,32.3,0.005678020526119876,https://leetcode.com/problems/reorder-data-in-log-files,"Array, String, Sorting"
MEDIUM,Customers Who Bought All Products,32.3,0.006439194901826191,https://leetcode.com/problems/customers-who-bought-all-products,Database
EASY,Shuffle the Array,32.3,0.008869480323418942,https://leetcode.com/problems/shuffle-the-array,Array
MEDIUM,Partition Array According to Given Pivot,32.3,0.009075455115639383,https://leetcode.com/problems/partition-array-according-to-given-pivot,"Array, Two Pointers, Simulation"
MEDIUM,Removing Stars From a String,32.3,0.007978269232352867,https://leetcode.com/problems/removing-stars-from-a-string,"String, Stack, Simulation"
EASY,Create a DataFrame from List,32.3,0.00808713621177777,https://leetcode.com/problems/create-a-dataframe-from-list,
HARD,Maximum Number of Groups With Increasing Length,32.3,0.0023368828334270316,https://leetcode.com/problems/maximum-number-of-groups-with-increasing-length,"Array, Math, Binary Search, Greedy, Sorting"
MEDIUM,Sell Diminishing-Valued Colored Balls,32.3,0.0030386472505533335,https://leetcode.com/problems/sell-diminishing-valued-colored-balls,"Array, Math, Binary Search, Greedy, Sorting, Heap (Priority Queue)"
MEDIUM,Longest Arithmetic Sequence After Changing At Most One Element,32.3,0.002173663237883422,https://leetcode.com/problems/longest-arithmetic-sequence-after-changing-at-most-one-element,"Array, Enumeration"
MEDIUM,Path Sum II,31.3,0.00627416206467224,https://leetcode.com/problems/path-sum-ii,"Backtracking, Tree, Depth-First Search, Binary Tree"
HARD,Dungeon Game,31.3,0.004200802820563928,https://leetcode.com/problems/dungeon-game,"Array, Dynamic Programming, Matrix"
MEDIUM,Nth Highest Salary,31.3,0.003990527543627035,https://leetcode.com/problems/nth-highest-salary,Database
EASY,Reverse Bits,31.3,0.0069125866418237635,https://leetcode.com/problems/reverse-bits,"Divide and Conquer, Bit Manipulation"
MEDIUM,Longest Substring with At Least K Repeating Characters,31.3,0.004656544866244088,https://leetcode.com/problems/longest-substring-with-at-least-k-repeating-characters,"Hash Table, String, Divide and Conquer, Sliding Window"
MEDIUM,Rotate Function,31.3,0.005414634651157376,https://leetcode.com/problems/rotate-function,"Array, Math, Dynamic Programming"
MEDIUM,132 Pattern,31.3,0.0035032369478907167,https://leetcode.com/problems/132-pattern,"Array, Binary Search, Stack, Monotonic Stack, Ordered Set"
MEDIUM,Boundary of Binary Tree,31.3,0.004818214698293081,https://leetcode.com/problems/boundary-of-binary-tree,"Tree, Depth-First Search, Binary Tree"
MEDIUM,Maximum Sum Circular Subarray,31.3,0.005115591695803902,https://leetcode.com/problems/maximum-sum-circular-subarray,"Array, Divide and Conquer, Dynamic Programming, Queue, Monotonic Queue"
MEDIUM,Binary Subarrays With Sum,31.3,0.006966155872141746,https://leetcode.com/problems/binary-subarrays-with-sum,"Array, Hash Table, Sliding Window, Prefix Sum"
EASY,Remove Outermost Parentheses,31.3,0.008738971797352755,https://leetcode.com/problems/remove-outermost-parentheses,"String, Stack, Bracket Sequences"
MEDIUM,Binary Search Tree to Greater Sum Tree,31.3,0.008840955133505362,https://leetcode.com/problems/binary-search-tree-to-greater-sum-tree,"Tree, Depth-First Search, Binary Search Tree, Binary Tree"
MEDIUM,Angle Between Hands of a Clock,31.3,0.006987913590099264,https://leetcode.com/problems/angle-between-hands-of-a-clock,Math
HARD,Minimum Cost to Cut a Stick,31.3,0.0063399661145049436,https://leetcode.com/problems/minimum-cost-to-cut-a-stick,"Array, Dynamic Programming, Sorting"
HARD,Substring With Largest Variance,31.3,0.0046028335780188825,https://leetcode.com/problems/substring-with-largest-variance,"Hash Table, String, Dynamic Programming, Enumeration"
MEDIUM,Make String a Subsequence Using Cyclic Increments,31.3,0.006576249431985778,https://leetcode.com/problems/make-string-a-subsequence-using-cyclic-increments,"Two Pointers, String"
HARD,Length of Longest V-Shaped Diagonal Segment,31.3,0.005592556979521927,https://leetcode.com/problems/length-of-longest-v-shaped-diagonal-segment,"Array, Dynamic Programming, Memoization, Matrix"
MEDIUM,Count Bowl Subarrays,31.3,0.004874787710359734,https://leetcode.com/problems/count-bowl-subarrays,"Array, Stack, Monotonic Stack"
MEDIUM,Unique Binary Search Trees,30.2,0.00640836304368523,https://leetcode.com/problems/unique-binary-search-trees,"Math, Dynamic Programming, Tree, Binary Search Tree, Binary Tree"
EASY,Path Sum,30.2,0.005551566641534456,https://leetcode.com/problems/path-sum,"Tree, Depth-First Search, Breadth-First Search, Binary Tree"
MEDIUM,Binary Search Tree Iterator,30.2,0.007688349524384364,https://leetcode.com/problems/binary-search-tree-iterator,"Stack, Tree, Design, Binary Search Tree, Binary Tree, Iterator"
EASY,Customers Who Never Order,30.2,0.0072226942175629295,https://leetcode.com/problems/customers-who-never-order,Database
MEDIUM,Repeated DNA Sequences,30.2,0.005382323263105856,https://leetcode.com/problems/repeated-dna-sequences,"Hash Table, String, Bit Manipulation, Sliding Window, Rolling Hash, Hash Function, Z Algorithm, Boyer–Moore String-Search Algorithm"
EASY,Summary Ranges,30.2,0.0054618862212235855,https://leetcode.com/problems/summary-ranges,Array
MEDIUM,Find All Duplicates in an Array,30.2,0.007710546113806329,https://leetcode.com/problems/find-all-duplicates-in-an-array,"Array, Hash Table, Sorting"
EASY,Array Partition,30.2,0.008207972778807018,https://leetcode.com/problems/array-partition,"Array, Greedy, Sorting, Counting Sort"
EASY,Merge Two Binary Trees,30.2,0.007914642729302233,https://leetcode.com/problems/merge-two-binary-trees,"Tree, Depth-First Search, Breadth-First Search, Binary Tree"
EASY,Maximum Product of Three Numbers,30.2,0.004822190115583897,https://leetcode.com/problems/maximum-product-of-three-numbers,"Array, Math, Sorting"
MEDIUM,Flatten a Multilevel Doubly Linked List,30.2,0.006329529186937766,https://leetcode.com/problems/flatten-a-multilevel-doubly-linked-list,"Linked List, Depth-First Search, Doubly-Linked List"
MEDIUM,Custom Sort String,30.2,0.007232253465735916,https://leetcode.com/problems/custom-sort-string,"Hash Table, String, Sorting"
MEDIUM,Car Fleet,30.2,0.005556785683288915,https://leetcode.com/problems/car-fleet,"Array, Stack, Sorting, Monotonic Stack"
MEDIUM,Flip String to Monotone Increasing,30.2,0.00619362235315883,https://leetcode.com/problems/flip-string-to-monotone-increasing,"String, Dynamic Programming"
MEDIUM,Subarray Sums Divisible by K,30.2,0.005664232594353679,https://leetcode.com/problems/subarray-sums-divisible-by-k,"Array, Hash Table, Prefix Sum"
EASY,Product Sales Analysis I,30.2,0.008610172919644615,https://leetcode.com/problems/product-sales-analysis-i,Database
EASY,Replace Elements with Greatest Element on Right Side,30.2,0.007253566381271665,https://leetcode.com/problems/replace-elements-with-greatest-element-on-right-side,Array
MEDIUM,Make Sum Divisible by P,30.2,0.004259503932069456,https://leetcode.com/problems/make-sum-divisible-by-p,"Array, Hash Table, Prefix Sum"
MEDIUM,Sum of Beauty of All Substrings,30.2,0.007467177223982831,https://leetcode.com/problems/sum-of-beauty-of-all-substrings,"Hash Table, String, Counting"
MEDIUM,Maximum Average Pass Ratio,30.2,0.007408676278952458,https://leetcode.com/problems/maximum-average-pass-ratio,"Array, Greedy, Heap (Priority Queue)"
EASY,Find if Path Exists in Graph,30.2,0.005570811600594641,https://leetcode.com/problems/find-if-path-exists-in-graph,"Depth-First Search, Breadth-First Search, Union-Find, Graph Theory"
HARD,Partition Array Into Two Arrays to Minimize Sum Difference,30.2,0.0024377423122953113,https://leetcode.com/problems/partition-array-into-two-arrays-to-minimize-sum-difference,"Array, Two Pointers, Binary Search, Dynamic Programming, Bit Manipulation, Meet in the Middle, Sorting, Ordered Set, Bitmask"
MEDIUM,Using a Robot to Print the Lexicographically Smallest String,30.2,0.0062196406756105495,https://leetcode.com/problems/using-a-robot-to-print-the-lexicographically-smallest-string,"Hash Table, String, Stack, Greedy"
MEDIUM,Distribute Candies Among Children II,30.2,0.005564238069997744,https://leetcode.com/problems/distribute-candies-among-children-ii,"Math, Combinatorics, Enumeration"
MEDIUM,Restore IP Addresses,29.1,0.005679354373480606,https://leetcode.com/problems/restore-ip-addresses,"String, Backtracking"
EASY,Number of 1 Bits,29.1,0.007736137503691482,https://leetcode.com/problems/number-of-1-bits,"Divide and Conquer, Bit Manipulation"
HARD,All O`one Data Structure,29.1,0.004446796196430027,https://leetcode.com/problems/all-oone-data-structure,"Hash Table, Linked List, Design, Doubly-Linked List"
EASY,Reverse Words in a String III,29.1,0.00841212897654075,https://leetcode.com/problems/reverse-words-in-a-string-iii,"Two Pointers, String"
EASY,Image Smoother,29.1,0.00695274303796194,https://leetcode.com/problems/image-smoother,"Array, Matrix"
MEDIUM,Split Linked List in Parts,29.1,0.007069236973955667,https://leetcode.com/problems/split-linked-list-in-parts,Linked List
HARD,Swim in Rising Water,29.1,0.006817592928724393,https://leetcode.com/problems/swim-in-rising-water,"Array, Binary Search, Depth-First Search, Breadth-First Search, Union-Find, Minimax, Heap (Priority Queue), Matrix, Dijkstra's Algorithm"
MEDIUM,Keys and Rooms,29.1,0.0076144084893690015,https://leetcode.com/problems/keys-and-rooms,"Depth-First Search, Breadth-First Search, Graph Theory"
EASY,Lemonade Change,29.1,0.005939475949624715,https://leetcode.com/problems/lemonade-change,"Array, Greedy"
HARD,Shortest Subarray with Sum at Least K,29.1,0.0033015215374657346,https://leetcode.com/problems/shortest-subarray-with-sum-at-least-k,"Array, Binary Search, Queue, Sliding Window, Heap (Priority Queue), Prefix Sum, Monotonic Queue"
MEDIUM,Most Stones Removed with Same Row or Column,29.1,0.006338928597745192,https://leetcode.com/problems/most-stones-removed-with-same-row-or-column,"Hash Table, Depth-First Search, Union-Find, Graph Theory, Bipartite Graph"
MEDIUM,Interval List Intersections,29.1,0.007314311931155916,https://leetcode.com/problems/interval-list-intersections,"Array, Two Pointers, Sweep Line"
HARD,Shortest Common Supersequence ,29.1,0.006226590881053781,https://leetcode.com/problems/shortest-common-supersequence,"String, Dynamic Programming, Longest Common Subsequence"
EASY,Number of Equivalent Domino Pairs,29.1,0.006074986128358919,https://leetcode.com/problems/number-of-equivalent-domino-pairs,"Array, Hash Table, Counting"
MEDIUM,Product Price at a Given Date,29.1,0.005835949501329528,https://leetcode.com/problems/product-price-at-a-given-date,Database
EASY,Count Negative Numbers in a Sorted Matrix,29.1,0.007972178344536555,https://leetcode.com/problems/count-negative-numbers-in-a-sorted-matrix,"Array, Binary Search, Matrix"
MEDIUM,Design Browser History,29.1,0.007844285176725911,https://leetcode.com/problems/design-browser-history,"Array, Linked List, Stack, Design, Doubly-Linked List, Data Stream"
EASY,Path Crossing,29.1,0.006266452197270201,https://leetcode.com/problems/path-crossing,"Hash Table, String"
MEDIUM,Min Cost to Connect All Points,29.1,0.007156156703501343,https://leetcode.com/problems/min-cost-to-connect-all-points,"Array, Union-Find, Graph Theory, Minimum Spanning Tree, Prim's Algorithm, Kruskal's Algorithm, Borůvka's Algorithm"
EASY,Number of Students Unable to Eat Lunch,29.1,0.007993620548969606,https://leetcode.com/problems/number-of-students-unable-to-eat-lunch,"Array, Stack, Queue, Simulation"
EASY,Sum of All Subset XOR Totals,29.1,0.009012160618490117,https://leetcode.com/problems/sum-of-all-subset-xor-totals,"Array, Math, Backtracking, Bit Manipulation, Combinatorics, Enumeration"
MEDIUM,Find All Possible Recipes from Given Supplies,29.1,0.005707424073577746,https://leetcode.com/problems/find-all-possible-recipes-from-given-supplies,"Array, Hash Table, String, Graph Theory, Topological Sort, Directed Acyclic Graph"
MEDIUM,Count Number of Rectangles Containing Each Point,29.1,0.003789136977451428,https://leetcode.com/problems/count-number-of-rectangles-containing-each-point,"Array, Hash Table, Binary Search, Binary Indexed Tree, Sorting"
EASY,Best Poker Hand,29.1,0.006194878228619851,https://leetcode.com/problems/best-poker-hand,"Array, Hash Table, Counting"
MEDIUM,Max Sum of a Pair With Equal Sum of Digits,29.1,0.006592855770079837,https://leetcode.com/problems/max-sum-of-a-pair-with-equal-sum-of-digits,"Array, Hash Table, Sorting, Heap (Priority Queue)"
HARD,Meeting Rooms III,29.1,0.005139481126853179,https://leetcode.com/problems/meeting-rooms-iii,"Array, Hash Table, Sorting, Heap (Priority Queue), Simulation"
HARD,Maximum Number of Books You Can Take,29.1,0.003948296464690624,https://leetcode.com/problems/maximum-number-of-books-you-can-take,"Array, Dynamic Programming, Stack, Monotonic Stack"
MEDIUM,Kth Largest Sum in a Binary Tree,29.1,0.005895348837209302,https://leetcode.com/problems/kth-largest-sum-in-a-binary-tree,"Tree, Breadth-First Search, Sorting, Binary Tree"
EASY,Row With Maximum Ones,29.1,0.007454332591129664,https://leetcode.com/problems/row-with-maximum-ones,"Array, Matrix"
MEDIUM,Maximum Sum With at Most K Elements,29.1,0.006051799274168866,https://leetcode.com/problems/maximum-sum-with-at-most-k-elements,"Array, Greedy, Sorting, Heap (Priority Queue), Matrix"
MEDIUM,Minimum Operations to Make the Array Alternating,29.1,0.003587226126498553,https://leetcode.com/problems/minimum-operations-to-make-the-array-alternating,"Array, Hash Table, Greedy, Counting"
HARD,Count Subarrays With Median K,29.1,0.004931693379168713,https://leetcode.com/problems/count-subarrays-with-median-k,"Array, Hash Table, Prefix Sum"
HARD,Minimum Swaps to Avoid Forbidden Values,29.1,0.003108690602173296,https://leetcode.com/problems/minimum-swaps-to-avoid-forbidden-values,"Array, Hash Table, Greedy, Counting"
EASY,Divide an Array Into Subarrays With Minimum Cost I,29.1,0.008061686807865594,https://leetcode.com/problems/divide-an-array-into-subarrays-with-minimum-cost-i,"Array, Sorting, Enumeration"
MEDIUM,Sum of GCD of Formed Pairs,29.1,0.007501293122558461,https://leetcode.com/problems/sum-of-gcd-of-formed-pairs,"Array, Math, Two Pointers, Sorting, Simulation, Number Theory"
HARD,N-Queens II,27.8,0.007919361274486189,https://leetcode.com/problems/n-queens-ii,"Backtracking, Algorithm X"
EASY,Pascal's Triangle II,27.8,0.006789246250944807,https://leetcode.com/problems/pascals-triangle-ii,"Array, Dynamic Programming"
HARD,Palindrome Partitioning II,27.8,0.0037742109730689094,https://leetcode.com/problems/palindrome-partitioning-ii,"String, Dynamic Programming"
MEDIUM,Department Highest Salary,27.8,0.005908742405091716,https://leetcode.com/problems/department-highest-salary,Database
HARD,Shortest Palindrome,27.8,0.004295033243701194,https://leetcode.com/problems/shortest-palindrome,"String, Rolling Hash, String Matching, Hash Function, Manacher, Z Algorithm, Knuth–Morris–Pratt Algorithm"
MEDIUM,Combination Sum III,27.8,0.007363375145051666,https://leetcode.com/problems/combination-sum-iii,"Array, Backtracking"
EASY,Meeting Rooms,27.8,0.005952634827992592,https://leetcode.com/problems/meeting-rooms,"Array, Sorting, Quicksort"
MEDIUM,Find the Celebrity,27.8,0.0049066489437002755,https://leetcode.com/problems/find-the-celebrity,"Two Pointers, Graph Theory, Interactive"
MEDIUM,Bulb Switcher,27.8,0.0056328907450730005,https://leetcode.com/problems/bulb-switcher,"Math, Brainteaser"
MEDIUM,Flatten Nested List Iterator,27.8,0.006582841518480364,https://leetcode.com/problems/flatten-nested-list-iterator,"Stack, Tree, Depth-First Search, Design, Queue, Iterator"
EASY,Arranging Coins,27.8,0.004850347033715338,https://leetcode.com/problems/arranging-coins,"Math, Binary Search"
MEDIUM,Heaters,27.8,0.00424518430888293,https://leetcode.com/problems/heaters,"Array, Two Pointers, Binary Search, Sorting"
HARD,IPO,27.8,0.005372736954206603,https://leetcode.com/problems/ipo,"Array, Greedy, Sorting, Heap (Priority Queue)"
HARD,Super Washing Machines,27.8,0.004520365717181528,https://leetcode.com/problems/super-washing-machines,"Array, Greedy"
EASY,Subtree of Another Tree,27.8,0.005204651334762996,https://leetcode.com/problems/subtree-of-another-tree,"Tree, Depth-First Search, String Matching, Binary Tree, Hash Function"
MEDIUM,Maximum Length of Pair Chain,27.8,0.0062073386550192036,https://leetcode.com/problems/maximum-length-of-pair-chain,"Array, Dynamic Programming, Greedy, Sorting, Longest Increasing Subsequence"
EASY,Baseball Game,27.8,0.008099028023382995,https://leetcode.com/problems/baseball-game,"Array, Stack, Simulation"
MEDIUM,Redundant Connection,27.8,0.006808059458395054,https://leetcode.com/problems/redundant-connection,"Depth-First Search, Breadth-First Search, Union-Find, Graph Theory"
MEDIUM,Partition to K Equal Sum Subsets,27.8,0.003882578930079468,https://leetcode.com/problems/partition-to-k-equal-sum-subsets,"Array, Dynamic Programming, Backtracking, Bit Manipulation, Memoization, Bitmask"
EASY,Backspace String Compare,27.8,0.0050172765485532005,https://leetcode.com/problems/backspace-string-compare,"Two Pointers, String, Stack, Simulation"
EASY,Number of Recent Calls,27.8,0.00788923570978704,https://leetcode.com/problems/number-of-recent-calls,"Design, Queue, Data Stream"
MEDIUM,Minimum Cost For Tickets,27.8,0.006747684413940163,https://leetcode.com/problems/minimum-cost-for-tickets,"Array, Dynamic Programming"
HARD,Recover a Tree From Preorder Traversal,27.8,0.00832147070389304,https://leetcode.com/problems/recover-a-tree-from-preorder-traversal,"String, Tree, Depth-First Search, Binary Tree"
EASY,Last Stone Weight,27.8,0.006673449233659321,https://leetcode.com/problems/last-stone-weight,"Array, Heap (Priority Queue)"
MEDIUM,Remove Covered Intervals,27.8,0.006017015898807308,https://leetcode.com/problems/remove-covered-intervals,"Array, Sorting"
MEDIUM,Balance a Binary Search Tree,27.8,0.008628103574519071,https://leetcode.com/problems/balance-a-binary-search-tree,"Divide and Conquer, Greedy, Tree, Depth-First Search, Binary Search Tree, Binary Tree"
HARD,Shortest Path in a Grid with Obstacles Elimination,27.8,0.004663132370877532,https://leetcode.com/problems/shortest-path-in-a-grid-with-obstacles-elimination,"Array, Breadth-First Search, Matrix"
MEDIUM,Number of Operations to Make Network Connected,27.8,0.006714832158007217,https://leetcode.com/problems/number-of-operations-to-make-network-connected,"Depth-First Search, Breadth-First Search, Union-Find, Graph Theory"
EASY,How Many Numbers Are Smaller Than the Current Number,27.8,0.0087480842234326,https://leetcode.com/problems/how-many-numbers-are-smaller-than-the-current-number,"Array, Hash Table, Sorting, Counting Sort"
HARD,Allocate Mailboxes,27.8,0.005689674442368795,https://leetcode.com/problems/allocate-mailboxes,"Array, Math, Dynamic Programming, Sorting"
MEDIUM,Design an Expression Tree With Evaluate Function,27.8,0.008248616827014799,https://leetcode.com/problems/design-an-expression-tree-with-evaluate-function,"Array, Math, Stack, Tree, Design, Binary Tree"
MEDIUM,Maximum Erasure Value,27.8,0.006439771790196379,https://leetcode.com/problems/maximum-erasure-value,"Array, Hash Table, Sliding Window"
EASY,Find the Highest Altitude,27.8,0.008464350466260304,https://leetcode.com/problems/find-the-highest-altitude,"Array, Prefix Sum"
MEDIUM,The Number of the Smallest Unoccupied Chair,27.8,0.006031874425118674,https://leetcode.com/problems/the-number-of-the-smallest-unoccupied-chair,"Array, Hash Table, Heap (Priority Queue)"
MEDIUM,Partition Array Such That Maximum Difference Is K,27.8,0.008177398781121557,https://leetcode.com/problems/partition-array-such-that-maximum-difference-is-k,"Array, Greedy, Sorting"
MEDIUM,Count Unreachable Pairs of Nodes in an Undirected Graph,27.8,0.005019437293341981,https://leetcode.com/problems/count-unreachable-pairs-of-nodes-in-an-undirected-graph,"Depth-First Search, Breadth-First Search, Union-Find, Graph Theory"
MEDIUM,Move Pieces to Obtain a String,27.8,0.005660890486276652,https://leetcode.com/problems/move-pieces-to-obtain-a-string,"Two Pointers, String"
MEDIUM,Construct Smallest Number From DI String,27.8,0.00855062358050763,https://leetcode.com/problems/construct-smallest-number-from-di-string,"String, Backtracking, Stack, Greedy"
MEDIUM,Strictly Palindromic Number,27.8,0.009038288309203868,https://leetcode.com/problems/strictly-palindromic-number,"Math, Two Pointers, Brainteaser"
MEDIUM,Count Zero Request Servers,27.8,0.003642152010487172,https://leetcode.com/problems/count-zero-request-servers,"Array, Hash Table, Sliding Window, Sorting"
MEDIUM,Count Covered Buildings,27.8,0.00586938956223366,https://leetcode.com/problems/count-covered-buildings,"Array, Hash Table, Sorting"
HARD,Valid Number,26.5,0.0023439610997660733,https://leetcode.com/problems/valid-number,String
MEDIUM,Sum Root to Leaf Numbers,26.5,0.007027291021417633,https://leetcode.com/problems/sum-root-to-leaf-numbers,"Tree, Depth-First Search, Binary Tree"
HARD,Best Time to Buy and Sell Stock IV,26.5,0.005104061165324287,https://leetcode.com/problems/best-time-to-buy-and-sell-stock-iv,"Array, Dynamic Programming"
MEDIUM,Single Number III,26.5,0.007014489436776195,https://leetcode.com/problems/single-number-iii,"Array, Bit Manipulation"
MEDIUM,Binary Tree Vertical Order Traversal,26.5,0.005788598039366801,https://leetcode.com/problems/binary-tree-vertical-order-traversal,"Hash Table, Tree, Depth-First Search, Breadth-First Search, Sorting, Binary Tree"
EASY,Logger Rate Limiter,26.5,0.007688304081253721,https://leetcode.com/problems/logger-rate-limiter,"Hash Table, Design, Data Stream"
MEDIUM,Design Hit Counter,26.5,0.006974254642154143,https://leetcode.com/problems/design-hit-counter,"Array, Binary Search, Design, Queue, Data Stream"
MEDIUM,Lexicographical Numbers,26.5,0.007635216759839367,https://leetcode.com/problems/lexicographical-numbers,"Depth-First Search, Trie"
MEDIUM,Battleships in a Board,26.5,0.007772987404343057,https://leetcode.com/problems/battleships-in-a-board,"Array, Depth-First Search, Matrix"
MEDIUM,Most Frequent Subtree Sum,26.5,0.006958832203791288,https://leetcode.com/problems/most-frequent-subtree-sum,"Hash Table, Tree, Depth-First Search, Binary Tree, DP on Trees"
MEDIUM,Continuous Subarray Sum,26.5,0.0031594474273095295,https://leetcode.com/problems/continuous-subarray-sum,"Array, Hash Table, Math, Prefix Sum, Pigeonhole Principle"
EASY,Triangle Judgement,26.5,0.0075094311204952635,https://leetcode.com/problems/triangle-judgement,Database
MEDIUM,Exchange Seats,26.5,0.007465713593409256,https://leetcode.com/problems/exchange-seats,Database
MEDIUM,My Calendar I,26.5,0.005837587846089441,https://leetcode.com/problems/my-calendar-i,"Array, Binary Search, Design, Segment Tree, Ordered Set"
MEDIUM,Delete and Earn,26.5,0.005747823715420847,https://leetcode.com/problems/delete-and-earn,"Array, Hash Table, Dynamic Programming"
MEDIUM,Network Delay Time,26.5,0.006135669934181815,https://leetcode.com/problems/network-delay-time,"Depth-First Search, Breadth-First Search, Graph Theory, Heap (Priority Queue), Shortest Path, Dijkstra's Algorithm"
MEDIUM,Insert into a Binary Search Tree,26.5,0.007361403922030505,https://leetcode.com/problems/insert-into-a-binary-search-tree,"Tree, Binary Search Tree, Binary Tree"
EASY,Most Common Word,26.5,0.004532118254991219,https://leetcode.com/problems/most-common-word,"Array, Hash Table, String, Counting"
MEDIUM,Loud and Rich,26.5,0.00640040421494361,https://leetcode.com/problems/loud-and-rich,"Array, Depth-First Search, Graph Theory, Topological Sort, Directed Acyclic Graph"
EASY,Sort Array By Parity II,26.5,0.007134552173490226,https://leetcode.com/problems/sort-array-by-parity-ii,"Array, Two Pointers, Sorting"
EASY,Find Common Characters,26.5,0.007480135807417537,https://leetcode.com/problems/find-common-characters,"Array, Hash Table, String"
MEDIUM,Maximum Difference Between Node and Ancestor,26.5,0.007823415097426565,https://leetcode.com/problems/maximum-difference-between-node-and-ancestor,"Tree, Depth-First Search, Binary Tree"
HARD,Longest Duplicate Substring,26.5,0.003137033526118277,https://leetcode.com/problems/longest-duplicate-substring,"String, Binary Search, Sliding Window, Rolling Hash, Suffix Array, Hash Function, Suffix Automaton, Suffix Tree, Z Algorithm, Boyer–Moore String-Search Algorithm"
MEDIUM,Design File System,26.5,0.006517900483302497,https://leetcode.com/problems/design-file-system,"Hash Table, String, Design, Trie"
EASY,Actors and Directors Who Cooperated At Least Three Times,26.5,0.007131957958689231,https://leetcode.com/problems/actors-and-directors-who-cooperated-at-least-three-times,Database
EASY,Sales Analysis III,26.5,0.004812366326904179,https://leetcode.com/problems/sales-analysis-iii,Database
MEDIUM,Shortest Path with Alternating Colors,26.5,0.004824490849394662,https://leetcode.com/problems/shortest-path-with-alternating-colors,"Breadth-First Search, Graph Theory"
EASY,User Activity for the Past 30 Days I,26.5,0.005139028450273821,https://leetcode.com/problems/user-activity-for-the-past-30-days-i,Database
EASY,List the Products Ordered in a Period,26.5,0.00720021184491153,https://leetcode.com/problems/list-the-products-ordered-in-a-period,Database
MEDIUM,Clone Binary Tree With Random Pointer,26.5,0.008129160836195566,https://leetcode.com/problems/clone-binary-tree-with-random-pointer,"Hash Table, Tree, Depth-First Search, Breadth-First Search, Binary Tree"
EASY,Can Make Arithmetic Progression From Sequence,26.5,0.00687111979117763,https://leetcode.com/problems/can-make-arithmetic-progression-from-sequence,"Array, Sorting"
MEDIUM,Shortest Subarray to be Removed to Make Array Sorted,26.5,0.005130934299178253,https://leetcode.com/problems/shortest-subarray-to-be-removed-to-make-array-sorted,"Array, Two Pointers, Binary Search, Stack, Monotonic Stack"
EASY,Maximum Nesting Depth of the Parentheses,26.5,0.008504446379376793,https://leetcode.com/problems/maximum-nesting-depth-of-the-parentheses,"String, Stack, Bracket Sequences"
MEDIUM,Max Number of K-Sum Pairs,26.5,0.00573136469980349,https://leetcode.com/problems/max-number-of-k-sum-pairs,"Array, Hash Table, Two Pointers, Sorting"
MEDIUM,Lowest Common Ancestor of a Binary Tree IV,26.5,0.007958199356913184,https://leetcode.com/problems/lowest-common-ancestor-of-a-binary-tree-iv,"Hash Table, Tree, Depth-First Search, Binary Tree, Binary Lifting, Lowest Common Ancestor"
HARD,Find Minimum Time to Finish All Jobs,26.5,0.004618080998118625,https://leetcode.com/problems/find-minimum-time-to-finish-all-jobs,"Array, Dynamic Programming, Backtracking, Bit Manipulation, Bitmask"
EASY,Invalid Tweets,26.5,0.008521878466793635,https://leetcode.com/problems/invalid-tweets,Database
MEDIUM,Maximum Element After Decreasing and Rearranging,26.5,0.006915910709972514,https://leetcode.com/problems/maximum-element-after-decreasing-and-rearranging,"Array, Greedy, Sorting"
EASY,Determine Whether Matrix Can Be Obtained By Rotation,26.5,0.006850218655088558,https://leetcode.com/problems/determine-whether-matrix-can-be-obtained-by-rotation,"Array, Matrix"
EASY,Largest Odd Number in String,26.5,0.006797976213716318,https://leetcode.com/problems/largest-odd-number-in-string,"Math, String, Greedy"
EASY,Build Array from Permutation,26.5,0.00910946520095434,https://leetcode.com/problems/build-array-from-permutation,"Array, Simulation"
EASY,Count Number of Pairs With Absolute Difference K,26.5,0.00854468384511118,https://leetcode.com/problems/count-number-of-pairs-with-absolute-difference-k,"Array, Hash Table, Counting"
HARD,GCD Sort of an Array,26.5,0.005087148643672518,https://leetcode.com/problems/gcd-sort-of-an-array,"Array, Math, Union-Find, Sorting, Number Theory, Prime Factorization, Euclidean Algorithm, Greatest Common Divisor"
MEDIUM,Number of Ways to Select Buildings,26.5,0.005096003152752702,https://leetcode.com/problems/number-of-ways-to-select-buildings,"String, Dynamic Programming, Prefix Sum"
HARD,Total Appeal of A String,26.5,0.005669274786873759,https://leetcode.com/problems/total-appeal-of-a-string,"Hash Table, String, Dynamic Programming"
MEDIUM,Number of Ways to Split Array,26.5,0.005579312694192127,https://leetcode.com/problems/number-of-ways-to-split-array,"Array, Prefix Sum"
MEDIUM,Minimum Rounds to Complete All Tasks,26.5,0.0063400285047847315,https://leetcode.com/problems/minimum-rounds-to-complete-all-tasks,"Array, Hash Table, Greedy, Counting"
MEDIUM,Smallest Number in Infinite Set,26.5,0.007066459419805633,https://leetcode.com/problems/smallest-number-in-infinite-set,"Hash Table, Design, Heap (Priority Queue), Ordered Set"
HARD,Maximum Number of Robots Within Budget,26.5,0.0039010977694478198,https://leetcode.com/problems/maximum-number-of-robots-within-budget,"Array, Binary Search, Queue, Sliding Window, Heap (Priority Queue), Prefix Sum, Monotonic Queue"
HARD,Find the K-Sum of an Array,26.5,0.00418162351018568,https://leetcode.com/problems/find-the-k-sum-of-an-array,"Array, Sorting, Heap (Priority Queue)"
MEDIUM,Design Memory Allocator,26.5,0.0050555935033394055,https://leetcode.com/problems/design-memory-allocator,"Array, Hash Table, Design, Simulation"
MEDIUM,Cousins in Binary Tree II,26.5,0.0075954840673255275,https://leetcode.com/problems/cousins-in-binary-tree-ii,"Hash Table, Tree, Depth-First Search, Breadth-First Search, Binary Tree"
EASY,Minimum Number of Pushes to Type Word I,26.5,0.0077410520695123134,https://leetcode.com/problems/minimum-number-of-pushes-to-type-word-i,"Math, String, Greedy"
MEDIUM,Minimum Number of Pushes to Type Word II,26.5,0.008330669102534825,https://leetcode.com/problems/minimum-number-of-pushes-to-type-word-ii,"Hash Table, String, Greedy, Sorting, Counting"
EASY,Count the Number of Special Characters I,26.5,0.007733632280097221,https://leetcode.com/problems/count-the-number-of-special-characters-i,"Hash Table, String"
MEDIUM,Minimum Array Sum,26.5,0.0032031973225094355,https://leetcode.com/problems/minimum-array-sum,"Array, Dynamic Programming"
EASY,Minimum Number of Operations to Make Elements in Array Distinct,26.5,0.007126182073165534,https://leetcode.com/problems/minimum-number-of-operations-to-make-elements-in-array-distinct,"Array, Hash Table"
EASY,Substring Matching Pattern,26.5,0.0029245283018867925,https://leetcode.com/problems/substring-matching-pattern,"String, String Matching"
EASY,Check If Digits Are Equal in String After Operations I,26.5,0.008227623274298938,https://leetcode.com/problems/check-if-digits-are-equal-in-string-after-operations-i,"Math, String, Simulation, Combinatorics, Number Theory"
MEDIUM,Maximum Total from Optimal Activation Order,26.5,0.003358946010687304,https://leetcode.com/problems/maximum-total-from-optimal-activation-order,"Array, Two Pointers, Greedy, Sorting, Heap (Priority Queue)"
EASY,Trionic Array I,26.5,0.004951486783052255,https://leetcode.com/problems/trionic-array-i,Array
MEDIUM,Minimum Removals to Balance Array,26.5,0.00478376552345409,https://leetcode.com/problems/minimum-removals-to-balance-array,"Array, Binary Search, Sliding Window, Sorting"
HARD,Maximize Fixed Points After Deletions,26.5,0.001997195980905965,https://leetcode.com/problems/maximize-fixed-points-after-deletions,"Array, Binary Search, Sorting"
MEDIUM,Unique Binary Search Trees II,25.1,0.006312619157445577,https://leetcode.com/problems/unique-binary-search-trees-ii,"Dynamic Programming, Backtracking, Tree, Binary Search Tree, Binary Tree"
EASY,Binary Tree Preorder Traversal,25.1,0.0076473033342295835,https://leetcode.com/problems/binary-tree-preorder-traversal,"Stack, Tree, Depth-First Search, Binary Tree"
EASY,Delete Duplicate Emails,25.1,0.006657867568732159,https://leetcode.com/problems/delete-duplicate-emails,Database
EASY,Ugly Number,25.1,0.0044057489222609466,https://leetcode.com/problems/ugly-number,Math
MEDIUM,Bulls and Cows,25.1,0.005288257317397806,https://leetcode.com/problems/bulls-and-cows,"Hash Table, String, Counting"
HARD,Count of Smaller Numbers After Self,25.1,0.004392841773448569,https://leetcode.com/problems/count-of-smaller-numbers-after-self,"Array, Binary Search, Divide and Conquer, Binary Indexed Tree, Segment Tree, Merge Sort, Ordered Set, Treap"
EASY,Power of Three,25.1,0.005147285746239287,https://leetcode.com/problems/power-of-three,"Math, Recursion"
HARD,Longest Increasing Path in a Matrix,25.1,0.005695035901541661,https://leetcode.com/problems/longest-increasing-path-in-a-matrix,"Array, Dynamic Programming, Depth-First Search, Breadth-First Search, Graph Theory, Topological Sort, Memoization, Matrix, Directed Acyclic Graph"
MEDIUM,Nested List Weight Sum,25.1,0.008598186107728856,https://leetcode.com/problems/nested-list-weight-sum,"Depth-First Search, Breadth-First Search"
EASY,Moving Average from Data Stream,25.1,0.008022839149766967,https://leetcode.com/problems/moving-average-from-data-stream,"Array, Design, Queue, Data Stream"
EASY,Intersection of Two Arrays II,25.1,0.006021526819520826,https://leetcode.com/problems/intersection-of-two-arrays-ii,"Array, Hash Table, Two Pointers, Binary Search, Sorting"
MEDIUM,Largest Divisible Subset,25.1,0.0050003305741411685,https://leetcode.com/problems/largest-divisible-subset,"Array, Math, Dynamic Programming, Sorting"
EASY,Longest Palindrome,25.1,0.005617384435288558,https://leetcode.com/problems/longest-palindrome,"Hash Table, String, Greedy"
MEDIUM,Minimum Genetic Mutation,25.1,0.0057062236185262995,https://leetcode.com/problems/minimum-genetic-mutation,"Hash Table, String, Breadth-First Search, Bidirectional Search"
MEDIUM,Serialize and Deserialize BST,25.1,0.005992565055762082,https://leetcode.com/problems/serialize-and-deserialize-bst,"String, Tree, Depth-First Search, Breadth-First Search, Design, Binary Search Tree, Binary Tree"
MEDIUM,Minimum Number of Arrows to Burst Balloons,25.1,0.006180319349785592,https://leetcode.com/problems/minimum-number-of-arrows-to-burst-balloons,"Array, Greedy, Sorting"
MEDIUM,Minesweeper,25.1,0.006889985271010133,https://leetcode.com/problems/minesweeper,"Array, Depth-First Search, Breadth-First Search, Matrix"
MEDIUM,K-diff Pairs in an Array,25.1,0.004623800534432179,https://leetcode.com/problems/k-diff-pairs-in-an-array,"Array, Hash Table, Two Pointers, Binary Search, Sorting"
MEDIUM,Encode and Decode TinyURL,25.1,0.008660179620316994,https://leetcode.com/problems/encode-and-decode-tinyurl,"Hash Table, String, Design, Hash Function"
MEDIUM,Convert BST to Greater Tree,25.1,0.007186410189799178,https://leetcode.com/problems/convert-bst-to-greater-tree,"Tree, Depth-First Search, Binary Search Tree, Binary Tree"
MEDIUM,Valid Triangle Number,25.1,0.005713980130604744,https://leetcode.com/problems/valid-triangle-number,"Array, Two Pointers, Binary Search, Greedy, Sorting"
HARD,Design Search Autocomplete System,25.1,0.005005719822101859,https://leetcode.com/problems/design-search-autocomplete-system,"String, Depth-First Search, Design, Trie, Sorting, Heap (Priority Queue), Data Stream"
HARD,Number of Distinct Islands II,25.1,0.005557809330628803,https://leetcode.com/problems/number-of-distinct-islands-ii,"Array, Hash Table, Depth-First Search, Breadth-First Search, Union-Find, Sorting, Matrix, Hash Function"
HARD,Max Stack,25.1,0.004599696864736329,https://leetcode.com/problems/max-stack,"Linked List, Stack, Design, Doubly-Linked List, Ordered Set"
HARD,Serialize and Deserialize N-ary Tree,25.1,0.0068937815924279945,https://leetcode.com/problems/serialize-and-deserialize-n-ary-tree,"String, Tree, Depth-First Search, Breadth-First Search"
MEDIUM,All Paths From Source to Target,25.1,0.00837709098960524,https://leetcode.com/problems/all-paths-from-source-to-target,"Backtracking, Depth-First Search, Breadth-First Search, Graph Theory, Directed Acyclic Graph"
MEDIUM,Find and Replace Pattern,25.1,0.007709756936885056,https://leetcode.com/problems/find-and-replace-pattern,"Array, Hash Table, String"
HARD,Maximum Frequency Stack,25.1,0.006704339785407,https://leetcode.com/problems/maximum-frequency-stack,"Hash Table, Stack, Design, Ordered Set"
HARD,Orderly Queue,25.1,0.006715017392439472,https://leetcode.com/problems/orderly-queue,"Math, String, Sorting, Lexicographically Minimal String Rotation"
MEDIUM,Shortest Bridge,25.1,0.005970932140848663,https://leetcode.com/problems/shortest-bridge,"Array, Depth-First Search, Breadth-First Search, Matrix"
EASY,Sum of Root To Leaf Binary Numbers,25.1,0.00766771853697806,https://leetcode.com/problems/sum-of-root-to-leaf-binary-numbers,"Tree, Depth-First Search, Binary Tree"
MEDIUM,Uncrossed Lines,25.1,0.00655189909647371,https://leetcode.com/problems/uncrossed-lines,"Array, Dynamic Programming, Longest Common Subsequence"
MEDIUM,Sum of Nodes with Even-Valued Grandparent,25.1,0.00859862968233545,https://leetcode.com/problems/sum-of-nodes-with-even-valued-grandparent,"Tree, Depth-First Search, Breadth-First Search, Binary Tree"
MEDIUM,Number of Dice Rolls With Target Sum,25.1,0.006255739806969208,https://leetcode.com/problems/number-of-dice-rolls-with-target-sum,Dynamic Programming
MEDIUM,Maximum Subarray Sum with One Deletion,25.1,0.004915433856430239,https://leetcode.com/problems/maximum-subarray-sum-with-one-deletion,"Array, Dynamic Programming"
EASY,Reformat Department Table,25.1,0.007641325087933057,https://leetcode.com/problems/reformat-department-table,Database
EASY,Queries Quality and Percentage,25.1,0.005441903906668865,https://leetcode.com/problems/queries-quality-and-percentage,Database
HARD,Maximum Score Words Formed by Letters,25.1,0.008149621755919769,https://leetcode.com/problems/maximum-score-words-formed-by-letters,"Array, Hash Table, String, Dynamic Programming, Backtracking, Bit Manipulation, Counting, Bitmask"
MEDIUM,Fair Distribution of Cookies,25.1,0.007005991705512146,https://leetcode.com/problems/fair-distribution-of-cookies,"Array, Dynamic Programming, Backtracking, Bit Manipulation, Bitmask"
MEDIUM,Get Watched Videos by Your Friends,25.1,0.005400752144787872,https://leetcode.com/problems/get-watched-videos-by-your-friends,"Array, Hash Table, Breadth-First Search, Graph Theory, Sorting"
MEDIUM,Number of Substrings Containing All Three Characters,25.1,0.007439999030091415,https://leetcode.com/problems/number-of-substrings-containing-all-three-characters,"Hash Table, String, Sliding Window"
MEDIUM,Check If Array Pairs Are Divisible by k,25.1,0.004620906226230577,https://leetcode.com/problems/check-if-array-pairs-are-divisible-by-k,"Array, Hash Table, Counting"
MEDIUM,Path With Minimum Effort,25.1,0.006389726210425631,https://leetcode.com/problems/path-with-minimum-effort,"Array, Binary Search, Depth-First Search, Breadth-First Search, Union-Find, Heap (Priority Queue), Matrix, Dijkstra's Algorithm"
MEDIUM,Concatenation of Consecutive Binary Numbers,25.1,0.006669838637321406,https://leetcode.com/problems/concatenation-of-consecutive-binary-numbers,"Math, Bit Manipulation, Simulation"
MEDIUM,Maximum Ice Cream Bars,25.1,0.007725360461571466,https://leetcode.com/problems/maximum-ice-cream-bars,"Array, Greedy, Sorting, Counting Sort"
MEDIUM,Remove All Occurrences of a Substring,25.1,0.007865664025982249,https://leetcode.com/problems/remove-all-occurrences-of-a-substring,"String, Stack, Simulation"
MEDIUM,Number of Smooth Descent Periods of a Stock,25.1,0.006765353605160101,https://leetcode.com/problems/number-of-smooth-descent-periods-of-a-stock,"Array, Math, Two Pointers, Dynamic Programming, Sliding Window"
MEDIUM,Maximum Twin Sum of a Linked List,25.1,0.008326408606632108,https://leetcode.com/problems/maximum-twin-sum-of-a-linked-list,"Linked List, Two Pointers, Stack"
MEDIUM,Count the Hidden Sequences,25.1,0.0056686478792536575,https://leetcode.com/problems/count-the-hidden-sequences,"Array, Prefix Sum"
EASY,Minimum Sum of Four Digit Number After Splitting Digits,25.1,0.008634826980562527,https://leetcode.com/problems/minimum-sum-of-four-digit-number-after-splitting-digits,"Math, Greedy, Sorting"
MEDIUM,Minimum Sum of Squared Difference,25.1,0.002700109051254089,https://leetcode.com/problems/minimum-sum-of-squared-difference,"Array, Binary Search, Greedy, Sorting, Heap (Priority Queue)"
MEDIUM,Optimal Partition of String,25.1,0.007850836514849075,https://leetcode.com/problems/optimal-partition-of-string,"Hash Table, String, Greedy"
MEDIUM,Minimum Number of Operations to Sort a Binary Tree by Level,25.1,0.007422782370543186,https://leetcode.com/problems/minimum-number-of-operations-to-sort-a-binary-tree-by-level,"Tree, Breadth-First Search, Binary Tree"
HARD,Count Stepping Numbers in Range,25.1,0.0029611627238770232,https://leetcode.com/problems/count-stepping-numbers-in-range,"String, Dynamic Programming"
MEDIUM,Find the Maximum Number of Elements in Subset,25.1,0.004226071784646061,https://leetcode.com/problems/find-the-maximum-number-of-elements-in-subset,"Array, Hash Table, Enumeration"
MEDIUM,Maximize Happiness of Selected Children,25.1,0.00586403094181882,https://leetcode.com/problems/maximize-happiness-of-selected-children,"Array, Greedy, Sorting"
HARD,Design an Array Statistics Tracker ,25.1,0.0035832363213038417,https://leetcode.com/problems/design-an-array-statistics-tracker,"Hash Table, Binary Search, Design, Queue, Heap (Priority Queue), Data Stream, Ordered Set"
HARD,Minimum Number of Moves to Make Palindrome,25.1,0.005303188521893373,https://leetcode.com/problems/minimum-number-of-moves-to-make-palindrome,"Two Pointers, String, Greedy, Binary Indexed Tree"
MEDIUM,Maximum Candies Allocated to K Children,25.1,0.004989412728662044,https://leetcode.com/problems/maximum-candies-allocated-to-k-children,"Array, Binary Search"
MEDIUM,Maximize Y‑Sum by Picking a Triplet of Distinct X‑Values,25.1,0.006282296837743814,https://leetcode.com/problems/maximize-ysum-by-picking-a-triplet-of-distinct-xvalues,"Array, Hash Table, Greedy, Sorting, Heap (Priority Queue)"
HARD,Maximum Bitwise AND After Increment Operations,25.1,0.003236301369863014,https://leetcode.com/problems/maximum-bitwise-and-after-increment-operations,"Array, Greedy, Bit Manipulation, Sorting"
MEDIUM,Minimum Operations to Sort a String,25.1,0.0019393332409942783,https://leetcode.com/problems/minimum-operations-to-sort-a-string,String
HARD,Lexicographically Maximum MEX Array,25.1,0.005711650347665674,https://leetcode.com/problems/lexicographically-maximum-mex-array,"Array, Hash Table, Greedy, Queue"
MEDIUM,Minimum Operations to Sort a Permutation,25.1,0.002807336117668422,https://leetcode.com/problems/minimum-operations-to-sort-a-permutation,Array
MEDIUM,Construct Binary Tree from Inorder and Postorder Traversal,23.6,0.006939132191121581,https://leetcode.com/problems/construct-binary-tree-from-inorder-and-postorder-traversal,"Array, Hash Table, Divide and Conquer, Tree, Binary Tree"
HARD,Max Points on a Line,23.6,0.00312550817038122,https://leetcode.com/problems/max-points-on-a-line,"Array, Hash Table, Math, Geometry, Euclidean Algorithm, Greatest Common Divisor"
EASY,Excel Sheet Column Number,23.6,0.006827381357047701,https://leetcode.com/problems/excel-sheet-column-number,"Math, String"
MEDIUM,Reverse Words in a String II,23.6,0.005681004253940968,https://leetcode.com/problems/reverse-words-in-a-string-ii,"Two Pointers, String"
HARD,The Skyline Problem,23.6,0.004577272315451443,https://leetcode.com/problems/the-skyline-problem,"Array, Divide and Conquer, Binary Indexed Tree, Segment Tree, Sweep Line, Sorting, Heap (Priority Queue), Ordered Set"
HARD,Number of Digit One,23.6,0.003957875963929568,https://leetcode.com/problems/number-of-digit-one,"Math, Dynamic Programming, Recursion"
MEDIUM,Perfect Squares,23.6,0.005680436902672128,https://leetcode.com/problems/perfect-squares,"Math, Dynamic Programming, Breadth-First Search, Knapsack Problem, Complete Knapsack"
MEDIUM,Walls and Gates,23.6,0.006414167467471599,https://leetcode.com/problems/walls-and-gates,"Array, Breadth-First Search, Matrix"
MEDIUM,Game of Life,23.6,0.007294271449189198,https://leetcode.com/problems/game-of-life,"Array, Matrix, Simulation"
EASY,Word Pattern,23.6,0.00445126727039724,https://leetcode.com/problems/word-pattern,"Hash Table, String"
EASY,Counting Bits,23.6,0.008077749292701983,https://leetcode.com/problems/counting-bits,"Dynamic Programming, Bit Manipulation"
HARD,Insert Delete GetRandom O(1) - Duplicates allowed,23.6,0.0036895060732996072,https://leetcode.com/problems/insert-delete-getrandom-o1-duplicates-allowed,"Array, Hash Table, Math, Design, Randomized"
EASY,Base 7,23.6,0.0055090684150684455,https://leetcode.com/problems/base-7,"Math, String"
MEDIUM,Maximum Alternating Subarray Sum,23.6,0.004002860463037454,https://leetcode.com/problems/maximum-alternating-subarray-sum,"Array, Dynamic Programming"
EASY,Reverse String II,23.6,0.005434584037352547,https://leetcode.com/problems/reverse-string-ii,"Two Pointers, String"
HARD,Course Schedule III,23.6,0.00420454674526641,https://leetcode.com/problems/course-schedule-iii,"Array, Greedy, Sorting, Heap (Priority Queue)"
MEDIUM,Solve the Equation,23.6,0.004658490466008094,https://leetcode.com/problems/solve-the-equation,"Math, String, Simulation, Linear Algebra"
MEDIUM,2 Keys Keyboard,23.6,0.0059455516223034955,https://leetcode.com/problems/2-keys-keyboard,"Math, Dynamic Programming"
MEDIUM,Maximum Swap,23.6,0.005209206610017371,https://leetcode.com/problems/maximum-swap,"Math, Greedy"
HARD,Cut Off Trees for Golf Event,23.6,0.003677981335416509,https://leetcode.com/problems/cut-off-trees-for-golf-event,"Array, Breadth-First Search, Heap (Priority Queue), Matrix"
MEDIUM,Monotone Increasing Digits,23.6,0.0049918940360801625,https://leetcode.com/problems/monotone-increasing-digits,"Math, Greedy"
MEDIUM,Design Linked List,23.6,0.003067678094068455,https://leetcode.com/problems/design-linked-list,"Linked List, Design"
HARD,Unique Paths III,23.6,0.008294687317665,https://leetcode.com/problems/unique-paths-iii,"Array, Backtracking, Bit Manipulation, Matrix, Hamiltonian Path"
HARD,Minimum Cost to Merge Stones,23.6,0.004673413376158795,https://leetcode.com/problems/minimum-cost-to-merge-stones,"Array, Dynamic Programming, Prefix Sum"
MEDIUM,Longest Repeating Substring,23.6,0.006347628083491461,https://leetcode.com/problems/longest-repeating-substring,"String, Binary Search, Dynamic Programming, Rolling Hash, Suffix Array, Hash Function, Suffix Automaton, Suffix Tree"
EASY,High Five,23.6,0.007417356962265157,https://leetcode.com/problems/high-five,"Array, Hash Table, Sorting, Heap (Priority Queue)"
EASY,Two Sum Less Than K,23.6,0.006216309034185418,https://leetcode.com/problems/two-sum-less-than-k,"Array, Two Pointers, Binary Search, Sorting"
MEDIUM,Path With Maximum Minimum Value,23.6,0.005476939359608849,https://leetcode.com/problems/path-with-maximum-minimum-value,"Array, Binary Search, Depth-First Search, Breadth-First Search, Union-Find, Heap (Priority Queue), Matrix, Dijkstra's Algorithm"
MEDIUM,Distant Barcodes,23.6,0.004936455886191595,https://leetcode.com/problems/distant-barcodes,"Array, Hash Table, Greedy, Sorting, Heap (Priority Queue), Counting"
MEDIUM,Two Sum BSTs,23.6,0.006817436547668495,https://leetcode.com/problems/two-sum-bsts,"Two Pointers, Binary Search, Stack, Tree, Depth-First Search, Binary Search Tree, Binary Tree"
MEDIUM,Game Play Analysis IV,23.6,0.004210972565278029,https://leetcode.com/problems/game-play-analysis-iv,Database
MEDIUM,Car Pooling,23.6,0.005647482655629365,https://leetcode.com/problems/car-pooling,"Array, Sorting, Heap (Priority Queue), Simulation, Prefix Sum"
MEDIUM,Snapshot Array,23.6,0.0036804480998442472,https://leetcode.com/problems/snapshot-array,"Array, Hash Table, Binary Search, Design, Persistent Data Structure"
MEDIUM,Remove Sub-Folders from the Filesystem,23.6,0.00786042296955613,https://leetcode.com/problems/remove-sub-folders-from-the-filesystem,"Array, String, Depth-First Search, Trie"
MEDIUM,All Elements in Two Binary Search Trees,23.6,0.008037726328287326,https://leetcode.com/problems/all-elements-in-two-binary-search-trees,"Tree, Depth-First Search, Binary Search Tree, Sorting, Binary Tree"
EASY,Remove Palindromic Subsequences,23.6,0.007721005518087063,https://leetcode.com/problems/remove-palindromic-subsequences,"Two Pointers, String"
HARD,Minimum Difficulty of a Job Schedule,23.6,0.005980790438819214,https://leetcode.com/problems/minimum-difficulty-of-a-job-schedule,"Array, Dynamic Programming"
EASY,The K Weakest Rows in a Matrix,23.6,0.007448591314280209,https://leetcode.com/problems/the-k-weakest-rows-in-a-matrix,"Array, Binary Search, Sorting, Heap (Priority Queue), Matrix"
MEDIUM,Movie Rating,23.6,0.004416147574787516,https://leetcode.com/problems/movie-rating,Database
MEDIUM,Reorder Routes to Make All Paths Lead to the City Zero,23.6,0.006608948146044033,https://leetcode.com/problems/reorder-routes-to-make-all-paths-lead-to-the-city-zero,"Depth-First Search, Breadth-First Search, Graph Theory"
MEDIUM,Number of Subsequences That Satisfy the Given Sum Condition,23.6,0.004901923504706569,https://leetcode.com/problems/number-of-subsequences-that-satisfy-the-given-sum-condition,"Array, Two Pointers, Binary Search, Sorting"
MEDIUM,Minimum Operations to Reduce X to Zero,23.6,0.004080898672369961,https://leetcode.com/problems/minimum-operations-to-reduce-x-to-zero,"Array, Hash Table, Binary Search, Sliding Window, Prefix Sum"
MEDIUM,Minimum Length of String After Deleting Similar Ends,23.6,0.005617626100974231,https://leetcode.com/problems/minimum-length-of-string-after-deleting-similar-ends,"Two Pointers, String"
EASY,The Number of Employees Which Report to Each Employee,23.6,0.005373220133663214,https://leetcode.com/problems/the-number-of-employees-which-report-to-each-employee,Database
MEDIUM,Find Distance in a Binary Tree,23.6,0.00743383694471208,https://leetcode.com/problems/find-distance-in-a-binary-tree,"Hash Table, Tree, Depth-First Search, Breadth-First Search, Binary Tree, Binary Lifting, Lowest Common Ancestor"
HARD,Next Palindrome Using Same Digits,23.6,0.005417928528164748,https://leetcode.com/problems/next-palindrome-using-same-digits,"Two Pointers, String"
MEDIUM,Find a Peak Element II,23.6,0.005552979858940643,https://leetcode.com/problems/find-a-peak-element-ii,"Array, Binary Search, Matrix"
HARD,Longest Common Subpath,23.6,0.00302826342717995,https://leetcode.com/problems/longest-common-subpath,"Array, Binary Search, Rolling Hash, Suffix Array, Hash Function, Suffix Automaton, Suffix Tree"
MEDIUM,Unique Length-3 Palindromic Subsequences,23.6,0.007376138759597406,https://leetcode.com/problems/unique-length-3-palindromic-subsequences,"Hash Table, String, Bit Manipulation, Prefix Sum"
HARD,Check for Contradictions in Equations,23.6,0.00438357276195114,https://leetcode.com/problems/check-for-contradictions-in-equations,"Array, String, Depth-First Search, Union-Find, Graph Theory"
MEDIUM,Find Missing Observations,23.6,0.005738238963797412,https://leetcode.com/problems/find-missing-observations,"Array, Math, Simulation"
MEDIUM,Minimized Maximum of Products Distributed to Any Store,23.6,0.0063225578617824565,https://leetcode.com/problems/minimized-maximum-of-products-distributed-to-any-store,"Array, Binary Search, Greedy"
MEDIUM,Number of Laser Beams in a Bank,23.6,0.00869707183742508,https://leetcode.com/problems/number-of-laser-beams-in-a-bank,"Array, Math, String, Matrix"
MEDIUM,Maximize Number of Subsequences in a String,23.6,0.003625144565738625,https://leetcode.com/problems/maximize-number-of-subsequences-in-a-string,"String, Greedy, Prefix Sum"
MEDIUM,K Divisible Elements Subarrays,23.6,0.005515080852547618,https://leetcode.com/problems/k-divisible-elements-subarrays,"Array, Hash Table, Trie, Rolling Hash, Hash Function, Enumeration"
MEDIUM,Minimum Average Difference,23.6,0.00440221350395394,https://leetcode.com/problems/minimum-average-difference,"Array, Prefix Sum"
MEDIUM,Count Number of Texts,23.6,0.005059980651402773,https://leetcode.com/problems/count-number-of-texts,"Hash Table, Math, String, Dynamic Programming"
MEDIUM,Maximum Consecutive Floors Without Special Floors,23.6,0.0052784197860325476,https://leetcode.com/problems/maximum-consecutive-floors-without-special-floors,"Array, Sorting"
MEDIUM,Maximum Bags With Full Capacity of Rocks,23.6,0.006825797687055874,https://leetcode.com/problems/maximum-bags-with-full-capacity-of-rocks,"Array, Greedy, Sorting"
HARD,Design a Text Editor,23.6,0.00514238432661765,https://leetcode.com/problems/design-a-text-editor,"Linked List, String, Stack, Design, Simulation, Doubly-Linked List"
MEDIUM,Design a Food Rating System,23.6,0.005288396017285647,https://leetcode.com/problems/design-a-food-rating-system,"Array, Hash Table, String, Design, Heap (Priority Queue), Ordered Set"
MEDIUM,Product Sales Analysis IV,23.6,0.0075969841474416815,https://leetcode.com/problems/product-sales-analysis-iv,Database
MEDIUM,Minimum Adjacent Swaps to Make a Valid Array,23.6,0.007222369233483284,https://leetcode.com/problems/minimum-adjacent-swaps-to-make-a-valid-array,"Array, Greedy"
MEDIUM,Maximum Matching of Players With Trainers,23.6,0.007547695714207749,https://leetcode.com/problems/maximum-matching-of-players-with-trainers,"Array, Two Pointers, Greedy, Sorting"
MEDIUM,Smallest Subarrays With Maximum Bitwise OR,23.6,0.0061924672734875045,https://leetcode.com/problems/smallest-subarrays-with-maximum-bitwise-or,"Array, Binary Search, Bit Manipulation, Sliding Window"
MEDIUM,Remove Nodes From Linked List,23.6,0.007515530555220625,https://leetcode.com/problems/remove-nodes-from-linked-list,"Linked List, Stack, Recursion, Monotonic Stack"
EASY,Split With Minimum Sum,23.6,0.007380713511778161,https://leetcode.com/problems/split-with-minimum-sum,"Math, Greedy, Sorting"
MEDIUM,Find the Prefix Common Array of Two Arrays,23.6,0.008829179186595317,https://leetcode.com/problems/find-the-prefix-common-array-of-two-arrays,"Array, Hash Table, Bit Manipulation"
EASY,To Be Or Not To Be,23.6,0.006341084501204126,https://leetcode.com/problems/to-be-or-not-to-be,
HARD,Length of the Longest Valid Substring,23.6,0.0038643754259565766,https://leetcode.com/problems/length-of-the-longest-valid-substring,"Array, Hash Table, String, Sliding Window"
MEDIUM,Maximize the Profit as the Salesman,23.6,0.0038539826039312376,https://leetcode.com/problems/maximize-the-profit-as-the-salesman,"Array, Hash Table, Binary Search, Dynamic Programming, Sorting"
MEDIUM,Minimum Number of Operations to Make Array Empty,23.6,0.006238530707587695,https://leetcode.com/problems/minimum-number-of-operations-to-make-array-empty,"Array, Hash Table, Greedy, Counting"
MEDIUM,Count Beautiful Substrings I,23.6,0.00609505055016444,https://leetcode.com/problems/count-beautiful-substrings-i,"Hash Table, Math, String, Enumeration, Number Theory, Prefix Sum"
MEDIUM,Most Frequent IDs,23.6,0.004304501607717042,https://leetcode.com/problems/most-frequent-ids,"Array, Hash Table, Heap (Priority Queue), Ordered Set"
MEDIUM,Generate Binary Strings Without Adjacent Zeros,23.6,0.008864575160927472,https://leetcode.com/problems/generate-binary-strings-without-adjacent-zeros,"String, Backtracking, Bit Manipulation"
EASY,Percentage of Users Attended a Contest,23.6,0.0060959356112001975,https://leetcode.com/problems/percentage-of-users-attended-a-contest,Database
MEDIUM,Maximum Matrix Sum,23.6,0.00675070422138863,https://leetcode.com/problems/maximum-matrix-sum,"Array, Greedy, Matrix"
MEDIUM,Two Best Non-Overlapping Events,23.6,0.006394933785791226,https://leetcode.com/problems/two-best-non-overlapping-events,"Array, Binary Search, Dynamic Programming, Sorting, Heap (Priority Queue)"
MEDIUM,Max Chunks To Make Sorted,23.6,0.006424565694046214,https://leetcode.com/problems/max-chunks-to-make-sorted,"Array, Stack, Greedy, Sorting, Monotonic Stack"
HARD,Shortest Matching Substring,23.6,0.002488669879864758,https://leetcode.com/problems/shortest-matching-substring,"Two Pointers, String, Binary Search, String Matching"
HARD,Minimum Stability Factor of Array,23.6,0.0021095850237059484,https://leetcode.com/problems/minimum-stability-factor-of-array,"Array, Math, Binary Search, Greedy, Segment Tree, Number Theory"
HARD,Trionic Array II,23.6,0.00473564469063752,https://leetcode.com/problems/trionic-array-ii,"Array, Dynamic Programming"
MEDIUM,Avoid Flood in The City,23.6,0.0038963398880436347,https://leetcode.com/problems/avoid-flood-in-the-city,"Array, Hash Table, Binary Search, Greedy, Heap (Priority Queue)"
MEDIUM,Maximum Capacity Within Budget,23.6,0.0020682495260449575,https://leetcode.com/problems/maximum-capacity-within-budget,"Array, Two Pointers, Binary Search, Sorting"
MEDIUM,Minimize Array Sum Using Divisible Replacements,23.6,0.0032286595817620843,https://leetcode.com/problems/minimize-array-sum-using-divisible-replacements,"Array, Hash Table, Math, Greedy, Number Theory"
HARD,Scramble String,21.9,0.004536357797692765,https://leetcode.com/problems/scramble-string,"String, Dynamic Programming"
MEDIUM,Convert Sorted List to Binary Search Tree,21.9,0.0067195517811201545,https://leetcode.com/problems/convert-sorted-list-to-binary-search-tree,"Linked List, Divide and Conquer, Tree, Binary Search Tree, Binary Tree"
EASY,Binary Tree Paths,21.9,0.006917615647959879,https://leetcode.com/problems/binary-tree-paths,"String, Backtracking, Tree, Depth-First Search, Binary Tree"
MEDIUM,Encode and Decode Strings,21.9,0.005185171833496922,https://leetcode.com/problems/encode-and-decode-strings,"Array, String, Design"
MEDIUM,Range Sum Query 2D - Immutable,21.9,0.005883573356336268,https://leetcode.com/problems/range-sum-query-2d-immutable,"Array, Design, Matrix, Prefix Sum"
MEDIUM,Minimum Height Trees,21.9,0.004275017145654353,https://leetcode.com/problems/minimum-height-trees,"Depth-First Search, Breadth-First Search, Graph Theory, Topological Sort"
EASY,Valid Perfect Square,21.9,0.004513221380506225,https://leetcode.com/problems/valid-perfect-square,"Math, Binary Search"
EASY,Valid Word Abbreviation,21.9,0.0037047745112878954,https://leetcode.com/problems/valid-word-abbreviation,"Two Pointers, String"
MEDIUM,Optimal Division,21.9,0.006353831686731603,https://leetcode.com/problems/optimal-division,"Array, Math, Dynamic Programming"
EASY,Longest Harmonious Subsequence,21.9,0.006499171781350277,https://leetcode.com/problems/longest-harmonious-subsequence,"Array, Hash Table, Sliding Window, Sorting, Counting"
MEDIUM,Construct String from Binary Tree,21.9,0.007086158591138108,https://leetcode.com/problems/construct-string-from-binary-tree,"String, Tree, Depth-First Search, Binary Tree"
HARD,Minimum Swaps To Make Sequences Increasing,21.9,0.004188261151987319,https://leetcode.com/problems/minimum-swaps-to-make-sequences-increasing,"Array, Dynamic Programming"
MEDIUM,Split Array into Fibonacci Sequence,21.9,0.004059204919539461,https://leetcode.com/problems/split-array-into-fibonacci-sequence,"String, Backtracking"
EASY,Transpose Matrix,21.9,0.007706151696989267,https://leetcode.com/problems/transpose-matrix,"Array, Matrix, Simulation"
MEDIUM,Prison Cells After N Days,21.9,0.003929298513487425,https://leetcode.com/problems/prison-cells-after-n-days,"Array, Hash Table, Math, Bit Manipulation, Floyd's Cycle Finding Algorithm"
MEDIUM,Distribute Coins in Binary Tree,21.9,0.007733373926891448,https://leetcode.com/problems/distribute-coins-in-binary-tree,"Tree, Depth-First Search, Binary Tree, DP on Trees"
MEDIUM,Missing Element in Sorted Array,21.9,0.005973118110949648,https://leetcode.com/problems/missing-element-in-sorted-array,"Array, Binary Search"
EASY,Find Words That Can Be Formed by Characters,21.9,0.007172373601217555,https://leetcode.com/problems/find-words-that-can-be-formed-by-characters,"Array, Hash Table, String, Counting"
MEDIUM,Grumpy Bookstore Owner,21.9,0.006413689522691566,https://leetcode.com/problems/grumpy-bookstore-owner,"Array, Sliding Window"
MEDIUM,Insufficient Nodes in Root to Leaf Paths,21.9,0.005549382134747989,https://leetcode.com/problems/insufficient-nodes-in-root-to-leaf-paths,"Tree, Depth-First Search, Binary Tree"
HARD,Find in Mountain Array,21.9,0.004194290060597403,https://leetcode.com/problems/find-in-mountain-array,"Array, Binary Search, Interactive, Ternary Search"
HARD,Parsing A Boolean Expression,21.9,0.0069797691093130085,https://leetcode.com/problems/parsing-a-boolean-expression,"String, Stack, Recursion"
HARD,Handshakes That Don't Cross,21.9,0.006151846892966843,https://leetcode.com/problems/handshakes-that-dont-cross,"Math, Dynamic Programming"
MEDIUM,Closest Divisors,21.9,0.006359074655761671,https://leetcode.com/problems/closest-divisors,"Math, Prime Factorization"
EASY,Shift 2D Grid,21.9,0.007448014393273639,https://leetcode.com/problems/shift-2d-grid,"Array, Matrix, Simulation"
MEDIUM,Delete Leaves With a Given Value,21.9,0.007720291615331066,https://leetcode.com/problems/delete-leaves-with-a-given-value,"Tree, Depth-First Search, Binary Tree"
HARD,Minimum Number of Taps to Open to Water a Garden,21.9,0.005106344306636353,https://leetcode.com/problems/minimum-number-of-taps-to-open-to-water-a-garden,"Array, Dynamic Programming, Greedy"
MEDIUM,Restaurant Growth,21.9,0.005957942021415513,https://leetcode.com/problems/restaurant-growth,Database
EASY,Check If N and Its Double Exist,21.9,0.004197302451120796,https://leetcode.com/problems/check-if-n-and-its-double-exist,"Array, Hash Table, Two Pointers, Binary Search, Sorting"
HARD,Longest Happy Prefix,21.9,0.005374342333110356,https://leetcode.com/problems/longest-happy-prefix,"String, Rolling Hash, String Matching, Hash Function, Z Algorithm, Knuth–Morris–Pratt Algorithm"
MEDIUM,Number of Steps to Reduce a Number in Binary Representation to One,21.9,0.006374802235557344,https://leetcode.com/problems/number-of-steps-to-reduce-a-number-in-binary-representation-to-one,"String, Bit Manipulation, Simulation"
EASY,String Matching in an Array,21.9,0.006982380890754127,https://leetcode.com/problems/string-matching-in-an-array,"Array, String, String Matching"
EASY,NPV Queries,21.9,0.00828376351316402,https://leetcode.com/problems/npv-queries,Database
EASY,Maximum Product of Two Elements in an Array,21.9,0.008495600662184698,https://leetcode.com/problems/maximum-product-of-two-elements-in-an-array,"Array, Sorting, Heap (Priority Queue)"
HARD,Sales by Day of the Week,21.9,0.007617564730580826,https://leetcode.com/problems/sales-by-day-of-the-week,Database
EASY,Number of Good Pairs,21.9,0.00899112402705997,https://leetcode.com/problems/number-of-good-pairs,"Array, Hash Table, Math, Counting"
HARD,Maximum Number of Non-Overlapping Substrings,21.9,0.0043726306056403146,https://leetcode.com/problems/maximum-number-of-non-overlapping-substrings,"Hash Table, String, Greedy, Sorting"
EASY,Customer Order Frequency,21.9,0.006637856632061747,https://leetcode.com/problems/customer-order-frequency,Database
MEDIUM,Find the Index of the Large Integer,21.9,0.005663579778351298,https://leetcode.com/problems/find-the-index-of-the-large-integer,"Array, Binary Search, Interactive"
HARD,Maximum Number of Achievable Transfer Requests,21.9,0.006476817935985053,https://leetcode.com/problems/maximum-number-of-achievable-transfer-requests,"Array, Backtracking, Bit Manipulation, Enumeration"
EASY,Defuse the Bomb,21.9,0.007946103859373596,https://leetcode.com/problems/defuse-the-bomb,"Array, Sliding Window"
MEDIUM,Form Array by Concatenating Subarrays of Another Array,21.9,0.005499873385667257,https://leetcode.com/problems/form-array-by-concatenating-subarrays-of-another-array,"Array, Two Pointers, Greedy, String Matching, Knuth–Morris–Pratt Algorithm"
HARD,Closest Room,21.9,0.0041860390444387365,https://leetcode.com/problems/closest-room,"Array, Binary Search, Sorting, Ordered Set"
MEDIUM,Check if Move is Legal,21.9,0.00500959743367253,https://leetcode.com/problems/check-if-move-is-legal,"Array, Matrix, Enumeration"
MEDIUM,Sum of Beauty in the Array,21.9,0.005191163466870494,https://leetcode.com/problems/sum-of-beauty-in-the-array,Array
MEDIUM,Decode the Slanted Ciphertext,21.9,0.006761332286061109,https://leetcode.com/problems/decode-the-slanted-ciphertext,"String, Simulation"
MEDIUM,Find Good Days to Rob the Bank,21.9,0.005196712074508634,https://leetcode.com/problems/find-good-days-to-rob-the-bank,"Array, Dynamic Programming, Prefix Sum"
MEDIUM,Adding Spaces to a String,21.9,0.007185642176107685,https://leetcode.com/problems/adding-spaces-to-a-string,"Array, Two Pointers, String, Simulation"
HARD,Replace Non-Coprime Numbers in Array,21.9,0.005764473475222364,https://leetcode.com/problems/replace-non-coprime-numbers-in-array,"Array, Math, Stack, Number Theory, Least Common Multiple, Greatest Common Divisor"
MEDIUM,Replace Elements in an Array,21.9,0.005996995733942198,https://leetcode.com/problems/replace-elements-in-an-array,"Array, Hash Table, Simulation"
HARD,Minimum Score After Removals on a Tree,21.9,0.007600302392137805,https://leetcode.com/problems/minimum-score-after-removals-on-a-tree,"Array, Bit Manipulation, Tree, Depth-First Search"
MEDIUM,Minimum Number of Keypresses,21.9,0.007147957235586102,https://leetcode.com/problems/minimum-number-of-keypresses,"Hash Table, String, Greedy, Sorting, Counting"
MEDIUM,Find Minimum Time to Finish All Jobs II,21.9,0.0066168262583849655,https://leetcode.com/problems/find-minimum-time-to-finish-all-jobs-ii,"Array, Greedy, Sorting"
MEDIUM,Design SQL,21.9,0.006371046159126008,https://leetcode.com/problems/design-sql,"Array, Hash Table, String, Design"
EASY,Number of Distinct Averages,21.9,0.0059120829745010674,https://leetcode.com/problems/number-of-distinct-averages,"Array, Hash Table, Two Pointers, Sorting"
MEDIUM,Append Characters to String to Make Subsequence,21.9,0.007312477321848329,https://leetcode.com/problems/append-characters-to-string-to-make-subsequence,"Two Pointers, String, Greedy"
MEDIUM,Maximum Star Sum of a Graph,21.9,0.004269174735376404,https://leetcode.com/problems/maximum-star-sum-of-a-graph,"Array, Greedy, Graph Theory, Sorting, Heap (Priority Queue)"
MEDIUM,Difference Between Ones and Zeros in Row and Column,21.9,0.008462196670152734,https://leetcode.com/problems/difference-between-ones-and-zeros-in-row-and-column,"Array, Matrix, Simulation"
HARD,Customers With Strictly Increasing Purchases,21.9,0.005040973824488822,https://leetcode.com/problems/customers-with-strictly-increasing-purchases,Database
HARD,Time Taken to Cross the Door,21.9,0.005047625621203755,https://leetcode.com/problems/time-taken-to-cross-the-door,"Array, Queue, Simulation"
MEDIUM,Find the Substring With Maximum Cost,21.9,0.005847426757558411,https://leetcode.com/problems/find-the-substring-with-maximum-cost,"Array, Hash Table, String, Dynamic Programming"
MEDIUM,Count the Number of Fair Pairs,21.9,0.005258401012368579,https://leetcode.com/problems/count-the-number-of-fair-pairs,"Array, Two Pointers, Binary Search, Sorting"
MEDIUM,Find the Divisibility Array of a String,21.9,0.0036852151578058486,https://leetcode.com/problems/find-the-divisibility-array-of-a-string,"Array, Math, String"
EASY,Find the K-or of an Array,21.9,0.007309604452631371,https://leetcode.com/problems/find-the-k-or-of-an-array,"Array, Bit Manipulation"
HARD,Find Maximum Non-decreasing Array Length,21.9,0.0019025932276039435,https://leetcode.com/problems/find-maximum-non-decreasing-array-length,"Array, Binary Search, Dynamic Programming, Stack, Queue, Monotonic Stack, Prefix Sum, Monotonic Queue"
HARD,Find Number of Coins to Place in Tree Nodes,21.9,0.003720555221804155,https://leetcode.com/problems/find-number-of-coins-to-place-in-tree-nodes,"Dynamic Programming, Tree, Depth-First Search, Sorting, Heap (Priority Queue), DP on Trees"
MEDIUM,Length of Longest Subarray With at Most K Frequency,21.9,0.006050517046077393,https://leetcode.com/problems/length-of-longest-subarray-with-at-most-k-frequency,"Array, Hash Table, Sliding Window"
EASY,Count Elements With Maximum Frequency,21.9,0.007972901697476505,https://leetcode.com/problems/count-elements-with-maximum-frequency,"Array, Hash Table, Counting"
MEDIUM,Replace Question Marks in String to Minimize Its Value,21.9,0.002934982765947401,https://leetcode.com/problems/replace-question-marks-in-string-to-minimize-its-value,"Hash Table, String, Greedy, Sorting, Heap (Priority Queue), Counting"
HARD,Find the Median of the Uniqueness Array,21.9,0.0030672581846442797,https://leetcode.com/problems/find-the-median-of-the-uniqueness-array,"Array, Hash Table, Binary Search, Sliding Window"
HARD,Find Number of Ways to Reach the K-th Stair,21.9,0.0037774415032974973,https://leetcode.com/problems/find-number-of-ways-to-reach-the-k-th-stair,"Math, Dynamic Programming, Bit Manipulation, Memoization, Combinatorics"
MEDIUM,Magic Squares In Grid,21.9,0.0055225896677716275,https://leetcode.com/problems/magic-squares-in-grid,"Array, Hash Table, Math, Matrix"
EASY,Rank Transform of an Array,21.9,0.007397524274255432,https://leetcode.com/problems/rank-transform-of-an-array,"Array, Hash Table, Sorting"
MEDIUM,Separate Black and White Balls,21.9,0.006381998473402635,https://leetcode.com/problems/separate-black-and-white-balls,"Two Pointers, String, Greedy"
MEDIUM,Number of Zero-Filled Subarrays,21.9,0.007005521431580814,https://leetcode.com/problems/number-of-zero-filled-subarrays,"Array, Math"
MEDIUM,Count Servers that Communicate,21.9,0.007357544764422487,https://leetcode.com/problems/count-servers-that-communicate,"Array, Depth-First Search, Breadth-First Search, Union-Find, Matrix, Counting"
EASY,Final Prices With a Special Discount in a Shop,21.9,0.008429671718127,https://leetcode.com/problems/final-prices-with-a-special-discount-in-a-shop,"Array, Stack, Monotonic Stack"
MEDIUM,House Robber IV,21.9,0.006457240782195585,https://leetcode.com/problems/house-robber-iv,"Array, Binary Search, Dynamic Programming, Greedy"
EASY,Minimum Distance to the Target Element,21.9,0.006434509027032997,https://leetcode.com/problems/minimum-distance-to-the-target-element,Array
MEDIUM,Count the Number of Substrings With Dominant Ones,21.9,0.004199969522648481,https://leetcode.com/problems/count-the-number-of-substrings-with-dominant-ones,"String, Enumeration"
EASY,Find the K-th Character in String Game I,21.9,0.008156724360051531,https://leetcode.com/problems/find-the-k-th-character-in-string-game-i,"Math, Bit Manipulation, Recursion, Simulation"
MEDIUM,Minimum Time to Activate String,21.9,0.004926282979574386,https://leetcode.com/problems/minimum-time-to-activate-string,"Array, Binary Search"
MEDIUM,Maximum Median Sum of Subsequences of Size 3,21.9,0.006515064287085014,https://leetcode.com/problems/maximum-median-sum-of-subsequences-of-size-3,"Array, Math, Greedy, Sorting, Game Theory"
MEDIUM,Minimum Number of Groups to Create a Valid Assignment,21.9,0.0025293222966451196,https://leetcode.com/problems/minimum-number-of-groups-to-create-a-valid-assignment,"Array, Hash Table, Greedy"
HARD,Total Sum of Interaction Cost in Tree Groups,21.9,0.005460928809788654,https://leetcode.com/problems/total-sum-of-interaction-cost-in-tree-groups,"Array, Tree, Depth-First Search"
MEDIUM,Minimum Flips to Make Binary String Coherent,21.9,0.002011662513005396,https://leetcode.com/problems/minimum-flips-to-make-binary-string-coherent,String
MEDIUM,Remove Duplicates from Sorted List II,20.0,0.005235383431792811,https://leetcode.com/problems/remove-duplicates-from-sorted-list-ii,"Linked List, Two Pointers"
EASY,Minimum Depth of Binary Tree,20.0,0.005358029444009588,https://leetcode.com/problems/minimum-depth-of-binary-tree,"Tree, Depth-First Search, Breadth-First Search, Binary Tree"
MEDIUM,Populating Next Right Pointers in Each Node II,20.0,0.005803757259460829,https://leetcode.com/problems/populating-next-right-pointers-in-each-node-ii,"Linked List, Tree, Depth-First Search, Breadth-First Search, Binary Tree"
EASY,Binary Tree Postorder Traversal,20.0,0.007882961506579727,https://leetcode.com/problems/binary-tree-postorder-traversal,"Stack, Tree, Depth-First Search, Binary Tree"
MEDIUM,Factorial Trailing Zeroes,20.0,0.004722425431227373,https://leetcode.com/problems/factorial-trailing-zeroes,Math
HARD,Trips and Users,20.0,0.0038934820341720456,https://leetcode.com/problems/trips-and-users,Database
HARD,Count of Range Sum,20.0,0.003961336552363039,https://leetcode.com/problems/count-of-range-sum,"Array, Binary Search, Divide and Conquer, Binary Indexed Tree, Segment Tree, Merge Sort, Ordered Set, Treap"
EASY,Power of Four,20.0,0.005247302544435029,https://leetcode.com/problems/power-of-four,"Math, Bit Manipulation, Recursion"
MEDIUM,Combination Sum IV,20.0,0.005526415875501007,https://leetcode.com/problems/combination-sum-iv,"Array, Dynamic Programming"
EASY,Island Perimeter,20.0,0.007432120657520351,https://leetcode.com/problems/island-perimeter,"Array, Depth-First Search, Breadth-First Search, Matrix"
HARD,Sliding Window Median,20.0,0.003908070541369966,https://leetcode.com/problems/sliding-window-median,"Array, Hash Table, Sliding Window, Heap (Priority Queue), Treap"
MEDIUM,Construct Binary Tree from String,20.0,0.005869589227696528,https://leetcode.com/problems/construct-binary-tree-from-string,"String, Stack, Tree, Depth-First Search, Binary Tree"
MEDIUM,Complex Number Multiplication,20.0,0.007373851071504086,https://leetcode.com/problems/complex-number-multiplication,"Math, String, Simulation"
HARD,Find Cumulative Salary of an Employee,20.0,0.004957820449696373,https://leetcode.com/problems/find-cumulative-salary-of-an-employee,Database
MEDIUM,Sum of Square Numbers,20.0,0.0036997436562479615,https://leetcode.com/problems/sum-of-square-numbers,"Math, Two Pointers, Binary Search"
MEDIUM,Find Duplicate Subtrees,20.0,0.006083277901413466,https://leetcode.com/problems/find-duplicate-subtrees,"Hash Table, Tree, Depth-First Search, Binary Tree"
MEDIUM,Equal Tree Partition,20.0,0.004230782404183174,https://leetcode.com/problems/equal-tree-partition,"Tree, Depth-First Search, Binary Tree"
HARD,Find K-th Smallest Pair Distance,20.0,0.00467582681076267,https://leetcode.com/problems/find-k-th-smallest-pair-distance,"Array, Two Pointers, Binary Search, Sorting"
HARD,Number of Atoms,20.0,0.006524168993642231,https://leetcode.com/problems/number-of-atoms,"Hash Table, String, Stack, Sorting"
MEDIUM,Closest Leaf in a Binary Tree,20.0,0.004748367494250558,https://leetcode.com/problems/closest-leaf-in-a-binary-tree,"Tree, Depth-First Search, Breadth-First Search, Binary Tree"
EASY,Prime Number of Set Bits in Binary Representation,20.0,0.00789834675984341,https://leetcode.com/problems/prime-number-of-set-bits-in-binary-representation,"Math, Bit Manipulation, Primality Test"
EASY,Search in a Binary Search Tree,20.0,0.008306599348413506,https://leetcode.com/problems/search-in-a-binary-search-tree,"Tree, Binary Search Tree, Binary Tree"
HARD,Basic Calculator III,20.0,0.005349571021625904,https://leetcode.com/problems/basic-calculator-iii,"Math, String, Stack, Recursion"
MEDIUM,Global and Local Inversions,20.0,0.004298495660747582,https://leetcode.com/problems/global-and-local-inversions,"Array, Math"
MEDIUM,Split BST,20.0,0.00821334964179626,https://leetcode.com/problems/split-bst,"Tree, Binary Search Tree, Recursion, Binary Tree"
HARD,Guess the Word,20.0,0.003660212592333535,https://leetcode.com/problems/guess-the-word,"Array, Math, String, Minimax, Interactive, Game Theory"
MEDIUM,Maximize Distance to Closest Person,20.0,0.004997639294413225,https://leetcode.com/problems/maximize-distance-to-closest-person,Array
HARD,Nth Magical Number,20.0,0.003701876787832275,https://leetcode.com/problems/nth-magical-number,"Math, Binary Search, Least Common Multiple, Inclusion-Exclusion Principle"
HARD,Numbers At Most N Given Digit Set,20.0,0.004585692632703227,https://leetcode.com/problems/numbers-at-most-n-given-digit-set,"Array, Math, String, Binary Search, Dynamic Programming"
MEDIUM,Pairs of Songs With Total Durations Divisible by 60,20.0,0.005352827484014368,https://leetcode.com/problems/pairs-of-songs-with-total-durations-divisible-by-60,"Array, Hash Table, Counting"
HARD,Digit Count in Range,20.0,0.004657335907335907,https://leetcode.com/problems/digit-count-in-range,"Math, Dynamic Programming"
EASY,Index Pairs of a String,20.0,0.006863659028334814,https://leetcode.com/problems/index-pairs-of-a-string,"Array, String, Trie, Sorting, Aho–Corasick Algorithm"
EASY,Sum of Digits in the Minimum Number,20.0,0.0076728898238232965,https://leetcode.com/problems/sum-of-digits-in-the-minimum-number,"Array, Math"
MEDIUM,Find K-Length Substrings With No Repeated Characters,20.0,0.007646863282184933,https://leetcode.com/problems/find-k-length-substrings-with-no-repeated-characters,"Hash Table, String, Sliding Window"
EASY,Divisor Game,20.0,0.007243765707242856,https://leetcode.com/problems/divisor-game,"Math, Dynamic Programming, Brainteaser, Game Theory, Impartial Game"
EASY,Number of Days in a Month,20.0,0.005920965707765299,https://leetcode.com/problems/number-of-days-in-a-month,Math
EASY,Remove Vowels from a String,20.0,0.009128470030331492,https://leetcode.com/problems/remove-vowels-from-a-string,String
EASY,Armstrong Number,20.0,0.007785234899328859,https://leetcode.com/problems/armstrong-number,Math
MEDIUM,Maximum Average Subtree,20.0,0.006697450455468315,https://leetcode.com/problems/maximum-average-subtree,"Tree, Depth-First Search, Binary Tree"
EASY,Largest Unique Number,20.0,0.00712847146633494,https://leetcode.com/problems/largest-unique-number,"Array, Hash Table, Sorting"
MEDIUM,Connecting Cities With Minimum Cost,20.0,0.0063601166943861275,https://leetcode.com/problems/connecting-cities-with-minimum-cost,"Union-Find, Graph Theory, Heap (Priority Queue), Minimum Spanning Tree"
MEDIUM,Minimum Cost to Connect Sticks,20.0,0.007204733739028229,https://leetcode.com/problems/minimum-cost-to-connect-sticks,"Array, Greedy, Heap (Priority Queue)"
HARD,Number of Submatrices That Sum to Target,20.0,0.00746807560648906,https://leetcode.com/problems/number-of-submatrices-that-sum-to-target,"Array, Hash Table, Matrix, Prefix Sum"
EASY,Product Sales Analysis II,20.0,0.008268414106701859,https://leetcode.com/problems/product-sales-analysis-ii,Database
EASY,Sales Analysis I,20.0,0.0074826349381792966,https://leetcode.com/problems/sales-analysis-i,Database
EASY,Sales Analysis II,20.0,0.005016736247090553,https://leetcode.com/problems/sales-analysis-ii,Database
EASY,N-th Tribonacci Number,20.0,0.006307469398786818,https://leetcode.com/problems/n-th-tribonacci-number,"Math, Dynamic Programming, Memoization"
MEDIUM,Stone Game II,20.0,0.007573751519623717,https://leetcode.com/problems/stone-game-ii,"Array, Math, Dynamic Programming, Minimax, Prefix Sum, Game Theory, Zero-Sum Game"
HARD,Largest Multiple of Three,20.0,0.0033503623764070344,https://leetcode.com/problems/largest-multiple-of-three,"Array, Math, Dynamic Programming, Greedy, Sorting"
EASY,Prime Arrangements,20.0,0.006187482592607329,https://leetcode.com/problems/prime-arrangements,"Math, Primality Test, Sieve Theory, Prime Number Sieve"
EASY,Diet Plan Performance,20.0,0.005613283977289194,https://leetcode.com/problems/diet-plan-performance,"Array, Sliding Window"
MEDIUM,Minimum Garden Perimeter to Collect Enough Apples,20.0,0.005571859196332927,https://leetcode.com/problems/minimum-garden-perimeter-to-collect-enough-apples,"Math, Binary Search"
HARD,Number of Visible People in a Queue,20.0,0.007346381192798746,https://leetcode.com/problems/number-of-visible-people-in-a-queue,"Array, Stack, Monotonic Stack"
MEDIUM,Count Number of Nice Subarrays,20.0,0.007563624410358549,https://leetcode.com/problems/count-number-of-nice-subarrays,"Array, Hash Table, Math, Sliding Window, Prefix Sum"
EASY,Find Numbers with Even Number of Digits,20.0,0.00799487115162158,https://leetcode.com/problems/find-numbers-with-even-number-of-digits,"Array, Math"
EASY,Find N Unique Integers Sum up to Zero,20.0,0.007844347149100832,https://leetcode.com/problems/find-n-unique-integers-sum-up-to-zero,"Array, Math"
EASY,Find the Team Size,20.0,0.008954362328885808,https://leetcode.com/problems/find-the-team-size,Database
EASY,Students With Invalid Departments,20.0,0.00897049458713649,https://leetcode.com/problems/students-with-invalid-departments,Database
MEDIUM,Count Number of Teams,20.0,0.007019119392121712,https://leetcode.com/problems/count-number-of-teams,"Array, Dynamic Programming, Binary Indexed Tree, Segment Tree"
MEDIUM,Queries on a Permutation With Key,20.0,0.008498422975920857,https://leetcode.com/problems/queries-on-a-permutation-with-key,"Array, Binary Indexed Tree, Simulation, Sqrt Decomposition"
MEDIUM,Pseudo-Palindromic Paths in a Binary Tree,20.0,0.006839947701671148,https://leetcode.com/problems/pseudo-palindromic-paths-in-a-binary-tree,"Bit Manipulation, Tree, Depth-First Search, Breadth-First Search, Binary Tree"
HARD,Max Dot Product of Two Subsequences,20.0,0.006937148269292188,https://leetcode.com/problems/max-dot-product-of-two-subsequences,"Array, Dynamic Programming, Longest Common Subsequence"
MEDIUM,Longest Subarray of 1's After Deleting One Element,20.0,0.007148262248167658,https://leetcode.com/problems/longest-subarray-of-1s-after-deleting-one-element,"Array, Dynamic Programming, Sliding Window"
HARD,Find Critical and Pseudo-Critical Edges in Minimum Spanning Tree,20.0,0.006675489946551285,https://leetcode.com/problems/find-critical-and-pseudo-critical-edges-in-minimum-spanning-tree,"Union-Find, Graph Theory, Sorting, Minimum Spanning Tree, Strongly Connected Component, Prim's Algorithm, Kruskal's Algorithm, Borůvka's Algorithm"
HARD,Minimum Number of Increments on Subarrays to Form a Target Array,20.0,0.00782413620629033,https://leetcode.com/problems/minimum-number-of-increments-on-subarrays-to-form-a-target-array,"Array, Dynamic Programming, Stack, Greedy, Monotonic Stack"
MEDIUM,Clone N-ary Tree,20.0,0.008311250739880708,https://leetcode.com/problems/clone-n-ary-tree,"Hash Table, Tree, Depth-First Search, Breadth-First Search"
EASY,Friendly Movies Streamed Last Month,20.0,0.004890014111397029,https://leetcode.com/problems/friendly-movies-streamed-last-month,Database
MEDIUM,Minimum Numbers of Function Calls to Make Target Array,20.0,0.006280750163689084,https://leetcode.com/problems/minimum-numbers-of-function-calls-to-make-target-array,"Array, Greedy, Bit Manipulation"
EASY,Matrix Diagonal Sum,20.0,0.00845814635080965,https://leetcode.com/problems/matrix-diagonal-sum,"Array, Matrix"
EASY,Warehouse Manager,20.0,0.008720003966417665,https://leetcode.com/problems/warehouse-manager,Database
MEDIUM,Number of Sets of K Non-Overlapping Line Segments,20.0,0.0046298010180472,https://leetcode.com/problems/number-of-sets-of-k-non-overlapping-line-segments,"Math, Dynamic Programming, Combinatorics, Prefix Sum"
HARD,Build Binary Expression Tree From Infix Expression,20.0,0.006274771579957445,https://leetcode.com/problems/build-binary-expression-tree-from-infix-expression,"String, Stack, Tree, Binary Tree"
MEDIUM,Find the Missing IDs,20.0,0.00728419308313131,https://leetcode.com/problems/find-the-missing-ids,Database
EASY,All Valid Triplets That Can Represent a Country,20.0,0.00807536231884058,https://leetcode.com/problems/all-valid-triplets-that-can-represent-a-country,Database
MEDIUM,Design Front Middle Back Queue,20.0,0.005839049690480174,https://leetcode.com/problems/design-front-middle-back-queue,"Array, Linked List, Design, Queue, Doubly-Linked List, Data Stream"
MEDIUM,Add Two Polynomials Represented as Linked Lists,20.0,0.00610138960370561,https://leetcode.com/problems/add-two-polynomials-represented-as-linked-lists,"Linked List, Math, Two Pointers"
MEDIUM,Decode XORed Permutation,20.0,0.006725691501051773,https://leetcode.com/problems/decode-xored-permutation,"Array, Bit Manipulation"
HARD,Count Ways to Make Array With Product,20.0,0.005546896141148455,https://leetcode.com/problems/count-ways-to-make-array-with-product,"Array, Math, Dynamic Programming, Combinatorics, Number Theory, Prime Factorization, Fermat's Little Theorem"
MEDIUM,Number of Calls Between Two Persons,20.0,0.008079537173366647,https://leetcode.com/problems/number-of-calls-between-two-persons,Database
MEDIUM,Minimum Limit of Balls in a Bag,20.0,0.0065968270996224695,https://leetcode.com/problems/minimum-limit-of-balls-in-a-bag,"Array, Binary Search"
HARD,Minimum Degree of a Connected Trio in a Graph,20.0,0.004475137320830737,https://leetcode.com/problems/minimum-degree-of-a-connected-trio-in-a-graph,"Graph Theory, Enumeration"
EASY,Find Nearest Point That Has the Same X or Y Coordinate,20.0,0.007008314818728704,https://leetcode.com/problems/find-nearest-point-that-has-the-same-x-or-y-coordinate,Array
HARD,Count Pairs Of Nodes,20.0,0.004324957582612911,https://leetcode.com/problems/count-pairs-of-nodes,"Array, Hash Table, Two Pointers, Binary Search, Graph Theory, Sorting, Counting"
EASY,Find Total Time Spent by Each Employee,20.0,0.008640128008303242,https://leetcode.com/problems/find-total-time-spent-by-each-employee,Database
MEDIUM,Sort Features by Popularity,20.0,0.006670746634026927,https://leetcode.com/problems/sort-features-by-popularity,"Array, Hash Table, String, Sorting"
EASY,Product's Price for Each Store,20.0,0.00820504496315294,https://leetcode.com/problems/products-price-for-each-store,Database
MEDIUM,Grand Slam Titles,20.0,0.008296014911639102,https://leetcode.com/problems/grand-slam-titles,Database
HARD,Maximize the Beauty of the Garden,20.0,0.006504809894640402,https://leetcode.com/problems/maximize-the-beauty-of-the-garden,"Array, Hash Table, Greedy, Prefix Sum"
EASY,Rearrange Products Table,20.0,0.008552782502076493,https://leetcode.com/problems/rearrange-products-table,Database
EASY,Ad-Free Sessions,20.0,0.005906465491837095,https://leetcode.com/problems/ad-free-sessions,Database
MEDIUM,Find Interview Candidates,20.0,0.006076437374779916,https://leetcode.com/problems/find-interview-candidates,Database
MEDIUM,Distinct Numbers in Each Subarray,20.0,0.007716638171510843,https://leetcode.com/problems/distinct-numbers-in-each-subarray,"Array, Hash Table, Sliding Window"
HARD,Minimum Space Wasted From Packaging,20.0,0.003374510015463732,https://leetcode.com/problems/minimum-space-wasted-from-packaging,"Array, Binary Search, Sorting, Prefix Sum"
MEDIUM,Nearest Exit from Entrance in Maze,20.0,0.00490365278197663,https://leetcode.com/problems/nearest-exit-from-entrance-in-maze,"Array, Breadth-First Search, Matrix"
MEDIUM,Jump Game VIII,20.0,0.004593466525683121,https://leetcode.com/problems/jump-game-viii,"Array, Dynamic Programming, Stack, Graph Theory, Monotonic Stack, Shortest Path"
MEDIUM,Maximum of Minimum Values in All Subarrays,20.0,0.0048261327713382506,https://leetcode.com/problems/maximum-of-minimum-values-in-all-subarrays,"Array, Stack, Monotonic Stack, Cartesian Tree"
HARD,Count Number of Special Subsequences,20.0,0.005314641744548286,https://leetcode.com/problems/count-number-of-special-subsequences,"Array, Dynamic Programming"
MEDIUM,Number of Ways to Arrive at Destination,20.0,0.0037714344456203286,https://leetcode.com/problems/number-of-ways-to-arrive-at-destination,"Dynamic Programming, Graph Theory, Topological Sort, Shortest Path, Dijkstra's Algorithm"
MEDIUM,Minimize the Difference Between Target and Chosen Elements,20.0,0.0037160008692187895,https://leetcode.com/problems/minimize-the-difference-between-target-and-chosen-elements,"Array, Dynamic Programming, Matrix"
EASY,Minimum Difference Between Highest and Lowest of K Scores,20.0,0.00663935877580845,https://leetcode.com/problems/minimum-difference-between-highest-and-lowest-of-k-scores,"Array, Sliding Window, Sorting"
EASY,Kth Distinct String in an Array,20.0,0.008218015511916829,https://leetcode.com/problems/kth-distinct-string-in-an-array,"Array, Hash Table, String, Counting"
HARD,Sequentially Ordinal Rank Tracker,20.0,0.006131433743029807,https://leetcode.com/problems/sequentially-ordinal-rank-tracker,"Design, Heap (Priority Queue), Data Stream, Ordered Set"
MEDIUM,Delete the Middle Node of a Linked List,20.0,0.006091394755352482,https://leetcode.com/problems/delete-the-middle-node-of-a-linked-list,"Linked List, Two Pointers"
HARD,Minimum Operations to Make the Array K-Increasing,20.0,0.004084829028649253,https://leetcode.com/problems/minimum-operations-to-make-the-array-k-increasing,"Array, Binary Search, Longest Increasing Subsequence"
MEDIUM,Minimum Swaps to Group All 1's Together II,20.0,0.006572283842605314,https://leetcode.com/problems/minimum-swaps-to-group-all-1s-together-ii,"Array, Sliding Window"
HARD,Minimum Operations to Remove Adjacent Ones in Matrix,20.0,0.004363349131121643,https://leetcode.com/problems/minimum-operations-to-remove-adjacent-ones-in-matrix,"Array, Depth-First Search, Graph Theory, Matrix, Edmonds–Karp Algorithm, MPM Algorithm, Push-Relabel Algorithm, Flow Network, Dinic's Algorithm"
MEDIUM,Append K Integers With Minimal Sum,20.0,0.002723937027395562,https://leetcode.com/problems/append-k-integers-with-minimal-sum,"Array, Math, Greedy, Sorting"
HARD,Longest Winning Streak,20.0,0.005455587779051731,https://leetcode.com/problems/longest-winning-streak,Database
HARD,Sum of Scores of Built Strings,20.0,0.0050355806823615444,https://leetcode.com/problems/sum-of-scores-of-built-strings,"String, Binary Search, Rolling Hash, Suffix Array, String Matching, Hash Function, Z Algorithm, Knuth–Morris–Pratt Algorithm"
MEDIUM,Maximum Sum Score of Array,20.0,0.006289800605491178,https://leetcode.com/problems/maximum-sum-score-of-array,"Array, Prefix Sum"
MEDIUM,Users With Two Purchases Within Seven Days,20.0,0.004706762417713943,https://leetcode.com/problems/users-with-two-purchases-within-seven-days,Database
EASY,Rearrange Characters to Make Target String,20.0,0.006316999582844226,https://leetcode.com/problems/rearrange-characters-to-make-target-string,"Hash Table, String, Counting"
MEDIUM,Number of Times a Driver Was a Passenger,20.0,0.0071714127560120544,https://leetcode.com/problems/number-of-times-a-driver-was-a-passenger,Database
MEDIUM,Successful Pairs of Spells and Potions,20.0,0.00498107003464893,https://leetcode.com/problems/successful-pairs-of-spells-and-potions,"Array, Two Pointers, Binary Search, Sorting"
MEDIUM,Products With Three or More Orders in Two Consecutive Years,20.0,0.004078075855689176,https://leetcode.com/problems/products-with-three-or-more-orders-in-two-consecutive-years,Database
MEDIUM,Count Number of Bad Pairs,20.0,0.0054125213918996004,https://leetcode.com/problems/count-number-of-bad-pairs,"Array, Hash Table, Math, Counting"
EASY,Product Sales Analysis V,20.0,0.007088770328469499,https://leetcode.com/problems/product-sales-analysis-v,Database
MEDIUM,Time Needed to Rearrange a Binary String,20.0,0.005356541847446567,https://leetcode.com/problems/time-needed-to-rearrange-a-binary-string,"String, Dynamic Programming, Simulation"
MEDIUM,Valid Palindrome IV,20.0,0.007566727863296144,https://leetcode.com/problems/valid-palindrome-iv,"Two Pointers, String"
HARD,Minimum Money Required Before Transactions,20.0,0.004242676827816147,https://leetcode.com/problems/minimum-money-required-before-transactions,"Array, Greedy, Sorting"
MEDIUM,Employees With Deductions,20.0,0.0042889641014259555,https://leetcode.com/problems/employees-with-deductions,Database
MEDIUM,Sum of Number and Its Reverse,20.0,0.004988496660484255,https://leetcode.com/problems/sum-of-number-and-its-reverse,"Math, Enumeration"
MEDIUM,Merge Operations to Turn Array Into a Palindrome,20.0,0.006884052800570817,https://leetcode.com/problems/merge-operations-to-turn-array-into-a-palindrome,"Array, Two Pointers, Greedy"
EASY,Find the Pivot Integer,20.0,0.008373747500089056,https://leetcode.com/problems/find-the-pivot-integer,"Math, Prefix Sum"
MEDIUM,Longest Square Streak in an Array,20.0,0.005310452333875441,https://leetcode.com/problems/longest-square-streak-in-an-array,"Array, Hash Table, Binary Search, Dynamic Programming, Sorting"
MEDIUM,Find Xor-Beauty of Array,20.0,0.007126027671947063,https://leetcode.com/problems/find-xor-beauty-of-array,"Array, Math, Bit Manipulation"
HARD,Count the Number of K-Big Indices,20.0,0.005359007832898173,https://leetcode.com/problems/count-the-number-of-k-big-indices,"Array, Binary Search, Divide and Conquer, Binary Indexed Tree, Segment Tree, Merge Sort, Ordered Set"
EASY,Counter,20.0,0.008244042973540679,https://leetcode.com/problems/counter,
MEDIUM,Count the Number of K-Free Subsets,20.0,0.004740753694150564,https://leetcode.com/problems/count-the-number-of-k-free-subsets,"Array, Math, Dynamic Programming, Sorting, Combinatorics"
EASY,Filter Elements from Array,20.0,0.008553548063070803,https://leetcode.com/problems/filter-elements-from-array,
EASY,Return Length of Arguments Passed,20.0,0.009444651408725748,https://leetcode.com/problems/return-length-of-arguments-passed,
MEDIUM,Relocate Marbles,20.0,0.005187162614760234,https://leetcode.com/problems/relocate-marbles,"Array, Hash Table, Sorting, Simulation"
MEDIUM,Continuous Subarrays,20.0,0.0057985648992350865,https://leetcode.com/problems/continuous-subarrays,"Array, Queue, Sliding Window, Heap (Priority Queue), Ordered Set, Monotonic Queue"
MEDIUM,Double a Number Represented as a Linked List,20.0,0.006133444945191307,https://leetcode.com/problems/double-a-number-represented-as-a-linked-list,"Linked List, Math, Stack"
MEDIUM,Maximum Sum of Almost Unique Subarray,20.0,0.004162632574924085,https://leetcode.com/problems/maximum-sum-of-almost-unique-subarray,"Array, Hash Table, Sliding Window"
MEDIUM,Number of Unique Categories,20.0,0.008403076227097942,https://leetcode.com/problems/number-of-unique-categories,"Union-Find, Interactive, Counting"
EASY,Minimum Right Shifts to Sort the Array,20.0,0.005767105434640949,https://leetcode.com/problems/minimum-right-shifts-to-sort-the-array,Array
MEDIUM,Maximal Range That Each Element Is Maximum in It,20.0,0.007537322069204955,https://leetcode.com/problems/maximal-range-that-each-element-is-maximum-in-it,"Array, Stack, Monotonic Stack"
HARD,Subarrays Distinct Element Sum of Squares II,20.0,0.002332585110362888,https://leetcode.com/problems/subarrays-distinct-element-sum-of-squares-ii,"Array, Hash Table, Binary Indexed Tree, Segment Tree"
MEDIUM,Maximum Linear Stock Score,20.0,0.006199230440359128,https://leetcode.com/problems/maximum-linear-stock-score,"Array, Hash Table"
HARD,Maximum Balanced Subsequence Sum,20.0,0.002612625368731563,https://leetcode.com/problems/maximum-balanced-subsequence-sum,"Array, Binary Search, Dynamic Programming, Binary Indexed Tree, Segment Tree"
EASY,Distribute Candies Among Children I,20.0,0.007674967686342094,https://leetcode.com/problems/distribute-candies-among-children-i,"Math, Combinatorics, Enumeration"
EASY,Make Three Strings Equal,20.0,0.004536124662122143,https://leetcode.com/problems/make-three-strings-equal,String
HARD,Count Beautiful Substrings II,20.0,0.0027468832281191515,https://leetcode.com/problems/count-beautiful-substrings-ii,"Hash Table, Math, String, Number Theory, Prefix Sum"
HARD,Distribute Candies Among Children III,20.0,0.005696038504257682,https://leetcode.com/problems/distribute-candies-among-children-iii,"Math, Combinatorics"
EASY,Count Numbers With Unique Digits II,20.0,0.008733615847048388,https://leetcode.com/problems/count-numbers-with-unique-digits-ii,"Hash Table, Math, Dynamic Programming"
HARD,Find the Number of Subarrays Where Boundary Elements Are Maximum,20.0,0.0034097208581592786,https://leetcode.com/problems/find-the-number-of-subarrays-where-boundary-elements-are-maximum,"Array, Binary Search, Stack, Monotonic Stack"
MEDIUM,Count the Number of Special Characters II,20.0,0.006049927254319607,https://leetcode.com/problems/count-the-number-of-special-characters-ii,"Hash Table, String"
EASY,Minimum Average of Smallest and Largest Elements,20.0,0.008511749157662368,https://leetcode.com/problems/minimum-average-of-smallest-and-largest-elements,"Array, Two Pointers, Sorting"
EASY,Count Triplets with Even XOR Set Bits I,20.0,0.00830788278992984,https://leetcode.com/problems/count-triplets-with-even-xor-set-bits-i,"Array, Bit Manipulation"
MEDIUM,Count Triplets with Even XOR Set Bits II,20.0,0.0062019914651493604,https://leetcode.com/problems/count-triplets-with-even-xor-set-bits-ii,"Array, Bit Manipulation"
EASY,Primary Department for Each Employee,20.0,0.007514216472937537,https://leetcode.com/problems/primary-department-for-each-employee,Database
MEDIUM,Find the Length of the Longest Common Prefix,20.0,0.006226097083965104,https://leetcode.com/problems/find-the-length-of-the-longest-common-prefix,"Array, Hash Table, String, Trie"
MEDIUM,Last Stone Weight II,20.0,0.006056559632271776,https://leetcode.com/problems/last-stone-weight-ii,"Array, Dynamic Programming, Knapsack Problem, 0-1 Knapsack"
HARD,Parallel Courses III,20.0,0.006681134524149296,https://leetcode.com/problems/parallel-courses-iii,"Array, Dynamic Programming, Graph Theory, Topological Sort, Directed Acyclic Graph"
HARD,Maximum Performance of a Team,20.0,0.004808088592537988,https://leetcode.com/problems/maximum-performance-of-a-team,"Array, Greedy, Sorting, Heap (Priority Queue)"
MEDIUM,Course Schedule IV,20.0,0.006018935561354189,https://leetcode.com/problems/course-schedule-iv,"Depth-First Search, Breadth-First Search, Graph Theory, Topological Sort"
EASY,Clear Digits,20.0,0.008269974682970757,https://leetcode.com/problems/clear-digits,"String, Stack, Simulation"
MEDIUM,Separate Squares I,20.0,0.0057950924796339245,https://leetcode.com/problems/separate-squares-i,"Array, Binary Search"
MEDIUM,Lexicographically Minimum String After Removing Stars,20.0,0.005086538421213761,https://leetcode.com/problems/lexicographically-minimum-string-after-removing-stars,"Hash Table, String, Stack, Greedy, Heap (Priority Queue)"
MEDIUM,Insertion Sort List,20.0,0.005993748381049069,https://leetcode.com/problems/insertion-sort-list,"Linked List, Sorting"
EASY,Count Subarrays of Length Three With a Condition,20.0,0.006135714371092863,https://leetcode.com/problems/count-subarrays-of-length-three-with-a-condition,Array
MEDIUM,Find the Maximum Length of Valid Subsequence I,20.0,0.0054904631110227,https://leetcode.com/problems/find-the-maximum-length-of-valid-subsequence-i,"Array, Dynamic Programming"
EASY,Fix Names in a Table,20.0,0.0060643423200204515,https://leetcode.com/problems/fix-names-in-a-table,Database
HARD,Maximize Subarrays After Removing One Conflicting Pair,20.0,0.006407459496572574,https://leetcode.com/problems/maximize-subarrays-after-removing-one-conflicting-pair,"Array, Segment Tree, Enumeration, Prefix Sum"
MEDIUM,Soup Servings,20.0,0.005956819268119236,https://leetcode.com/problems/soup-servings,"Math, Dynamic Programming, Probability and Statistics"
HARD,Threshold Majority Queries,20.0,0.00220249835634451,https://leetcode.com/problems/threshold-majority-queries,"Array, Hash Table, Binary Search, Divide and Conquer, Counting, Prefix Sum"
MEDIUM,New 21 Game,20.0,0.005194928271357199,https://leetcode.com/problems/new-21-game,"Math, Dynamic Programming, Sliding Window, Probability and Statistics"
HARD,Find the Minimum Area to Cover All Ones II,20.0,0.006316933240611961,https://leetcode.com/problems/find-the-minimum-area-to-cover-all-ones-ii,"Array, Matrix, Enumeration"
MEDIUM,Minimum Sensors to Cover Grid,20.0,0.006888077581289218,https://leetcode.com/problems/minimum-sensors-to-cover-grid,Math
MEDIUM,Maximum Calories Burnt from Jumps,20.0,0.0072254335260115606,https://leetcode.com/problems/maximum-calories-burnt-from-jumps,"Array, Two Pointers, Greedy, Sorting"
MEDIUM,Maximize Points After Choosing K Tasks,20.0,0.005918004760148838,https://leetcode.com/problems/maximize-points-after-choosing-k-tasks,"Array, Greedy, Sorting, Heap (Priority Queue)"
MEDIUM,Maximum Score After Binary Swaps,20.0,0.003559984187149734,https://leetcode.com/problems/maximum-score-after-binary-swaps,"Array, String, Greedy, Heap (Priority Queue)"
EASY,Reverse String Prefix,20.0,0.008951322327673504,https://leetcode.com/problems/reverse-string-prefix,"Two Pointers, String"
HARD,Minimum Cost to Partition a Binary String,20.0,0.005274302639140621,https://leetcode.com/problems/minimum-cost-to-partition-a-binary-string,"String, Divide and Conquer, Prefix Sum"
MEDIUM,Maximum Total Value of Covered Indices,20.0,0.002865085248332098,https://leetcode.com/problems/maximum-total-value-of-covered-indices,"Array, String, Dynamic Programming, Greedy"
MEDIUM,Maximum Subarray Sum After Multiplier,20.0,0.0025862632869991823,https://leetcode.com/problems/maximum-subarray-sum-after-multiplier,"Array, Dynamic Programming"
MEDIUM,Maximum Gap,18.0,0.005282377717469592,https://leetcode.com/problems/maximum-gap,"Array, Sorting, Bucket Sort, Radix Sort, Pigeonhole Principle"
EASY,Valid Phone Numbers,18.0,0.003057071960297767,https://leetcode.com/problems/valid-phone-numbers,Shell
MEDIUM,Ugly Number II,18.0,0.004976054658371717,https://leetcode.com/problems/ugly-number-ii,"Hash Table, Math, Dynamic Programming, Heap (Priority Queue)"
MEDIUM,Best Time to Buy and Sell Stock with Cooldown,18.0,0.006260459989362005,https://leetcode.com/problems/best-time-to-buy-and-sell-stock-with-cooldown,"Array, Dynamic Programming"
MEDIUM,Longest Substring with At Most K Distinct Characters,18.0,0.005009976527276198,https://leetcode.com/problems/longest-substring-with-at-most-k-distinct-characters,"Hash Table, String, Sliding Window"
MEDIUM,Elimination Game,18.0,0.004661094428710164,https://leetcode.com/problems/elimination-game,"Math, Recursion"
EASY,Sum of Left Leaves,18.0,0.006303052744742631,https://leetcode.com/problems/sum-of-left-leaves,"Tree, Depth-First Search, Breadth-First Search, Binary Tree"
MEDIUM,Add Two Numbers II,18.0,0.006294712318770681,https://leetcode.com/problems/add-two-numbers-ii,"Linked List, Math, Stack"
MEDIUM,Can I Win,18.0,0.003167749152408736,https://leetcode.com/problems/can-i-win,"Math, Dynamic Programming, Bit Manipulation, Memoization, Game Theory, Bitmask"
EASY,Perfect Number,18.0,0.004987650001995722,https://leetcode.com/problems/perfect-number,Math
MEDIUM,Find Largest Value in Each Tree Row,18.0,0.006636996093105839,https://leetcode.com/problems/find-largest-value-in-each-tree-row,"Tree, Depth-First Search, Breadth-First Search, Binary Tree"
MEDIUM,Minimum Time Difference,18.0,0.006268158846292107,https://leetcode.com/problems/minimum-time-difference,"Array, Math, String, Sorting"
HARD,Find the Closest Palindrome,18.0,0.0032072232076547284,https://leetcode.com/problems/find-the-closest-palindrome,"Math, String"
HARD,Human Traffic of Stadium,18.0,0.00519733575927372,https://leetcode.com/problems/human-traffic-of-stadium,Database
EASY,Not Boring Movies,18.0,0.007517524961856526,https://leetcode.com/problems/not-boring-movies,Database
MEDIUM,Trim a Binary Search Tree,18.0,0.006681249119511622,https://leetcode.com/problems/trim-a-binary-search-tree,"Tree, Depth-First Search, Binary Search Tree, Binary Tree"
MEDIUM,K-th Symbol in Grammar,18.0,0.004861164506278063,https://leetcode.com/problems/k-th-symbol-in-grammar,"Math, Bit Manipulation, Recursion"
MEDIUM,Hand of Straights,18.0,0.005832125756048388,https://leetcode.com/problems/hand-of-straights,"Array, Hash Table, Greedy, Sorting"
HARD,Minimum Cost to Hire K Workers,18.0,0.006374139864862243,https://leetcode.com/problems/minimum-cost-to-hire-k-workers,"Array, Greedy, Sorting, Heap (Priority Queue)"
MEDIUM,Reordered Power of 2,18.0,0.006587170819010823,https://leetcode.com/problems/reordered-power-of-2,"Hash Table, Math, Sorting, Counting, Enumeration"
MEDIUM,Walking Robot Simulation,18.0,0.006462692714199941,https://leetcode.com/problems/walking-robot-simulation,"Array, Hash Table, Simulation"
EASY,Sort Array By Parity,18.0,0.007662634676739944,https://leetcode.com/problems/sort-array-by-parity,"Array, Two Pointers, Sorting"
EASY,Valid Mountain Array,18.0,0.003567316120200975,https://leetcode.com/problems/valid-mountain-array,Array
EASY,Find the Town Judge,18.0,0.005104586661398026,https://leetcode.com/problems/find-the-town-judge,"Array, Hash Table, Graph Theory"
MEDIUM,Next Greater Node In Linked List,18.0,0.006468843623031779,https://leetcode.com/problems/next-greater-node-in-linked-list,"Array, Linked List, Stack, Monotonic Stack"
MEDIUM,As Far from Land as Possible,18.0,0.005249007676873418,https://leetcode.com/problems/as-far-from-land-as-possible,"Array, Dynamic Programming, Breadth-First Search, Matrix"
MEDIUM,Robot Bounded In Circle,18.0,0.0056610161200576405,https://leetcode.com/problems/robot-bounded-in-circle,"Math, String, Simulation"
EASY,Game Play Analysis I,18.0,0.007660476902085633,https://leetcode.com/problems/game-play-analysis-i,Database
MEDIUM,Longest Happy String,18.0,0.006553809440661196,https://leetcode.com/problems/longest-happy-string,"String, Greedy, Heap (Priority Queue)"
MEDIUM,Minimum Remove to Make Valid Parentheses,18.0,0.007157017200560305,https://leetcode.com/problems/minimum-remove-to-make-valid-parentheses,"String, Stack"
EASY,Find the Difference of Two Arrays,18.0,0.00815941208098376,https://leetcode.com/problems/find-the-difference-of-two-arrays,"Array, Hash Table"
EASY,Find Winner on a Tic Tac Toe Game,18.0,0.005468755392545972,https://leetcode.com/problems/find-winner-on-a-tic-tac-toe-game,"Array, Hash Table, Matrix, Simulation"
MEDIUM,Maximum Product of Splitted Binary Tree,18.0,0.005577096263585372,https://leetcode.com/problems/maximum-product-of-splitted-binary-tree,"Tree, Depth-First Search, Binary Tree"
HARD,Cherry Pickup II,18.0,0.007259967663146307,https://leetcode.com/problems/cherry-pickup-ii,"Array, Dynamic Programming, Matrix"
MEDIUM,Buildings With an Ocean View,18.0,0.008087319988091025,https://leetcode.com/problems/buildings-with-an-ocean-view,"Array, Stack, Monotonic Stack"
MEDIUM,Find the Winner of the Circular Game,18.0,0.008232440871256711,https://leetcode.com/problems/find-the-winner-of-the-circular-game,"Array, Math, Recursion, Queue, Simulation"
MEDIUM,Detonate the Maximum Bombs,18.0,0.005037907129543962,https://leetcode.com/problems/detonate-the-maximum-bombs,"Array, Math, Depth-First Search, Breadth-First Search, Graph Theory, Geometry"
MEDIUM,Create Binary Tree From Descriptions,18.0,0.008391448766100243,https://leetcode.com/problems/create-binary-tree-from-descriptions,"Array, Hash Table, Tree, Binary Tree"
MEDIUM,Longest Nice Subarray,18.0,0.006478402219458255,https://leetcode.com/problems/longest-nice-subarray,"Array, Bit Manipulation, Sliding Window"
EASY,Smallest Even Multiple,18.0,0.008853427310642325,https://leetcode.com/problems/smallest-even-multiple,"Math, Number Theory"
EASY,Apply Operations to an Array,18.0,0.007475099744914645,https://leetcode.com/problems/apply-operations-to-an-array,"Array, Two Pointers, Simulation"
MEDIUM,Minimize the Maximum Difference of Pairs,18.0,0.005103456200153792,https://leetcode.com/problems/minimize-the-maximum-difference-of-pairs,"Array, Binary Search, Dynamic Programming, Greedy, Sorting"
EASY,Find the Maximum Achievable Number,18.0,0.009163835820128209,https://leetcode.com/problems/find-the-maximum-achievable-number,Math
MEDIUM,Nth Digit,18.0,0.0038774679532404942,https://leetcode.com/problems/nth-digit,"Math, Binary Search"
MEDIUM,Minimum Fuel Cost to Report to the Capital,18.0,0.006537155258670499,https://leetcode.com/problems/minimum-fuel-cost-to-report-to-the-capital,"Tree, Depth-First Search, Breadth-First Search, Graph Theory"
MEDIUM,Delete Nodes From Linked List Present in Array,18.0,0.006925587806388462,https://leetcode.com/problems/delete-nodes-from-linked-list-present-in-array,"Array, Hash Table, Linked List"
MEDIUM,Lexicographically Smallest String After Applying Operations,18.0,0.007925946068434171,https://leetcode.com/problems/lexicographically-smallest-string-after-applying-operations,"String, Depth-First Search, Breadth-First Search, Enumeration"
MEDIUM,String Compression III,18.0,0.00671457265886369,https://leetcode.com/problems/string-compression-iii,String
MEDIUM,Most Beautiful Item for Each Query,18.0,0.0062047249980145104,https://leetcode.com/problems/most-beautiful-item-for-each-query,"Array, Binary Search, Sorting"
MEDIUM,Number of Sub-arrays of Size K and Average Greater than or Equal to Threshold,18.0,0.00739060841267689,https://leetcode.com/problems/number-of-sub-arrays-of-size-k-and-average-greater-than-or-equal-to-threshold,"Array, Sliding Window"
MEDIUM,Jump Game VII,18.0,0.0035644339620403043,https://leetcode.com/problems/jump-game-vii,"String, Dynamic Programming, Sliding Window, Prefix Sum"
MEDIUM,Largest 1-Bordered Square,18.0,0.005245349437077049,https://leetcode.com/problems/largest-1-bordered-square,"Array, Dynamic Programming, Matrix"
HARD,Special Binary String,18.0,0.007943526160104965,https://leetcode.com/problems/special-binary-string,"String, Divide and Conquer, Sorting"
EASY,Nim Game,18.0,0.00603289314384697,https://leetcode.com/problems/nim-game,"Math, Brainteaser, Minimax, Game Theory, Nim Game, Impartial Game"
MEDIUM,Count Vowel Strings in Ranges,18.0,0.006788224525156103,https://leetcode.com/problems/count-vowel-strings-in-ranges,"Array, String, Prefix Sum"
MEDIUM,Map of Highest Peak,18.0,0.007617775825987981,https://leetcode.com/problems/map-of-highest-peak,"Array, Breadth-First Search, Matrix"
MEDIUM,Even Odd Tree,18.0,0.006727417866309188,https://leetcode.com/problems/even-odd-tree,"Tree, Breadth-First Search, Binary Tree"
MEDIUM,Maximum Absolute Sum of Any Subarray,18.0,0.007075572805555461,https://leetcode.com/problems/maximum-absolute-sum-of-any-subarray,"Array, Dynamic Programming"
EASY,Robot Return to Origin,18.0,0.007817577088510962,https://leetcode.com/problems/robot-return-to-origin,"String, Simulation"
MEDIUM,Detect Cycles in 2D Grid,18.0,0.006350740425090092,https://leetcode.com/problems/detect-cycles-in-2d-grid,"Array, Depth-First Search, Breadth-First Search, Union-Find, Matrix"
MEDIUM,Possible Bipartition,18.0,0.005296211640779321,https://leetcode.com/problems/possible-bipartition,"Depth-First Search, Breadth-First Search, Union-Find, Graph Theory, Graph Coloring, Bipartite Graph"
MEDIUM,Greatest Sum Divisible by Three,18.0,0.005700152438509145,https://leetcode.com/problems/greatest-sum-divisible-by-three,"Array, Dynamic Programming, Greedy, Sorting"
EASY,Unique 3-Digit Even Numbers,18.0,0.007041717928643328,https://leetcode.com/problems/unique-3-digit-even-numbers,"Array, Hash Table, Recursion, Enumeration"
HARD,Maximum Number of Tasks You Can Assign,18.0,0.004995149448644429,https://leetcode.com/problems/maximum-number-of-tasks-you-can-assign,"Array, Two Pointers, Binary Search, Greedy, Queue, Sorting, Monotonic Queue"
MEDIUM,Minimum Equal Sum of Two Arrays After Replacing Zeros,18.0,0.005007325014495637,https://leetcode.com/problems/minimum-equal-sum-of-two-arrays-after-replacing-zeros,"Array, Greedy"
MEDIUM,Total Characters in String After Transformations I,18.0,0.004564891512641405,https://leetcode.com/problems/total-characters-in-string-after-transformations-i,"Hash Table, Math, String, Dynamic Programming, Counting"
MEDIUM,Lexicographically Smallest Equivalent String,18.0,0.008108210630959803,https://leetcode.com/problems/lexicographically-smallest-equivalent-string,"String, Union-Find"
EASY,Find All K-Distant Indices in an Array,18.0,0.007721978350875443,https://leetcode.com/problems/find-all-k-distant-indices-in-an-array,"Array, Two Pointers"
HARD,Kth Smallest Product of Two Sorted Arrays,18.0,0.004871780227311669,https://leetcode.com/problems/kth-smallest-product-of-two-sorted-arrays,"Array, Binary Search"
HARD,Minimum Cost to Reach Destination in Time,18.0,0.004223397549541031,https://leetcode.com/problems/minimum-cost-to-reach-destination-in-time,"Array, Dynamic Programming, Graph Theory, Dijkstra's Algorithm"
MEDIUM,Reschedule Meetings for Maximum Free Time I,18.0,0.00538588152794281,https://leetcode.com/problems/reschedule-meetings-for-maximum-free-time-i,"Array, Greedy, Sliding Window"
HARD,Cherry Pickup,18.0,0.004027049213150202,https://leetcode.com/problems/cherry-pickup,"Array, Dynamic Programming, Matrix"
EASY,Fruits Into Baskets II,18.0,0.007037808226598817,https://leetcode.com/problems/fruits-into-baskets-ii,"Array, Binary Search, Segment Tree, Simulation, Ordered Set"
MEDIUM,Rotating the Box,18.0,0.008246575676185952,https://leetcode.com/problems/rotating-the-box,"Array, Two Pointers, Matrix"
MEDIUM,Vowel Spellchecker,18.0,0.006145180774872724,https://leetcode.com/problems/vowel-spellchecker,"Array, Hash Table, String"
MEDIUM,Design Task Manager,18.0,0.00487328504314298,https://leetcode.com/problems/design-task-manager,"Hash Table, Design, Heap (Priority Queue), Ordered Set"
MEDIUM,Lexicographically Smallest Permutation Greater Than Target,18.0,0.0026986941802353698,https://leetcode.com/problems/lexicographically-smallest-permutation-greater-than-target,"Hash Table, String, Greedy, Counting, Enumeration"
EASY,Transformed Array,18.0,0.007043360529599062,https://leetcode.com/problems/transformed-array,"Array, Simulation"
MEDIUM,Longest Balanced Substring I,18.0,0.0069660966096609656,https://leetcode.com/problems/longest-balanced-substring-i,"Hash Table, String, Counting, Enumeration"
MEDIUM,Champagne Tower,18.0,0.006397996971468838,https://leetcode.com/problems/champagne-tower,Dynamic Programming
HARD,Minimum Initial Energy to Finish Tasks,18.0,0.007651235631973123,https://leetcode.com/problems/minimum-initial-energy-to-finish-tasks,"Array, Greedy, Sorting"
MEDIUM,Total Waviness of Numbers in Range I,18.0,0.008742269511130121,https://leetcode.com/problems/total-waviness-of-numbers-in-range-i,"Math, Dynamic Programming, Enumeration"
HARD,Number of ZigZag Arrays I,18.0,0.005035740595791704,https://leetcode.com/problems/number-of-zigzag-arrays-i,"Dynamic Programming, Prefix Sum"
MEDIUM,Maximize Active Section with Trade I,18.0,0.006095574569079963,https://leetcode.com/problems/maximize-active-section-with-trade-i,"String, Enumeration"
MEDIUM,Fraction to Recurring Decimal,15.7,0.003125646169083763,https://leetcode.com/problems/fraction-to-recurring-decimal,"Hash Table, Math, String"
MEDIUM,Bitwise AND of Numbers Range,15.7,0.004902135475958708,https://leetcode.com/problems/bitwise-and-of-numbers-range,Bit Manipulation
MEDIUM,Count Complete Tree Nodes,15.7,0.00728742936732983,https://leetcode.com/problems/count-complete-tree-nodes,"Binary Search, Bit Manipulation, Tree, Binary Tree"
EASY,Shortest Word Distance,15.7,0.00663811254593344,https://leetcode.com/problems/shortest-word-distance,"Array, String"
HARD,Remove Invalid Parentheses,15.7,0.0050095193761911395,https://leetcode.com/problems/remove-invalid-parentheses,"String, Backtracking, Breadth-First Search"
HARD,Shortest Distance from All Buildings,15.7,0.004497978696228657,https://leetcode.com/problems/shortest-distance-from-all-buildings,"Array, Breadth-First Search, Matrix"
EASY,Guess Number Higher or Lower,15.7,0.005813554892194176,https://leetcode.com/problems/guess-number-higher-or-lower,"Binary Search, Interactive"
HARD,Optimal Account Balancing,15.7,0.005061682275094789,https://leetcode.com/problems/optimal-account-balancing,"Array, Dynamic Programming, Backtracking, Bit Manipulation, Bitmask"
MEDIUM,Brick Wall,15.7,0.005606338317751051,https://leetcode.com/problems/brick-wall,"Array, Hash Table"
MEDIUM,Shortest Unsorted Continuous Subarray,15.7,0.0038532378982287334,https://leetcode.com/problems/shortest-unsorted-continuous-subarray,"Array, Two Pointers, Stack, Greedy, Sorting, Monotonic Stack"
MEDIUM,Investments in 2016,15.7,0.00516540772318201,https://leetcode.com/problems/investments-in-2016,Database
MEDIUM,Friend Requests II: Who Has the Most Friends,15.7,0.006340372060631854,https://leetcode.com/problems/friend-requests-ii-who-has-the-most-friends,Database
MEDIUM,Dota2 Senate,15.7,0.0050374878238367456,https://leetcode.com/problems/dota2-senate,"String, Greedy, Queue"
MEDIUM,Number of Longest Increasing Subsequence,15.7,0.005256556028467663,https://leetcode.com/problems/number-of-longest-increasing-subsequence,"Array, Dynamic Programming, Binary Indexed Tree, Segment Tree, Longest Increasing Subsequence"
EASY,Find Smallest Letter Greater Than Target,15.7,0.0059536884477103934,https://leetcode.com/problems/find-smallest-letter-greater-than-target,"Array, Binary Search"
HARD,Employee Free Time,15.7,0.007297710892093974,https://leetcode.com/problems/employee-free-time,"Array, Sweep Line, Sorting, Heap (Priority Queue)"
MEDIUM,Number of Matching Subsequences,15.7,0.00505841173784991,https://leetcode.com/problems/number-of-matching-subsequences,"Array, Hash Table, String, Binary Search, Dynamic Programming, Trie, Sorting"
EASY,Fair Candy Swap,15.7,0.006547618616934682,https://leetcode.com/problems/fair-candy-swap,"Array, Hash Table, Binary Search, Sorting"
EASY,Monotonic Array,15.7,0.006258801049190645,https://leetcode.com/problems/monotonic-array,Array
MEDIUM,Reveal Cards In Increasing Order,15.7,0.008377735668042228,https://leetcode.com/problems/reveal-cards-in-increasing-order,"Array, Queue, Sorting, Simulation"
EASY,Verifying an Alien Dictionary,15.7,0.0056098965850558125,https://leetcode.com/problems/verifying-an-alien-dictionary,"Array, Hash Table, String"
EASY,Cousins in Binary Tree,15.7,0.005967065744573614,https://leetcode.com/problems/cousins-in-binary-tree,"Tree, Depth-First Search, Breadth-First Search, Binary Tree"
MEDIUM,Maximum Level Sum of a Binary Tree,15.7,0.007003073552809869,https://leetcode.com/problems/maximum-level-sum-of-a-binary-tree,"Tree, Depth-First Search, Breadth-First Search, Binary Tree"
MEDIUM,Partition Array for Maximum Sum,15.7,0.007754188302945073,https://leetcode.com/problems/partition-array-for-maximum-sum,"Array, Dynamic Programming"
MEDIUM,Minimum Knight Moves,15.7,0.0042057017082814,https://leetcode.com/problems/minimum-knight-moves,"Breadth-First Search, Heuristic Search, Bidirectional Search, A* Search"
EASY,Project Employees I,15.7,0.006719136345203531,https://leetcode.com/problems/project-employees-i,Database
EASY,Defanging an IP Address,15.7,0.009013096205380799,https://leetcode.com/problems/defanging-an-ip-address,String
MEDIUM,Invalid Transactions,15.7,0.00324993920316526,https://leetcode.com/problems/invalid-transactions,"Array, Hash Table, String, Sorting"
MEDIUM,Last Person to Fit in the Bus,15.7,0.006973425013244588,https://leetcode.com/problems/last-person-to-fit-in-the-bus,Database
EASY,Find Resultant Array After Removing Anagrams,15.7,0.006995591315970942,https://leetcode.com/problems/find-resultant-array-after-removing-anagrams,"Array, Hash Table, String, Sorting"
HARD,Minimum Insertion Steps to Make a String Palindrome,15.7,0.007436534204428259,https://leetcode.com/problems/minimum-insertion-steps-to-make-a-string-palindrome,"String, Dynamic Programming"
HARD,Jump Game IV,15.7,0.005107244885581753,https://leetcode.com/problems/jump-game-iv,"Array, Hash Table, Breadth-First Search"
MEDIUM,Design a Stack With Increment Operation,15.7,0.007991422380868878,https://leetcode.com/problems/design-a-stack-with-increment-operation,"Array, Stack, Design"
MEDIUM,Count Good Nodes in Binary Tree,15.7,0.007394925376939674,https://leetcode.com/problems/count-good-nodes-in-binary-tree,"Tree, Depth-First Search, Breadth-First Search, Binary Tree"
MEDIUM,Find Kth Bit in Nth Binary String,15.7,0.00737183263075402,https://leetcode.com/problems/find-kth-bit-in-nth-binary-string,"String, Recursion, Simulation"
MEDIUM,Maximum Length of Subarray With Positive Product,15.7,0.0044772240243782565,https://leetcode.com/problems/maximum-length-of-subarray-with-positive-product,"Array, Dynamic Programming, Greedy"
EASY,Sort Array by Increasing Frequency,15.7,0.008100700402614657,https://leetcode.com/problems/sort-array-by-increasing-frequency,"Array, Hash Table, Sorting"
MEDIUM,Sum of Absolute Differences in a Sorted Array,15.7,0.006856161181975453,https://leetcode.com/problems/sum-of-absolute-differences-in-a-sorted-array,"Array, Math, Prefix Sum"
EASY,Richest Customer Wealth,15.7,0.008880475611588423,https://leetcode.com/problems/richest-customer-wealth,"Array, Matrix"
HARD,Maximum Number of Events That Can Be Attended II,15.7,0.0063395376362560376,https://leetcode.com/problems/maximum-number-of-events-that-can-be-attended-ii,"Array, Binary Search, Dynamic Programming, Sorting"
EASY,Maximum Population Year,15.7,0.006452171862423934,https://leetcode.com/problems/maximum-population-year,"Array, Counting, Prefix Sum"
MEDIUM,Minimum Number of Swaps to Make the String Balanced,15.7,0.007804353942571986,https://leetcode.com/problems/minimum-number-of-swaps-to-make-the-string-balanced,"Two Pointers, String, Stack, Greedy, Bracket Sequences"
EASY,Final Value of Variable After Performing Operations,15.7,0.00906012341880387,https://leetcode.com/problems/final-value-of-variable-after-performing-operations,"Array, String, Simulation"
MEDIUM,Step-By-Step Directions From a Binary Tree Node to Another,15.7,0.005646672535740116,https://leetcode.com/problems/step-by-step-directions-from-a-binary-tree-node-to-another,"String, Tree, Depth-First Search, Binary Tree, Binary Lifting, Lowest Common Ancestor"
MEDIUM,Check if a Parentheses String Can Be Valid,15.7,0.004524703571377735,https://leetcode.com/problems/check-if-a-parentheses-string-can-be-valid,"String, Stack, Greedy, Bracket Sequences"
MEDIUM,Solving Questions With Brainpower,15.7,0.0060201413548600724,https://leetcode.com/problems/solving-questions-with-brainpower,"Array, Dynamic Programming"
EASY,Root Equals Sum of Children,15.7,0.00851322262153852,https://leetcode.com/problems/root-equals-sum-of-children,"Tree, Binary Tree"
EASY,Number of Unique Subjects Taught by Each Teacher,15.7,0.008926144065815919,https://leetcode.com/problems/number-of-unique-subjects-taught-by-each-teacher,Database
EASY,Score of a String,15.7,0.009120980552097197,https://leetcode.com/problems/score-of-a-string,String
EASY,Split a String in Balanced Strings,15.7,0.008757073208936228,https://leetcode.com/problems/split-a-string-in-balanced-strings,"String, Greedy, Counting"
MEDIUM,Minimum Operations to Make Binary Array Elements Equal to One I,15.7,0.008026143061676056,https://leetcode.com/problems/minimum-operations-to-make-binary-array-elements-equal-to-one-i,"Array, Bit Manipulation, Queue, Sliding Window, Prefix Sum"
EASY,Add to Array-Form of Integer,15.7,0.004566212698707818,https://leetcode.com/problems/add-to-array-form-of-integer,"Array, Math"
MEDIUM,Valid Tic-Tac-Toe State,15.7,0.00349767381103106,https://leetcode.com/problems/valid-tic-tac-toe-state,"Array, Matrix"
HARD,K-th Smallest in Lexicographical Order,15.7,0.004649799519493933,https://leetcode.com/problems/k-th-smallest-in-lexicographical-order,Trie
MEDIUM,Check if Number is a Sum of Powers of Three,15.7,0.007939968723929084,https://leetcode.com/problems/check-if-number-is-a-sum-of-powers-of-three,Math
HARD,Maximum Sum of 3 Non-Overlapping Subarrays,15.7,0.005999105525447425,https://leetcode.com/problems/maximum-sum-of-3-non-overlapping-subarrays,"Array, Dynamic Programming, Sliding Window, Prefix Sum"
MEDIUM,Word Subsets,15.7,0.005599059283518246,https://leetcode.com/problems/word-subsets,"Array, Hash Table, String"
MEDIUM,Make Lexicographically Smallest Array by Swapping Elements,15.7,0.006013827430412206,https://leetcode.com/problems/make-lexicographically-smallest-array-by-swapping-elements,"Array, Union-Find, Sorting"
MEDIUM,Maximum Subarray Min-Product,15.7,0.00407933850090307,https://leetcode.com/problems/maximum-subarray-min-product,"Array, Stack, Monotonic Stack, Prefix Sum, Cartesian Tree"
MEDIUM,Maximum Tastiness of Candy Basket,15.7,0.00686797664636826,https://leetcode.com/problems/maximum-tastiness-of-candy-basket,"Array, Binary Search, Greedy, Sorting"
MEDIUM,Design Snake Game,15.7,0.0040080569587407555,https://leetcode.com/problems/design-snake-game,"Array, Hash Table, Design, Queue, Simulation"
MEDIUM,The k-th Lexicographical String of All Happy Strings of Length n,15.7,0.008707946304582628,https://leetcode.com/problems/the-k-th-lexicographical-string-of-all-happy-strings-of-length-n,"String, Backtracking"
MEDIUM,Number of Sub-arrays With Odd Sum,15.7,0.005561008432411077,https://leetcode.com/problems/number-of-sub-arrays-with-odd-sum,"Array, Math, Dynamic Programming, Prefix Sum"
HARD,Separate Squares II,15.7,0.00592262907183756,https://leetcode.com/problems/separate-squares-ii,"Array, Binary Search, Segment Tree, Sweep Line"
MEDIUM,Length of Longest Fibonacci Subsequence,15.7,0.005757466757083468,https://leetcode.com/problems/length-of-longest-fibonacci-subsequence,"Array, Hash Table, Dynamic Programming"
MEDIUM,Minimum Domino Rotations For Equal Row,15.7,0.005649733676146684,https://leetcode.com/problems/minimum-domino-rotations-for-equal-row,"Array, Greedy"
MEDIUM,Zero Array Transformation I,15.7,0.005452852137781401,https://leetcode.com/problems/zero-array-transformation-i,"Array, Prefix Sum"
EASY,Maximum Difference Between Even and Odd Frequency I,15.7,0.006075554987094849,https://leetcode.com/problems/maximum-difference-between-even-and-odd-frequency-i,"Hash Table, String, Counting"
EASY,Maximum Difference Between Increasing Elements,15.7,0.006665387201054339,https://leetcode.com/problems/maximum-difference-between-increasing-elements,Array
MEDIUM,Minimum Time to Complete Trips,15.7,0.003998049803152006,https://leetcode.com/problems/minimum-time-to-complete-trips,"Array, Binary Search"
MEDIUM,Maximum Balanced Shipments,15.7,0.006157107712539821,https://leetcode.com/problems/maximum-balanced-shipments,"Array, Dynamic Programming, Stack, Greedy, Monotonic Stack"
MEDIUM,Range Product Queries of Powers,15.7,0.006120184318642893,https://leetcode.com/problems/range-product-queries-of-powers,"Array, Bit Manipulation, Prefix Sum"
MEDIUM,Ways to Express an Integer as Sum of Powers,15.7,0.0049796967721169,https://leetcode.com/problems/ways-to-express-an-integer-as-sum-of-powers,Dynamic Programming
MEDIUM,Find the Minimum Area to Cover All Ones I,15.7,0.0077978730296831755,https://leetcode.com/problems/find-the-minimum-area-to-cover-all-ones-i,"Array, Matrix"
MEDIUM,Number of People Aware of a Secret,15.7,0.006061813760697001,https://leetcode.com/problems/number-of-people-aware-of-a-secret,"Dynamic Programming, Queue, Simulation"
EASY,Find Target Indices After Sorting Array,15.7,0.007828295093954914,https://leetcode.com/problems/find-target-indices-after-sorting-array,"Array, Binary Search, Sorting"
MEDIUM,Maximum Total Damage With Spell Casting,15.7,0.004500686103701876,https://leetcode.com/problems/maximum-total-damage-with-spell-casting,"Array, Hash Table, Two Pointers, Binary Search, Dynamic Programming, Sorting, Counting"
MEDIUM,Maximum Subarray Sum With Length Divisible by K,15.7,0.004956039308648571,https://leetcode.com/problems/maximum-subarray-sum-with-length-divisible-by-k,"Array, Hash Table, Prefix Sum"
MEDIUM,Minimum Penalty for a Shop,15.7,0.007124242675740724,https://leetcode.com/problems/minimum-penalty-for-a-shop,"String, Prefix Sum"
MEDIUM,Ones and Zeroes,15.7,0.005368299056589846,https://leetcode.com/problems/ones-and-zeroes,"Array, String, Dynamic Programming, Knapsack Problem, 0-1 Knapsack"
HARD,Minimum Pair Removal to Sort Array II,15.7,0.003881132989025178,https://leetcode.com/problems/minimum-pair-removal-to-sort-array-ii,"Array, Hash Table, Linked List, Heap (Priority Queue), Simulation, Doubly-Linked List, Ordered Set"
MEDIUM,Minimum Cost Path with Edge Reversals,15.7,0.006152009870025535,https://leetcode.com/problems/minimum-cost-path-with-edge-reversals,"Graph Theory, Heap (Priority Queue), Shortest Path"
MEDIUM,Minimum Moves to Make Array Complementary,15.7,0.006483831630293091,https://leetcode.com/problems/minimum-moves-to-make-array-complementary,"Array, Hash Table, Prefix Sum"
EASY,Minimum Cost of Buying Candies With Discount,15.7,0.007160997364180335,https://leetcode.com/problems/minimum-cost-of-buying-candies-with-discount,"Array, Greedy, Sorting"
EASY,Earliest Finish Time for Land and Water Rides I,15.7,0.007296735748055734,https://leetcode.com/problems/earliest-finish-time-for-land-and-water-rides-i,"Array, Two Pointers, Binary Search, Greedy, Sorting"
MEDIUM,Earliest Finish Time for Land and Water Rides II,15.7,0.006413970180608642,https://leetcode.com/problems/earliest-finish-time-for-land-and-water-rides-ii,"Array, Two Pointers, Binary Search, Greedy, Sorting"
HARD,Process String with Special Operations II,15.7,0.003982273350319971,https://leetcode.com/problems/process-string-with-special-operations-ii,"String, Simulation"
EASY,Distance Between Bus Stops,15.7,0.00567882709072248,https://leetcode.com/problems/distance-between-bus-stops,Array
MEDIUM,Sequential Digits,15.7,0.0068642477593384155,https://leetcode.com/problems/sequential-digits,Enumeration
MEDIUM,Binary Tree Level Order Traversal II,13.2,0.006885766096063081,https://leetcode.com/problems/binary-tree-level-order-traversal-ii,"Tree, Breadth-First Search, Binary Tree"
HARD,Contains Duplicate III,13.2,0.0025087453571211106,https://leetcode.com/problems/contains-duplicate-iii,"Array, Sliding Window, Sorting, Bucket Sort, Ordered Set"
HARD,Best Meeting Point,13.2,0.006143219217419532,https://leetcode.com/problems/best-meeting-point,"Array, Math, Sorting, Matrix"
MEDIUM,Arithmetic Slices,13.2,0.006487843231093982,https://leetcode.com/problems/arithmetic-slices,"Array, Dynamic Programming, Sliding Window"
MEDIUM,Maximum XOR of Two Numbers in an Array,13.2,0.0053711624305365765,https://leetcode.com/problems/maximum-xor-of-two-numbers-in-an-array,"Array, Hash Table, Bit Manipulation, Trie"
MEDIUM,Find Right Interval,13.2,0.0056368022488860236,https://leetcode.com/problems/find-right-interval,"Array, Binary Search, Sorting"
MEDIUM,Minimum Moves to Equal Array Elements,13.2,0.005901775992581363,https://leetcode.com/problems/minimum-moves-to-equal-array-elements,"Array, Math"
EASY,Relative Ranks,13.2,0.007508487457090951,https://leetcode.com/problems/relative-ranks,"Array, Sorting, Heap (Priority Queue)"
MEDIUM,Kill Process,13.2,0.007073333190090458,https://leetcode.com/problems/kill-process,"Array, Hash Table, Tree, Depth-First Search, Breadth-First Search"
MEDIUM,Best Time to Buy and Sell Stock with Transaction Fee,13.2,0.0072481786609181606,https://leetcode.com/problems/best-time-to-buy-and-sell-stock-with-transaction-fee,"Array, Dynamic Programming, Greedy"
MEDIUM,Reach a Number,13.2,0.00455402722206559,https://leetcode.com/problems/reach-a-number,"Math, Binary Search"
MEDIUM,Rabbits in Forest,13.2,0.005803423141493652,https://leetcode.com/problems/rabbits-in-forest,"Array, Hash Table, Math, Greedy"
MEDIUM,Most Profit Assigning Work,13.2,0.005631287311959012,https://leetcode.com/problems/most-profit-assigning-work,"Array, Two Pointers, Binary Search, Greedy, Sorting"
HARD,Profitable Schemes,13.2,0.004859281698756226,https://leetcode.com/problems/profitable-schemes,"Array, Dynamic Programming, Knapsack Problem, 0-1 Knapsack"
MEDIUM,All Possible Full Binary Trees,13.2,0.008277683862598943,https://leetcode.com/problems/all-possible-full-binary-trees,"Dynamic Programming, Tree, Recursion, Memoization, Binary Tree"
EASY,Range Sum of BST,13.2,0.00876272321001664,https://leetcode.com/problems/range-sum-of-bst,"Tree, Depth-First Search, Binary Search Tree, Binary Tree"
MEDIUM,Minimum Increment to Make Array Unique,13.2,0.006077448847763436,https://leetcode.com/problems/minimum-increment-to-make-array-unique,"Array, Greedy, Sorting, Counting"
MEDIUM,Validate Stack Sequences,13.2,0.0070670377253128506,https://leetcode.com/problems/validate-stack-sequences,"Array, Stack, Simulation"
EASY,Relative Sort Array,13.2,0.007538576290149643,https://leetcode.com/problems/relative-sort-array,"Array, Hash Table, Sorting, Counting Sort, Quicksort, Bubble Sort"
EASY,Convert Binary Number in a Linked List to Integer,13.2,0.008239733734390586,https://leetcode.com/problems/convert-binary-number-in-a-linked-list-to-integer,"Linked List, Math"
MEDIUM,Maximum Side Length of a Square with Sum Less than or Equal to Threshold,13.2,0.006546052463342659,https://leetcode.com/problems/maximum-side-length-of-a-square-with-sum-less-than-or-equal-to-threshold,"Array, Binary Search, Matrix, Prefix Sum"
EASY,Number of Steps to Reduce a Number to Zero,13.2,0.008589090583922022,https://leetcode.com/problems/number-of-steps-to-reduce-a-number-to-zero,"Math, Bit Manipulation"
MEDIUM,Least Number of Unique Integers after K Removals,13.2,0.006393082398096056,https://leetcode.com/problems/least-number-of-unique-integers-after-k-removals,"Array, Hash Table, Greedy, Sorting, Counting"
MEDIUM,Partitioning Into Minimum Number Of Deci-Binary Numbers,13.2,0.009046833477298366,https://leetcode.com/problems/partitioning-into-minimum-number-of-deci-binary-numbers,"String, Greedy"
MEDIUM,Minimum Number of Operations to Move All Balls to Each Box,13.2,0.009014115204981837,https://leetcode.com/problems/minimum-number-of-operations-to-move-all-balls-to-each-box,"Array, String, Prefix Sum"
EASY,Find Center of Star Graph,13.2,0.008660189614973881,https://leetcode.com/problems/find-center-of-star-graph,Graph Theory
MEDIUM,Single-Threaded CPU,13.2,0.004802563716229529,https://leetcode.com/problems/single-threaded-cpu,"Array, Sorting, Heap (Priority Queue)"
EASY,Reverse Prefix of Word,13.2,0.008650361672451264,https://leetcode.com/problems/reverse-prefix-of-word,"Two Pointers, String, Stack"
MEDIUM,Detect Squares,13.2,0.0052898878687676655,https://leetcode.com/problems/detect-squares,"Array, Hash Table, Design, Counting, Data Stream"
EASY,Find Subsequence of Length K With the Largest Sum,13.2,0.00572856546025655,https://leetcode.com/problems/find-subsequence-of-length-k-with-the-largest-sum,"Array, Hash Table, Sorting, Heap (Priority Queue)"
HARD,Escape the Spreading Fire,13.2,0.0039050266074636473,https://leetcode.com/problems/escape-the-spreading-fire,"Array, Binary Search, Breadth-First Search, Matrix"
EASY,Find Closest Number to Zero,13.2,0.0048117465639199684,https://leetcode.com/problems/find-closest-number-to-zero,Array
EASY,Convert the Temperature,13.2,0.00903727597198099,https://leetcode.com/problems/convert-the-temperature,Math
EASY,Array Prototype Last,13.2,0.007466215525823336,https://leetcode.com/problems/array-prototype-last,
MEDIUM,Count Complete Subarrays in an Array,13.2,0.007610739351819995,https://leetcode.com/problems/count-complete-subarrays-in-an-array,"Array, Hash Table, Sliding Window"
MEDIUM,Divide Array Into Arrays With Max Difference,13.2,0.00790788890120856,https://leetcode.com/problems/divide-array-into-arrays-with-max-difference,"Array, Greedy, Sorting"
MEDIUM,Find the Maximum Length of Valid Subsequence II,13.2,0.005706415299515648,https://leetcode.com/problems/find-the-maximum-length-of-valid-subsequence-ii,"Array, Dynamic Programming"
EASY,Valid Word,13.2,0.005084752246113829,https://leetcode.com/problems/valid-word,String
EASY,Minimum Index Sum of Two Lists,13.2,0.006034698136499912,https://leetcode.com/problems/minimum-index-sum-of-two-lists,"Array, Hash Table, String"
MEDIUM,Out of Boundary Paths,13.2,0.004854483449354777,https://leetcode.com/problems/out-of-boundary-paths,Dynamic Programming
EASY,Longest Continuous Increasing Subsequence,13.2,0.005232980562731712,https://leetcode.com/problems/longest-continuous-increasing-subsequence,Array
HARD,Minimum Obstacle Removal to Reach Corner,13.2,0.007101026175712012,https://leetcode.com/problems/minimum-obstacle-removal-to-reach-corner,"Array, Breadth-First Search, Graph Theory, Heap (Priority Queue), Matrix, Shortest Path, 0-1 BFS, Dijkstra's Algorithm"
MEDIUM,All Ancestors of a Node in a Directed Acyclic Graph,13.2,0.006230111585659288,https://leetcode.com/problems/all-ancestors-of-a-node-in-a-directed-acyclic-graph,"Depth-First Search, Breadth-First Search, Graph Theory, Topological Sort, Directed Acyclic Graph"
HARD,Sum of Prefix Scores of Strings,13.2,0.006086977984006319,https://leetcode.com/problems/sum-of-prefix-scores-of-strings,"Array, String, Trie, Counting"
EASY,Biggest Single Number,13.2,0.007193654859271764,https://leetcode.com/problems/biggest-single-number,Database
MEDIUM,Divide Players Into Teams of Equal Skill,13.2,0.006892935744185043,https://leetcode.com/problems/divide-players-into-teams-of-equal-skill,"Array, Hash Table, Two Pointers, Sorting"
HARD,Rearrange String k Distance Apart,13.2,0.003998638624474744,https://leetcode.com/problems/rearrange-string-k-distance-apart,"Hash Table, String, Greedy, Sorting, Heap (Priority Queue), Counting"
MEDIUM,Count Number of Maximum Bitwise-OR Subsets,13.2,0.008947216115018544,https://leetcode.com/problems/count-number-of-maximum-bitwise-or-subsets,"Array, Backtracking, Bit Manipulation, Enumeration"
MEDIUM,Take K of Each Character From Left and Right,13.2,0.005148094001614698,https://leetcode.com/problems/take-k-of-each-character-from-left-and-right,"Hash Table, String, Sliding Window"
MEDIUM,The Most Frequently Ordered Products for Each Customer,13.2,0.0077678452744915595,https://leetcode.com/problems/the-most-frequently-ordered-products-for-each-customer,Database
EASY,Sum of Unique Elements,13.2,0.008021864347685773,https://leetcode.com/problems/sum-of-unique-elements,"Array, Hash Table, Counting"
MEDIUM,Best Sightseeing Pair,13.2,0.006270092683800483,https://leetcode.com/problems/best-sightseeing-pair,"Array, Dynamic Programming"
MEDIUM,Minimize XOR,13.2,0.006224922805469784,https://leetcode.com/problems/minimize-xor,"Greedy, Bit Manipulation"
MEDIUM,Tree Diameter,13.2,0.006125671756376354,https://leetcode.com/problems/tree-diameter,"Tree, Depth-First Search, Breadth-First Search, Graph Theory, Topological Sort, DP on Trees"
EASY,Delete Columns to Make Sorted,13.2,0.007816368310797944,https://leetcode.com/problems/delete-columns-to-make-sorted,"Array, String, Longest Increasing Subsequence"
MEDIUM,Number of Subarrays with Bounded Maximum,13.2,0.005526876906946882,https://leetcode.com/problems/number-of-subarrays-with-bounded-maximum,"Array, Two Pointers"
MEDIUM,Maximum Good Subarray Sum,13.2,0.002237814263724987,https://leetcode.com/problems/maximum-good-subarray-sum,"Array, Hash Table, Prefix Sum"
MEDIUM,Find the Punishment Number of an Integer,13.2,0.008160802790836186,https://leetcode.com/problems/find-the-punishment-number-of-an-integer,"Math, Backtracking"
EASY,Self Dividing Numbers,13.2,0.008113424091923633,https://leetcode.com/problems/self-dividing-numbers,Math
MEDIUM,Maximum Sum of Two Non-Overlapping Subarrays,13.2,0.00613468989585337,https://leetcode.com/problems/maximum-sum-of-two-non-overlapping-subarrays,"Array, Dynamic Programming, Sliding Window"
MEDIUM,Count Total Number of Colored Cells,13.2,0.006621364561345855,https://leetcode.com/problems/count-total-number-of-colored-cells,Math
MEDIUM,Find Duplicate File in System,13.2,0.00674891049279249,https://leetcode.com/problems/find-duplicate-file-in-system,"Array, Hash Table, String"
MEDIUM,Zero Array Transformation II,13.2,0.004353364833541354,https://leetcode.com/problems/zero-array-transformation-ii,"Array, Two Pointers, Binary Search, Prefix Sum"
MEDIUM,Minimum Time to Repair Cars,13.2,0.005947560272752449,https://leetcode.com/problems/minimum-time-to-repair-cars,"Array, Binary Search"
EASY,Count Vowel Substrings of a String,13.2,0.007342261825360831,https://leetcode.com/problems/count-vowel-substrings-of-a-string,"Hash Table, String"
HARD,Count Palindromic Subsequences,13.2,0.004186890686579548,https://leetcode.com/problems/count-palindromic-subsequences,"String, Dynamic Programming"
EASY,Minimum Absolute Difference,13.2,0.007518455004512406,https://leetcode.com/problems/minimum-absolute-difference,"Array, Sorting"
MEDIUM,Market Analysis I,13.2,0.005764798712751803,https://leetcode.com/problems/market-analysis-i,Database
HARD,Number of Pairs Satisfying Inequality,13.2,0.004781332895138384,https://leetcode.com/problems/number-of-pairs-satisfying-inequality,"Array, Binary Search, Divide and Conquer, Binary Indexed Tree, Segment Tree, Merge Sort, Ordered Set"
EASY,Binary Watch,13.2,0.006608471710577882,https://leetcode.com/problems/binary-watch,"Backtracking, Bit Manipulation"
EASY,Divisible and Non-divisible Sums Difference,13.2,0.009111035717948919,https://leetcode.com/problems/divisible-and-non-divisible-sums-difference,Math
HARD,Maximum Height by Stacking Cuboids ,13.2,0.006250439355871748,https://leetcode.com/problems/maximum-height-by-stacking-cuboids,"Array, Dynamic Programming, Sorting"
MEDIUM,Find Closest Node to Given Two Nodes,13.2,0.005306133171793097,https://leetcode.com/problems/find-closest-node-to-given-two-nodes,"Depth-First Search, Graph Theory"
MEDIUM,Max Difference You Can Get From Changing an Integer,13.2,0.004863274210577645,https://leetcode.com/problems/max-difference-you-can-get-from-changing-an-integer,"Math, Greedy"
EASY,Find the Original Typed String I,13.2,0.0072099981255317,https://leetcode.com/problems/find-the-original-typed-string-i,String
HARD,Find the Original Typed String II,13.2,0.004544575392629651,https://leetcode.com/problems/find-the-original-typed-string-ii,"String, Dynamic Programming, Prefix Sum"
EASY,Minimum Pair Removal to Sort Array I,13.2,0.006525177179005768,https://leetcode.com/problems/minimum-pair-removal-to-sort-array-i,"Array, Hash Table, Linked List, Heap (Priority Queue), Simulation, Doubly-Linked List, Ordered Set"
EASY,Count Hills and Valleys in an Array,13.2,0.006912264775967525,https://leetcode.com/problems/count-hills-and-valleys-in-an-array,Array
MEDIUM,Fruits Into Baskets III,13.2,0.003946059189344154,https://leetcode.com/problems/fruits-into-baskets-iii,"Array, Binary Search, Segment Tree, Ordered Set"
MEDIUM,Count Submatrices With All Ones,13.2,0.007100092268293601,https://leetcode.com/problems/count-submatrices-with-all-ones,"Array, Dynamic Programming, Stack, Matrix, Monotonic Stack"
MEDIUM,Find the Number of Ways to Place People I,13.2,0.006404018630432272,https://leetcode.com/problems/find-the-number-of-ways-to-place-people-i,"Array, Math, Geometry, Sorting, Enumeration"
MEDIUM,Minimum Operations to Make the Integer Zero,13.2,0.005801490925062023,https://leetcode.com/problems/minimum-operations-to-make-the-integer-zero,"Bit Manipulation, Brainteaser, Enumeration"
EASY,Convert Integer to the Sum of Two No-Zero Integers,13.2,0.005915572289908797,https://leetcode.com/problems/convert-integer-to-the-sum-of-two-no-zero-integers,Math
EASY,Maximum Number of Words Found in Sentences,13.2,0.00867275108617374,https://leetcode.com/problems/maximum-number-of-words-found-in-sentences,"Array, String"
MEDIUM,Taking Maximum Energy From the Mystic Dungeon,13.2,0.006088439543346957,https://leetcode.com/problems/taking-maximum-energy-from-the-mystic-dungeon,"Array, Dynamic Programming, Prefix Sum"
MEDIUM,Smallest Missing Non-negative Integer After Operations,13.2,0.005593540430124104,https://leetcode.com/problems/smallest-missing-non-negative-integer-after-operations,"Array, Hash Table, Math, Greedy"
MEDIUM,Best Time to Buy and Sell Stock V,13.2,0.006057451375975532,https://leetcode.com/problems/best-time-to-buy-and-sell-stock-v,"Array, Dynamic Programming"
HARD,Set Intersection Size At Least Two,13.2,0.005812778499000035,https://leetcode.com/problems/set-intersection-size-at-least-two,"Array, Greedy, Sorting"
MEDIUM,Pyramid Transition Matrix,13.2,0.00606007862602126,https://leetcode.com/problems/pyramid-transition-matrix,"Hash Table, String, Backtracking, Bit Manipulation"
EASY,N-Repeated Element in Size 2N Array,13.2,0.007998950092984666,https://leetcode.com/problems/n-repeated-element-in-size-2n-array,"Array, Hash Table, Pigeonhole Principle"
MEDIUM,Maximize Area of Square Hole in Grid,13.2,0.0061773737945634575,https://leetcode.com/problems/maximize-area-of-square-hole-in-grid,"Array, Sorting"
MEDIUM,Construct the Minimum Bitwise Array II,13.2,0.0066653919206598085,https://leetcode.com/problems/construct-the-minimum-bitwise-array-ii,"Array, Bit Manipulation"
HARD,Minimum Cost Path with Teleportations,13.2,0.0045322662344240705,https://leetcode.com/problems/minimum-cost-path-with-teleportations,"Array, Dynamic Programming, Matrix"
MEDIUM,Longest Balanced Subarray I,13.2,0.006570480251685075,https://leetcode.com/problems/longest-balanced-subarray-i,"Array, Hash Table, Divide and Conquer, Segment Tree, Prefix Sum"
MEDIUM,Longest Balanced Substring II,13.2,0.004188189558408848,https://leetcode.com/problems/longest-balanced-substring-ii,"Hash Table, String, Prefix Sum"
EASY,Customer Placing the Largest Number of Orders,13.2,0.006465071953163914,https://leetcode.com/problems/customer-placing-the-largest-number-of-orders,Database
MEDIUM,Check If a String Contains All Binary Codes of Size K,13.2,0.006163807352522086,https://leetcode.com/problems/check-if-a-string-contains-all-binary-codes-of-size-k,"Hash Table, String, Bit Manipulation, Rolling Hash, Hash Function, Directed Acyclic Graph"
EASY,Buddy Strings,13.2,0.0034173032284814165,https://leetcode.com/problems/buddy-strings,"Hash Table, String"
MEDIUM,Web Crawler,13.2,0.006871503115540007,https://leetcode.com/problems/web-crawler,"String, Depth-First Search, Breadth-First Search, Interactive"
MEDIUM,First Completely Painted Row or Column,13.2,0.006385790374813662,https://leetcode.com/problems/first-completely-painted-row-or-column,"Array, Hash Table, Matrix"
MEDIUM,Count Subarrays With Majority Element I,13.2,0.007566272598544472,https://leetcode.com/problems/count-subarrays-with-majority-element-i,"Array, Hash Table, Divide and Conquer, Segment Tree, Merge Sort, Counting, Prefix Sum"
EASY,Maximum Length Substring With Two Occurrences,13.2,0.007765958720190241,https://leetcode.com/problems/maximum-length-substring-with-two-occurrences,"Hash Table, String, Sliding Window"
HARD,Find Minimum in Rotated Sorted Array II,10.3,0.004688584306009324,https://leetcode.com/problems/find-minimum-in-rotated-sorted-array-ii,"Array, Binary Search"
HARD,Create Maximum Number,10.3,0.003648742602965924,https://leetcode.com/problems/create-maximum-number,"Array, Two Pointers, Stack, Greedy, Monotonic Stack"
MEDIUM,Wiggle Sort II,10.3,0.0038040569442824163,https://leetcode.com/problems/wiggle-sort-ii,"Array, Divide and Conquer, Greedy, Sorting, Quickselect"
HARD,Palindrome Pairs,10.3,0.00374956579248749,https://leetcode.com/problems/palindrome-pairs,"Array, Hash Table, String, Trie, Hash Function"
MEDIUM,Integer Break,10.3,0.006263081521975868,https://leetcode.com/problems/integer-break,"Math, Dynamic Programming"
MEDIUM,Find Leaves of Binary Tree,10.3,0.008134896034046544,https://leetcode.com/problems/find-leaves-of-binary-tree,"Tree, Depth-First Search, Binary Tree, DP on Trees"
MEDIUM,Super Pow,10.3,0.003734254036576534,https://leetcode.com/problems/super-pow,"Math, Divide and Conquer, Euler's Totient Function, Euler's Theorem"
MEDIUM,Queue Reconstruction by Height,10.3,0.007495314143230316,https://leetcode.com/problems/queue-reconstruction-by-height,"Array, Binary Indexed Tree, Segment Tree, Sorting"
HARD,Arithmetic Slices II - Subsequence,10.3,0.0055215942606616185,https://leetcode.com/problems/arithmetic-slices-ii-subsequence,"Array, Dynamic Programming"
MEDIUM,4Sum II,10.3,0.00581304377641825,https://leetcode.com/problems/4sum-ii,"Array, Hash Table"
MEDIUM,Delete Operation for Two Strings,10.3,0.0066143186271208475,https://leetcode.com/problems/delete-operation-for-two-strings,"String, Dynamic Programming, Longest Common Subsequence"
EASY,Swap Sex of Employees,10.3,0.008486626417137046,https://leetcode.com/problems/swap-sex-of-employees,Database
MEDIUM,Repeated String Match,10.3,0.00396391595184647,https://leetcode.com/problems/repeated-string-match,"String, String Matching, Z Algorithm, Knuth–Morris–Pratt Algorithm, Boyer–Moore String-Search Algorithm"
HARD,Range Module,10.3,0.004541228984331049,https://leetcode.com/problems/range-module,"Design, Segment Tree, Ordered Set"
MEDIUM,Maximum Length of Repeated Subarray,10.3,0.0051538428910176326,https://leetcode.com/problems/maximum-length-of-repeated-subarray,"Array, Binary Search, Dynamic Programming, Sliding Window, Rolling Hash, Hash Function"
MEDIUM,N-ary Tree Level Order Traversal,10.3,0.007163194046937608,https://leetcode.com/problems/n-ary-tree-level-order-traversal,"Tree, Breadth-First Search"
MEDIUM,Construct Quad Tree,10.3,0.007861621015128939,https://leetcode.com/problems/construct-quad-tree,"Array, Divide and Conquer, Tree, Matrix"
MEDIUM,Rotated Digits,10.3,0.006408488063660478,https://leetcode.com/problems/rotated-digits,"Math, Dynamic Programming"
EASY,Largest Triangle Area,10.3,0.007212223954470461,https://leetcode.com/problems/largest-triangle-area,"Array, Math, Geometry, Polygons"
MEDIUM,Binary Tree Pruning,10.3,0.0072553058892774296,https://leetcode.com/problems/binary-tree-pruning,"Tree, Depth-First Search, Binary Tree"
MEDIUM,Linked List Components,10.3,0.005816591402055257,https://leetcode.com/problems/linked-list-components,"Array, Hash Table, Linked List"
EASY,Flipping an Image,10.3,0.008395032920370298,https://leetcode.com/problems/flipping-an-image,"Array, Two Pointers, Bit Manipulation, Matrix, Simulation"
HARD,Robot Room Cleaner,10.3,0.007802244466866529,https://leetcode.com/problems/robot-room-cleaner,"Backtracking, Interactive"
EASY,Rectangle Overlap,10.3,0.004698164748381719,https://leetcode.com/problems/rectangle-overlap,"Math, Geometry"
HARD,Shortest Path Visiting All Nodes,10.3,0.006625950882059294,https://leetcode.com/problems/shortest-path-visiting-all-nodes,"Dynamic Programming, Bit Manipulation, Breadth-First Search, Graph Theory, Bitmask"
EASY,Leaf-Similar Trees,10.3,0.007033045354003251,https://leetcode.com/problems/leaf-similar-trees,"Tree, Depth-First Search, Binary Tree"
MEDIUM,Smallest Range II,10.3,0.0038192274524297505,https://leetcode.com/problems/smallest-range-ii,"Array, Math, Greedy, Sorting"
MEDIUM,Knight Dialer,10.3,0.006210596813198136,https://leetcode.com/problems/knight-dialer,Dynamic Programming
EASY,Largest Perimeter Triangle,10.3,0.006243522729523902,https://leetcode.com/problems/largest-perimeter-triangle,"Array, Math, Greedy, Sorting, Quicksort, Polygons"
MEDIUM,Longest Arithmetic Subsequence,10.3,0.005014384653918094,https://leetcode.com/problems/longest-arithmetic-subsequence,"Array, Hash Table, Binary Search, Dynamic Programming"
MEDIUM,Two City Scheduling,10.3,0.00688569284758891,https://leetcode.com/problems/two-city-scheduling,"Array, Greedy, Sorting, Hungarian Algorithm, Successive Shortest Path Algorithm"
MEDIUM,Minimum Score Triangulation of Polygon,10.3,0.006761810656624036,https://leetcode.com/problems/minimum-score-triangulation-of-polygon,"Array, Dynamic Programming, Triangulation, Polygons"
MEDIUM,Longest String Chain,10.3,0.006339541176131947,https://leetcode.com/problems/longest-string-chain,"Array, Hash Table, Two Pointers, String, Dynamic Programming, Sorting"
HARD,Last Substring in Lexicographical Order,10.3,0.003521058679028488,https://leetcode.com/problems/last-substring-in-lexicographical-order,"Two Pointers, String, Lyndon Factorization"
EASY,Duplicate Zeros,10.3,0.0053945699253038605,https://leetcode.com/problems/duplicate-zeros,"Array, Two Pointers"
MEDIUM,Design A Leaderboard,10.3,0.006804074911161337,https://leetcode.com/problems/design-a-leaderboard,"Hash Table, Design, Sorting"
MEDIUM,Delete Nodes And Return Forest,10.3,0.007248231636643305,https://leetcode.com/problems/delete-nodes-and-return-forest,"Array, Hash Table, Tree, Depth-First Search, Binary Tree"
EASY,Maximum 69 Number,10.3,0.008457781322685234,https://leetcode.com/problems/maximum-69-number,"Math, Greedy"
MEDIUM,Find the City With the Smallest Number of Neighbors at a Threshold Distance,10.3,0.007362738412580332,https://leetcode.com/problems/find-the-city-with-the-smallest-number-of-neighbors-at-a-threshold-distance,"Dynamic Programming, Graph Theory, Shortest Path, Dijkstra's Algorithm, Bellman–Ford Algorithm, Floyd–Warshall Algorithm"
EASY,Sort Integers by The Number of 1 Bits,10.3,0.008243386243386242,https://leetcode.com/problems/sort-integers-by-the-number-of-1-bits,"Array, Bit Manipulation, Sorting, Counting"
MEDIUM,Product of the Last K Numbers,10.3,0.006303293053711142,https://leetcode.com/problems/product-of-the-last-k-numbers,"Array, Math, Design, Data Stream, Prefix Sum"
MEDIUM,Design Underground System,10.3,0.007459845536187637,https://leetcode.com/problems/design-underground-system,"Hash Table, String, Design"
EASY,Destination City,10.3,0.00795429794316966,https://leetcode.com/problems/destination-city,"Array, Hash Table, String"
EASY,Water Bottles,10.3,0.007256279117522492,https://leetcode.com/problems/water-bottles,"Math, Simulation"
EASY,Count Good Triplets,10.3,0.008554768351296664,https://leetcode.com/problems/count-good-triplets,"Array, Enumeration"
MEDIUM,Minimum Deletions to Make Character Frequencies Unique,10.3,0.00615302790072668,https://leetcode.com/problems/minimum-deletions-to-make-character-frequencies-unique,"Hash Table, String, Greedy, Sorting"
EASY,Count of Matches in Tournament,10.3,0.00865522407007744,https://leetcode.com/problems/count-of-matches-in-tournament,"Math, Simulation"
MEDIUM,Construct the Lexicographically Largest Valid Sequence,10.3,0.0072655637871616675,https://leetcode.com/problems/construct-the-lexicographically-largest-valid-sequence,"Array, Backtracking"
EASY,Check if One String Swap Can Make Strings Equal,10.3,0.004953729145143208,https://leetcode.com/problems/check-if-one-string-swap-can-make-strings-equal,"Hash Table, String, Counting"
EASY,Check if the Sentence Is Pangram,10.3,0.008430227425029925,https://leetcode.com/problems/check-if-the-sentence-is-pangram,"Hash Table, String"
EASY,Substrings of Size Three with Distinct Characters,10.3,0.007705759429821688,https://leetcode.com/problems/substrings-of-size-three-with-distinct-characters,"Hash Table, String, Sliding Window, Counting"
EASY,Remove One Element to Make the Array Strictly Increasing,10.3,0.0030689300891981507,https://leetcode.com/problems/remove-one-element-to-make-the-array-strictly-increasing,Array
MEDIUM,Find the Minimum and Maximum Number of Nodes Between Critical Points,10.3,0.0069447458957722415,https://leetcode.com/problems/find-the-minimum-and-maximum-number-of-nodes-between-critical-points,Linked List
EASY,Time Needed to Buy Tickets,10.3,0.007315125099785274,https://leetcode.com/problems/time-needed-to-buy-tickets,"Array, Queue, Simulation"
EASY,Largest Positive Integer That Exists With Its Negative,10.3,0.007449263151072258,https://leetcode.com/problems/largest-positive-integer-that-exists-with-its-negative,"Array, Hash Table, Two Pointers, Sorting"
HARD,Count Subarrays With Fixed Bounds,10.3,0.006917435037720032,https://leetcode.com/problems/count-subarrays-with-fixed-bounds,"Array, Queue, Sliding Window, Monotonic Queue"
MEDIUM,Sliding Subarray Beauty,10.3,0.0037643130242345805,https://leetcode.com/problems/sliding-subarray-beauty,"Array, Hash Table, Sliding Window"
MEDIUM,Extra Characters in a String,10.3,0.005716228046717318,https://leetcode.com/problems/extra-characters-in-a-string,"Array, Hash Table, String, Dynamic Programming, Trie"
MEDIUM,Cache With Time Limit,10.3,0.007630850463936024,https://leetcode.com/problems/cache-with-time-limit,
EASY,Counter II,10.3,0.00812380948496331,https://leetcode.com/problems/counter-ii,
HARD,Painting the Walls,10.3,0.004919992005079126,https://leetcode.com/problems/painting-the-walls,"Array, Dynamic Programming"
EASY,Count Pairs Whose Sum is Less than Target,10.3,0.008765259714354106,https://leetcode.com/problems/count-pairs-whose-sum-is-less-than-target,"Array, Two Pointers, Binary Search, Sorting"
MEDIUM,Count Subarrays Where Max Element Appears at Least K Times,10.3,0.006231777601988925,https://leetcode.com/problems/count-subarrays-where-max-element-appears-at-least-k-times,"Array, Sliding Window"
MEDIUM,Minimum Number of Operations to Make Array XOR Equal to K,10.3,0.00851221661028576,https://leetcode.com/problems/minimum-number-of-operations-to-make-array-xor-equal-to-k,"Array, Bit Manipulation"
MEDIUM,Minimum Cost to Convert String I,10.3,0.006302001367097462,https://leetcode.com/problems/minimum-cost-to-convert-string-i,"Array, String, Graph Theory, Shortest Path"
MEDIUM,Count the Number of Complete Components,10.3,0.008081812084590224,https://leetcode.com/problems/count-the-number-of-complete-components,"Depth-First Search, Breadth-First Search, Union-Find, Graph Theory"
MEDIUM,Super Ugly Number,10.3,0.004645804293281294,https://leetcode.com/problems/super-ugly-number,"Array, Math, Dynamic Programming"
MEDIUM,Task Scheduler II,10.3,0.005498602722437573,https://leetcode.com/problems/task-scheduler-ii,"Array, Hash Table, Simulation"
EASY,Finding 3-Digit Even Numbers,10.3,0.007862115501719853,https://leetcode.com/problems/finding-3-digit-even-numbers,"Array, Hash Table, Recursion, Sorting, Enumeration"
MEDIUM,Water and Jug Problem,10.3,0.004620324095999247,https://leetcode.com/problems/water-and-jug-problem,"Math, Depth-First Search, Breadth-First Search, Bézout's Lemma, Euclidean Algorithm, Greatest Common Divisor, Extended Euclidean Algorithm"
MEDIUM,Length of the Longest Subsequence That Sums to Target,10.3,0.004032591595840466,https://leetcode.com/problems/length-of-the-longest-subsequence-that-sums-to-target,"Array, Dynamic Programming, Knapsack Problem, 0-1 Knapsack"
HARD,Find Servers That Handled Most Number of Requests,10.3,0.00456424922174062,https://leetcode.com/problems/find-servers-that-handled-most-number-of-requests,"Array, Heap (Priority Queue), Simulation, Ordered Set"
EASY,N-ary Tree Postorder Traversal,10.3,0.008119323139683438,https://leetcode.com/problems/n-ary-tree-postorder-traversal,"Stack, Tree, Depth-First Search"
MEDIUM,Minimum Operations to Make All Array Elements Equal,10.3,0.003876325648942532,https://leetcode.com/problems/minimum-operations-to-make-all-array-elements-equal,"Array, Binary Search, Sorting, Prefix Sum"
MEDIUM,Longest Subarray With Maximum Bitwise AND,10.3,0.00653569793289387,https://leetcode.com/problems/longest-subarray-with-maximum-bitwise-and,"Array, Bit Manipulation, Brainteaser"
EASY,Sort By,10.3,0.008302832959727913,https://leetcode.com/problems/sort-by,
MEDIUM,Number of Good Ways to Split a String,10.3,0.006852483576652168,https://leetcode.com/problems/number-of-good-ways-to-split-a-string,"Hash Table, String, Dynamic Programming, Bit Manipulation, Prefix Sum"
MEDIUM,Largest Sum of Averages,10.3,0.005537805504007581,https://leetcode.com/problems/largest-sum-of-averages,"Array, Dynamic Programming, Prefix Sum"
EASY,Minimum String Length After Removing Substrings,10.3,0.0077224925160926505,https://leetcode.com/problems/minimum-string-length-after-removing-substrings,"String, Stack, Simulation"
MEDIUM,The Maze,10.3,0.00605104753862656,https://leetcode.com/problems/the-maze,"Array, Depth-First Search, Breadth-First Search, Matrix"
MEDIUM,Numbers With Same Consecutive Differences,10.3,0.005933071056278117,https://leetcode.com/problems/numbers-with-same-consecutive-differences,"Backtracking, Breadth-First Search"
EASY,Minimum Subsequence in Non-Increasing Order,10.3,0.007404808226792663,https://leetcode.com/problems/minimum-subsequence-in-non-increasing-order,"Array, Greedy, Sorting"
MEDIUM,Design Log Storage System,10.3,0.005966114103435654,https://leetcode.com/problems/design-log-storage-system,"Hash Table, String, Design, Ordered Set"
HARD,Lexicographically Smallest Beautiful String,10.3,0.003864496082139962,https://leetcode.com/problems/lexicographically-smallest-beautiful-string,"String, Greedy"
EASY,DI String Match,10.3,0.008126365738745188,https://leetcode.com/problems/di-string-match,"Array, Two Pointers, String, Greedy"
EASY,Adjacent Increasing Subarrays Detection I,10.3,0.004799532029673573,https://leetcode.com/problems/adjacent-increasing-subarrays-detection-i,Array
MEDIUM,Zigzag Iterator,10.3,0.006713561889506034,https://leetcode.com/problems/zigzag-iterator,"Array, Design, Queue, Iterator"
MEDIUM,Find Score of an Array After Marking All Elements,10.3,0.00645630317092034,https://leetcode.com/problems/find-score-of-an-array-after-marking-all-elements,"Array, Hash Table, Sorting, Heap (Priority Queue), Simulation"
MEDIUM,Shifting Letters II,10.3,0.0053836428365868095,https://leetcode.com/problems/shifting-letters-ii,"Array, String, Prefix Sum"
MEDIUM,Rearrange Array to Maximize Prefix Score,10.3,0.0043081359423274975,https://leetcode.com/problems/rearrange-array-to-maximize-prefix-score,"Array, Greedy, Sorting, Prefix Sum"
MEDIUM,Employee Importance,10.3,0.006971816786258701,https://leetcode.com/problems/employee-importance,"Array, Hash Table, Tree, Depth-First Search, Breadth-First Search"
EASY,Find Users With Valid E-Mails,10.3,0.003539806959472615,https://leetcode.com/problems/find-users-with-valid-e-mails,Database
MEDIUM,Neighboring Bitwise XOR,10.3,0.007980800262033554,https://leetcode.com/problems/neighboring-bitwise-xor,"Array, Bit Manipulation"
MEDIUM,Most Profitable Path in a Tree,10.3,0.006730475148540585,https://leetcode.com/problems/most-profitable-path-in-a-tree,"Array, Tree, Depth-First Search, Breadth-First Search, Graph Theory"
MEDIUM,Apply Operations to Make All Array Elements Equal to Zero,10.3,0.0033726312869501902,https://leetcode.com/problems/apply-operations-to-make-all-array-elements-equal-to-zero,"Array, Prefix Sum"
HARD,Max Chunks To Make Sorted II,10.3,0.00550601872492198,https://leetcode.com/problems/max-chunks-to-make-sorted-ii,"Array, Stack, Greedy, Sorting, Monotonic Stack"
HARD,Design Excel Sum Formula,10.3,0.003950079751692029,https://leetcode.com/problems/design-excel-sum-formula,"Array, Hash Table, String, Graph Theory, Design, Topological Sort, Matrix"
MEDIUM,Count Univalue Subtrees,10.3,0.005757084126405369,https://leetcode.com/problems/count-univalue-subtrees,"Tree, Depth-First Search, Binary Tree, DP on Trees"
MEDIUM,Bitwise ORs of Subarrays,10.3,0.0056960917509189255,https://leetcode.com/problems/bitwise-ors-of-subarrays,"Array, Dynamic Programming, Bit Manipulation"
MEDIUM,Closest Prime Numbers in Range,10.3,0.005194658577143555,https://leetcode.com/problems/closest-prime-numbers-in-range,"Math, Number Theory, Primality Test, Sieve Theory, Prime Number Sieve"
EASY,Teemo Attacking,10.3,0.005801724692072251,https://leetcode.com/problems/teemo-attacking,"Array, Simulation"
MEDIUM,Number of Adjacent Elements With the Same Color,10.3,0.0059793453235009505,https://leetcode.com/problems/number-of-adjacent-elements-with-the-same-color,Array
EASY,Alternating Groups I,10.3,0.006943069528081054,https://leetcode.com/problems/alternating-groups-i,"Array, Sliding Window"
HARD,Expression Add Operators,10.3,0.004366097448407727,https://leetcode.com/problems/expression-add-operators,"Math, String, Backtracking"
HARD,Count Subarrays With Score Less Than K,10.3,0.006221353230373958,https://leetcode.com/problems/count-subarrays-with-score-less-than-k,"Array, Binary Search, Sliding Window, Prefix Sum"
EASY,Find the Middle Index in Array,10.3,0.0070348729608968085,https://leetcode.com/problems/find-the-middle-index-in-array,"Array, Prefix Sum"
MEDIUM,Range Sum Query 2D - Mutable,10.3,0.004573246764415015,https://leetcode.com/problems/range-sum-query-2d-mutable,"Array, Design, Binary Indexed Tree, Segment Tree, Matrix, Sqrt Decomposition"
EASY,Number of Segments in a String,10.3,0.003765775251820465,https://leetcode.com/problems/number-of-segments-in-a-string,String
EASY,Minimum Cuts to Divide a Circle,10.3,0.00566020955504294,https://leetcode.com/problems/minimum-cuts-to-divide-a-circle,"Math, Geometry"
EASY,Average of Levels in Binary Tree,10.3,0.007513800354866268,https://leetcode.com/problems/average-of-levels-in-binary-tree,"Tree, Depth-First Search, Breadth-First Search, Binary Tree"
EASY,Shortest Distance to a Character,10.3,0.00729470064724919,https://leetcode.com/problems/shortest-distance-to-a-character,"Array, Two Pointers, String"
HARD,Number of Islands II,10.3,0.004070937581124033,https://leetcode.com/problems/number-of-islands-ii,"Array, Hash Table, Union-Find"
MEDIUM,Mirror Reflection,10.3,0.006253941643715324,https://leetcode.com/problems/mirror-reflection,"Math, Geometry, Number Theory, Least Common Multiple, Greatest Common Divisor"
MEDIUM,Number of Pairs of Interchangeable Rectangles,10.3,0.0052984216753232585,https://leetcode.com/problems/number-of-pairs-of-interchangeable-rectangles,"Array, Hash Table, Math, Counting, Number Theory"
MEDIUM,Minimum Operations to Reduce an Integer to 0,10.3,0.006317447288770328,https://leetcode.com/problems/minimum-operations-to-reduce-an-integer-to-0,"Dynamic Programming, Greedy, Bit Manipulation"
EASY,Delete Characters to Make Fancy String,10.3,0.007398854451046517,https://leetcode.com/problems/delete-characters-to-make-fancy-string,String
HARD,Last Day Where You Can Still Cross,10.3,0.00687536427497776,https://leetcode.com/problems/last-day-where-you-can-still-cross,"Array, Binary Search, Depth-First Search, Breadth-First Search, Union-Find, Matrix"
EASY,Maximum Unique Subarray Sum After Deletion,10.3,0.004055290999918772,https://leetcode.com/problems/maximum-unique-subarray-sum-after-deletion,"Array, Hash Table, Greedy"
MEDIUM,Jump Game III,10.3,0.007039561958242585,https://leetcode.com/problems/jump-game-iii,"Array, Depth-First Search, Breadth-First Search"
EASY,A Number After a Double Reversal,10.3,0.008267978181336913,https://leetcode.com/problems/a-number-after-a-double-reversal,Math
HARD,Rearranging Fruits,10.3,0.005725804127692192,https://leetcode.com/problems/rearranging-fruits,"Array, Hash Table, Greedy, Sort"
MEDIUM,Rectangle Area,10.3,0.005009157784618265,https://leetcode.com/problems/rectangle-area,"Math, Geometry"
MEDIUM,Minimum Operations to Convert All Elements to Zero,10.3,0.005308111444817722,https://leetcode.com/problems/minimum-operations-to-convert-all-elements-to-zero,"Array, Hash Table, Stack, Greedy, Monotonic Stack"
EASY,Find Lucky Integer in an Array,10.3,0.007561447496126274,https://leetcode.com/problems/find-lucky-integer-in-an-array,"Array, Hash Table, Counting"
HARD,Distinct Subsequences II,10.3,0.004421415812269068,https://leetcode.com/problems/distinct-subsequences-ii,"String, Dynamic Programming"
MEDIUM,Sort Matrix by Diagonals,10.3,0.008469380180626006,https://leetcode.com/problems/sort-matrix-by-diagonals,"Array, Sorting, Matrix"
HARD,Minimum Operations to Equalize Binary String,10.3,0.004511900307940253,https://leetcode.com/problems/minimum-operations-to-equalize-binary-string,"Math, String, Breadth-First Search, Union-Find, Ordered Set"
HARD,Remove Boxes,10.3,0.0049645747465326875,https://leetcode.com/problems/remove-boxes,"Array, Dynamic Programming, Memoization"
MEDIUM,Minimum Number of People to Teach,10.3,0.0067254724031173265,https://leetcode.com/problems/minimum-number-of-people-to-teach,"Array, Hash Table, Greedy"
MEDIUM,Find the Minimum Amount of Time to Brew Potions,10.3,0.006269069446727022,https://leetcode.com/problems/find-the-minimum-amount-of-time-to-brew-potions,"Array, Simulation, Prefix Sum"
MEDIUM,Maximum Number of Distinct Elements After Operations,10.3,0.005211368557278316,https://leetcode.com/problems/maximum-number-of-distinct-elements-after-operations,"Array, Greedy, Sorting"
MEDIUM,Maximum Frequency of an Element After Performing Operations I,10.3,0.004018042419344269,https://leetcode.com/problems/maximum-frequency-of-an-element-after-performing-operations-i,"Array, Binary Search, Sliding Window, Sorting, Prefix Sum"
EASY,Make Array Elements Equal to Zero,10.3,0.006814142625623845,https://leetcode.com/problems/make-array-elements-equal-to-zero,"Array, Simulation, Prefix Sum"
EASY,The Two Sneaky Numbers of Digitville,10.3,0.008961152512733965,https://leetcode.com/problems/the-two-sneaky-numbers-of-digitville,"Array, Hash Table, Math"
EASY,Find X-Sum of All K-Long Subarrays I,10.3,0.007608908927714113,https://leetcode.com/problems/find-x-sum-of-all-k-long-subarrays-i,"Array, Hash Table, Sliding Window, Heap (Priority Queue)"
MEDIUM,Smallest Palindromic Rearrangement I,10.3,0.0074540988417671405,https://leetcode.com/problems/smallest-palindromic-rearrangement-i,"String, Sorting, Counting Sort"
HARD,Maximize the Minimum Powered City,10.3,0.0061400301994754825,https://leetcode.com/problems/maximize-the-minimum-powered-city,"Array, Binary Search, Greedy, Queue, Sliding Window, Prefix Sum"
MEDIUM,Smallest Integer Divisible by K,10.3,0.005416445754503174,https://leetcode.com/problems/smallest-integer-divisible-by-k,"Hash Table, Math, Pigeonhole Principle"
MEDIUM,Count Partitions With Max-Min Difference at Most K,10.3,0.0058375532758665775,https://leetcode.com/problems/count-partitions-with-max-min-difference-at-most-k,"Array, Dynamic Programming, Queue, Sliding Window, Prefix Sum, Monotonic Queue"
EASY,Minimum Operations to Make Array Sum Divisible by K,10.3,0.009232108791151092,https://leetcode.com/problems/minimum-operations-to-make-array-sum-divisible-by-k,"Array, Math"
EASY,Count the Digits That Divide a Number,10.3,0.00861211899064697,https://leetcode.com/problems/count-the-digits-that-divide-a-number,Math
MEDIUM,Best Time to Buy and Sell Stock using Strategy,10.3,0.0059724595749985725,https://leetcode.com/problems/best-time-to-buy-and-sell-stock-using-strategy,"Array, Sliding Window, Prefix Sum"
MEDIUM,Construct Product Matrix,10.3,0.005177703281234128,https://leetcode.com/problems/construct-product-matrix,"Array, Matrix, Prefix Sum"
MEDIUM,Delete Columns to Make Sorted II,10.3,0.004972490318656072,https://leetcode.com/problems/delete-columns-to-make-sorted-ii,"Array, String, Greedy"
MEDIUM,Paint House,10.3,0.006452206215691811,https://leetcode.com/problems/paint-house,"Array, Dynamic Programming"
EASY,Partition Array Into Three Parts With Equal Sum,10.3,0.004300620194805622,https://leetcode.com/problems/partition-array-into-three-parts-with-equal-sum,"Array, Greedy"
HARD,Number of Ways to Paint N × 3 Grid,10.3,0.008055694990836184,https://leetcode.com/problems/number-of-ways-to-paint-n-3-grid,"Dynamic Programming, Graph Coloring"
EASY,Construct the Minimum Bitwise Array I,10.3,0.008496115695489857,https://leetcode.com/problems/construct-the-minimum-bitwise-array-i,"Array, Bit Manipulation"
HARD,Split Array With Same Average,10.3,0.0027429999780735413,https://leetcode.com/problems/split-array-with-same-average,"Array, Hash Table, Math, Dynamic Programming, Bit Manipulation, Meet in the Middle, Bitmask"
MEDIUM,Minimize Maximum Pair Sum in Array,10.3,0.008326409739645458,https://leetcode.com/problems/minimize-maximum-pair-sum-in-array,"Array, Two Pointers, Greedy, Sorting"
EASY,Find Greatest Common Divisor of Array,10.3,0.008348073182282912,https://leetcode.com/problems/find-greatest-common-divisor-of-array,"Array, Math, Number Theory, Euclidean Algorithm, Greatest Common Divisor"
MEDIUM,Largest Magic Square,10.3,0.007520118191797555,https://leetcode.com/problems/largest-magic-square,"Array, Matrix, Prefix Sum"
MEDIUM,Smallest String Starting From Leaf,10.3,0.0061379809301672665,https://leetcode.com/problems/smallest-string-starting-from-leaf,"String, Backtracking, Tree, Depth-First Search, Binary Tree"
EASY,Binary Gap,10.3,0.00743994207892417,https://leetcode.com/problems/binary-gap,Bit Manipulation
MEDIUM,Satisfiability of Equality Equations,10.3,0.005211093008429552,https://leetcode.com/problems/satisfiability-of-equality-equations,"Array, String, Union-Find, Graph Theory"
MEDIUM,Minimum Swaps to Arrange a Binary Grid,10.3,0.007024986764792387,https://leetcode.com/problems/minimum-swaps-to-arrange-a-binary-grid,"Array, Greedy, Matrix"
EASY,Check if Binary String Has at Most One Segment of Ones,10.3,0.004933125940943103,https://leetcode.com/problems/check-if-binary-string-has-at-most-one-segment-of-ones,String
MEDIUM,Find Unique Binary String,10.3,0.008122981095426486,https://leetcode.com/problems/find-unique-binary-string,"Array, Hash Table, String, Backtracking"
EASY,Complement of Base 10 Integer,10.3,0.006341185047665029,https://leetcode.com/problems/complement-of-base-10-integer,Bit Manipulation
MEDIUM,Get Biggest Three Rhombus Sums in a Grid,10.3,0.007133801097750162,https://leetcode.com/problems/get-biggest-three-rhombus-sums-in-a-grid,"Array, Math, Sorting, Heap (Priority Queue), Matrix, Prefix Sum"
MEDIUM,Maximum Non Negative Product in a Matrix,10.3,0.005173007316308874,https://leetcode.com/problems/maximum-non-negative-product-in-a-matrix,"Array, Dynamic Programming, Matrix"
EASY,Daily Leads and Partners,10.3,0.008683240758475388,https://leetcode.com/problems/daily-leads-and-partners,Database
MEDIUM,XOR After Range Multiplication Queries I,10.3,0.0073288278843207134,https://leetcode.com/problems/xor-after-range-multiplication-queries-i,"Array, Divide and Conquer, Simulation, Prefix Sum"
MEDIUM,Largest Palindromic Number,10.3,0.0037350762933879064,https://leetcode.com/problems/largest-palindromic-number,"Hash Table, String, Greedy, Counting"
HARD,Minimum Cost to Make Array Equal,10.3,0.0046892037983929874,https://leetcode.com/problems/minimum-cost-to-make-array-equal,"Array, Binary Search, Greedy, Sorting, Prefix Sum"
MEDIUM,Closest Equal Element Queries,10.3,0.005135603593899185,https://leetcode.com/problems/closest-equal-element-queries,"Array, Hash Table, Binary Search"
MEDIUM,Minimum Absolute Distance Between Mirror Pairs,10.3,0.005917458656376251,https://leetcode.com/problems/minimum-absolute-distance-between-mirror-pairs,"Array, Hash Table, Math"
EASY,Two Furthest Houses With Different Colors,10.3,0.007169793340914432,https://leetcode.com/problems/two-furthest-houses-with-different-colors,"Array, Greedy"
MEDIUM,Sum of Distances,10.3,0.005029290669637806,https://leetcode.com/problems/sum-of-distances,"Array, Hash Table, Prefix Sum"
HARD,Maximum Score From Grid Operations,10.3,0.006421799436001482,https://leetcode.com/problems/maximum-score-from-grid-operations,"Array, Dynamic Programming, Matrix, Prefix Sum"
MEDIUM,Maximum Number of Jumps to Reach the Last Index,10.3,0.005116751361079253,https://leetcode.com/problems/maximum-number-of-jumps-to-reach-the-last-index,"Array, Dynamic Programming"
EASY,Reshape the Matrix,10.3,0.006541972066562974,https://leetcode.com/problems/reshape-the-matrix,"Array, Matrix, Simulation"
MEDIUM,Pancake Sorting,10.3,0.007188623653147608,https://leetcode.com/problems/pancake-sorting,"Array, Two Pointers, Greedy, Sorting"
HARD,Total Waviness of Numbers in Range II,10.3,0.005663151087010596,https://leetcode.com/problems/total-waviness-of-numbers-in-range-ii,"Math, Dynamic Programming"
MEDIUM,Maximum Total Subarray Value I,10.3,0.007195580163162201,https://leetcode.com/problems/maximum-total-subarray-value-i,"Array, Greedy"
EASY,Number of Strings That Appear as Substrings in Word,10.3,0.00861769665536731,https://leetcode.com/problems/number-of-strings-that-appear-as-substrings-in-word,"Array, String"
HARD,Network Recovery Pathways,10.3,0.005054648417981426,https://leetcode.com/problems/network-recovery-pathways,"Array, Binary Search, Dynamic Programming, Graph Theory, Topological Sort, Heap (Priority Queue), Shortest Path"
MEDIUM,Concatenate Non-Zero Digits and Multiply by Sum II,10.3,0.004266366498345187,https://leetcode.com/problems/concatenate-non-zero-digits-and-multiply-by-sum-ii,"Math, String, Prefix Sum"
HARD,Sorted GCD Pair Queries,10.3,0.005818630552106032,https://leetcode.com/problems/sorted-gcd-pair-queries,"Array, Hash Table, Math, Binary Search, Combinatorics, Counting, Number Theory, Prefix Sum, Euclidean Algorithm, Greatest Common Divisor"
EASY,Maximum Product of Two Digits,10.3,0.007570846202262981,https://leetcode.com/problems/maximum-product-of-two-digits,"Math, Sorting"
EASY,Smallest Missing Integer Greater Than Sequential Prefix Sum,10.3,0.0049970613572503965,https://leetcode.com/problems/smallest-missing-integer-greater-than-sequential-prefix-sum,"Array, Hash Table, Sorting"
MEDIUM,Graph Valid Tree,7.2,0.0050108892455387145,https://leetcode.com/problems/graph-valid-tree,"Depth-First Search, Breadth-First Search, Union-Find, Graph Theory"
HARD,Closest Binary Search Tree Value II,7.2,0.0061283965982161384,https://leetcode.com/problems/closest-binary-search-tree-value-ii,"Two Pointers, Stack, Tree, Depth-First Search, Binary Search Tree, Heap (Priority Queue), Binary Tree"
MEDIUM,Maximum Product of Word Lengths,7.2,0.006147866814996422,https://leetcode.com/problems/maximum-product-of-word-lengths,"Array, String, Bit Manipulation"
MEDIUM,Maximum Size Subarray Sum Equals k,7.2,0.005093501157091055,https://leetcode.com/problems/maximum-size-subarray-sum-equals-k,"Array, Hash Table, Prefix Sum"
HARD,Patching Array,7.2,0.005458011313610285,https://leetcode.com/problems/patching-array,"Array, Greedy"
MEDIUM,Plus One Linked List,7.2,0.006121895695364239,https://leetcode.com/problems/plus-one-linked-list,"Linked List, Math"
MEDIUM,Shuffle an Array,7.2,0.005993275360593911,https://leetcode.com/problems/shuffle-an-array,"Array, Math, Design, Randomized"
MEDIUM,Mini Parser,7.2,0.004332399522924583,https://leetcode.com/problems/mini-parser,"String, Stack, Depth-First Search"
MEDIUM,Longest Absolute File Path,7.2,0.004979197100538102,https://leetcode.com/problems/longest-absolute-file-path,"String, Stack, Depth-First Search"
MEDIUM,Random Pick Index,7.2,0.006512372289071319,https://leetcode.com/problems/random-pick-index,"Hash Table, Math, Reservoir Sampling, Randomized"
EASY,Convert a Number to Hexadecimal,7.2,0.005473439004102842,https://leetcode.com/problems/convert-a-number-to-hexadecimal,"Math, String, Bit Manipulation"
HARD,Strong Password Checker,7.2,0.0016265836020824846,https://leetcode.com/problems/strong-password-checker,"String, Greedy, Heap (Priority Queue)"
MEDIUM,Circular Array Loop,7.2,0.0038185646385647037,https://leetcode.com/problems/circular-array-loop,"Array, Hash Table, Two Pointers, Floyd's Cycle Finding Algorithm"
MEDIUM,Minimum Moves to Equal Array Elements II,7.2,0.006229422061925897,https://leetcode.com/problems/minimum-moves-to-equal-array-elements-ii,"Array, Math, Sorting"
EASY,Keyboard Row,7.2,0.0074272490313792424,https://leetcode.com/problems/keyboard-row,"Array, Hash Table, String"
MEDIUM,Find Bottom Left Tree Value,7.2,0.007252518422083749,https://leetcode.com/problems/find-bottom-left-tree-value,"Tree, Depth-First Search, Breadth-First Search, Binary Tree"
MEDIUM,Shopping Offers,7.2,0.005270919274645246,https://leetcode.com/problems/shopping-offers,"Array, Dynamic Programming, Backtracking, Bit Manipulation, Memoization, Bitmask, Knapsack Problem, Complete Knapsack"
HARD,Strange Printer,7.2,0.006098002294860102,https://leetcode.com/problems/strange-printer,"String, Dynamic Programming"
MEDIUM,My Calendar II,7.2,0.006343377373532191,https://leetcode.com/problems/my-calendar-ii,"Array, Binary Search, Design, Segment Tree, Prefix Sum, Ordered Set"
HARD,Reaching Points,7.2,0.003458701577599736,https://leetcode.com/problems/reaching-points,"Math, Euclidean Algorithm, Greatest Common Divisor"
EASY,Design HashSet,7.2,0.006836048569439832,https://leetcode.com/problems/design-hashset,"Array, Hash Table, Linked List, Design, Hash Function"
HARD,Count Unique Characters of All Substrings of a Given String,7.2,0.005393692904517582,https://leetcode.com/problems/count-unique-characters-of-all-substrings-of-a-given-string,"Hash Table, String, Dynamic Programming"
HARD,Super Egg Drop,7.2,0.003075075684053479,https://leetcode.com/problems/super-egg-drop,"Math, Binary Search, Dynamic Programming"
EASY,Increasing Order Search Tree,7.2,0.007908691695108078,https://leetcode.com/problems/increasing-order-search-tree,"Stack, Tree, Depth-First Search, Binary Search Tree, Binary Tree"
MEDIUM,Regions Cut By Slashes,7.2,0.007754371032379332,https://leetcode.com/problems/regions-cut-by-slashes,"Array, Hash Table, Depth-First Search, Breadth-First Search, Union-Find, Matrix, Planar Graph"
HARD,Minimum Number of K Consecutive Bit Flips,7.2,0.006240371506475801,https://leetcode.com/problems/minimum-number-of-k-consecutive-bit-flips,"Array, Bit Manipulation, Queue, Sliding Window, Prefix Sum, Brute-Force Search"
HARD,Stream of Characters,7.2,0.005275669011799821,https://leetcode.com/problems/stream-of-characters,"Array, String, Design, Trie, Data Stream, Aho–Corasick Algorithm"
EASY,Height Checker,7.2,0.008194217210980577,https://leetcode.com/problems/height-checker,"Array, Sorting, Counting Sort, Bubble Sort"
MEDIUM,Sort the Matrix Diagonally,7.2,0.008325728195395659,https://leetcode.com/problems/sort-the-matrix-diagonally,"Array, Sorting, Matrix"
MEDIUM,Remove Zero Sum Consecutive Nodes from Linked List,7.2,0.005328955051243696,https://leetcode.com/problems/remove-zero-sum-consecutive-nodes-from-linked-list,"Hash Table, Linked List"
EASY,Three Consecutive Odds,7.2,0.006932602222383616,https://leetcode.com/problems/three-consecutive-odds,Array
HARD,Kth Ancestor of a Tree Node,7.2,0.003942548604502108,https://leetcode.com/problems/kth-ancestor-of-a-tree-node,"Binary Search, Dynamic Programming, Bit Manipulation, Tree, Depth-First Search, Breadth-First Search, Design, Binary Lifting"
MEDIUM,Path with Maximum Gold,7.2,0.006856680932997079,https://leetcode.com/problems/path-with-maximum-gold,"Array, Backtracking, Matrix"
EASY,Check If It Is a Straight Line,7.2,0.0040247608774557665,https://leetcode.com/problems/check-if-it-is-a-straight-line,"Array, Math, Geometry"
HARD,Report Contiguous Dates,7.2,0.005707898408216092,https://leetcode.com/problems/report-contiguous-dates,Database
MEDIUM,Group the People Given the Group Size They Belong To,7.2,0.008751792081129769,https://leetcode.com/problems/group-the-people-given-the-group-size-they-belong-to,"Array, Hash Table, Greedy"
MEDIUM,Minimum Number of Steps to Make Two Strings Anagram,7.2,0.00825798447823202,https://leetcode.com/problems/minimum-number-of-steps-to-make-two-strings-anagram,"Hash Table, String, Counting"
MEDIUM,Time Needed to Inform All Employees,7.2,0.006057744746588049,https://leetcode.com/problems/time-needed-to-inform-all-employees,"Tree, Depth-First Search, Breadth-First Search"
EASY,Maximum Score After Splitting a String,7.2,0.006506300958595659,https://leetcode.com/problems/maximum-score-after-splitting-a-string,"String, Prefix Sum"
EASY,Count Odd Numbers in an Interval Range,7.2,0.005476896697745817,https://leetcode.com/problems/count-odd-numbers-in-an-interval-range,Math
MEDIUM,Dot Product of Two Sparse Vectors,7.2,0.008989200350449289,https://leetcode.com/problems/dot-product-of-two-sparse-vectors,"Array, Hash Table, Two Pointers, Design, Linear Algebra"
EASY,Widest Vertical Area Between Two Points Containing No Points,7.2,0.008712385631989155,https://leetcode.com/problems/widest-vertical-area-between-two-points-containing-no-points,"Array, Sorting"
MEDIUM,Merge In Between Linked Lists,7.2,0.008312785867872553,https://leetcode.com/problems/merge-in-between-linked-lists,Linked List
EASY,Get Maximum in Generated Array,7.2,0.0051632065476720015,https://leetcode.com/problems/get-maximum-in-generated-array,"Array, Simulation"
MEDIUM,Determine if Two Strings Are Close,7.2,0.005440471309975255,https://leetcode.com/problems/determine-if-two-strings-are-close,"Hash Table, String, Sorting, Counting"
EASY,Check If Two String Arrays are Equivalent,7.2,0.00861746388608936,https://leetcode.com/problems/check-if-two-string-arrays-are-equivalent,"Array, String"
EASY,Calculate Money in Leetcode Bank,7.2,0.008251369892107722,https://leetcode.com/problems/calculate-money-in-leetcode-bank,Math
MEDIUM,Process Tasks Using Servers,7.2,0.004206867870722434,https://leetcode.com/problems/process-tasks-using-servers,"Array, Heap (Priority Queue)"
EASY,Minimum Number of Moves to Seat Everyone,7.2,0.00871119408762558,https://leetcode.com/problems/minimum-number-of-moves-to-seat-everyone,"Array, Greedy, Sorting, Counting Sort"
HARD,Maximum Employees to Be Invited to a Meeting,7.2,0.006176873530313873,https://leetcode.com/problems/maximum-employees-to-be-invited-to-a-meeting,"Array, Dynamic Programming, Depth-First Search, Graph Theory, Topological Sort, Kosaraju's Algorithm, Tarjan's SCC Algorithm"
MEDIUM,Merge Nodes in Between Zeros,7.2,0.008970904046545469,https://leetcode.com/problems/merge-nodes-in-between-zeros,"Linked List, Simulation"
EASY,Minimum Bit Flips to Convert Number,7.2,0.008794642177740383,https://leetcode.com/problems/minimum-bit-flips-to-convert-number,Bit Manipulation
HARD,Longest Path With Different Adjacent Characters,7.2,0.005401307716874254,https://leetcode.com/problems/longest-path-with-different-adjacent-characters,"Array, String, Tree, Depth-First Search, Graph Theory, Topological Sort"
EASY,Decode the Message,7.2,0.008593737426840978,https://leetcode.com/problems/decode-the-message,"Hash Table, String"
HARD,Longest Cycle in a Graph,7.2,0.005104712511664633,https://leetcode.com/problems/longest-cycle-in-a-graph,"Depth-First Search, Breadth-First Search, Graph Theory, Topological Sort, Kosaraju's Algorithm, Tarjan's SCC Algorithm"
MEDIUM,Minimize Maximum of Array,7.2,0.004659470619662958,https://leetcode.com/problems/minimize-maximum-of-array,"Array, Binary Search, Dynamic Programming, Greedy, Prefix Sum"
EASY,Difference Between Element Sum and Digit Sum of an Array,7.2,0.008542924269775749,https://leetcode.com/problems/difference-between-element-sum-and-digit-sum-of-an-array,"Array, Math"
MEDIUM,Count the Number of Good Subarrays,7.2,0.0065732672397810325,https://leetcode.com/problems/count-the-number-of-good-subarrays,"Array, Hash Table, Sliding Window"
MEDIUM,Maximum Subsequence Score,7.2,0.005493649420901799,https://leetcode.com/problems/maximum-subsequence-score,"Array, Greedy, Sorting, Heap (Priority Queue)"
EASY,Sleep,7.2,0.0087315885334178,https://leetcode.com/problems/sleep,
EASY,Apply Transform Over Each Element in Array,7.2,0.008618083473430304,https://leetcode.com/problems/apply-transform-over-each-element-in-array,
EASY,Number of Employees Who Met the Target,7.2,0.008771130264644864,https://leetcode.com/problems/number-of-employees-who-met-the-target,Array
EASY,Display the First Three Rows,7.2,0.009297622755112634,https://leetcode.com/problems/display-the-first-three-rows,
EASY,Find Words Containing Character,7.2,0.009041328323839535,https://leetcode.com/problems/find-words-containing-character,"Array, String"
MEDIUM,Minimum Array End,7.2,0.005529706461013506,https://leetcode.com/problems/minimum-array-end,Bit Manipulation
EASY,Group Sold Products By The Date,7.2,0.007817980695777665,https://leetcode.com/problems/group-sold-products-by-the-date,Database
MEDIUM,Longest Turbulent Subarray,7.2,0.004940246586364389,https://leetcode.com/problems/longest-turbulent-subarray,"Array, Dynamic Programming, Sliding Window"
MEDIUM,Minimum Deletions to Make String Balanced,7.2,0.006815859339201876,https://leetcode.com/problems/minimum-deletions-to-make-string-balanced,"String, Dynamic Programming, Stack"
EASY,Degree of an Array,7.2,0.005860269701141978,https://leetcode.com/problems/degree-of-an-array,"Array, Hash Table"
HARD,Dinner Plate Stacks,7.2,0.0033934322405034297,https://leetcode.com/problems/dinner-plate-stacks,"Hash Table, Stack, Design, Heap (Priority Queue)"
MEDIUM,Maximize Score of Numbers in Ranges,7.2,0.0035680241065090467,https://leetcode.com/problems/maximize-score-of-numbers-in-ranges,"Array, Binary Search, Greedy, Sorting"
EASY,Check if Two Chessboard Squares Have the Same Color,7.2,0.007219444200758351,https://leetcode.com/problems/check-if-two-chessboard-squares-have-the-same-color,"Math, String"
MEDIUM,Count Nodes With the Highest Score,7.2,0.005281579810296457,https://leetcode.com/problems/count-nodes-with-the-highest-score,"Array, Tree, Depth-First Search, Binary Tree, DP on Trees"
HARD,Robot Collisions,7.2,0.006163538152037891,https://leetcode.com/problems/robot-collisions,"Array, Stack, Sorting, Simulation"
MEDIUM,Prime Palindrome,7.2,0.0028509390241926334,https://leetcode.com/problems/prime-palindrome,"Math, Number Theory, Primality Test"
MEDIUM,Maximal Score After Applying K Operations,7.2,0.006418697924455232,https://leetcode.com/problems/maximal-score-after-applying-k-operations,"Array, Greedy, Heap (Priority Queue)"
MEDIUM,Split a String Into the Max Number of Unique Substrings,7.2,0.006874678831261325,https://leetcode.com/problems/split-a-string-into-the-max-number-of-unique-substrings,"Hash Table, String, Backtracking"
EASY,Sort the People,7.2,0.008480904725575552,https://leetcode.com/problems/sort-the-people,"Array, Hash Table, String, Sorting"
MEDIUM,Finding the Users Active Minutes,7.2,0.008095785269640108,https://leetcode.com/problems/finding-the-users-active-minutes,"Array, Hash Table"
MEDIUM,Grid Game,7.2,0.006087752399581101,https://leetcode.com/problems/grid-game,"Array, Matrix, Prefix Sum"
MEDIUM,Largest Combination With Bitwise AND Greater Than Zero,7.2,0.00807305759567066,https://leetcode.com/problems/largest-combination-with-bitwise-and-greater-than-zero,"Array, Hash Table, Bit Manipulation, Counting"
MEDIUM,Flip Columns For Maximum Number of Equal Rows,7.2,0.007850657022932157,https://leetcode.com/problems/flip-columns-for-maximum-number-of-equal-rows,"Array, Hash Table, Matrix"
MEDIUM,Maximum Number of Removable Characters,7.2,0.004767209248457537,https://leetcode.com/problems/maximum-number-of-removable-characters,"Array, Two Pointers, String, Binary Search"
HARD,Minimum Operations to Make a Subsequence,7.2,0.005001167610485142,https://leetcode.com/problems/minimum-operations-to-make-a-subsequence,"Array, Hash Table, Binary Search, Greedy, Longest Increasing Subsequence"
HARD,Find Building Where Alice and Bob Can Meet,7.2,0.005257066213033237,https://leetcode.com/problems/find-building-where-alice-and-bob-can-meet,"Array, Binary Search, Stack, Binary Indexed Tree, Segment Tree, Heap (Priority Queue), Monotonic Stack"
MEDIUM,All People Report to the Given Manager,7.2,0.0083802010903676,https://leetcode.com/problems/all-people-report-to-the-given-manager,Database
MEDIUM,Count Ways To Build Good Strings,7.2,0.005884266294565346,https://leetcode.com/problems/count-ways-to-build-good-strings,Dynamic Programming
MEDIUM,Construct K Palindrome Strings,7.2,0.006851005866214332,https://leetcode.com/problems/construct-k-palindrome-strings,"Hash Table, String, Greedy, Counting"
HARD,Minimum Cost to Make at Least One Valid Path in a Grid,7.2,0.007112809220543213,https://leetcode.com/problems/minimum-cost-to-make-at-least-one-valid-path-in-a-grid,"Array, Breadth-First Search, Graph Theory, Heap (Priority Queue), Matrix, Shortest Path, 0-1 BFS, Dijkstra's Algorithm"
MEDIUM,Paint House IV,7.2,0.004589132134480063,https://leetcode.com/problems/paint-house-iv,"Array, Dynamic Programming"
EASY,Maximum Ascending Subarray Sum,7.2,0.0066285117250986765,https://leetcode.com/problems/maximum-ascending-subarray-sum,Array
MEDIUM,Tuple with Same Product,7.2,0.007006543056238213,https://leetcode.com/problems/tuple-with-same-product,"Array, Hash Table, Counting"
MEDIUM,Find the Number of Distinct Colors Among the Balls,7.2,0.0054072049627075245,https://leetcode.com/problems/find-the-number-of-distinct-colors-among-the-balls,"Array, Hash Table, Simulation"
MEDIUM,Stock Price Fluctuation ,7.2,0.004925222796734553,https://leetcode.com/problems/stock-price-fluctuation,"Hash Table, Design, Heap (Priority Queue), Data Stream, Ordered Set"
MEDIUM,Minimum Operations to Exceed Threshold Value II,7.2,0.004578243788313047,https://leetcode.com/problems/minimum-operations-to-exceed-threshold-value-ii,"Array, Heap (Priority Queue), Simulation"
HARD,Escape a Large Maze,7.2,0.0037030110110606042,https://leetcode.com/problems/escape-a-large-maze,"Array, Hash Table, Depth-First Search, Breadth-First Search, Bidirectional Search"
MEDIUM,Minimum Score of a Path Between Two Cities,7.2,0.006624271211578787,https://leetcode.com/problems/minimum-score-of-a-path-between-two-cities,"Depth-First Search, Breadth-First Search, Union-Find, Graph Theory"
HARD,Divide Nodes Into the Maximum Number of Groups,7.2,0.006685879839096017,https://leetcode.com/problems/divide-nodes-into-the-maximum-number-of-groups,"Depth-First Search, Breadth-First Search, Union-Find, Graph Theory"
EASY,Minimum Operations to Make the Array Increasing,7.2,0.008235287396379052,https://leetcode.com/problems/minimum-operations-to-make-the-array-increasing,"Array, Greedy"
MEDIUM,Rank Teams by Votes,7.2,0.005999509862590548,https://leetcode.com/problems/rank-teams-by-votes,"Array, Hash Table, String, Sorting, Counting"
EASY,Minimum Recolors to Get K Consecutive Black Blocks,7.2,0.006893947094967019,https://leetcode.com/problems/minimum-recolors-to-get-k-consecutive-black-blocks,"String, Sliding Window"
HARD,Sliding Puzzle,7.2,0.007455241808372254,https://leetcode.com/problems/sliding-puzzle,"Array, Dynamic Programming, Backtracking, Breadth-First Search, Memoization, Matrix, Heuristic Search, Bidirectional Search, A* Search"
EASY,N-ary Tree Preorder Traversal,7.2,0.007693203584311688,https://leetcode.com/problems/n-ary-tree-preorder-traversal,"Stack, Tree, Depth-First Search"
EASY,Divide Array Into Equal Pairs,7.2,0.007922885572139304,https://leetcode.com/problems/divide-array-into-equal-pairs,"Array, Hash Table, Bit Manipulation, Counting"
MEDIUM,Parallel Courses,7.2,0.0062361528928101505,https://leetcode.com/problems/parallel-courses,"Graph Theory, Topological Sort, Directed Acyclic Graph"
HARD,Data Stream as Disjoint Intervals,7.2,0.006049047254303723,https://leetcode.com/problems/data-stream-as-disjoint-intervals,"Hash Table, Binary Search, Union-Find, Design, Data Stream, Ordered Set"
HARD,Find the Kth Smallest Sum of a Matrix With Sorted Rows,7.2,0.006245536826372166,https://leetcode.com/problems/find-the-kth-smallest-sum-of-a-matrix-with-sorted-rows,"Array, Binary Search, Heap (Priority Queue), Matrix"
MEDIUM,Check if Grid can be Cut into Sections,7.2,0.00680329527732473,https://leetcode.com/problems/check-if-grid-can-be-cut-into-sections,"Array, Sorting"
MEDIUM,Count of Substrings Containing Every Vowel and K Consonants II,7.2,0.004074959318297143,https://leetcode.com/problems/count-of-substrings-containing-every-vowel-and-k-consonants-ii,"Hash Table, String, Sliding Window"
MEDIUM,Maximum Value of an Ordered Triplet II,7.2,0.005625100709696855,https://leetcode.com/problems/maximum-value-of-an-ordered-triplet-ii,"Array, Prefix Sum"
EASY,Binary Tree Tilt,7.2,0.006630062177812888,https://leetcode.com/problems/binary-tree-tilt,"Tree, Depth-First Search, Binary Tree, DP on Trees"
MEDIUM,String Without AAA or BBB,7.2,0.004557481621327841,https://leetcode.com/problems/string-without-aaa-or-bbb,"String, Greedy"
MEDIUM,Finding Pairs With a Certain Sum,7.2,0.006154366988351633,https://leetcode.com/problems/finding-pairs-with-a-certain-sum,"Array, Hash Table, Design"
HARD,Count the Number of Ideal Arrays,7.2,0.005690617034578945,https://leetcode.com/problems/count-the-number-of-ideal-arrays,"Math, Dynamic Programming, Combinatorics, Number Theory, Prime Factorization, Fermat's Little Theorem"
MEDIUM,Push Dominoes,7.2,0.006306377625714379,https://leetcode.com/problems/push-dominoes,"Two Pointers, String, Dynamic Programming"
MEDIUM,Find Minimum Time to Reach Last Room II,7.2,0.00672724783516446,https://leetcode.com/problems/find-minimum-time-to-reach-last-room-ii,"Array, Graph Theory, Heap (Priority Queue), Matrix, Shortest Path"
MEDIUM,Count Collisions of Monkeys on a Polygon,7.2,0.0030393634660522404,https://leetcode.com/problems/count-collisions-of-monkeys-on-a-polygon,"Math, Recursion"
EASY,Max Pair Sum in an Array,7.2,0.006121219133570527,https://leetcode.com/problems/max-pair-sum-in-an-array,"Array, Hash Table"
MEDIUM,Find the Lexicographically Largest String From the Box I,7.2,0.004093887655174925,https://leetcode.com/problems/find-the-lexicographically-largest-string-from-the-box-i,"Two Pointers, String, Enumeration"
HARD,Maximum Difference Between Even and Odd Frequency II,7.2,0.0048367925839334905,https://leetcode.com/problems/maximum-difference-between-even-and-odd-frequency-ii,"String, Sliding Window, Enumeration, Prefix Sum"
EASY,Maximum Difference Between Adjacent Elements in a Circular Array,7.2,0.007561469842924009,https://leetcode.com/problems/maximum-difference-between-adjacent-elements-in-a-circular-array,Array
EASY,Surface Area of 3D Shapes,7.2,0.007127763251723319,https://leetcode.com/problems/surface-area-of-3d-shapes,"Array, Math, Geometry, Matrix"
EASY,Check if All Characters Have Equal Number of Occurrences,7.2,0.007963356049603396,https://leetcode.com/problems/check-if-all-characters-have-equal-number-of-occurrences,"Hash Table, String, Counting"
EASY,Check if All the Integers in a Range Are Covered,7.2,0.005126615537565687,https://leetcode.com/problems/check-if-all-the-integers-in-a-range-are-covered,"Array, Hash Table, Prefix Sum"
MEDIUM,Count Nodes Equal to Average of Subtree,7.2,0.008679580616289477,https://leetcode.com/problems/count-nodes-equal-to-average-of-subtree,"Tree, Depth-First Search, Binary Tree"
MEDIUM,Longest Binary Subsequence Less Than or Equal to K,7.2,0.0052736582252341895,https://leetcode.com/problems/longest-binary-subsequence-less-than-or-equal-to-k,"String, Dynamic Programming, Greedy, Memoization"
EASY,Minimum Distance Between BST Nodes,7.2,0.006176286005278861,https://leetcode.com/problems/minimum-distance-between-bst-nodes,"Tree, Depth-First Search, Breadth-First Search, Binary Search Tree, Binary Tree"
HARD,Find the K-th Character in String Game II,7.2,0.004842936499292016,https://leetcode.com/problems/find-the-k-th-character-in-string-game-ii,"Math, Bit Manipulation, Recursion"
EASY,Minimum Cost to Move Chips to The Same Position,7.2,0.0073131532364215535,https://leetcode.com/problems/minimum-cost-to-move-chips-to-the-same-position,"Array, Math, Greedy"
MEDIUM,Reschedule Meetings for Maximum Free Time II,7.2,0.006007367106293795,https://leetcode.com/problems/reschedule-meetings-for-maximum-free-time-ii,"Array, Greedy, Enumeration"
HARD,The Earliest and Latest Rounds Where Players Compete,7.2,0.007205348527317006,https://leetcode.com/problems/the-earliest-and-latest-rounds-where-players-compete,"Dynamic Programming, Memoization"
HARD,Minimize Malware Spread,7.2,0.004339433082167205,https://leetcode.com/problems/minimize-malware-spread,"Array, Hash Table, Depth-First Search, Breadth-First Search, Union-Find, Graph Theory"
EASY,Construct the Rectangle,7.2,0.006486511055480189,https://leetcode.com/problems/construct-the-rectangle,Math
EASY,Check Balanced String,7.2,0.008310673344027544,https://leetcode.com/problems/check-balanced-string,String
MEDIUM,Longest Non-decreasing Subarray From Two Arrays,7.2,0.00314988367680301,https://leetcode.com/problems/longest-non-decreasing-subarray-from-two-arrays,"Array, Dynamic Programming"
EASY,Maximum Depth of N-ary Tree,7.2,0.007375902672555532,https://leetcode.com/problems/maximum-depth-of-n-ary-tree,"Tree, Depth-First Search, Breadth-First Search"
HARD,Maximum Fruits Harvested After at Most K Steps,7.2,0.006098296417752828,https://leetcode.com/problems/maximum-fruits-harvested-after-at-most-k-steps,"Array, Binary Search, Sliding Window, Prefix Sum"
EASY,Patients With a Condition,7.2,0.003916651972686992,https://leetcode.com/problems/patients-with-a-condition,Database
HARD,Analyze Organization Hierarchy,7.2,0.00619671100869383,https://leetcode.com/problems/analyze-organization-hierarchy,Database
MEDIUM,Matchsticks to Square,7.2,0.004219489582726074,https://leetcode.com/problems/matchsticks-to-square,"Array, Dynamic Programming, Backtracking, Bit Manipulation, Bitmask"
MEDIUM,Count Salary Categories,7.2,0.006511278370468919,https://leetcode.com/problems/count-salary-categories,Database
EASY,Minimum Time Visiting All Points,7.2,0.008484558542412172,https://leetcode.com/problems/minimum-time-visiting-all-points,"Array, Math, Geometry"
MEDIUM,Maximum Number of Occurrences of a Substring,7.2,0.005480654487297779,https://leetcode.com/problems/maximum-number-of-occurrences-of-a-substring,"Hash Table, String, Sliding Window"
EASY,Find Closest Person,7.2,0.008900038901547329,https://leetcode.com/problems/find-closest-person,Math
EASY,Find Most Frequent Vowel and Consonant,7.2,0.008925696744096105,https://leetcode.com/problems/find-most-frequent-vowel-and-consonant,"Hash Table, String, Counting"
EASY,Maximum Number of Words You Can Type,7.2,0.008293671488622959,https://leetcode.com/problems/maximum-number-of-words-you-can-type,"Hash Table, String"
EASY,Unique Email Addresses,7.2,0.006796213621099359,https://leetcode.com/problems/unique-email-addresses,"Array, Hash Table, String"
MEDIUM,Ugly Number III,7.2,0.0031865263563862754,https://leetcode.com/problems/ugly-number-iii,"Math, Binary Search, Combinatorics, Number Theory, Least Common Multiple, Euclidean Algorithm, Greatest Common Divisor, Inclusion-Exclusion Principle"
EASY,Alternating Digit Sum,7.2,0.006958387429066019,https://leetcode.com/problems/alternating-digit-sum,Math
MEDIUM,Friends Of Appropriate Ages,7.2,0.0049984238967277096,https://leetcode.com/problems/friends-of-appropriate-ages,"Array, Two Pointers, Binary Search, Sorting"
MEDIUM,Binary Tree Coloring Game,7.2,0.005309481283372453,https://leetcode.com/problems/binary-tree-coloring-game,"Tree, Depth-First Search, Binary Tree"
HARD,Maximum Frequency of an Element After Performing Operations II,7.2,0.0053618487894086945,https://leetcode.com/problems/maximum-frequency-of-an-element-after-performing-operations-ii,"Array, Binary Search, Sliding Window, Sorting, Prefix Sum"
EASY,Smallest Number With All Set Bits,7.2,0.008012704663771478,https://leetcode.com/problems/smallest-number-with-all-set-bits,"Math, Bit Manipulation"
HARD,Number of Good Paths,7.2,0.0056548312960063955,https://leetcode.com/problems/number-of-good-paths,"Array, Hash Table, Tree, Union-Find, Graph Theory, Sorting"
MEDIUM,Maximum and Minimum Sums of at Most Size K Subsequences,7.2,0.002218808839560004,https://leetcode.com/problems/maximum-and-minimum-sums-of-at-most-size-k-subsequences,"Array, Math, Dynamic Programming, Sorting, Combinatorics"
MEDIUM,Minimum Time to Make Rope Colorful,7.2,0.006518978862639468,https://leetcode.com/problems/minimum-time-to-make-rope-colorful,"Array, String, Dynamic Programming, Greedy"
MEDIUM,Power Grid Maintenance,7.2,0.005590893834023284,https://leetcode.com/problems/power-grid-maintenance,"Array, Hash Table, Depth-First Search, Breadth-First Search, Union-Find, Graph Theory, Heap (Priority Queue), Ordered Set"
EASY,Count Operations to Obtain Zero,7.2,0.007977104791949442,https://leetcode.com/problems/count-operations-to-obtain-zero,"Math, Simulation"
MEDIUM,Minimum Number of Operations to Make All Array Elements Equal to 1,7.2,0.0054732895970009375,https://leetcode.com/problems/minimum-number-of-operations-to-make-all-array-elements-equal-to-1,"Array, Math, Number Theory, Euclidean Algorithm, Greatest Common Divisor"
MEDIUM,Maximum Number of Operations to Move Ones to the End,7.2,0.006691219690430675,https://leetcode.com/problems/maximum-number-of-operations-to-move-ones-to-the-end,"String, Greedy, Counting"
EASY,Find Minimum Operations to Make All Elements Divisible by Three,7.2,0.009062714776632303,https://leetcode.com/problems/find-minimum-operations-to-make-all-elements-divisible-by-three,"Array, Math"
HARD,Paths in Matrix Whose Sum Is Divisible by K,7.2,0.005870994180804851,https://leetcode.com/problems/paths-in-matrix-whose-sum-is-divisible-by-k,"Array, Dynamic Programming, Matrix"
HARD,Car Fleet II,7.2,0.005830410043807382,https://leetcode.com/problems/car-fleet-ii,"Array, Math, Stack, Heap (Priority Queue), Monotonic Stack"
HARD,Maximum Running Time of N Computers,7.2,0.0056378038356855046,https://leetcode.com/problems/maximum-running-time-of-n-computers,"Array, Binary Search, Greedy, Sorting"
EASY,Sign of the Product of an Array,7.2,0.0064685422556937525,https://leetcode.com/problems/sign-of-the-product-of-an-array,"Array, Math"
EASY,Count Largest Group,7.2,0.007467370196739962,https://leetcode.com/problems/count-largest-group,"Hash Table, Math, Counting"
EASY,Find Followers Count,7.2,0.006960912201052168,https://leetcode.com/problems/find-followers-count,Database
HARD,Perfect Rectangle,7.2,0.003888214285714286,https://leetcode.com/problems/perfect-rectangle,"Array, Hash Table, Math, Geometry, Sweep Line"
HARD,Smallest Good Base,7.2,0.004711239016794572,https://leetcode.com/problems/smallest-good-base,"Math, Binary Search"
EASY,  Count Symmetric Integers,7.2,0.008317319796954315,https://leetcode.com/problems/count-symmetric-integers,"Math, Enumeration"
HARD,Divide an Array Into Subarrays With Minimum Cost II,7.2,0.005444558998635031,https://leetcode.com/problems/divide-an-array-into-subarrays-with-minimum-cost-ii,"Array, Hash Table, Sliding Window, Heap (Priority Queue)"
HARD,Non-negative Integers without Consecutive Ones,7.2,0.004310188598107876,https://leetcode.com/problems/non-negative-integers-without-consecutive-ones,Dynamic Programming
MEDIUM,3Sum With Multiplicity,7.2,0.0046427930353616954,https://leetcode.com/problems/3sum-with-multiplicity,"Array, Hash Table, Two Pointers, Sorting, Counting"
HARD,Minimum Edge Reversals So Every Node Is Reachable,7.2,0.005979358462807338,https://leetcode.com/problems/minimum-edge-reversals-so-every-node-is-reachable,"Dynamic Programming, Depth-First Search, Breadth-First Search, Graph Theory"
EASY,Minimum Absolute Difference in BST,7.2,0.005966372496099498,https://leetcode.com/problems/minimum-absolute-difference-in-bst,"Tree, Depth-First Search, Breadth-First Search, Binary Search Tree, Binary Tree"
HARD,Longest Balanced Subarray II,7.2,0.003380345768880801,https://leetcode.com/problems/longest-balanced-subarray-ii,"Array, Hash Table, Divide and Conquer, Segment Tree, Prefix Sum"
MEDIUM,Happy Students,7.2,0.005083640812893112,https://leetcode.com/problems/happy-students,"Array, Sorting, Enumeration"
EASY,Binary Number with Alternating Bits,7.2,0.007000372295809205,https://leetcode.com/problems/binary-number-with-alternating-bits,Bit Manipulation
EASY,Special Positions in a Binary Matrix,7.2,0.007273245495030157,https://leetcode.com/problems/special-positions-in-a-binary-matrix,"Array, Matrix"
MEDIUM,Minimum Number of Flips to Make the Binary String Alternating,7.2,0.005369425310990028,https://leetcode.com/problems/minimum-number-of-flips-to-make-the-binary-string-alternating,"String, Dynamic Programming, Sliding Window"
HARD,Merge BSTs to Create Single BST,7.2,0.0039689963331357185,https://leetcode.com/problems/merge-bsts-to-create-single-bst,"Array, Hash Table, Tree, Depth-First Search, Binary Search Tree, Binary Tree"
HARD,Find All Possible Stable Binary Arrays II,7.2,0.005846838824577026,https://leetcode.com/problems/find-all-possible-stable-binary-arrays-ii,"Dynamic Programming, Prefix Sum"
HARD,Maximize Spanning Tree Stability with Upgrades,7.2,0.006580014766067213,https://leetcode.com/problems/maximize-spanning-tree-stability-with-upgrades,"Binary Search, Greedy, Union-Find, Graph Theory, Minimum Spanning Tree"
MEDIUM,Minimum Number of Seconds to Make Mountain Height Zero,7.2,0.005830959732127327,https://leetcode.com/problems/minimum-number-of-seconds-to-make-mountain-height-zero,"Array, Math, Binary Search, Greedy, Heap (Priority Queue)"
HARD,Fancy Sequence,7.2,0.004164344890424451,https://leetcode.com/problems/fancy-sequence,"Math, Design, Segment Tree, Number Theory, Fermat's Little Theorem"
MEDIUM,Largest Submatrix With Rearrangements,7.2,0.008019162177085976,https://leetcode.com/problems/largest-submatrix-with-rearrangements,"Array, Greedy, Sorting, Matrix"
MEDIUM,Grid Teleportation Traversal,7.2,0.0023860506803552515,https://leetcode.com/problems/grid-teleportation-traversal,"Array, Hash Table, Breadth-First Search, Matrix"
MEDIUM,Maximum Amount of Money Robot Can Earn,7.2,0.004774293202676778,https://leetcode.com/problems/maximum-amount-of-money-robot-can-earn,"Array, Dynamic Programming, Matrix"
HARD,Maximum Walls Destroyed by Robots,7.2,0.00478452385351613,https://leetcode.com/problems/maximum-walls-destroyed-by-robots,"Array, Binary Search, Dynamic Programming, Sorting"
HARD,XOR After Range Multiplication Queries II,7.2,0.004755323046859097,https://leetcode.com/problems/xor-after-range-multiplication-queries-ii,"Array, Divide and Conquer, Prefix Sum"
HARD,Minimum Deletions to Make Array Divisible,7.2,0.006169699760098868,https://leetcode.com/problems/minimum-deletions-to-make-array-divisible,"Array, Math, Sorting, Heap (Priority Queue), Number Theory, Euclidean Algorithm, Greatest Common Divisor"
EASY,Find Mode in Binary Search Tree,7.2,0.005925458841790077,https://leetcode.com/problems/find-mode-in-binary-search-tree,"Tree, Depth-First Search, Binary Search Tree, Binary Tree"
EASY,Reverse Only Letters,7.2,0.006892838369913418,https://leetcode.com/problems/reverse-only-letters,"Two Pointers, String"
EASY,Shortest Distance to Target String in a Circular Array,7.2,0.006504896897709248,https://leetcode.com/problems/shortest-distance-to-target-string-in-a-circular-array,"Array, String"
EASY,Subtract the Product and Sum of Digits of an Integer,7.2,0.008660751409107348,https://leetcode.com/problems/subtract-the-product-and-sum-of-digits-of-an-integer,Math
MEDIUM,Minimum Operations to Make a Uni-Value Grid,7.2,0.007075967721598789,https://leetcode.com/problems/minimum-operations-to-make-a-uni-value-grid,"Array, Math, Sorting, Matrix"
MEDIUM,Score After Flipping Matrix,7.2,0.008028886365654101,https://leetcode.com/problems/score-after-flipping-matrix,"Array, Greedy, Bit Manipulation, Matrix"
MEDIUM,Jump Game IX,7.2,0.00463370999638964,https://leetcode.com/problems/jump-game-ix,"Array, Dynamic Programming"
MEDIUM,Minimum Jumps to Reach End via Prime Teleportation,7.2,0.004451501892728971,https://leetcode.com/problems/minimum-jumps-to-reach-end-via-prime-teleportation,"Array, Hash Table, Math, Breadth-First Search, Number Theory"
HARD,Parallel Courses II,7.2,0.0031333649432099832,https://leetcode.com/problems/parallel-courses-ii,"Dynamic Programming, Bit Manipulation, Graph Theory, Bitmask, Directed Acyclic Graph"
MEDIUM,Minimum Swaps to Group All 1's Together,7.2,0.006128295435117114,https://leetcode.com/problems/minimum-swaps-to-group-all-1s-together,"Array, Sliding Window"
HARD,Jump Game V,7.2,0.007579587892716304,https://leetcode.com/problems/jump-game-v,"Array, Dynamic Programming, Sorting"
HARD,Longest Common Suffix Queries,7.2,0.005262763102589802,https://leetcode.com/problems/longest-common-suffix-queries,"Array, String, Trie"
HARD,Odd Even Jump,7.2,0.004146624144368389,https://leetcode.com/problems/odd-even-jump,"Array, Dynamic Programming, Stack, Sorting, Monotonic Stack, Ordered Set"
EASY,Minimum Number Game,7.2,0.00857547417995368,https://leetcode.com/problems/minimum-number-game,"Array, Sorting, Heap (Priority Queue), Simulation"
EASY,Left and Right Sum Differences,7.2,0.008967580905919393,https://leetcode.com/problems/left-and-right-sum-differences,"Array, Prefix Sum"
MEDIUM,Bag of Tokens,7.2,0.005985302023130746,https://leetcode.com/problems/bag-of-tokens,"Array, Two Pointers, Greedy, Sorting"
MEDIUM,Number of Ways to Assign Edge Weights I,7.2,0.006397718851693141,https://leetcode.com/problems/number-of-ways-to-assign-edge-weights-i,"Math, Tree, Depth-First Search"
HARD,Maximum Building Height,7.2,0.0066980539861895795,https://leetcode.com/problems/maximum-building-height,"Array, Math, Sorting"
EASY,Maximum Number of Balloons,7.2,0.006426839590652519,https://leetcode.com/problems/maximum-number-of-balloons,"Hash Table, String, Counting"
MEDIUM,Find the Safest Path in a Grid,7.2,0.00573493338530718,https://leetcode.com/problems/find-the-safest-path-in-a-grid,"Array, Binary Search, Breadth-First Search, Union-Find, Heap (Priority Queue), Matrix"
HARD,Minimum Adjacent Swaps for K Consecutive Ones,7.2,0.004254421730450187,https://leetcode.com/problems/minimum-adjacent-swaps-for-k-consecutive-ones,"Array, Greedy, Sliding Window, Prefix Sum"
MEDIUM,Path Existence Queries in a Graph I,7.2,0.007022988164802894,https://leetcode.com/problems/path-existence-queries-in-a-graph-i,"Array, Hash Table, Binary Search, Union-Find, Graph Theory"
EASY,Maximum Count of Positive Integer and Negative Integer,7.2,0.007423279278436327,https://leetcode.com/problems/maximum-count-of-positive-integer-and-negative-integer,"Array, Binary Search, Counting"
HARD,Minimum Number of Operations to Make Array Continuous,7.2,0.005176232360944124,https://leetcode.com/problems/minimum-number-of-operations-to-make-array-continuous,"Array, Hash Table, Binary Search, Sliding Window"
MEDIUM,Matrix Block Sum,7.2,0.007686633071847888,https://leetcode.com/problems/matrix-block-sum,"Array, Matrix, Prefix Sum"
MEDIUM,Number of Unique XOR Triplets II,7.2,0.005290759353843798,https://leetcode.com/problems/number-of-unique-xor-triplets-ii,"Array, Math, Bit Manipulation, Enumeration"
HARD,Stone Game III,7.2,0.006793165135982349,https://leetcode.com/problems/stone-game-iii,"Array, Math, Dynamic Programming, Minimax, Game Theory, Zero-Sum Game"
MEDIUM,Remove Methods From Project,7.2,0.007019047619047619,https://leetcode.com/problems/remove-methods-from-project,"Depth-First Search, Breadth-First Search, Graph Theory"
MEDIUM,Find the Lexicographically Smallest Valid Sequence,7.2,0.005782590753205356,https://leetcode.com/problems/find-the-lexicographically-smallest-valid-sequence,"Two Pointers, String, Dynamic Programming, Greedy"
MEDIUM,Longest Substring with At Most Two Distinct Characters,5.0,0.005714937303254846,https://leetcode.com/problems/longest-substring-with-at-most-two-distinct-characters,"Hash Table, String, Sliding Window"
EASY,Hamming Distance,5.0,0.007700365832917163,https://leetcode.com/problems/hamming-distance,Bit Manipulation
MEDIUM,Validate IP Address,5.0,0.0028461729828343973,https://leetcode.com/problems/validate-ip-address,String
MEDIUM,Magical String,5.0,0.005610982774614839,https://leetcode.com/problems/magical-string,"Two Pointers, String"
MEDIUM,Beautiful Arrangement,5.0,0.006492686170212765,https://leetcode.com/problems/beautiful-arrangement,"Array, Dynamic Programming, Backtracking, Bit Manipulation, Bitmask"
HARD,Erect the Fence,5.0,0.00533224885669562,https://leetcode.com/problems/erect-the-fence,"Array, Math, Geometry, Convex Hull, Polygons"
MEDIUM,Print Binary Tree,5.0,0.006686662727293127,https://leetcode.com/problems/print-binary-tree,"Tree, Depth-First Search, Breadth-First Search, Binary Tree"
MEDIUM,Longest Word in Dictionary,5.0,0.005532313258128293,https://leetcode.com/problems/longest-word-in-dictionary,"Array, Hash Table, String, Trie, Sorting"
MEDIUM,Convert Binary Search Tree to Sorted Doubly Linked List,5.0,0.006563038298305715,https://leetcode.com/problems/convert-binary-search-tree-to-sorted-doubly-linked-list,"Linked List, Stack, Tree, Depth-First Search, Binary Search Tree, Binary Tree, Doubly-Linked List"
MEDIUM,Letter Case Permutation,5.0,0.007603348585442898,https://leetcode.com/problems/letter-case-permutation,"String, Backtracking, Bit Manipulation"
HARD,Sum of Distances in Tree,5.0,0.00657527972937809,https://leetcode.com/problems/sum-of-distances-in-tree,"Dynamic Programming, Tree, Depth-First Search, Graph Theory, DP on Trees"
HARD,Similar String Groups,5.0,0.005653289726818007,https://leetcode.com/problems/similar-string-groups,"Array, Hash Table, String, Depth-First Search, Breadth-First Search, Union-Find"
MEDIUM,Longest Mountain in Array,5.0,0.004245252571938576,https://leetcode.com/problems/longest-mountain-in-array,"Array, Two Pointers, Dynamic Programming, Enumeration"
MEDIUM,Advantage Shuffle,5.0,0.005491733785502332,https://leetcode.com/problems/advantage-shuffle,"Array, Two Pointers, Greedy, Sorting"
MEDIUM,Decoded String at Index,5.0,0.0037500934770046566,https://leetcode.com/problems/decoded-string-at-index,"String, Stack"
MEDIUM,Construct Binary Tree from Preorder and Postorder Traversal,5.0,0.007806889071578089,https://leetcode.com/problems/construct-binary-tree-from-preorder-and-postorder-traversal,"Array, Hash Table, Divide and Conquer, Tree, Binary Tree"
MEDIUM,Beautiful Array,5.0,0.007034720906238815,https://leetcode.com/problems/beautiful-array,"Array, Math, Divide and Conquer"
MEDIUM,Flip Equivalent Binary Trees,5.0,0.006949722085058432,https://leetcode.com/problems/flip-equivalent-binary-trees,"Tree, Depth-First Search, Binary Tree"
MEDIUM,Check Completeness of a Binary Tree,5.0,0.00594530790315868,https://leetcode.com/problems/check-completeness-of-a-binary-tree,"Tree, Breadth-First Search, Binary Tree"
MEDIUM,Number of Enclaves,5.0,0.007218154110968109,https://leetcode.com/problems/number-of-enclaves,"Array, Depth-First Search, Breadth-First Search, Union-Find, Matrix"
MEDIUM,Meeting Scheduler,5.0,0.005520927377126142,https://leetcode.com/problems/meeting-scheduler,"Array, Two Pointers, Sorting"
MEDIUM,Lowest Common Ancestor of Deepest Leaves,5.0,0.00795227847553321,https://leetcode.com/problems/lowest-common-ancestor-of-deepest-leaves,"Hash Table, Tree, Depth-First Search, Breadth-First Search, Binary Tree, Binary Lifting, Lowest Common Ancestor, DP on Trees"
EASY,Element Appearing More Than 25% In Sorted Array,5.0,0.006133721265860783,https://leetcode.com/problems/element-appearing-more-than-25-in-sorted-array,Array
EASY,Number of Days Between Two Dates,5.0,0.005330887125979678,https://leetcode.com/problems/number-of-days-between-two-dates,"Math, String"
MEDIUM,Reverse Substrings Between Each Pair of Parentheses,5.0,0.007208293278599081,https://leetcode.com/problems/reverse-substrings-between-each-pair-of-parentheses,"String, Stack, Bracket Sequences"
MEDIUM,Minimum Moves to Reach Target Score,5.0,0.005259337878107523,https://leetcode.com/problems/minimum-moves-to-reach-target-score,"Math, Greedy"
MEDIUM,Path with Maximum Probability,5.0,0.006572399841144303,https://leetcode.com/problems/path-with-maximum-probability,"Array, Graph Theory, Heap (Priority Queue), Shortest Path, Dijkstra's Algorithm"
MEDIUM,Number of Closed Islands,5.0,0.006725113449393818,https://leetcode.com/problems/number-of-closed-islands,"Array, Depth-First Search, Breadth-First Search, Union-Find, Matrix"
MEDIUM,XOR Queries of a Subarray,5.0,0.0077987647428292275,https://leetcode.com/problems/xor-queries-of-a-subarray,"Array, Bit Manipulation, Prefix Sum"
MEDIUM,Longest ZigZag Path in a Binary Tree,5.0,0.006734697994700953,https://leetcode.com/problems/longest-zigzag-path-in-a-binary-tree,"Dynamic Programming, Tree, Depth-First Search, Binary Tree, DP on Trees"
MEDIUM,Linked List in Binary Tree,5.0,0.005201400751205374,https://leetcode.com/problems/linked-list-in-binary-tree,"Linked List, Tree, Depth-First Search, Binary Tree"
MEDIUM,Diagonal Traverse II,5.0,0.005834538188820444,https://leetcode.com/problems/diagonal-traverse-ii,"Array, Sorting, Heap (Priority Queue)"
MEDIUM,Minimum Difference Between Largest and Smallest Value in Three Moves,5.0,0.00591977365461284,https://leetcode.com/problems/minimum-difference-between-largest-and-smallest-value-in-three-moves,"Array, Greedy, Sorting"
HARD,String Compression II,5.0,0.00522064228445695,https://leetcode.com/problems/string-compression-ii,"String, Dynamic Programming"
MEDIUM,Minimum Suffix Flips,5.0,0.007397059295987321,https://leetcode.com/problems/minimum-suffix-flips,"String, Greedy"
EASY,Make The String Great,5.0,0.006866265607373756,https://leetcode.com/problems/make-the-string-great,"String, Stack"
MEDIUM,Maximum Number of Coins You Can Get,5.0,0.008485218184282845,https://leetcode.com/problems/maximum-number-of-coins-you-can-get,"Array, Math, Greedy, Sorting, Game Theory"
EASY,Sum of All Odd Length Subarrays,5.0,0.008410470242699824,https://leetcode.com/problems/sum-of-all-odd-length-subarrays,"Array, Math, Prefix Sum"
EASY,Special Array With X Elements Greater Than or Equal X,5.0,0.006691728694255348,https://leetcode.com/problems/special-array-with-x-elements-greater-than-or-equal-x,"Array, Binary Search, Sorting"
EASY,Maximum Repeating Substring,5.0,0.004218876454167217,https://leetcode.com/problems/maximum-repeating-substring,"String, Dynamic Programming, String Matching"
HARD,Minimum Number of Removals to Make Mountain Array,5.0,0.0054786583927644815,https://leetcode.com/problems/minimum-number-of-removals-to-make-mountain-array,"Array, Binary Search, Dynamic Programming, Greedy"
MEDIUM,Maximum Score From Removing Substrings,5.0,0.00664117013387033,https://leetcode.com/problems/maximum-score-from-removing-substrings,"String, Stack, Greedy"
EASY,Sorting the Sentence,5.0,0.008418769850756463,https://leetcode.com/problems/sorting-the-sentence,"String, Sorting, Bubble Sort"
MEDIUM,Minimum Non-Zero Product of the Array Elements,5.0,0.0037640142491859162,https://leetcode.com/problems/minimum-non-zero-product-of-the-array-elements,"Math, Greedy, Recursion"
MEDIUM,Minimum Number of Work Sessions to Finish the Tasks,5.0,0.003524455010832678,https://leetcode.com/problems/minimum-number-of-work-sessions-to-finish-the-tasks,"Array, Dynamic Programming, Backtracking, Bit Manipulation, Bitmask"
EASY,Convert 1D Array Into 2D Array,5.0,0.007241294146702889,https://leetcode.com/problems/convert-1d-array-into-2d-array,"Array, Matrix, Simulation"
EASY,Remove Digit From Number to Maximize Result,5.0,0.004876866161726719,https://leetcode.com/problems/remove-digit-from-number-to-maximize-result,"String, Greedy, Enumeration"
HARD,Minimum Number of Operations to Make Arrays Similar,5.0,0.006153663581188756,https://leetcode.com/problems/minimum-number-of-operations-to-make-arrays-similar,"Array, Greedy, Sorting"
HARD,Split Message Based on Limit,5.0,0.004206958073148974,https://leetcode.com/problems/split-message-based-on-limit,"String, Enumeration"
EASY,Take Gifts From the Richest Pile,5.0,0.00754576211737024,https://leetcode.com/problems/take-gifts-from-the-richest-pile,"Array, Heap (Priority Queue), Simulation"
MEDIUM,The Number of Beautiful Subsets,5.0,0.005099449835859494,https://leetcode.com/problems/the-number-of-beautiful-subsets,"Array, Hash Table, Math, Dynamic Programming, Backtracking, Sorting, Combinatorics"
EASY,Function Composition,5.0,0.008678089205666737,https://leetcode.com/problems/function-composition,
EASY,Buy Two Chocolates,5.0,0.006843136909169988,https://leetcode.com/problems/buy-two-chocolates,"Array, Greedy, Sorting"
HARD,Minimum Cost Walk in Weighted Graph,5.0,0.00679925732447997,https://leetcode.com/problems/minimum-cost-walk-in-weighted-graph,"Array, Bit Manipulation, Union-Find, Graph Theory"
MEDIUM,Special Array II,5.0,0.004575590254452509,https://leetcode.com/problems/special-array-ii,"Array, Binary Search, Prefix Sum"
MEDIUM,Find the Number of Good Pairs II,5.0,0.0026732438415855504,https://leetcode.com/problems/find-the-number-of-good-pairs-ii,"Array, Hash Table"
HARD,Minimum Interval to Include Each Query,5.0,0.005493270226297885,https://leetcode.com/problems/minimum-interval-to-include-each-query,"Array, Binary Search, Sweep Line, Sorting, Heap (Priority Queue)"
HARD,Minimum Cost to Convert String II,5.0,0.005916595668355678,https://leetcode.com/problems/minimum-cost-to-convert-string-ii,"Array, String, Dynamic Programming, Graph Theory, Trie, Shortest Path"
HARD,Check if the Rectangle Corner Is Reachable,5.0,0.0025177615866009613,https://leetcode.com/problems/check-if-the-rectangle-corner-is-reachable,"Array, Math, Depth-First Search, Breadth-First Search, Union-Find, Geometry"
MEDIUM,HTML Entity Parser,5.0,0.005002898639165192,https://leetcode.com/problems/html-entity-parser,"Hash Table, String"
MEDIUM,Find Elements in a Contaminated Binary Tree,5.0,0.008413962755143532,https://leetcode.com/problems/find-elements-in-a-contaminated-binary-tree,"Hash Table, Tree, Depth-First Search, Breadth-First Search, Design, Binary Tree"
EASY,Longest Strictly Increasing or Strictly Decreasing Subarray,5.0,0.006492994489389143,https://leetcode.com/problems/longest-strictly-increasing-or-strictly-decreasing-subarray,Array
MEDIUM,Lexicographically Smallest String After Substring Operation,5.0,0.003538936665558037,https://leetcode.com/problems/lexicographically-smallest-string-after-substring-operation,"String, Greedy"
MEDIUM,Find the Longest Substring Containing Vowels in Even Counts,5.0,0.007557476549567776,https://leetcode.com/problems/find-the-longest-substring-containing-vowels-in-even-counts,"Hash Table, String, Bit Manipulation, Prefix Sum"
HARD,Count the Number of Inversions,5.0,0.003156249164907405,https://leetcode.com/problems/count-the-number-of-inversions,"Array, Dynamic Programming"
EASY,Uncommon Words from Two Sentences,5.0,0.007581859977099668,https://leetcode.com/problems/uncommon-words-from-two-sentences,"Hash Table, String, Counting"
EASY,Two Sum III - Data structure design,5.0,0.003924056546677341,https://leetcode.com/problems/two-sum-iii-data-structure-design,"Array, Hash Table, Two Pointers, Design, Data Stream"
HARD,Encrypt and Decrypt Strings,5.0,0.0038737068329786563,https://leetcode.com/problems/encrypt-and-decrypt-strings,"Array, Hash Table, String, Design, Trie"
MEDIUM,Design Circular Deque,5.0,0.006487375121190406,https://leetcode.com/problems/design-circular-deque,"Array, Linked List, Design, Queue"
HARD,Minimize Max Distance to Gas Station,5.0,0.005403121765881735,https://leetcode.com/problems/minimize-max-distance-to-gas-station,"Array, Binary Search"
MEDIUM,Sentence Similarity III,5.0,0.00483954557380113,https://leetcode.com/problems/sentence-similarity-iii,"Array, Two Pointers, String"
EASY,Number of Changing Keys,5.0,0.008099915476667111,https://leetcode.com/problems/number-of-changing-keys,String
MEDIUM,Minimum Insertions to Balance a Parentheses String,5.0,0.005366856083151121,https://leetcode.com/problems/minimum-insertions-to-balance-a-parentheses-string,"String, Stack, Greedy, Bracket Sequences"
MEDIUM,Word Pattern II,5.0,0.004913576860883031,https://leetcode.com/problems/word-pattern-ii,"Hash Table, String, Backtracking"
MEDIUM,Divide Intervals Into Minimum Number of Groups,5.0,0.006358807780310468,https://leetcode.com/problems/divide-intervals-into-minimum-number-of-groups,"Array, Two Pointers, Greedy, Sorting, Heap (Priority Queue), Prefix Sum"
HARD,Random Pick with Blacklist,5.0,0.003537646029540425,https://leetcode.com/problems/random-pick-with-blacklist,"Array, Hash Table, Math, Binary Search, Sorting, Randomized"
MEDIUM,Complete Binary Tree Inserter,5.0,0.0065193807317584715,https://leetcode.com/problems/complete-binary-tree-inserter,"Tree, Breadth-First Search, Design, Binary Tree"
MEDIUM,Minimum Division Operations to Make Array Non Decreasing,5.0,0.0029209411764705884,https://leetcode.com/problems/minimum-division-operations-to-make-array-non-decreasing,"Array, Math, Greedy, Number Theory"
MEDIUM,The Most Recent Orders for Each Product,5.0,0.006500956648296839,https://leetcode.com/problems/the-most-recent-orders-for-each-product,Database
MEDIUM,Find if Array Can Be Sorted,5.0,0.006639617281843209,https://leetcode.com/problems/find-if-array-can-be-sorted,"Array, Bit Manipulation, Sorting"
MEDIUM,Simple Bank System,5.0,0.006956944291634577,https://leetcode.com/problems/simple-bank-system,"Array, Hash Table, Design, Simulation"
MEDIUM,Prime Subtraction Operation,5.0,0.005541937166307525,https://leetcode.com/problems/prime-subtraction-operation,"Array, Math, Binary Search, Greedy, Number Theory"
MEDIUM,Length of the Longest Alphabetical Continuous Substring,5.0,0.0061102650824287705,https://leetcode.com/problems/length-of-the-longest-alphabetical-continuous-substring,String
MEDIUM,The Maze II,5.0,0.005519873673188486,https://leetcode.com/problems/the-maze-ii,"Array, Depth-First Search, Breadth-First Search, Graph Theory, Heap (Priority Queue), Matrix, Shortest Path, Dijkstra's Algorithm, Heuristic Search, A* Search"
EASY,Reshape Data: Pivot,5.0,0.00829466801938902,https://leetcode.com/problems/reshape-data-pivot,
HARD,Minimum Time to Visit a Cell In a Grid,5.0,0.005612331211449528,https://leetcode.com/problems/minimum-time-to-visit-a-cell-in-a-grid,"Array, Breadth-First Search, Graph Theory, Heap (Priority Queue), Matrix, Shortest Path"
HARD,Valid Arrangement of Pairs,5.0,0.006674081705927348,https://leetcode.com/problems/valid-arrangement-of-pairs,"Array, Depth-First Search, Graph Theory, Eulerian Circuit, Eulerian Path, Semi-Eulerian Graph"
EASY,Check If a Word Occurs As a Prefix of Any Word in a Sentence,5.0,0.00688016540597337,https://leetcode.com/problems/check-if-a-word-occurs-as-a-prefix-of-any-word-in-a-sentence,"Two Pointers, String, String Matching"
HARD,Minimum Operations to Make Array Equal to Target,5.0,0.004168271684198397,https://leetcode.com/problems/minimum-operations-to-make-array-equal-to-target,"Array, Dynamic Programming, Stack, Greedy, Monotonic Stack"
HARD,Maximum Number of K-Divisible Components,5.0,0.007392598701579527,https://leetcode.com/problems/maximum-number-of-k-divisible-components,"Tree, Depth-First Search"
HARD,Maximum Strength of K Disjoint Subarrays,5.0,0.0028376267344625843,https://leetcode.com/problems/maximum-strength-of-k-disjoint-subarrays,"Array, Dynamic Programming, Prefix Sum"
MEDIUM,Count Collisions on a Road,5.0,0.005806202848480575,https://leetcode.com/problems/count-collisions-on-a-road,"String, Stack, Simulation"
EASY,Button with Longest Push Time,5.0,0.0041097568909804595,https://leetcode.com/problems/button-with-longest-push-time,Array
MEDIUM,Largest Element in an Array after Merge Operations,5.0,0.004825278901858525,https://leetcode.com/problems/largest-element-in-an-array-after-merge-operations,"Array, Greedy"
MEDIUM,Minimum Time to Collect All Apples in a Tree,5.0,0.006384314825575571,https://leetcode.com/problems/minimum-time-to-collect-all-apples-in-a-tree,"Hash Table, Tree, Depth-First Search, Breadth-First Search, DP on Trees"
MEDIUM,Maximum XOR After Operations ,5.0,0.0079902966521036,https://leetcode.com/problems/maximum-xor-after-operations,"Array, Math, Bit Manipulation"
MEDIUM,Maximum Number of Fish in a Grid,5.0,0.007036196056375862,https://leetcode.com/problems/maximum-number-of-fish-in-a-grid,"Array, Depth-First Search, Breadth-First Search, Union-Find, Matrix"
MEDIUM,Maximum Possible Number by Binary Concatenation,5.0,0.006574571324964169,https://leetcode.com/problems/maximum-possible-number-by-binary-concatenation,"Array, Bit Manipulation, Enumeration"
MEDIUM,Range Addition,5.0,0.0073086651436031335,https://leetcode.com/problems/range-addition,"Array, Prefix Sum"
EASY,Check if Matrix Is X-Matrix,5.0,0.0066926314730346124,https://leetcode.com/problems/check-if-matrix-is-x-matrix,"Array, Matrix"
MEDIUM,Select K Disjoint Special Substrings,5.0,0.0019506045879016073,https://leetcode.com/problems/select-k-disjoint-special-substrings,"Hash Table, String, Dynamic Programming, Greedy, Sorting"
MEDIUM,Sentence Similarity II,5.0,0.005140107267123332,https://leetcode.com/problems/sentence-similarity-ii,"Array, Hash Table, String, Depth-First Search, Breadth-First Search, Union-Find"
EASY,Find Common Elements Between Two Arrays,5.0,0.008474140866758465,https://leetcode.com/problems/find-common-elements-between-two-arrays,"Array, Hash Table"
MEDIUM,Count Days Without Meetings,5.0,0.004820923486662812,https://leetcode.com/problems/count-days-without-meetings,"Array, Sorting"
MEDIUM,Minimum Index of a Valid Split,5.0,0.007552614222328816,https://leetcode.com/problems/minimum-index-of-a-valid-split,"Array, Hash Table, Sorting"
HARD,Maximum Score of Non-overlapping Intervals,5.0,0.003093430174975239,https://leetcode.com/problems/maximum-score-of-non-overlapping-intervals,"Array, Binary Search, Dynamic Programming, Sorting"
MEDIUM,Remove Stones to Minimize the Total,5.0,0.0066098249576510455,https://leetcode.com/problems/remove-stones-to-minimize-the-total,"Array, Greedy, Heap (Priority Queue)"
MEDIUM,Number of Subarrays That Match a Pattern I,5.0,0.006887562006246555,https://leetcode.com/problems/number-of-subarrays-that-match-a-pattern-i,"Array, Rolling Hash, String Matching, Hash Function"
MEDIUM,Describe the Painting,5.0,0.005293034673212642,https://leetcode.com/problems/describe-the-painting,"Array, Hash Table, Sorting, Prefix Sum"
HARD,Zuma Game,5.0,0.0029360087380651966,https://leetcode.com/problems/zuma-game,"String, Dynamic Programming, Stack, Breadth-First Search, Memoization"
EASY,Merge Two 2D Arrays by Summing Values,5.0,0.008165802837547774,https://leetcode.com/problems/merge-two-2d-arrays-by-summing-values,"Array, Hash Table, Two Pointers"
MEDIUM,Pizza Toppings Cost Analysis,5.0,0.0069048843187660665,https://leetcode.com/problems/pizza-toppings-cost-analysis,Database
MEDIUM,Maximum Profit From Trading Stocks,5.0,0.004837233901890784,https://leetcode.com/problems/maximum-profit-from-trading-stocks,"Array, Dynamic Programming"
MEDIUM,Minimum Number of Swaps to Make the Binary String Alternating,5.0,0.004406463568654761,https://leetcode.com/problems/minimum-number-of-swaps-to-make-the-binary-string-alternating,"String, Greedy"
HARD,Minimum Amount of Damage Dealt to Bob,5.0,0.004032310004293688,https://leetcode.com/problems/minimum-amount-of-damage-dealt-to-bob,"Array, Greedy, Sorting"
HARD,Painting a Grid With Three Different Colors,5.0,0.007693910096680951,https://leetcode.com/problems/painting-a-grid-with-three-different-colors,"Dynamic Programming, Graph Coloring"
HARD,Manhattan Distances of All Arrangements of Pieces,5.0,0.0035981878376023695,https://leetcode.com/problems/manhattan-distances-of-all-arrangements-of-pieces,"Math, Combinatorics"
MEDIUM,Integer Replacement,5.0,0.003789084290592644,https://leetcode.com/problems/integer-replacement,"Dynamic Programming, Greedy, Bit Manipulation, Memoization"
HARD,Tiling a Rectangle with the Fewest Squares,5.0,0.005528043482495958,https://leetcode.com/problems/tiling-a-rectangle-with-the-fewest-squares,Backtracking
MEDIUM,Count Beautiful Splits in an Array,5.0,0.001910682226211849,https://leetcode.com/problems/count-beautiful-splits-in-an-array,"Array, Dynamic Programming"
MEDIUM,Binary Tree Longest Consecutive Sequence,5.0,0.005483659487986364,https://leetcode.com/problems/binary-tree-longest-consecutive-sequence,"Tree, Depth-First Search, Binary Tree, DP on Trees"
EASY,Maximum Value of an Ordered Triplet I,5.0,0.005807263180923211,https://leetcode.com/problems/maximum-value-of-an-ordered-triplet-i,"Array, Prefix Sum"
MEDIUM,Zero Array Transformation III,5.0,0.005473782020146559,https://leetcode.com/problems/zero-array-transformation-iii,"Array, Two Pointers, Greedy, Sorting, Heap (Priority Queue), Prefix Sum"
HARD,Year on Year Growth Rate,5.0,0.005150430748840291,https://leetcode.com/problems/year-on-year-growth-rate,Database
HARD,Count the Number of Arrays with K Matching Adjacent Elements,5.0,0.005824228109228704,https://leetcode.com/problems/count-the-number-of-arrays-with-k-matching-adjacent-elements,"Math, Combinatorics, Fermat's Little Theorem"
EASY,Delete Greatest Value in Each Row,5.0,0.008046844374754997,https://leetcode.com/problems/delete-greatest-value-in-each-row,"Array, Sorting, Heap (Priority Queue), Matrix, Simulation"
HARD,Longest Subsequence Repeated k Times,5.0,0.007092608197543956,https://leetcode.com/problems/longest-subsequence-repeated-k-times,"Hash Table, Two Pointers, String, Backtracking, Counting, Enumeration"
EASY,Longest Nice Substring,5.0,0.006466817377505462,https://leetcode.com/problems/longest-nice-substring,"Hash Table, String, Divide and Conquer, Bit Manipulation, Sliding Window"
MEDIUM,Longest Common Prefix Between Adjacent Strings After Removals,5.0,0.0032390061131926644,https://leetcode.com/problems/longest-common-prefix-between-adjacent-strings-after-removals,"Array, String"
HARD,Kth Smallest Instructions,5.0,0.0044682593199113765,https://leetcode.com/problems/kth-smallest-instructions,"Array, Math, Dynamic Programming, Combinatorics"
MEDIUM,Maximum Beauty of an Array After Applying Operation,5.0,0.0058351565038449035,https://leetcode.com/problems/maximum-beauty-of-an-array-after-applying-operation,"Array, Binary Search, Sliding Window, Sorting"
EASY,Find Special Substring of Length K,5.0,0.003531145192276383,https://leetcode.com/problems/find-special-substring-of-length-k,String
EASY,Game Play Analysis II,5.0,0.005483612869673058,https://leetcode.com/problems/game-play-analysis-ii,Database
MEDIUM,Check Knight Tour Configuration,5.0,0.006197775924939978,https://leetcode.com/problems/check-knight-tour-configuration,"Array, Depth-First Search, Breadth-First Search, Matrix, Simulation"
HARD,Maximum Number of Visible Points,5.0,0.0038392405852091366,https://leetcode.com/problems/maximum-number-of-visible-points,"Array, Math, Geometry, Sliding Window, Sorting"
HARD,Minimize the Maximum Adjacent Element Difference,5.0,0.0020172323759791123,https://leetcode.com/problems/minimize-the-maximum-adjacent-element-difference,"Array, Binary Search, Greedy"
MEDIUM,Inorder Successor in BST,5.0,0.005126154562447365,https://leetcode.com/problems/inorder-successor-in-bst,"Tree, Depth-First Search, Binary Search Tree, Binary Tree"
MEDIUM,Maximum Size of a Set After Removals,5.0,0.004699971602699928,https://leetcode.com/problems/maximum-size-of-a-set-after-removals,"Array, Hash Table, Greedy"
EASY,Maximum Difference by Remapping a Digit,5.0,0.007554443234594786,https://leetcode.com/problems/maximum-difference-by-remapping-a-digit,"Math, Greedy"
EASY,Find Valid Pair of Adjacent Digits in String,5.0,0.006123495564906942,https://leetcode.com/problems/find-valid-pair-of-adjacent-digits-in-string,"Hash Table, String, Counting"
MEDIUM,Collecting Chocolates,5.0,0.0035455697046469763,https://leetcode.com/problems/collecting-chocolates,"Array, Enumeration"
HARD,Number of Ways to Form a Target String Given a Dictionary,5.0,0.0056329701288478275,https://leetcode.com/problems/number-of-ways-to-form-a-target-string-given-a-dictionary,"Array, String, Dynamic Programming"
MEDIUM,Remove Duplicates From an Unsorted Linked List,5.0,0.00756870129385883,https://leetcode.com/problems/remove-duplicates-from-an-unsorted-linked-list,"Hash Table, Linked List"
MEDIUM,Alice and Bob Playing Flower Game,5.0,0.005990653169794592,https://leetcode.com/problems/alice-and-bob-playing-flower-game,Math
MEDIUM,Balanced K-Factor Decomposition,5.0,0.004053012945354565,https://leetcode.com/problems/balanced-k-factor-decomposition,"Math, Backtracking, Number Theory"
HARD,Find the Largest Palindrome Divisible by K,5.0,0.0017177339553293752,https://leetcode.com/problems/find-the-largest-palindrome-divisible-by-k,"Math, String, Dynamic Programming, Greedy, Number Theory"
EASY,Reshape Data: Melt,5.0,0.008594861480889225,https://leetcode.com/problems/reshape-data-melt,
MEDIUM,Sort the Students by Their Kth Score,5.0,0.008605482935575049,https://leetcode.com/problems/sort-the-students-by-their-kth-score,"Array, Sorting, Matrix"
MEDIUM,Maximize Greatness of an Array,5.0,0.006211726338968405,https://leetcode.com/problems/maximize-greatness-of-an-array,"Array, Two Pointers, Greedy, Sorting"
MEDIUM,Water Bottles II,5.0,0.007806811724378127,https://leetcode.com/problems/water-bottles-ii,"Math, Simulation"
MEDIUM,Count Substrings That Can Be Rearranged to Contain a String I,5.0,0.004356547594120357,https://leetcode.com/problems/count-substrings-that-can-be-rearranged-to-contain-a-string-i,"Hash Table, String, Sliding Window"
HARD,Sort Items by Groups Respecting Dependencies,5.0,0.006602288848954885,https://leetcode.com/problems/sort-items-by-groups-respecting-dependencies,"Depth-First Search, Breadth-First Search, Graph Theory, Topological Sort, Directed Acyclic Graph"
EASY,Minimum Number of Chairs in a Waiting Room,5.0,0.007965289220826467,https://leetcode.com/problems/minimum-number-of-chairs-in-a-waiting-room,"String, Simulation"
MEDIUM,Minimum Operations to Write the Letter Y on a Grid,5.0,0.006479741732713856,https://leetcode.com/problems/minimum-operations-to-write-the-letter-y-on-a-grid,"Array, Hash Table, Matrix, Counting"
MEDIUM,Count Number of Ways to Place Houses,5.0,0.004417214722510673,https://leetcode.com/problems/count-number-of-ways-to-place-houses,Dynamic Programming
MEDIUM,Two-Letter Card Game,5.0,0.0013184660091581544,https://leetcode.com/problems/two-letter-card-game,"Array, Hash Table, String, Counting, Enumeration"
MEDIUM,Sequence Reconstruction,5.0,0.0031076051252942765,https://leetcode.com/problems/sequence-reconstruction,"Array, Graph Theory, Topological Sort, Directed Acyclic Graph"
MEDIUM,Maximum Value after Insertion,5.0,0.003960303204889236,https://leetcode.com/problems/maximum-value-after-insertion,"String, Greedy"
HARD,Delete Duplicate Folders in System,5.0,0.00772256520377578,https://leetcode.com/problems/delete-duplicate-folders-in-system,"Array, Hash Table, String, Depth-First Search, Trie, Sorting, Hash Function"
EASY,Longest Subsequence With Limited Sum,5.0,0.007375916896332416,https://leetcode.com/problems/longest-subsequence-with-limited-sum,"Array, Binary Search, Greedy, Sorting, Prefix Sum"
HARD,Sum of Perfect Square Ancestors,5.0,0.004127797249932597,https://leetcode.com/problems/sum-of-perfect-square-ancestors,"Array, Hash Table, Math, Tree, Depth-First Search, Counting, Number Theory"
EASY,Consecutive Characters,5.0,0.006041911412919596,https://leetcode.com/problems/consecutive-characters,String
MEDIUM,Non-decreasing Subsequences,5.0,0.006300010699795547,https://leetcode.com/problems/non-decreasing-subsequences,"Array, Hash Table, Backtracking, Bit Manipulation"
MEDIUM,Stable Subarrays With Equal Boundary and Interior Sum,5.0,0.0026653158671818555,https://leetcode.com/problems/stable-subarrays-with-equal-boundary-and-interior-sum,"Array, Hash Table, Prefix Sum"
MEDIUM,Count Unguarded Cells in the Grid,5.0,0.006915744915981726,https://leetcode.com/problems/count-unguarded-cells-in-the-grid,"Array, Matrix, Simulation"
MEDIUM,Wiggle Sort,5.0,0.006850320924261875,https://leetcode.com/problems/wiggle-sort,"Array, Greedy, Sorting"
HARD,Minimum Unique Word Abbreviation,5.0,0.004055345461978741,https://leetcode.com/problems/minimum-unique-word-abbreviation,"Array, String, Backtracking, Bit Manipulation"
MEDIUM,Minimum Time for K Connected Components,5.0,0.004517688367283135,https://leetcode.com/problems/minimum-time-for-k-connected-components,"Binary Search, Union-Find, Graph Theory, Sorting"
MEDIUM,Minimum Operations to Make Array Equal,5.0,0.008274924162377722,https://leetcode.com/problems/minimum-operations-to-make-array-equal,Math
EASY,Count Partitions with Even Sum Difference,5.0,0.008511766452531213,https://leetcode.com/problems/count-partitions-with-even-sum-difference,"Array, Math, Prefix Sum"
MEDIUM,Shortest Distance After Road Addition Queries I,5.0,0.006193564910153351,https://leetcode.com/problems/shortest-distance-after-road-addition-queries-i,"Array, Breadth-First Search, Graph Theory"
MEDIUM,Count the Number of Computer Unlocking Permutations,5.0,0.0058951629876320055,https://leetcode.com/problems/count-the-number-of-computer-unlocking-permutations,"Array, Math, Brainteaser, Combinatorics"
EASY,Find the Array Concatenation Value,5.0,0.007209452736318408,https://leetcode.com/problems/find-the-array-concatenation-value,"Array, Two Pointers, Simulation"
EASY,Binary Prefix Divisible By 5,5.0,0.005373181611911673,https://leetcode.com/problems/binary-prefix-divisible-by-5,"Array, Bit Manipulation"
MEDIUM,Operations on Tree,5.0,0.004577888658211064,https://leetcode.com/problems/operations-on-tree,"Array, Hash Table, Tree, Depth-First Search, Breadth-First Search, Design"
HARD,Maximize Cyclic Partition Score,5.0,0.0014432989690721647,https://leetcode.com/problems/maximize-cyclic-partition-score,"Array, Dynamic Programming"
MEDIUM,Implement Router,5.0,0.003901492164736364,https://leetcode.com/problems/implement-router,"Array, Hash Table, Binary Search, Design, Queue, Ordered Set"
EASY,Range Addition II,5.0,0.005913189745665178,https://leetcode.com/problems/range-addition-ii,"Array, Math"
HARD,Delete Columns to Make Sorted III,5.0,0.0072627614499966376,https://leetcode.com/problems/delete-columns-to-make-sorted-iii,"Array, String, Dynamic Programming"
MEDIUM,Four Divisors,5.0,0.005653002567250809,https://leetcode.com/problems/four-divisors,"Array, Math, Prime Factorization, Sieve Theory"
EASY,Lucky Numbers in a Matrix,5.0,0.008022490251201596,https://leetcode.com/problems/lucky-numbers-in-a-matrix,"Array, Matrix"
MEDIUM,Sparse Matrix Multiplication,5.0,0.006934027670785443,https://leetcode.com/problems/sparse-matrix-multiplication,"Array, Hash Table, Matrix, Linear Algebra"
MEDIUM,Smallest Subtree with all the Deepest Nodes,5.0,0.007769331607919312,https://leetcode.com/problems/smallest-subtree-with-all-the-deepest-nodes,"Hash Table, Tree, Depth-First Search, Breadth-First Search, Binary Tree, Binary Lifting, Lowest Common Ancestor, DP on Trees"
MEDIUM,Restore the Array From Adjacent Pairs,5.0,0.007512477437469558,https://leetcode.com/problems/restore-the-array-from-adjacent-pairs,"Array, Hash Table, Depth-First Search"
MEDIUM,Find Original Array From Doubled Array,5.0,0.004090648749579426,https://leetcode.com/problems/find-original-array-from-doubled-array,"Array, Hash Table, Greedy, Sorting"
MEDIUM,Number of Substrings With Only 1s,5.0,0.005735682171004447,https://leetcode.com/problems/number-of-substrings-with-only-1s,"Math, String"
MEDIUM,Promise Time Limit,5.0,0.008329075943721363,https://leetcode.com/problems/promise-time-limit,
MEDIUM,Maximum Sum of Three Numbers Divisible by Three,5.0,0.004762170012135198,https://leetcode.com/problems/maximum-sum-of-three-numbers-divisible-by-three,"Array, Greedy, Sorting, Heap (Priority Queue)"
MEDIUM,Non-decreasing Array,5.0,0.0025562915381217664,https://leetcode.com/problems/non-decreasing-array,Array
MEDIUM,Implement Trie II (Prefix Tree),5.0,0.006357698218967544,https://leetcode.com/problems/implement-trie-ii-prefix-tree,"Hash Table, String, Design, Trie"
MEDIUM,Minimize the Maximum of Two Arrays,5.0,0.0032650214791810016,https://leetcode.com/problems/minimize-the-maximum-of-two-arrays,"Math, Binary Search, Number Theory, Least Common Multiple, Inclusion-Exclusion Principle"
EASY,Minimum Value to Get Positive Step by Step Sum,5.0,0.006483150644648701,https://leetcode.com/problems/minimum-value-to-get-positive-step-by-step-sum,"Array, Prefix Sum"
MEDIUM,Frog Jump II,5.0,0.006258547100052817,https://leetcode.com/problems/frog-jump-ii,"Array, Binary Search, Greedy"
MEDIUM,Design Spreadsheet,5.0,0.0073535660451259895,https://leetcode.com/problems/design-spreadsheet,"Array, Hash Table, String, Design, Matrix"
MEDIUM,Array Nesting,5.0,0.005685739122681883,https://leetcode.com/problems/array-nesting,"Array, Depth-First Search"
HARD,Max Sum of Rectangle No Larger Than K,5.0,0.004590276249259853,https://leetcode.com/problems/max-sum-of-rectangle-no-larger-than-k,"Array, Binary Search, Matrix, Prefix Sum, Ordered Set"
MEDIUM,Vowels Game in a String,5.0,0.007692202258807313,https://leetcode.com/problems/vowels-game-in-a-string,"Math, String, Brainteaser, Game Theory"
MEDIUM,Minimum Addition to Make Integer Beautiful,5.0,0.0038955318740115587,https://leetcode.com/problems/minimum-addition-to-make-integer-beautiful,"Math, Greedy"
EASY,Minimum Hours of Training to Win a Competition,5.0,0.004272826030727847,https://leetcode.com/problems/minimum-hours-of-training-to-win-a-competition,"Array, Greedy"
EASY,Ant on the Boundary,5.0,0.007432720304374925,https://leetcode.com/problems/ant-on-the-boundary,"Array, Simulation, Prefix Sum"
HARD,Maximum Number of Points From Grid Queries,5.0,0.005923719349933473,https://leetcode.com/problems/maximum-number-of-points-from-grid-queries,"Array, Two Pointers, Breadth-First Search, Union-Find, Sorting, Heap (Priority Queue), Matrix"
MEDIUM,Find Maximum Value in a Constrained Sequence,5.0,0.006257928118393235,https://leetcode.com/problems/find-maximum-value-in-a-constrained-sequence,"Array, Greedy"
EASY,Unique Morse Code Words,5.0,0.008369748775566689,https://leetcode.com/problems/unique-morse-code-words,"Array, Hash Table, String"
MEDIUM,Longest Univalue Path,5.0,0.004433879250836323,https://leetcode.com/problems/longest-univalue-path,"Tree, Depth-First Search, Binary Tree, DP on Trees"
MEDIUM,Minimum Seconds to Equalize a Circular Array,5.0,0.002877333174309738,https://leetcode.com/problems/minimum-seconds-to-equalize-a-circular-array,"Array, Hash Table"
EASY,Number Complement,5.0,0.007053110683394819,https://leetcode.com/problems/number-complement,Bit Manipulation
MEDIUM,Longest Palindrome by Concatenating Two Letter Words,5.0,0.005345241452655646,https://leetcode.com/problems/longest-palindrome-by-concatenating-two-letter-words,"Array, Hash Table, String, Greedy, Counting"
EASY,Split Strings by Separator,5.0,0.007653231378690866,https://leetcode.com/problems/split-strings-by-separator,"Array, String"
HARD,Tallest Billboard,5.0,0.005187348884012803,https://leetcode.com/problems/tallest-billboard,"Array, Dynamic Programming, Meet in the Middle, Knapsack Problem, 0-1 Knapsack"
HARD,Word Abbreviation,5.0,0.006282726355380241,https://leetcode.com/problems/word-abbreviation,"Array, String, Greedy, Trie, Sorting"
MEDIUM,Find Product Recommendation Pairs,5.0,0.0062441699231060134,https://leetcode.com/problems/find-product-recommendation-pairs,Database
HARD,Median Employee Salary,5.0,0.006580412007655887,https://leetcode.com/problems/median-employee-salary,Database
EASY,Minimum Changes To Make Alternating Binary String,5.0,0.006789251331649997,https://leetcode.com/problems/minimum-changes-to-make-alternating-binary-string,String
EASY,Missing Number In Arithmetic Progression,5.0,0.005220744509563985,https://leetcode.com/problems/missing-number-in-arithmetic-progression,"Array, Math"
MEDIUM,Find All Possible Stable Binary Arrays I,5.0,0.00534458595217841,https://leetcode.com/problems/find-all-possible-stable-binary-arrays-i,"Dynamic Programming, Prefix Sum"
MEDIUM,Minimum Subarray Length With Distinct Sum At Least K,5.0,0.0031987866531850355,https://leetcode.com/problems/minimum-subarray-length-with-distinct-sum-at-least-k,"Array, Hash Table, Sliding Window"
EASY,Sum of Variable Length Subarrays,5.0,0.00859469966599135,https://leetcode.com/problems/sum-of-variable-length-subarrays,"Array, Prefix Sum"
MEDIUM,Maximum Number of Weeks for Which You Can Work,5.0,0.00426900819266803,https://leetcode.com/problems/maximum-number-of-weeks-for-which-you-can-work,"Array, Greedy"
MEDIUM,Minimum Impossible OR,5.0,0.0059381315966763985,https://leetcode.com/problems/minimum-impossible-or,"Array, Bit Manipulation, Brainteaser"
MEDIUM,Minimum Absolute Difference in Sliding Submatrix,5.0,0.007832237028866196,https://leetcode.com/problems/minimum-absolute-difference-in-sliding-submatrix,"Array, Sorting, Matrix"
MEDIUM,Exam Room,5.0,0.004374267168591898,https://leetcode.com/problems/exam-room,"Design, Heap (Priority Queue), Ordered Set"
MEDIUM,Count Good Meals,5.0,0.0033091940284515693,https://leetcode.com/problems/count-good-meals,"Array, Hash Table"
MEDIUM,Equal Sum Grid Partition I,5.0,0.00528005371659699,https://leetcode.com/problems/equal-sum-grid-partition-i,"Array, Matrix, Enumeration, Prefix Sum"
MEDIUM,Count Submatrices With Equal Frequency of X and Y,5.0,0.00698032070435187,https://leetcode.com/problems/count-submatrices-with-equal-frequency-of-x-and-y,"Array, Matrix, Prefix Sum"
HARD,Design Movie Rental System,5.0,0.006214279756443406,https://leetcode.com/problems/design-movie-rental-system,"Array, Hash Table, Design, Heap (Priority Queue), Ordered Set"
EASY,Matrix Similarity After Cyclic Shifts,5.0,0.007445380956354835,https://leetcode.com/problems/matrix-similarity-after-cyclic-shifts,"Array, Math, Matrix, Simulation"
EASY,Add Two Promises,5.0,0.009169808679421371,https://leetcode.com/problems/add-two-promises,
MEDIUM,Check if Strings Can be Made Equal With Operations II,5.0,0.007414325208902814,https://leetcode.com/problems/check-if-strings-can-be-made-equal-with-operations-ii,"Hash Table, String, Sorting"
HARD,Lexicographically Smallest Generated String,5.0,0.005363059930456125,https://leetcode.com/problems/lexicographically-smallest-generated-string,"String, Greedy, String Matching"
MEDIUM,Stone Game,5.0,0.007691541163837337,https://leetcode.com/problems/stone-game,"Array, Math, Dynamic Programming, Minimax, Game Theory, Zero-Sum Game"
MEDIUM,Final Element After Subarray Deletions,5.0,0.004121950022092396,https://leetcode.com/problems/final-element-after-subarray-deletions,"Array, Math, Brainteaser, Game Theory"
MEDIUM,The Time When the Network Becomes Idle,5.0,0.005612324929971989,https://leetcode.com/problems/the-time-when-the-network-becomes-idle,"Array, Breadth-First Search, Graph Theory"
EASY,Minimum Distance Between Three Equal Elements I,5.0,0.007340935005701254,https://leetcode.com/problems/minimum-distance-between-three-equal-elements-i,"Array, Hash Table"
MEDIUM,Minimum Distance Between Three Equal Elements II,5.0,0.007467769605761555,https://leetcode.com/problems/minimum-distance-between-three-equal-elements-ii,"Array, Hash Table"
MEDIUM,Properties Graph,5.0,0.004865725908060046,https://leetcode.com/problems/properties-graph,"Array, Hash Table, Depth-First Search, Breadth-First Search, Union-Find, Graph Theory"
HARD,Final Array State After K Multiplication Operations II,5.0,0.0013766251202756829,https://leetcode.com/problems/final-array-state-after-k-multiplication-operations-ii,"Array, Heap (Priority Queue), Simulation"
HARD,Minimum Total Distance Traveled,5.0,0.00631447309915518,https://leetcode.com/problems/minimum-total-distance-traveled,"Array, Dynamic Programming, Sorting"
MEDIUM,Maximize the Confusion of an Exam,5.0,0.007043939587632632,https://leetcode.com/problems/maximize-the-confusion-of-an-exam,"String, Binary Search, Sliding Window, Prefix Sum"
HARD,Largest Color Value in a Directed Graph,5.0,0.005718362439419016,https://leetcode.com/problems/largest-color-value-in-a-directed-graph,"Hash Table, String, Dynamic Programming, Graph Theory, Topological Sort, Memoization, Counting, Directed Acyclic Graph"
MEDIUM,Words Within Two Edits of Dictionary,5.0,0.007328761922562483,https://leetcode.com/problems/words-within-two-edits-of-dictionary,"Array, String, Trie"
MEDIUM,Put Boxes Into the Warehouse I,5.0,0.006795196969210518,https://leetcode.com/problems/put-boxes-into-the-warehouse-i,"Array, Greedy, Sorting"
MEDIUM,Number of Subarrays With LCM Equal to K,5.0,0.004746637848222862,https://leetcode.com/problems/number-of-subarrays-with-lcm-equal-to-k,"Array, Math, Number Theory"
MEDIUM,Minimum Cost to Split into Ones,5.0,0.008258267128931454,https://leetcode.com/problems/minimum-cost-to-split-into-ones,"Math, Dynamic Programming"
MEDIUM,Jump Game VI,5.0,0.004656717961089763,https://leetcode.com/problems/jump-game-vi,"Array, Dynamic Programming, Queue, Heap (Priority Queue), Monotonic Queue"
HARD,Design Skiplist,5.0,0.005977415998531121,https://leetcode.com/problems/design-skiplist,"Linked List, Design"
MEDIUM,Cyclically Rotating a Grid,5.0,0.0074024816497728066,https://leetcode.com/problems/cyclically-rotating-a-grid,"Array, Matrix, Simulation"
HARD,Minimum Cost to Buy Apples II,5.0,0.0032171856523452898,https://leetcode.com/problems/minimum-cost-to-buy-apples-ii,"Array, Graph Theory, Heap (Priority Queue), Shortest Path"
EASY,Smallest Index With Equal Value,5.0,0.007355644442340615,https://leetcode.com/problems/smallest-index-with-equal-value,Array
EASY,Sum of Digits of String After Convert,5.0,0.007481636197943744,https://leetcode.com/problems/sum-of-digits-of-string-after-convert,"String, Simulation"
HARD,K-Similar Strings,5.0,0.004122844043373844,https://leetcode.com/problems/k-similar-strings,"Hash Table, String, Breadth-First Search"
EASY,Student Attendance Record I,5.0,0.0050428772215493425,https://leetcode.com/problems/student-attendance-record-i,String
EASY,Find the Distinct Difference Array,5.0,0.0076844419093198306,https://leetcode.com/problems/find-the-distinct-difference-array,"Array, Hash Table"
MEDIUM,Binary Trees With Factors,5.0,0.005319735409533019,https://leetcode.com/problems/binary-trees-with-factors,"Array, Hash Table, Dynamic Programming, Sorting"
MEDIUM,Score of Parentheses,5.0,0.006350359926689778,https://leetcode.com/problems/score-of-parentheses,"String, Stack, Bracket Sequences"
HARD,Maximum Total Subarray Value II,5.0,0.004176562097794093,https://leetcode.com/problems/maximum-total-subarray-value-ii,"Array, Greedy, Segment Tree, Heap (Priority Queue)"
MEDIUM,Build an Array With Stack Operations,5.0,0.008086495766814127,https://leetcode.com/problems/build-an-array-with-stack-operations,"Array, Stack, Simulation"
MEDIUM,Find Mirror Score of a String,5.0,0.0035890991052523733,https://leetcode.com/problems/find-mirror-score-of-a-string,"Hash Table, String, Stack, Simulation"
HARD,Kth Smallest Number in Multiplication Table,5.0,0.005467942920614496,https://leetcode.com/problems/kth-smallest-number-in-multiplication-table,"Math, Binary Search"
HARD,Number of Ways to Assign Edge Weights II,5.0,0.007188095114209897,https://leetcode.com/problems/number-of-ways-to-assign-edge-weights-ii,"Array, Math, Dynamic Programming, Bit Manipulation, Tree, Depth-First Search"
MEDIUM,Maximize Sum of Device Ratings,5.0,0.003954165239935431,https://leetcode.com/problems/maximize-sum-of-device-ratings,
MEDIUM,Find Minimum Cost to Remove Array Elements,5.0,0.002242028867324472,https://leetcode.com/problems/find-minimum-cost-to-remove-array-elements,"Array, Dynamic Programming"
EASY,Maximize Sum Of Array After K Negations,5.0,0.005425169509162805,https://leetcode.com/problems/maximize-sum-of-array-after-k-negations,"Array, Greedy, Sorting"
HARD,Number of Unique Good Subsequences,5.0,0.005259211147850732,https://leetcode.com/problems/number-of-unique-good-subsequences,"String, Dynamic Programming"
HARD,Number of ZigZag Arrays II,5.0,0.006722448489550143,https://leetcode.com/problems/number-of-zigzag-arrays-ii,"Math, Dynamic Programming"
HARD,Collect Coins in a Tree,5.0,0.003978865827474424,https://leetcode.com/problems/collect-coins-in-a-tree,"Array, Tree, Graph Theory, Topological Sort"
EASY,X of a Kind in a Deck of Cards,5.0,0.003047230043813276,https://leetcode.com/problems/x-of-a-kind-in-a-deck-of-cards,"Array, Hash Table, Math, Counting, Number Theory, Euclidean Algorithm, Greatest Common Divisor"
HARD,First and Last Call On the Same Day,5.0,0.005106127833073511,https://leetcode.com/problems/first-and-last-call-on-the-same-day,Database
HARD,Good Subsequence Queries,5.0,0.002072663346029886,https://leetcode.com/problems/good-subsequence-queries,"Array, Math, Segment Tree, Number Theory"
EASY,Maximum Area of Longest Diagonal Rectangle,5.0,0.004595596907670271,https://leetcode.com/problems/maximum-area-of-longest-diagonal-rectangle,Array
HARD,Count Subarrays With Majority Element II,5.0,0.006479358670034381,https://leetcode.com/problems/count-subarrays-with-majority-element-ii,"Array, Hash Table, Divide and Conquer, Segment Tree, Merge Sort, Prefix Sum"
MEDIUM,Count Numbers with Unique Digits,5.0,0.005609647419052625,https://leetcode.com/problems/count-numbers-with-unique-digits,"Math, Dynamic Programming, Backtracking"
MEDIUM,Design Authentication Manager,5.0,0.005866595855694693,https://leetcode.com/problems/design-authentication-manager,"Hash Table, Linked List, Design, Doubly-Linked List"
HARD,Decode Ways II,5.0,0.0032155585575207955,https://leetcode.com/problems/decode-ways-ii,"String, Dynamic Programming"
HARD,Remove Max Number of Edges to Keep Graph Fully Traversable,5.0,0.0070103893397986524,https://leetcode.com/problems/remove-max-number-of-edges-to-keep-graph-fully-traversable,"Union-Find, Graph Theory"
HARD,Number of Paths with Max Score,5.0,0.006351145463020294,https://leetcode.com/problems/number-of-paths-with-max-score,"Array, Dynamic Programming, Matrix"
MEDIUM,Count Sub Islands,5.0,0.007308710765606292,https://leetcode.com/problems/count-sub-islands,"Array, Depth-First Search, Breadth-First Search, Union-Find, Matrix"
HARD,Shortest Path to Get All Keys,5.0,0.005493655147592119,https://leetcode.com/problems/shortest-path-to-get-all-keys,"Array, Bit Manipulation, Breadth-First Search, Matrix"
MEDIUM,Maximum White Tiles Covered by a Carpet,5.0,0.003633846686277903,https://leetcode.com/problems/maximum-white-tiles-covered-by-a-carpet,"Array, Binary Search, Greedy, Sliding Window, Sorting, Prefix Sum"
MEDIUM,Wiggle Subsequence,5.0,0.004967931121769689,https://leetcode.com/problems/wiggle-subsequence,"Array, Dynamic Programming, Greedy"
HARD,Race Car,5.0,0.004502420700482496,https://leetcode.com/problems/race-car,"Dynamic Programming, Heuristic Search, A* Search"
EASY,Concatenate Non-Zero Digits and Multiply by Sum I,5.0,0.006614364332890303,https://leetcode.com/problems/concatenate-non-zero-digits-and-multiply-by-sum-i,Math
EASY,Long Pressed Name,5.0,0.003307437804733805,https://leetcode.com/problems/long-pressed-name,"Two Pointers, String"
HARD,Get the Maximum Score,5.0,0.004138221933809215,https://leetcode.com/problems/get-the-maximum-score,"Array, Two Pointers, Dynamic Programming, Greedy"
EASY,Check if a String Is an Acronym of Words,5.0,0.008314222167305079,https://leetcode.com/problems/check-if-a-string-is-an-acronym-of-words,"Array, String"
HARD,Path Existence Queries in a Graph II,5.0,0.00637723041117145,https://leetcode.com/problems/path-existence-queries-in-a-graph-ii,"Array, Two Pointers, Binary Search, Dynamic Programming, Greedy, Bit Manipulation, Graph Theory, Sorting"
EASY,Total Distance Traveled,5.0,0.004179332634521314,https://leetcode.com/problems/total-distance-traveled,"Math, Simulation"
HARD,Second Minimum Time to Reach Destination,5.0,0.006234708824344476,https://leetcode.com/problems/second-minimum-time-to-reach-destination,"Breadth-First Search, Graph Theory, Shortest Path, Dijkstra's Algorithm, K Shortest Path"
HARD,Find the Number of Subsequences With Equal GCD,5.0,0.006629548124493274,https://leetcode.com/problems/find-the-number-of-subsequences-with-equal-gcd,"Array, Math, Dynamic Programming, Number Theory, Euclidean Algorithm, Greatest Common Divisor"
HARD,Market Analysis II,5.0,0.005781180492144881,https://leetcode.com/problems/market-analysis-ii,Database
EASY,Three Divisors,5.0,0.006471566907129395,https://leetcode.com/problems/three-divisors,"Math, Enumeration, Number Theory, Prime Factorization, Sieve Theory"
EASY,1-bit and 2-bit Characters,5.0,0.004969531035123252,https://leetcode.com/problems/1-bit-and-2-bit-characters,Array
HARD,Minimize Deviation in Array,5.0,0.005402755276004109,https://leetcode.com/problems/minimize-deviation-in-array,"Array, Greedy, Heap (Priority Queue), Ordered Set"
HARD,Couples Holding Hands,5.0,0.00596565348087181,https://leetcode.com/problems/couples-holding-hands,"Greedy, Depth-First Search, Breadth-First Search, Union-Find, Graph Theory"
MEDIUM,Split Array into Consecutive Subsequences,5.0,0.005244820089774807,https://leetcode.com/problems/split-array-into-consecutive-subsequences,"Array, Hash Table, Greedy, Heap (Priority Queue)"
HARD,Maximize Active Section with Trade II,5.0,0.006465822395180616,https://leetcode.com/problems/maximize-active-section-with-trade-ii,"Array, String, Binary Search, Segment Tree"
EASY,Second Minimum Node In a Binary Tree,5.0,0.004631347844794299,https://leetcode.com/problems/second-minimum-node-in-a-binary-tree,"Tree, Depth-First Search, Binary Tree"
MEDIUM,Number of Unique XOR Triplets I,5.0,0.005770381084961065,https://leetcode.com/problems/number-of-unique-xor-triplets-i,"Array, Math, Bit Manipulation"
EASY,Odd String Difference,5.0,0.006219945134742617,https://leetcode.com/problems/odd-string-difference,"Array, Hash Table, String"
MEDIUM,Find the Power of K-Size Subarrays I,5.0,0.006210044040346641,https://leetcode.com/problems/find-the-power-of-k-size-subarrays-i,"Array, Sliding Window"
EASY,Check Distances Between Same Letters,5.0,0.00714705914042214,https://leetcode.com/problems/check-distances-between-same-letters,"Array, Hash Table, String"
HARD,Longest Increasing Subsequence II,5.0,0.002648665696757587,https://leetcode.com/problems/longest-increasing-subsequence-ii,"Array, Divide and Conquer, Dynamic Programming, Binary Indexed Tree, Segment Tree, Queue, Monotonic Queue"
MEDIUM,Maximum Product of First and Last Elements of a Subsequence,5.0,0.003157973397100583,https://leetcode.com/problems/maximum-product-of-first-and-last-elements-of-a-subsequence,"Array, Two Pointers"
HARD,Minimum Cost to Convert String III,5.0,0.005511984346975379,https://leetcode.com/problems/minimum-cost-to-convert-string-iii,
EASY,Univalued Binary Tree,5.0,0.007329127207444482,https://leetcode.com/problems/univalued-binary-tree,"Tree, Depth-First Search, Breadth-First Search, Binary Tree"
MEDIUM,Minimum Swaps to Make Strings Equal,5.0,0.006555690513785984,https://leetcode.com/problems/minimum-swaps-to-make-strings-equal,"Math, String, Greedy"
EASY,Lexicographically Smallest Palindrome,5.0,0.008166330033421794,https://leetcode.com/problems/lexicographically-smallest-palindrome,"Two Pointers, String, Greedy"
MEDIUM,Widest Possible Fence,5.0,0.001662752637406763,https://leetcode.com/problems/widest-possible-fence,
MEDIUM,Smallest String With Swaps,5.0,0.006093167701863355,https://leetcode.com/problems/smallest-string-with-swaps,"Array, Hash Table, String, Depth-First Search, Breadth-First Search, Union-Find, Sorting"
EASY,Find Missing Elements,5.0,0.008856787770551232,https://leetcode.com/problems/find-missing-elements,"Array, Hash Table, Sorting"
MEDIUM,Minimum Moves to Spread Stones Over Grid,5.0,0.0045880782789085054,https://leetcode.com/problems/minimum-moves-to-spread-stones-over-grid,"Array, Dynamic Programming, Backtracking, Bit Manipulation, Matrix, Bitmask"
HARD,Divide Chocolate,5.0,0.006065804817073682,https://leetcode.com/problems/divide-chocolate,"Array, Binary Search"
EASY,Count Prefix and Suffix Pairs I,5.0,0.007766672717500792,https://leetcode.com/problems/count-prefix-and-suffix-pairs-i,"Array, String, Trie, Rolling Hash, String Matching, Hash Function"
HARD,Minimum Total Cost to Make Arrays Unequal,5.0,0.004153083359157111,https://leetcode.com/problems/minimum-total-cost-to-make-arrays-unequal,"Array, Hash Table, Greedy, Counting"
HARD,Smallest Divisible Digit Product II,5.0,0.004524571383424192,https://leetcode.com/problems/smallest-divisible-digit-product-ii,"Math, String, Backtracking, Greedy, Number Theory"
EASY,Sum Multiples,5.0,0.008638352820198833,https://leetcode.com/problems/sum-multiples,Math
MEDIUM,Range Sum Query - Mutable,5.0,0.004361645579275561,https://leetcode.com/problems/range-sum-query-mutable,"Array, Divide and Conquer, Design, Binary Indexed Tree, Segment Tree, Sqrt Decomposition"
MEDIUM,Make K-Subarray Sums Equal,5.0,0.003907926797656696,https://leetcode.com/problems/make-k-subarray-sums-equal,"Array, Math, Greedy, Sorting, Number Theory"
MEDIUM,Video Stitching,5.0,0.005290038839387708,https://leetcode.com/problems/video-stitching,"Array, Dynamic Programming, Greedy"
HARD,Block Placement Queries,5.0,0.004141519762821538,https://leetcode.com/problems/block-placement-queries,"Array, Binary Search, Binary Indexed Tree, Segment Tree, Ordered Set"
HARD,Count Array Pairs Divisible by K,5.0,0.003105372647209039,https://leetcode.com/problems/count-array-pairs-divisible-by-k,"Array, Hash Table, Math, Counting, Number Theory, Euclidean Algorithm, Greatest Common Divisor"
MEDIUM,Maximum Substrings With Distinct Start,5.0,0.009144756724085826,https://leetcode.com/problems/maximum-substrings-with-distinct-start,"Hash Table, String"
EASY,Concatenate Array With Reverse,5.0,0.009167641146250773,https://leetcode.com/problems/concatenate-array-with-reverse,"Array, Simulation"
MEDIUM,Memoize,5.0,0.006526160528826311,https://leetcode.com/problems/memoize,
MEDIUM,Range Frequency Queries,5.0,0.004400614284404511,https://leetcode.com/problems/range-frequency-queries,"Array, Hash Table, Binary Search, Design, Segment Tree"
MEDIUM,Design Exam Scores Tracker,5.0,0.004444080097936342,https://leetcode.com/problems/design-exam-scores-tracker,"Array, Binary Search, Design, Prefix Sum"
HARD,Count Anagrams,5.0,0.003816611318547069,https://leetcode.com/problems/count-anagrams,"Hash Table, Math, String, Combinatorics, Counting, Fermat's Little Theorem"
HARD,Longest Substring of One Repeating Character,5.0,0.006557430094286203,https://leetcode.com/problems/longest-substring-of-one-repeating-character,"Array, String, Segment Tree, Ordered Set"
EASY,Smallest Divisible Digit Product I,5.0,0.007305434162001444,https://leetcode.com/problems/smallest-divisible-digit-product-i,"Math, Enumeration"
MEDIUM,Maximum Compatibility Score Sum,5.0,0.006487003058103976,https://leetcode.com/problems/maximum-compatibility-score-sum,"Array, Dynamic Programming, Backtracking, Bit Manipulation, Bitmask, Hungarian Algorithm, Bipartite Graph, Successive Shortest Path Algorithm, Matching (Graph), Perfect Matching, Minimum-Cost Flow, Flow Network"
HARD,Count Good Triplets in an Array,5.0,0.00652823553465549,https://leetcode.com/problems/count-good-triplets-in-an-array,"Array, Binary Search, Divide and Conquer, Binary Indexed Tree, Segment Tree, Merge Sort, Ordered Set"
