Difficulty,Title,Frequency,Acceptance Rate,Link,Topics
EASY,Two Sum,100.0,0.00580095238786551,https://leetcode.com/problems/two-sum,"Array, Hash Table"
MEDIUM,Add Two Numbers,76.6,0.0049133031989980576,https://leetcode.com/problems/add-two-numbers,"Linked List, Math, Recursion"
EASY,Palindrome Number,71.8,0.006087452653515256,https://leetcode.com/problems/palindrome-number,Math
MEDIUM,3Sum,70.4,0.003969310706550047,https://leetcode.com/problems/3sum,"Array, Two Pointers, Sorting"
HARD,Trapping Rain Water,69.9,0.006802842740558903,https://leetcode.com/problems/trapping-rain-water,"Array, Two Pointers, Dynamic Programming, Stack, Monotonic Stack"
HARD,Median of Two Sorted Arrays,69.4,0.004736972853624943,https://leetcode.com/problems/median-of-two-sorted-arrays,"Array, Binary Search, Divide and Conquer"
MEDIUM,Longest Substring Without Repeating Characters,69.4,0.003977943136223824,https://leetcode.com/problems/longest-substring-without-repeating-characters,"Hash Table, String, Sliding Window"
EASY,Best Time to Buy and Sell Stock,68.7,0.005725131018831735,https://leetcode.com/problems/best-time-to-buy-and-sell-stock,"Array, Dynamic Programming"
EASY,Concatenation of Array,67.8,0.009007575233004196,https://leetcode.com/problems/concatenation-of-array,"Array, Simulation"
EASY,Longest Common Prefix,67.6,0.004818721754065003,https://leetcode.com/problems/longest-common-prefix,"Array, String, Trie"
MEDIUM,Longest Consecutive Sequence,64.1,0.004720829463333571,https://leetcode.com/problems/longest-consecutive-sequence,"Array, Hash Table, Union-Find"
MEDIUM,Longest Palindromic Substring,63.7,0.0038471108019715737,https://leetcode.com/problems/longest-palindromic-substring,"Two Pointers, String, Dynamic Programming, Manacher"
MEDIUM,Reverse Integer,63.7,0.003236617820255834,https://leetcode.com/problems/reverse-integer,Math
MEDIUM,Container With Most Water,63.4,0.00606482478622991,https://leetcode.com/problems/container-with-most-water,"Array, Two Pointers, Greedy"
EASY,Majority Element,62.6,0.0066486982475450675,https://leetcode.com/problems/majority-element,"Array, Hash Table, Divide and Conquer, Sorting, Counting, Boyer–Moore Majority Vote Algorithm"
EASY,Remove Duplicates from Sorted Array,62.2,0.006356305681717479,https://leetcode.com/problems/remove-duplicates-from-sorted-array,"Array, Two Pointers"
EASY,Valid Parentheses,61.0,0.004472561161448614,https://leetcode.com/problems/valid-parentheses,"String, Stack, Bracket Sequences"
EASY,Combine Two Tables,61.0,0.007987956471591194,https://leetcode.com/problems/combine-two-tables,Database
EASY,Merge Sorted Array,60.2,0.0055528006725092515,https://leetcode.com/problems/merge-sorted-array,"Array, Two Pointers, Sorting"
MEDIUM,Subarray Sum Equals K,59.3,0.004798003185147457,https://leetcode.com/problems/subarray-sum-equals-k,"Array, Hash Table, Prefix Sum"
MEDIUM,Maximum Subarray,58.8,0.005373544916094741,https://leetcode.com/problems/maximum-subarray,"Array, Divide and Conquer, Dynamic Programming"
EASY,Roman to Integer,58.8,0.00670493570907236,https://leetcode.com/problems/roman-to-integer,"Hash Table, Math, String"
MEDIUM,Number of Islands,57.8,0.006496039969534479,https://leetcode.com/problems/number-of-islands,"Array, Depth-First Search, Breadth-First Search, Union-Find, Matrix"
EASY,Valid Anagram,56.8,0.006853252750934069,https://leetcode.com/problems/valid-anagram,"Hash Table, String, Sorting"
EASY,Merge Two Sorted Lists,56.8,0.00687474806884603,https://leetcode.com/problems/merge-two-sorted-lists,"Linked List, Recursion"
MEDIUM,Merge Intervals,56.3,0.005257639318283639,https://leetcode.com/problems/merge-intervals,"Array, Sorting, Quicksort"
EASY,Reverse Linked List,55.1,0.00809419704868803,https://leetcode.com/problems/reverse-linked-list,"Linked List, Recursion"
MEDIUM,Top K Frequent Elements,54.5,0.006713894888358451,https://leetcode.com/problems/top-k-frequent-elements,"Array, Hash Table, Divide and Conquer, Sorting, Heap (Priority Queue), Bucket Sort, Counting, Quickselect"
MEDIUM,Koko Eating Bananas,54.5,0.005039596312916795,https://leetcode.com/problems/koko-eating-bananas,"Array, Binary Search"
MEDIUM,Rotate Image,53.9,0.008057026987892065,https://leetcode.com/problems/rotate-image,"Array, Math, Matrix"
MEDIUM,4Sum,53.9,0.004145656171175596,https://leetcode.com/problems/4sum,"Array, Two Pointers, Sorting"
MEDIUM,Group Anagrams,53.9,0.007312899263058849,https://leetcode.com/problems/group-anagrams,"Array, Hash Table, String, Sorting"
MEDIUM,Search in Rotated Sorted Array,53.2,0.0045462287719182275,https://leetcode.com/problems/search-in-rotated-sorted-array,"Array, Binary Search"
MEDIUM,LRU Cache,53.2,0.004786878945345611,https://leetcode.com/problems/lru-cache,"Hash Table, Linked List, Design, Doubly-Linked List"
MEDIUM,Spiral Matrix,52.6,0.00576270925930614,https://leetcode.com/problems/spiral-matrix,"Array, Matrix, Simulation"
EASY,Recyclable and Low Fat Products,52.6,0.00886323665284793,https://leetcode.com/problems/recyclable-and-low-fat-products,Database
MEDIUM,Generate Parentheses,52.6,0.007906613058934668,https://leetcode.com/problems/generate-parentheses,"String, Dynamic Programming, Backtracking, Bracket Sequences"
EASY,Create Hello World Function,51.9,0.008191596189026401,https://leetcode.com/problems/create-hello-world-function,
EASY,Sqrt(x),51.9,0.0042230778998847175,https://leetcode.com/problems/sqrtx,"Math, Binary Search, Newton's Method"
EASY,Merge Strings Alternately,51.9,0.008214734802222103,https://leetcode.com/problems/merge-strings-alternately,"Two Pointers, String"
MEDIUM,House Robber,51.2,0.005350272910647792,https://leetcode.com/problems/house-robber,"Array, Dynamic Programming"
MEDIUM,Rotate Array,51.2,0.0045320104908535665,https://leetcode.com/problems/rotate-array,"Array, Math, Two Pointers"
MEDIUM,Jump Game,50.4,0.004138483194849731,https://leetcode.com/problems/jump-game,"Array, Dynamic Programming, Greedy"
EASY,Climbing Stairs,50.4,0.005428138437253181,https://leetcode.com/problems/climbing-stairs,"Math, Dynamic Programming, Memoization"
EASY,Move Zeroes,50.4,0.0064265438425801895,https://leetcode.com/problems/move-zeroes,"Array, Two Pointers"
HARD,Split Array Largest Sum,50.4,0.006119229640773564,https://leetcode.com/problems/split-array-largest-sum,"Array, Binary Search, Dynamic Programming, Greedy, Prefix Sum"
EASY,Intersection of Two Arrays,49.6,0.007820152771350486,https://leetcode.com/problems/intersection-of-two-arrays,"Array, Hash Table, Two Pointers, Binary Search, Sorting"
MEDIUM,Letter Combinations of a Phone Number,49.6,0.006665995951741324,https://leetcode.com/problems/letter-combinations-of-a-phone-number,"Hash Table, String, Backtracking"
HARD,N-Queens,49.6,0.00762697634598655,https://leetcode.com/problems/n-queens,"Array, Backtracking, Algorithm X"
EASY,Happy Number,49.6,0.006011541540506757,https://leetcode.com/problems/happy-number,"Hash Table, Math, Two Pointers, Floyd's Cycle Finding Algorithm"
EASY,Contains Duplicate,49.6,0.006462906336887264,https://leetcode.com/problems/contains-duplicate,"Array, Hash Table, Sorting"
EASY,Power of Two,49.6,0.005042139326860378,https://leetcode.com/problems/power-of-two,"Math, Bit Manipulation, Recursion"
MEDIUM,Two Sum II - Input Array Is Sorted,49.6,0.006568610121556577,https://leetcode.com/problems/two-sum-ii-input-array-is-sorted,"Array, Two Pointers, Binary Search"
MEDIUM,3Sum Closest,48.8,0.004920550647540531,https://leetcode.com/problems/3sum-closest,"Array, Two Pointers, Sorting"
EASY,Search Insert Position,48.8,0.0052016621955774675,https://leetcode.com/problems/search-insert-position,"Array, Binary Search"
MEDIUM,"Pow(x, n)",48.8,0.003917077259696646,https://leetcode.com/problems/powx-n,"Math, Recursion"
EASY,Max Consecutive Ones,48.8,0.006591775174847295,https://leetcode.com/problems/max-consecutive-ones,Array
MEDIUM,String to Integer (atoi),47.9,0.0021567143342124933,https://leetcode.com/problems/string-to-integer-atoi,String
EASY,Remove Element,47.9,0.006237195372525857,https://leetcode.com/problems/remove-element,"Array, Two Pointers"
MEDIUM,Next Permutation,47.9,0.004595885374911035,https://leetcode.com/problems/next-permutation,"Array, Two Pointers"
MEDIUM,Product of Array Except Self,47.9,0.006916447516374479,https://leetcode.com/problems/product-of-array-except-self,"Array, Prefix Sum"
HARD,Sliding Window Maximum,47.9,0.004910893029866308,https://leetcode.com/problems/sliding-window-maximum,"Array, Queue, Sliding Window, Heap (Priority Queue), Monotonic Queue, Range Minimum/Maximum Query"
EASY,Binary Search,47.9,0.006130284718143016,https://leetcode.com/problems/binary-search,"Array, Binary Search"
EASY,Middle of the Linked List,47.9,0.008227615067030762,https://leetcode.com/problems/middle-of-the-linked-list,"Linked List, Two Pointers"
EASY,Missing Number,47.0,0.0072516587851074055,https://leetcode.com/problems/missing-number,"Array, Hash Table, Math, Binary Search, Bit Manipulation, Sorting"
EASY,Reverse String,47.0,0.008119736766942312,https://leetcode.com/problems/reverse-string,"Two Pointers, String"
MEDIUM,Combination Sum,47.0,0.007700611045947865,https://leetcode.com/problems/combination-sum,"Array, Backtracking"
MEDIUM,Find Peak Element,47.0,0.004714050571489004,https://leetcode.com/problems/find-peak-element,"Array, Binary Search"
EASY,Employees Earning More Than Their Managers,47.0,0.007374443558968662,https://leetcode.com/problems/employees-earning-more-than-their-managers,Database
MEDIUM,Longest Repeating Character Replacement,47.0,0.0060430384391572,https://leetcode.com/problems/longest-repeating-character-replacement,"Hash Table, String, Sliding Window"
EASY,Next Greater Element I,47.0,0.007668402819222038,https://leetcode.com/problems/next-greater-element-i,"Array, Hash Table, Stack, Monotonic Stack"
EASY,Can Make Arithmetic Progression From Sequence,47.0,0.006871026015631162,https://leetcode.com/problems/can-make-arithmetic-progression-from-sequence,"Array, Sorting"
MEDIUM,Decode String,46.0,0.006309032512604954,https://leetcode.com/problems/decode-string,"String, Stack, Recursion"
HARD,First Missing Positive,46.0,0.004354286870951085,https://leetcode.com/problems/first-missing-positive,"Array, Hash Table"
MEDIUM,Permutations,46.0,0.008226143655033298,https://leetcode.com/problems/permutations,"Array, Backtracking"
HARD,Largest Rectangle in Histogram,46.0,0.0050663909066189896,https://leetcode.com/problems/largest-rectangle-in-histogram,"Array, Stack, Monotonic Stack, Range Minimum/Maximum Query"
EASY,Valid Palindrome,46.0,0.005407045695977512,https://leetcode.com/problems/valid-palindrome,"Two Pointers, String"
MEDIUM,Rotting Oranges,46.0,0.0059276145961708075,https://leetcode.com/problems/rotting-oranges,"Array, Breadth-First Search, Matrix"
MEDIUM,Next Greater Element II,46.0,0.0069005638853998266,https://leetcode.com/problems/next-greater-element-ii,"Array, Stack, Monotonic Stack"
MEDIUM,Binary Tree Level Order Traversal,46.0,0.007328993173656603,https://leetcode.com/problems/binary-tree-level-order-traversal,"Tree, Breadth-First Search, Binary Tree"
MEDIUM,Find the Duplicate Number,45.0,0.00647692828528442,https://leetcode.com/problems/find-the-duplicate-number,"Array, Two Pointers, Binary Search, Bit Manipulation, Pigeonhole Principle, Floyd's Cycle Finding Algorithm"
MEDIUM,Sort Colors,45.0,0.007016877707390398,https://leetcode.com/problems/sort-colors,"Array, Two Pointers, Sorting, Quicksort, Bubble Sort"
EASY,Same Tree,45.0,0.006778330789941868,https://leetcode.com/problems/same-tree,"Tree, Depth-First Search, Breadth-First Search, Binary Tree"
MEDIUM,Maximum Product Subarray,45.0,0.003689222184060095,https://leetcode.com/problems/maximum-product-subarray,"Array, Dynamic Programming"
MEDIUM,Kth Largest Element in an Array,45.0,0.006924371183219484,https://leetcode.com/problems/kth-largest-element-in-an-array,"Array, Divide and Conquer, Sorting, Heap (Priority Queue), Quickselect"
MEDIUM,Meeting Rooms II,45.0,0.005277676895072449,https://leetcode.com/problems/meeting-rooms-ii,"Array, Two Pointers, Greedy, Sorting, Heap (Priority Queue), Prefix Sum"
MEDIUM,Coin Change,45.0,0.004897333499992624,https://leetcode.com/problems/coin-change,"Array, Dynamic Programming, Breadth-First Search, Knapsack Problem, Complete Knapsack"
MEDIUM,Daily Temperatures,45.0,0.006905688097164086,https://leetcode.com/problems/daily-temperatures,"Array, Stack, Monotonic Stack"
EASY,Running Sum of 1d Array,45.0,0.008707016197561101,https://leetcode.com/problems/running-sum-of-1d-array,"Array, Prefix Sum"
EASY,Pascal's Triangle,43.9,0.00792939553273491,https://leetcode.com/problems/pascals-triangle,"Array, Dynamic Programming"
MEDIUM,Fruit Into Baskets,43.9,0.005215366562428964,https://leetcode.com/problems/fruit-into-baskets,"Array, Hash Table, Sliding Window"
MEDIUM,Find First and Last Position of Element in Sorted Array,43.9,0.004950613165826725,https://leetcode.com/problems/find-first-and-last-position-of-element-in-sorted-array,"Array, Binary Search"
MEDIUM,Best Time to Buy and Sell Stock II,43.9,0.007150173910926223,https://leetcode.com/problems/best-time-to-buy-and-sell-stock-ii,"Array, Dynamic Programming, Greedy"
MEDIUM,Course Schedule,43.9,0.005204027058448488,https://leetcode.com/problems/course-schedule,"Depth-First Search, Breadth-First Search, Graph Theory, Topological Sort, Directed Acyclic Graph"
EASY,Contains Duplicate II,43.9,0.0051785078955989,https://leetcode.com/problems/contains-duplicate-ii,"Array, Hash Table, Sliding Window"
EASY,Add Two Integers,43.9,0.00880908125701897,https://leetcode.com/problems/add-two-integers,Math
MEDIUM,Single Element in a Sorted Array,43.9,0.005939548098528527,https://leetcode.com/problems/single-element-in-a-sorted-array,"Array, Binary Search"
MEDIUM,Count Primes,43.9,0.0036370909892008444,https://leetcode.com/problems/count-primes,"Array, Math, Enumeration, Number Theory, Primality Test, Sieve Theory, Prime Number Sieve"
HARD,Number of Visible People in a Queue,43.9,0.007346109899241716,https://leetcode.com/problems/number-of-visible-people-in-a-queue,"Array, Stack, Monotonic Stack"
HARD,Regular Expression Matching,42.7,0.003157647178988473,https://leetcode.com/problems/regular-expression-matching,"String, Dynamic Programming, Recursion"
MEDIUM,Zigzag Conversion,42.7,0.005489174671880834,https://leetcode.com/problems/zigzag-conversion,String
EASY,Find the Index of the First Occurrence in a String,42.7,0.004716731680124558,https://leetcode.com/problems/find-the-index-of-the-first-occurrence-in-a-string,"Two Pointers, String, String Matching, Z Algorithm, Knuth–Morris–Pratt Algorithm, Boyer–Moore String-Search Algorithm"
EASY,Add Binary,42.7,0.005848486894966196,https://leetcode.com/problems/add-binary,"Math, String, Bit Manipulation, Simulation"
EASY,Binary Tree Inorder Traversal,42.7,0.008051021205380088,https://leetcode.com/problems/binary-tree-inorder-traversal,"Stack, Tree, Depth-First Search, Binary Tree"
EASY,Single Number,42.7,0.007815792011554627,https://leetcode.com/problems/single-number,"Array, Bit Manipulation"
MEDIUM,Minimum Size Subarray Sum,42.7,0.005261691799188636,https://leetcode.com/problems/minimum-size-subarray-sum,"Array, Binary Search, Sliding Window, Prefix Sum"
EASY,Logger Rate Limiter,42.7,0.007688314472535719,https://leetcode.com/problems/logger-rate-limiter,"Hash Table, Design, Data Stream"
EASY,Maximum Average Subarray I,42.7,0.004890205518827249,https://leetcode.com/problems/maximum-average-subarray-i,"Array, Sliding Window"
EASY,Fibonacci Number,42.7,0.007452192442911173,https://leetcode.com/problems/fibonacci-number,"Math, Dynamic Programming, Recursion, Memoization"
MEDIUM,Min Stack,42.7,0.005855043610986008,https://leetcode.com/problems/min-stack,"Stack, Design"
MEDIUM,Sort an Array,42.7,0.005579254665195933,https://leetcode.com/problems/sort-an-array,"Array, Divide and Conquer, Sorting, Heap (Priority Queue), Merge Sort, Bucket Sort, Radix Sort, Counting Sort"
MEDIUM,Longest Increasing Subsequence,41.4,0.005984861364342108,https://leetcode.com/problems/longest-increasing-subsequence,"Array, Binary Search, Dynamic Programming, Longest Increasing Subsequence"
HARD,Reverse Nodes in k-Group,41.4,0.0066965683938176625,https://leetcode.com/problems/reverse-nodes-in-k-group,"Linked List, Recursion"
EASY,Plus One,41.4,0.0050450412468024015,https://leetcode.com/problems/plus-one,"Array, Math"
EASY,Maximum Depth of Binary Tree,41.4,0.00785224673227445,https://leetcode.com/problems/maximum-depth-of-binary-tree,"Tree, Depth-First Search, Breadth-First Search, Binary Tree"
HARD,Russian Doll Envelopes,41.4,0.0038122108675279222,https://leetcode.com/problems/russian-doll-envelopes,"Array, Binary Search, Dynamic Programming, Sorting, Longest Increasing Subsequence"
MEDIUM,Partition Equal Subset Sum,41.4,0.004989071116184731,https://leetcode.com/problems/partition-equal-subset-sum,"Array, Dynamic Programming, Knapsack Problem, 0-1 Knapsack"
EASY,Squares of a Sorted Array,41.4,0.007406493259920258,https://leetcode.com/problems/squares-of-a-sorted-array,"Array, Two Pointers, Sorting"
MEDIUM,Max Consecutive Ones III,41.4,0.006827671716723629,https://leetcode.com/problems/max-consecutive-ones-iii,"Array, Binary Search, Sliding Window, Prefix Sum"
EASY,Remove Duplicates from Sorted List,41.4,0.0057338081766602645,https://leetcode.com/problems/remove-duplicates-from-sorted-list,Linked List
EASY,Palindrome Linked List,41.4,0.00586079504487492,https://leetcode.com/problems/palindrome-linked-list,"Linked List, Two Pointers, Stack, Recursion"
MEDIUM,Integer to Roman,40.1,0.007149616098868105,https://leetcode.com/problems/integer-to-roman,"Hash Table, Math, String"
MEDIUM,Jump Game II,40.1,0.004335944292113706,https://leetcode.com/problems/jump-game-ii,"Array, Dynamic Programming, Greedy"
EASY,Length of Last Word,40.1,0.00595132128366304,https://leetcode.com/problems/length-of-last-word,String
MEDIUM,Unique Paths,40.1,0.006717319386645839,https://leetcode.com/problems/unique-paths,"Math, Dynamic Programming, Combinatorics"
MEDIUM,Search a 2D Matrix,40.1,0.005438013772610336,https://leetcode.com/problems/search-a-2d-matrix,"Array, Binary Search, Matrix"
HARD,Find Median from Data Stream,40.1,0.005487680250476816,https://leetcode.com/problems/find-median-from-data-stream,"Two Pointers, Design, Sorting, Heap (Priority Queue), Data Stream"
EASY,Reverse Vowels of a String,40.1,0.006208606376497121,https://leetcode.com/problems/reverse-vowels-of-a-string,"Two Pointers, String"
MEDIUM,Remove Duplicates from Sorted Array II,40.1,0.006515577577843417,https://leetcode.com/problems/remove-duplicates-from-sorted-array-ii,"Array, Two Pointers"
EASY,Isomorphic Strings,38.6,0.0048921184586472,https://leetcode.com/problems/isomorphic-strings,"Hash Table, String"
MEDIUM,Rotate List,38.6,0.0043114057976821885,https://leetcode.com/problems/rotate-list,"Linked List, Two Pointers"
MEDIUM,Second Highest Salary,38.6,0.004798842844276365,https://leetcode.com/problems/second-highest-salary,Database
MEDIUM,Set Matrix Zeroes,38.6,0.006348234905478295,https://leetcode.com/problems/set-matrix-zeroes,"Array, Hash Table, Matrix"
MEDIUM,Subsets,38.6,0.008271572985732438,https://leetcode.com/problems/subsets,"Array, Backtracking, Bit Manipulation"
HARD,Maximal Rectangle,38.6,0.005959549669704388,https://leetcode.com/problems/maximal-rectangle,"Array, Dynamic Programming, Stack, Matrix, Monotonic Stack"
EASY,Linked List Cycle,38.6,0.0054906069740714636,https://leetcode.com/problems/linked-list-cycle,"Hash Table, Linked List, Two Pointers, Floyd's Cycle Finding Algorithm"
MEDIUM,Reverse Words in a String,38.6,0.005753052888006745,https://leetcode.com/problems/reverse-words-in-a-string,"Two Pointers, String"
MEDIUM,Swap Adjacent in LR String,38.6,0.003835325703829251,https://leetcode.com/problems/swap-adjacent-in-lr-string,"Two Pointers, String"
EASY,Check if Array Is Sorted and Rotated,38.6,0.00576111884252575,https://leetcode.com/problems/check-if-array-is-sorted-and-rotated,Array
EASY,Set Mismatch,38.6,0.0043369375281786145,https://leetcode.com/problems/set-mismatch,"Array, Hash Table, Bit Manipulation, Sorting"
EASY,Shuffle the Array,38.6,0.008869452785624421,https://leetcode.com/problems/shuffle-the-array,Array
MEDIUM,Maximum XOR of Two Numbers in an Array,38.6,0.005371108428795918,https://leetcode.com/problems/maximum-xor-of-two-numbers-in-an-array,"Array, Hash Table, Bit Manipulation, Trie"
HARD,Longest Valid Parentheses,37.0,0.003950329380764163,https://leetcode.com/problems/longest-valid-parentheses,"String, Dynamic Programming, Stack, Bracket Sequences"
MEDIUM,Subsets II,37.0,0.0061826559340732,https://leetcode.com/problems/subsets-ii,"Array, Backtracking, Bit Manipulation"
EASY,First Unique Character in a String,37.0,0.006611194846272966,https://leetcode.com/problems/first-unique-character-in-a-string,"Hash Table, String, Queue, Counting"
MEDIUM,Remove Nth Node From End of List,37.0,0.0052391570117286314,https://leetcode.com/problems/remove-nth-node-from-end-of-list,"Linked List, Two Pointers"
MEDIUM,Divide Two Integers,37.0,0.0020225010435640715,https://leetcode.com/problems/divide-two-integers,"Math, Bit Manipulation"
MEDIUM,Insert Interval,37.0,0.004581215204477095,https://leetcode.com/problems/insert-interval,Array
MEDIUM,Edit Distance,37.0,0.006111944121946519,https://leetcode.com/problems/edit-distance,"String, Dynamic Programming"
HARD,Word Ladder,37.0,0.004632624238009764,https://leetcode.com/problems/word-ladder,"Hash Table, String, Breadth-First Search, Bidirectional Search"
MEDIUM,Palindrome Partitioning,37.0,0.007450501967476261,https://leetcode.com/problems/palindrome-partitioning,"String, Dynamic Programming, Backtracking"
MEDIUM,Sort List,37.0,0.006518684803039642,https://leetcode.com/problems/sort-list,"Linked List, Two Pointers, Divide and Conquer, Sorting, Merge Sort"
EASY,Rising Temperature,37.0,0.005193931866402386,https://leetcode.com/problems/rising-temperature,Database
MEDIUM,Number of Provinces,37.0,0.007093659168003034,https://leetcode.com/problems/number-of-provinces,"Depth-First Search, Breadth-First Search, Union-Find, Graph Theory"
MEDIUM,Cheapest Flights Within K Stops,37.0,0.004241504374080934,https://leetcode.com/problems/cheapest-flights-within-k-stops,"Dynamic Programming, Depth-First Search, Breadth-First Search, Graph Theory, Heap (Priority Queue), Shortest Path"
MEDIUM,Random Pick with Weight,37.0,0.004921200099044552,https://leetcode.com/problems/random-pick-with-weight,"Array, Math, Binary Search, Prefix Sum, Randomized"
MEDIUM,Capacity To Ship Packages Within D Days,37.0,0.0074508269416904615,https://leetcode.com/problems/capacity-to-ship-packages-within-d-days,"Array, Binary Search"
MEDIUM,Search a 2D Matrix II,37.0,0.0057904544449880815,https://leetcode.com/problems/search-a-2d-matrix-ii,"Array, Binary Search, Divide and Conquer, Matrix"
EASY,Find All Numbers Disappeared in an Array,37.0,0.006453701562551618,https://leetcode.com/problems/find-all-numbers-disappeared-in-an-array,"Array, Hash Table"
MEDIUM,Search in Rotated Sorted Array II,37.0,0.004044598818866909,https://leetcode.com/problems/search-in-rotated-sorted-array-ii,"Array, Binary Search"
EASY,Maximum Product of Three Numbers,37.0,0.004822240409935236,https://leetcode.com/problems/maximum-product-of-three-numbers,"Array, Math, Sorting"
MEDIUM,Copy List with Random Pointer,35.2,0.00635092839345131,https://leetcode.com/problems/copy-list-with-random-pointer,"Hash Table, Linked List"
EASY,Symmetric Tree,35.2,0.006182577434567257,https://leetcode.com/problems/symmetric-tree,"Tree, Depth-First Search, Breadth-First Search, Binary Tree"
MEDIUM,Reorder List,35.2,0.006600060207369974,https://leetcode.com/problems/reorder-list,"Linked List, Two Pointers, Stack, Recursion"
HARD,Basic Calculator,35.2,0.004711196476767905,https://leetcode.com/problems/basic-calculator,"Math, String, Stack, Recursion"
MEDIUM,Insert Delete GetRandom O(1),35.2,0.005548641185565938,https://leetcode.com/problems/insert-delete-getrandom-o1,"Array, Hash Table, Math, Design, Randomized"
EASY,Diameter of Binary Tree,35.2,0.006608643805410485,https://leetcode.com/problems/diameter-of-binary-tree,"Tree, Depth-First Search, Binary Tree, DP on Trees"
EASY,Find Customer Referee,35.2,0.007335328305985173,https://leetcode.com/problems/find-customer-referee,Database
EASY,First Bad Version,35.2,0.004751368560746233,https://leetcode.com/problems/first-bad-version,"Binary Search, Interactive"
EASY,Rotate String,35.2,0.006666948713267871,https://leetcode.com/problems/rotate-string,"String, String Matching"
EASY,Valid Palindrome II,35.2,0.004461402004882974,https://leetcode.com/problems/valid-palindrome-ii,"Two Pointers, String, Greedy"
EASY,Article Views I,35.2,0.007681259493343184,https://leetcode.com/problems/article-views-i,Database
EASY,Kth Missing Positive Number,35.2,0.006382791190476023,https://leetcode.com/problems/kth-missing-positive-number,"Array, Binary Search"
EASY,Implement Queue using Stacks,35.2,0.007023141605675195,https://leetcode.com/problems/implement-queue-using-stacks,"Stack, Design, Queue"
EASY,Ransom Note,35.2,0.006631434198562558,https://leetcode.com/problems/ransom-note,"Hash Table, String, Counting"
MEDIUM,Car Pooling,35.2,0.0056475468946238306,https://leetcode.com/problems/car-pooling,"Array, Sorting, Heap (Priority Queue), Simulation, Prefix Sum"
MEDIUM,Predict the Winner,35.2,0.005988094964953137,https://leetcode.com/problems/predict-the-winner,"Array, Math, Dynamic Programming, Recursion, Minimax, Game Theory, Zero-Sum Game"
EASY,Maximum Product of Two Elements in an Array,35.2,0.008495612950535912,https://leetcode.com/problems/maximum-product-of-two-elements-in-an-array,"Array, Sorting, Heap (Priority Queue)"
EASY,Find Missing Elements,35.2,0.008856731643773092,https://leetcode.com/problems/find-missing-elements,"Array, Hash Table, Sorting"
MEDIUM,Surrounded Regions,33.2,0.004606749757057064,https://leetcode.com/problems/surrounded-regions,"Array, Depth-First Search, Breadth-First Search, Union-Find, Matrix"
EASY,Implement Stack using Queues,33.2,0.007054265097791227,https://leetcode.com/problems/implement-stack-using-queues,"Stack, Design, Queue"
EASY,Big Countries,33.2,0.006875454724567621,https://leetcode.com/problems/big-countries,Database
MEDIUM,Word Search,33.2,0.004794679923611521,https://leetcode.com/problems/word-search,"Array, String, Backtracking, Depth-First Search, Matrix"
EASY,Balanced Binary Tree,33.2,0.0059007369954272495,https://leetcode.com/problems/balanced-binary-tree,"Tree, Depth-First Search, Binary Tree"
MEDIUM,Word Break,33.2,0.004977890459794293,https://leetcode.com/problems/word-break,"Array, Hash Table, String, Dynamic Programming, Trie, Memoization, Brute-Force Search"
EASY,Invert Binary Tree,33.2,0.008036544276654518,https://leetcode.com/problems/invert-binary-tree,"Tree, Depth-First Search, Breadth-First Search, Binary Tree"
MEDIUM,Task Scheduler,33.2,0.006363486752557674,https://leetcode.com/problems/task-scheduler,"Array, Hash Table, Greedy, Sorting, Heap (Priority Queue), Counting"
MEDIUM,Frequency of the Most Frequent Element,33.2,0.004512506450952909,https://leetcode.com/problems/frequency-of-the-most-frequent-element,"Array, Binary Search, Greedy, Sliding Window, Sorting, Prefix Sum"
MEDIUM,Count Good Numbers,33.2,0.005799126996277226,https://leetcode.com/problems/count-good-numbers,"Math, Recursion"
EASY,Fizz Buzz,33.2,0.007580834481158632,https://leetcode.com/problems/fizz-buzz,"Math, String, Simulation"
MEDIUM,Largest Number,33.2,0.004358509726091368,https://leetcode.com/problems/largest-number,"Array, String, Greedy, Sorting"
MEDIUM,Odd Even Linked List,33.2,0.006273133708855207,https://leetcode.com/problems/odd-even-linked-list,Linked List
MEDIUM,Lowest Common Ancestor of a Binary Tree,33.2,0.006995184319913237,https://leetcode.com/problems/lowest-common-ancestor-of-a-binary-tree,"Tree, Depth-First Search, Binary Tree, Binary Lifting, Lowest Common Ancestor"
MEDIUM,Binary Tree Zigzag Level Order Traversal,33.2,0.006432900406312655,https://leetcode.com/problems/binary-tree-zigzag-level-order-traversal,"Tree, Breadth-First Search, Binary Tree"
EASY,Assign Cookies,33.2,0.0055416771175616575,https://leetcode.com/problems/assign-cookies,"Array, Two Pointers, Greedy, Sorting, Quicksort"
MEDIUM,Maximum Width of Binary Tree,33.2,0.0045975176388122815,https://leetcode.com/problems/maximum-width-of-binary-tree,"Tree, Depth-First Search, Breadth-First Search, Binary Tree"
MEDIUM,Network Delay Time,33.2,0.006135721595157466,https://leetcode.com/problems/network-delay-time,"Depth-First Search, Breadth-First Search, Graph Theory, Heap (Priority Queue), Shortest Path, Dijkstra's Algorithm"
EASY,Find the Highest Altitude,33.2,0.008464382296499894,https://leetcode.com/problems/find-the-highest-altitude,"Array, Prefix Sum"
MEDIUM,Subarray Sums Divisible by K,33.2,0.005664313184377947,https://leetcode.com/problems/subarray-sums-divisible-by-k,"Array, Hash Table, Prefix Sum"
EASY,Range Sum Query - Immutable,33.2,0.007316412237677077,https://leetcode.com/problems/range-sum-query-immutable,"Array, Design, Prefix Sum"
EASY,Kth Largest Element in a Stream,33.2,0.00614727483367839,https://leetcode.com/problems/kth-largest-element-in-a-stream,"Tree, Design, Binary Search Tree, Heap (Priority Queue), Binary Tree, Data Stream"
EASY,Remove All Adjacent Duplicates In String,33.2,0.007386812796909187,https://leetcode.com/problems/remove-all-adjacent-duplicates-in-string,"String, Stack"
MEDIUM,Implement Trie (Prefix Tree),33.2,0.006991485915704174,https://leetcode.com/problems/implement-trie-prefix-tree,"Hash Table, String, Design, Trie"
EASY,Find Numbers with Even Number of Digits,33.2,0.00799489916797904,https://leetcode.com/problems/find-numbers-with-even-number-of-digits,"Array, Math"
MEDIUM,Smallest Subsequence of Distinct Characters,33.2,0.007056504215069009,https://leetcode.com/problems/smallest-subsequence-of-distinct-characters,"String, Stack, Greedy, Monotonic Stack"
MEDIUM,Stone Game,33.2,0.007691628213383378,https://leetcode.com/problems/stone-game,"Array, Math, Dynamic Programming, Minimax, Game Theory, Zero-Sum Game"
HARD,Burst Balloons,31.0,0.006419255726010915,https://leetcode.com/problems/burst-balloons,"Array, Dynamic Programming"
MEDIUM,Single Number II,31.0,0.006767225101701388,https://leetcode.com/problems/single-number-ii,"Array, Bit Manipulation"
MEDIUM,Swap Nodes in Pairs,31.0,0.007010510609884263,https://leetcode.com/problems/swap-nodes-in-pairs,"Linked List, Recursion"
MEDIUM,Valid Sudoku,31.0,0.006495074008663057,https://leetcode.com/problems/valid-sudoku,"Array, Hash Table, Matrix"
HARD,Wildcard Matching,31.0,0.0032623577019212494,https://leetcode.com/problems/wildcard-matching,"String, Dynamic Programming, Greedy, Recursion"
HARD,Longest Increasing Path in a Matrix,31.0,0.005695053990694935,https://leetcode.com/problems/longest-increasing-path-in-a-matrix,"Array, Dynamic Programming, Depth-First Search, Breadth-First Search, Graph Theory, Topological Sort, Memoization, Matrix, Directed Acyclic Graph"
HARD,Reverse Pairs,31.0,0.0034986555072175985,https://leetcode.com/problems/reverse-pairs,"Array, Binary Search, Divide and Conquer, Binary Indexed Tree, Segment Tree, Merge Sort, Ordered Set, Treap"
MEDIUM,Peak Index in a Mountain Array,31.0,0.0066703889966037025,https://leetcode.com/problems/peak-index-in-a-mountain-array,"Array, Binary Search, Ternary Search"
EASY,Employee Bonus,31.0,0.007791273898089464,https://leetcode.com/problems/employee-bonus,Database
EASY,Find Missing and Repeated Values,31.0,0.00829723605895155,https://leetcode.com/problems/find-missing-and-repeated-values,"Array, Hash Table, Math, Matrix"
MEDIUM,Time Based Key-Value Store,31.0,0.0050128819781672515,https://leetcode.com/problems/time-based-key-value-store,"Hash Table, String, Binary Search, Design"
MEDIUM,Construct Binary Tree from Preorder and Inorder Traversal,31.0,0.006938056579561445,https://leetcode.com/problems/construct-binary-tree-from-preorder-and-inorder-traversal,"Array, Hash Table, Divide and Conquer, Tree, Binary Tree"
MEDIUM,Number of Substrings Containing All Three Characters,31.0,0.007440032102495217,https://leetcode.com/problems/number-of-substrings-containing-all-three-characters,"Hash Table, String, Sliding Window"
EASY,Min Cost Climbing Stairs,31.0,0.006863486747985426,https://leetcode.com/problems/min-cost-climbing-stairs,"Array, Dynamic Programming"
HARD,Bus Routes,31.0,0.004749635960401232,https://leetcode.com/problems/bus-routes,"Array, Hash Table, Breadth-First Search"
EASY,Reverse Bits,31.0,0.006912620267796699,https://leetcode.com/problems/reverse-bits,"Divide and Conquer, Bit Manipulation"
EASY,Search in a Binary Search Tree,31.0,0.008306605002312974,https://leetcode.com/problems/search-in-a-binary-search-tree,"Tree, Binary Search Tree, Binary Tree"
MEDIUM,Find the Length of the Longest Common Prefix,31.0,0.006226152649412633,https://leetcode.com/problems/find-the-length-of-the-longest-common-prefix,"Array, Hash Table, String, Trie"
MEDIUM,Subarray Product Less Than K,31.0,0.0054858410115825275,https://leetcode.com/problems/subarray-product-less-than-k,"Array, Binary Search, Sliding Window, Prefix Sum"
MEDIUM,Earliest Finish Time for Land and Water Rides II,31.0,0.00641389209816896,https://leetcode.com/problems/earliest-finish-time-for-land-and-water-rides-ii,"Array, Two Pointers, Binary Search, Greedy, Sorting"
HARD,Stone Game III,31.0,0.006793160225533994,https://leetcode.com/problems/stone-game-iii,"Array, Math, Dynamic Programming, Minimax, Game Theory, Zero-Sum Game"
EASY,Minimum Number of Pushes to Type Word I,31.0,0.0077410090566739885,https://leetcode.com/problems/minimum-number-of-pushes-to-type-word-i,"Math, String, Greedy"
HARD,Binary Tree Maximum Path Sum,28.4,0.00426647267349539,https://leetcode.com/problems/binary-tree-maximum-path-sum,"Dynamic Programming, Tree, Depth-First Search, Binary Tree, DP on Trees"
MEDIUM,Target Sum,28.4,0.005273123661542585,https://leetcode.com/problems/target-sum,"Array, Dynamic Programming, Backtracking, Knapsack Problem, 0-1 Knapsack"
MEDIUM,Sum of Subarray Minimums,28.4,0.0038950058234631466,https://leetcode.com/problems/sum-of-subarray-minimums,"Array, Dynamic Programming, Stack, Monotonic Stack"
MEDIUM,Reverse Linked List II,28.4,0.005217652139807546,https://leetcode.com/problems/reverse-linked-list-ii,Linked List
MEDIUM,Find Minimum in Rotated Sorted Array,28.4,0.005517061320673216,https://leetcode.com/problems/find-minimum-in-rotated-sorted-array,"Array, Binary Search"
EASY,Add Digits,28.4,0.0069233119092149695,https://leetcode.com/problems/add-digits,"Math, Simulation, Number Theory"
MEDIUM,String Compression,28.4,0.006060152682054325,https://leetcode.com/problems/string-compression,"Two Pointers, String"
MEDIUM,Coin Change II,28.4,0.005930282899238443,https://leetcode.com/problems/coin-change-ii,"Array, Dynamic Programming, Knapsack Problem, Complete Knapsack"
EASY,Can Place Flowers,28.4,0.0029279909398488204,https://leetcode.com/problems/can-place-flowers,"Array, Greedy"
MEDIUM,Reorganize String,28.4,0.0057449190216939,https://leetcode.com/problems/reorganize-string,"Hash Table, String, Greedy, Sorting, Heap (Priority Queue), Counting"
EASY,Replace Employee ID With The Unique Identifier,28.4,0.008375602624571418,https://leetcode.com/problems/replace-employee-id-with-the-unique-identifier,Database
MEDIUM,Minimum Number of Days to Make m Bouquets,28.4,0.005705241689082582,https://leetcode.com/problems/minimum-number-of-days-to-make-m-bouquets,"Array, Binary Search"
EASY,Excel Sheet Column Title,28.4,0.004729631691212344,https://leetcode.com/problems/excel-sheet-column-title,"Math, String"
EASY,Greatest Common Divisor of Strings,28.4,0.005427599236099225,https://leetcode.com/problems/greatest-common-divisor-of-strings,"Math, String, Euclidean Algorithm, Greatest Common Divisor"
HARD,Substring with Concatenation of All Words,28.4,0.0035003393350875244,https://leetcode.com/problems/substring-with-concatenation-of-all-words,"Hash Table, String, Sliding Window"
MEDIUM,Majority Element II,28.4,0.005667187222437231,https://leetcode.com/problems/majority-element-ii,"Array, Hash Table, Sorting, Counting, Boyer–Moore Majority Vote Algorithm"
HARD,Candy,28.4,0.004904701554330701,https://leetcode.com/problems/candy,"Array, Greedy"
MEDIUM,Rearrange Array Elements by Sign,28.4,0.008480480911626374,https://leetcode.com/problems/rearrange-array-elements-by-sign,"Array, Two Pointers, Simulation"
HARD,Swim in Rising Water,28.4,0.006817680753988078,https://leetcode.com/problems/swim-in-rising-water,"Array, Binary Search, Depth-First Search, Breadth-First Search, Union-Find, Minimax, Heap (Priority Queue), Matrix, Dijkstra's Algorithm"
MEDIUM,Apply Substitutions,28.4,0.007793292265571527,https://leetcode.com/problems/apply-substitutions,"Array, Hash Table, String, Depth-First Search, Breadth-First Search, Graph Theory, Topological Sort"
MEDIUM,Path Sum III,28.4,0.004658919882808834,https://leetcode.com/problems/path-sum-iii,"Tree, Depth-First Search, Binary Tree"
EASY,Backspace String Compare,28.4,0.005017271607417883,https://leetcode.com/problems/backspace-string-compare,"Two Pointers, String, Stack, Simulation"
HARD,Word Ladder II,28.4,0.002796268911781358,https://leetcode.com/problems/word-ladder-ii,"Hash Table, String, Backtracking, Breadth-First Search, Bidirectional Search"
EASY,Delete Duplicate Emails,28.4,0.00665797964520309,https://leetcode.com/problems/delete-duplicate-emails,Database
HARD,Partition Array Into Two Arrays to Minimize Sum Difference,28.4,0.002437998466532429,https://leetcode.com/problems/partition-array-into-two-arrays-to-minimize-sum-difference,"Array, Two Pointers, Binary Search, Dynamic Programming, Bit Manipulation, Meet in the Middle, Sorting, Ordered Set, Bitmask"
MEDIUM,Clone Graph,28.4,0.0065980060173831834,https://leetcode.com/problems/clone-graph,"Hash Table, Depth-First Search, Breadth-First Search, Graph Theory"
MEDIUM,Convert Sorted List to Binary Search Tree,28.4,0.006719566823465599,https://leetcode.com/problems/convert-sorted-list-to-binary-search-tree,"Linked List, Divide and Conquer, Tree, Binary Search Tree, Binary Tree"
EASY,Valid Perfect Square,28.4,0.004513246984053394,https://leetcode.com/problems/valid-perfect-square,"Math, Binary Search"
MEDIUM,Maximum Good Subarray Sum,28.4,0.0022378640465363867,https://leetcode.com/problems/maximum-good-subarray-sum,"Array, Hash Table, Prefix Sum"
HARD,Maximum Score From Grid Operations,28.4,0.006421845093785888,https://leetcode.com/problems/maximum-score-from-grid-operations,"Array, Dynamic Programming, Matrix, Prefix Sum"
MEDIUM,Maximum Path Score in a Grid,28.4,0.005348463835476092,https://leetcode.com/problems/maximum-path-score-in-a-grid,"Array, Dynamic Programming, Matrix"
EASY,Customer Who Visited but Did Not Make Any Transactions,28.4,0.006830264189571809,https://leetcode.com/problems/customer-who-visited-but-did-not-make-any-transactions,Database
MEDIUM,Find the Prefix Common Array of Two Arrays,28.4,0.0088291562015711,https://leetcode.com/problems/find-the-prefix-common-array-of-two-arrays,"Array, Hash Table, Bit Manipulation"
HARD,Block Placement Queries,28.4,0.004141530323533029,https://leetcode.com/problems/block-placement-queries,"Array, Binary Search, Binary Indexed Tree, Segment Tree, Ordered Set"
EASY,Left and Right Sum Differences,28.4,0.008967584112315201,https://leetcode.com/problems/left-and-right-sum-differences,"Array, Prefix Sum"
MEDIUM,Angle Between Hands of a Clock,28.4,0.006987941494851849,https://leetcode.com/problems/angle-between-hands-of-a-clock,Math
HARD,Number of ZigZag Arrays I,28.4,0.0050357112025553215,https://leetcode.com/problems/number-of-zigzag-arrays-i,"Dynamic Programming, Prefix Sum"
HARD,Sorted GCD Pair Queries,28.4,0.00581872852233677,https://leetcode.com/problems/sorted-gcd-pair-queries,"Array, Hash Table, Math, Binary Search, Combinatorics, Counting, Number Theory, Prefix Sum, Euclidean Algorithm, Greatest Common Divisor"
EASY,Smallest Divisible Digit Product I,28.4,0.007305354392339481,https://leetcode.com/problems/smallest-divisible-digit-product-i,"Math, Enumeration"
MEDIUM,Find the Lexicographically Smallest Valid Sequence,28.4,0.005782093693309145,https://leetcode.com/problems/find-the-lexicographically-smallest-valid-sequence,"Two Pointers, String, Dynamic Programming, Greedy"
EASY,Smallest Missing Integer Greater Than Sequential Prefix Sum,28.4,0.004997048437818635,https://leetcode.com/problems/smallest-missing-integer-greater-than-sequential-prefix-sum,"Array, Hash Table, Sorting"
MEDIUM,Pacific Atlantic Water Flow,25.4,0.00613439046674663,https://leetcode.com/problems/pacific-atlantic-water-flow,"Array, Depth-First Search, Breadth-First Search, Matrix"
HARD,Sudoku Solver,25.4,0.0065586247531822465,https://leetcode.com/problems/sudoku-solver,"Array, Hash Table, Backtracking, Matrix, Algorithm X, Dancing Links"
HARD,Permutation Sequence,25.4,0.005400041095601716,https://leetcode.com/problems/permutation-sequence,"Math, Recursion"
HARD,Text Justification,25.4,0.005189777954455108,https://leetcode.com/problems/text-justification,"Array, String, Simulation"
HARD,Minimum Window Substring,25.4,0.004825493507502785,https://leetcode.com/problems/minimum-window-substring,"Hash Table, String, Sliding Window"
MEDIUM,Evaluate Reverse Polish Notation,25.4,0.005848824922720453,https://leetcode.com/problems/evaluate-reverse-polish-notation,"Array, Math, Stack"
MEDIUM,House Robber II,25.4,0.004540398609332016,https://leetcode.com/problems/house-robber-ii,"Array, Dynamic Programming"
MEDIUM,Maximal Square,25.4,0.005074671467678027,https://leetcode.com/problems/maximal-square,"Array, Dynamic Programming, Matrix"
MEDIUM,Kth Smallest Element in a BST,25.4,0.0077214785961713705,https://leetcode.com/problems/kth-smallest-element-in-a-bst,"Tree, Depth-First Search, Binary Search Tree, Binary Tree"
MEDIUM,Remove K Digits,25.4,0.0037490788687867295,https://leetcode.com/problems/remove-k-digits,"String, Stack, Greedy, Monotonic Stack"
MEDIUM,Accounts Merge,25.4,0.006188994327914749,https://leetcode.com/problems/accounts-merge,"Array, Hash Table, String, Depth-First Search, Breadth-First Search, Union-Find, Sorting"
MEDIUM,The Earliest Moment When Everyone Become Friends,25.4,0.0066116242364710545,https://leetcode.com/problems/the-earliest-moment-when-everyone-become-friends,"Array, Union-Find, Sorting"
EASY,Find the Difference,25.4,0.006061565084903575,https://leetcode.com/problems/find-the-difference,"Hash Table, String, Bit Manipulation, Sorting"
MEDIUM,Longest Common Subsequence,25.4,0.005947673653306344,https://leetcode.com/problems/longest-common-subsequence,"String, Dynamic Programming, Longest Common Subsequence"
EASY,Is Subsequence,25.4,0.004934151446576965,https://leetcode.com/problems/is-subsequence,"Two Pointers, String, Dynamic Programming"
MEDIUM,Sum of Two Integers,25.4,0.005587486586676313,https://leetcode.com/problems/sum-of-two-integers,"Math, Bit Manipulation"
MEDIUM,Validate Binary Search Tree,25.4,0.003620631103723719,https://leetcode.com/problems/validate-binary-search-tree,"Tree, Depth-First Search, Binary Search Tree, Binary Tree"
EASY,Number of 1 Bits,25.4,0.007736181861502956,https://leetcode.com/problems/number-of-1-bits,"Divide and Conquer, Bit Manipulation"
EASY,Array Prototype Last,25.4,0.007466238111085811,https://leetcode.com/problems/array-prototype-last,
MEDIUM,Combinations,25.4,0.007502149996819767,https://leetcode.com/problems/combinations,Backtracking
MEDIUM,Find All Duplicates in an Array,25.4,0.007710563836037227,https://leetcode.com/problems/find-all-duplicates-in-an-array,"Array, Hash Table, Sorting"
MEDIUM,Online Stock Span,25.4,0.006962038339597288,https://leetcode.com/problems/online-stock-span,"Stack, Design, Monotonic Stack, Data Stream"
MEDIUM,Count and Say,25.4,0.006361991233455548,https://leetcode.com/problems/count-and-say,String
MEDIUM,Delete the Middle Node of a Linked List,25.4,0.006091391508187643,https://leetcode.com/problems/delete-the-middle-node-of-a-linked-list,"Linked List, Two Pointers"
HARD,LFU Cache,25.4,0.005002935001290914,https://leetcode.com/problems/lfu-cache,"Hash Table, Linked List, Design, Doubly-Linked List"
MEDIUM,Largest Divisible Subset,25.4,0.005000349454190334,https://leetcode.com/problems/largest-divisible-subset,"Array, Math, Dynamic Programming, Sorting"
MEDIUM,Find K Pairs with Smallest Sums,25.4,0.0042260520882202715,https://leetcode.com/problems/find-k-pairs-with-smallest-sums,"Array, Heap (Priority Queue)"
EASY,Duplicate Emails,25.4,0.007419646720956766,https://leetcode.com/problems/duplicate-emails,Database
EASY,Customers Who Never Order,25.4,0.00722275127650319,https://leetcode.com/problems/customers-who-never-order,Database
EASY,Third Maximum Number,25.4,0.004016706407962791,https://leetcode.com/problems/third-maximum-number,"Array, Sorting"
EASY,Number of Recent Calls,25.4,0.007889251229126988,https://leetcode.com/problems/number-of-recent-calls,"Design, Queue, Data Stream"
MEDIUM,Permutations II,25.4,0.006400891548867574,https://leetcode.com/problems/permutations-ii,"Array, Backtracking, Sorting"
MEDIUM,Move Pieces to Obtain a String,25.4,0.005660922509225092,https://leetcode.com/problems/move-pieces-to-obtain-a-string,"Two Pointers, String"
EASY,Perfect Number,25.4,0.004987720727552762,https://leetcode.com/problems/perfect-number,Math
EASY,Repeated Substring Pattern,25.4,0.004865482308431229,https://leetcode.com/problems/repeated-substring-pattern,"String, String Matching, Z Algorithm, Knuth–Morris–Pratt Algorithm"
MEDIUM,Minimum Add to Make Parentheses Valid,25.4,0.00742756782798007,https://leetcode.com/problems/minimum-add-to-make-parentheses-valid,"String, Stack, Greedy, Bracket Sequences"
HARD,Count of Smaller Numbers After Self,25.4,0.004392837515135026,https://leetcode.com/problems/count-of-smaller-numbers-after-self,"Array, Binary Search, Divide and Conquer, Binary Indexed Tree, Segment Tree, Merge Sort, Ordered Set, Treap"
EASY,Project Employees I,25.4,0.006719156219890948,https://leetcode.com/problems/project-employees-i,Database
MEDIUM,Find Kth Bit in Nth Binary String,25.4,0.00737185282314345,https://leetcode.com/problems/find-kth-bit-in-nth-binary-string,"String, Recursion, Simulation"
MEDIUM,Delete Nodes And Return Forest,25.4,0.007248246540471741,https://leetcode.com/problems/delete-nodes-and-return-forest,"Array, Hash Table, Tree, Depth-First Search, Binary Tree"
MEDIUM,Binary Tree Right Side View,25.4,0.00709796330836447,https://leetcode.com/problems/binary-tree-right-side-view,"Tree, Depth-First Search, Breadth-First Search, Binary Tree"
MEDIUM,Inverse Coin Change,25.4,0.0052012832908499606,https://leetcode.com/problems/inverse-coin-change,"Array, Dynamic Programming"
MEDIUM,Minimize Hamming Distance After Swap Operations,25.4,0.0069671608071531785,https://leetcode.com/problems/minimize-hamming-distance-after-swap-operations,"Array, Depth-First Search, Union-Find"
MEDIUM,01 Matrix,25.4,0.005472594162412098,https://leetcode.com/problems/01-matrix,"Array, Dynamic Programming, Breadth-First Search, Matrix"
MEDIUM,Minimum Falling Path Sum,25.4,0.006084636106596612,https://leetcode.com/problems/minimum-falling-path-sum,"Array, Dynamic Programming, Matrix"
MEDIUM,Minimum Cost For Tickets,25.4,0.006747677199840635,https://leetcode.com/problems/minimum-cost-for-tickets,"Array, Dynamic Programming"
MEDIUM,Corporate Flight Bookings,25.4,0.00685207593693992,https://leetcode.com/problems/corporate-flight-bookings,"Array, Prefix Sum"
MEDIUM,Count the Number of Special Characters II,25.4,0.006049983185543107,https://leetcode.com/problems/count-the-number-of-special-characters-ii,"Hash Table, String"
MEDIUM,Maximum Sum Circular Subarray,25.4,0.005115689349996809,https://leetcode.com/problems/maximum-sum-circular-subarray,"Array, Divide and Conquer, Dynamic Programming, Queue, Monotonic Queue"
MEDIUM,Boats to Save People,25.4,0.00622977650975766,https://leetcode.com/problems/boats-to-save-people,"Array, Two Pointers, Greedy, Sorting, Timsort"
MEDIUM,Count Complete Tree Nodes,25.4,0.007287327531110193,https://leetcode.com/problems/count-complete-tree-nodes,"Binary Search, Bit Manipulation, Tree, Binary Tree"
MEDIUM,Count Subarrays With Majority Element I,25.4,0.007566326026585294,https://leetcode.com/problems/count-subarrays-with-majority-element-i,"Array, Hash Table, Divide and Conquer, Segment Tree, Merge Sort, Counting, Prefix Sum"
MEDIUM,Remove Covered Intervals,25.4,0.006017011116577376,https://leetcode.com/problems/remove-covered-intervals,"Array, Sorting"
MEDIUM,Path Existence Queries in a Graph I,25.4,0.007023023486210232,https://leetcode.com/problems/path-existence-queries-in-a-graph-i,"Array, Hash Table, Binary Search, Union-Find, Graph Theory"
HARD,Path Existence Queries in a Graph II,25.4,0.006377300672989274,https://leetcode.com/problems/path-existence-queries-in-a-graph-ii,"Array, Two Pointers, Binary Search, Dynamic Programming, Greedy, Bit Manipulation, Graph Theory, Sorting"
EASY,Rank Transform of an Array,25.4,0.0073975143936408465,https://leetcode.com/problems/rank-transform-of-an-array,"Array, Hash Table, Sorting"
MEDIUM,Sequential Digits,25.4,0.0068642383022618925,https://leetcode.com/problems/sequential-digits,Enumeration
EASY,GCD of Odd and Even Sums,25.4,0.008985153137926706,https://leetcode.com/problems/gcd-of-odd-and-even-sums,"Math, Number Theory"
MEDIUM,Smallest Palindromic Rearrangement I,25.4,0.0074541310220621335,https://leetcode.com/problems/smallest-palindromic-rearrangement-i,"String, Sorting, Counting Sort"
MEDIUM,Stone Game II,25.4,0.007573684950885547,https://leetcode.com/problems/stone-game-ii,"Array, Math, Dynamic Programming, Minimax, Prefix Sum, Game Theory, Zero-Sum Game"
HARD,Merge k Sorted Lists,21.9,0.0060293852368744775,https://leetcode.com/problems/merge-k-sorted-lists,"Linked List, Divide and Conquer, Heap (Priority Queue), Merge Sort, Tournament Sort"
MEDIUM,Evaluate Division,21.9,0.006450717441791638,https://leetcode.com/problems/evaluate-division,"Array, String, Depth-First Search, Breadth-First Search, Union-Find, Graph Theory, Shortest Path, Bellman–Ford Algorithm, Floyd–Warshall Algorithm"
MEDIUM,Linked List Cycle II,21.9,0.0058884830426313,https://leetcode.com/problems/linked-list-cycle-ii,"Hash Table, Linked List, Two Pointers, Floyd's Cycle Finding Algorithm"
MEDIUM,Find All Anagrams in a String,21.9,0.005432473980204756,https://leetcode.com/problems/find-all-anagrams-in-a-string,"Hash Table, String, Sliding Window"
MEDIUM,Contiguous Array,21.9,0.005208313127416178,https://leetcode.com/problems/contiguous-array,"Array, Hash Table, Prefix Sum"
MEDIUM,Permutation in String,21.9,0.004952170786372714,https://leetcode.com/problems/permutation-in-string,"Hash Table, Two Pointers, String, Sliding Window"
MEDIUM,Managers with at Least 5 Direct Reports,21.9,0.004939573974786263,https://leetcode.com/problems/managers-with-at-least-5-direct-reports,Database
HARD,Design Search Autocomplete System,21.9,0.0050057343632813976,https://leetcode.com/problems/design-search-autocomplete-system,"String, Depth-First Search, Design, Trie, Sorting, Heap (Priority Queue), Data Stream"
HARD,Range Module,21.9,0.0045412668477283515,https://leetcode.com/problems/range-module,"Design, Segment Tree, Ordered Set"
EASY,Flood Fill,21.9,0.0068787420756046035,https://leetcode.com/problems/flood-fill,"Array, Depth-First Search, Breadth-First Search, Matrix"
MEDIUM,Asteroid Collision,21.9,0.004876299951048237,https://leetcode.com/problems/asteroid-collision,"Array, Stack, Simulation"
EASY,Unique Number of Occurrences,21.9,0.007885868985526819,https://leetcode.com/problems/unique-number-of-occurrences,"Array, Hash Table"
EASY,Average Time of Process per Machine,21.9,0.0066932476908874204,https://leetcode.com/problems/average-time-of-process-per-machine,Database
EASY,Summary Ranges,21.9,0.005461917679543697,https://leetcode.com/problems/summary-ranges,Array
EASY,Add Strings,21.9,0.005221924583832983,https://leetcode.com/problems/add-strings,"Math, String, Simulation"
MEDIUM,Combination Sum II,21.9,0.005997286479259606,https://leetcode.com/problems/combination-sum-ii,"Array, Backtracking"
MEDIUM,Non-overlapping Intervals,21.9,0.0057569947376100794,https://leetcode.com/problems/non-overlapping-intervals,"Array, Dynamic Programming, Greedy, Sorting"
MEDIUM,Product Price at a Given Date,21.9,0.005835672361420383,https://leetcode.com/problems/product-price-at-a-given-date,Database
MEDIUM,Monthly Transactions I,21.9,0.005968982337830442,https://leetcode.com/problems/monthly-transactions-i,Database
MEDIUM,Simplify Path,21.9,0.005122124583086863,https://leetcode.com/problems/simplify-path,"String, Stack"
EASY,Convert Sorted Array to Binary Search Tree,21.9,0.00759846029580821,https://leetcode.com/problems/convert-sorted-array-to-binary-search-tree,"Array, Divide and Conquer, Tree, Binary Search Tree, Binary Tree"
MEDIUM,Recover Binary Search Tree,21.9,0.006067044879007175,https://leetcode.com/problems/recover-binary-search-tree,"Tree, Depth-First Search, Binary Search Tree, Binary Tree"
EASY,Remove Outermost Parentheses,21.9,0.008739018481955935,https://leetcode.com/problems/remove-outermost-parentheses,"String, Stack, Bracket Sequences"
EASY,Number of Good Pairs,21.9,0.008991139771804152,https://leetcode.com/problems/number-of-good-pairs,"Array, Hash Table, Math, Counting"
MEDIUM,Sort Characters By Frequency,21.9,0.007571027026751469,https://leetcode.com/problems/sort-characters-by-frequency,"Hash Table, String, Sorting, Heap (Priority Queue), Bucket Sort, Counting"
MEDIUM,Lowest Common Ancestor of a Binary Search Tree,21.9,0.007119576128496311,https://leetcode.com/problems/lowest-common-ancestor-of-a-binary-search-tree,"Tree, Depth-First Search, Binary Search Tree, Binary Tree, Binary Lifting, Lowest Common Ancestor"
MEDIUM,Min Cost to Connect All Points,21.9,0.007156196620140975,https://leetcode.com/problems/min-cost-to-connect-all-points,"Array, Union-Find, Graph Theory, Minimum Spanning Tree, Prim's Algorithm, Kruskal's Algorithm, Borůvka's Algorithm"
MEDIUM,Design Linked List,21.9,0.0030677020143627448,https://leetcode.com/problems/design-linked-list,"Linked List, Design"
MEDIUM,Valid Parenthesis String,21.9,0.004040380274685337,https://leetcode.com/problems/valid-parenthesis-string,"String, Dynamic Programming, Stack, Greedy, Bracket Sequences"
MEDIUM,Range Sum Query 2D - Immutable,21.9,0.005883561643835617,https://leetcode.com/problems/range-sum-query-2d-immutable,"Array, Design, Matrix, Prefix Sum"
EASY,Water Bottles,21.9,0.007256279117522492,https://leetcode.com/problems/water-bottles,"Math, Simulation"
MEDIUM,Longest Non-Decreasing Subarray After Replacing at Most One Element,21.9,0.002270164938409075,https://leetcode.com/problems/longest-non-decreasing-subarray-after-replacing-at-most-one-element,"Array, Dynamic Programming"
EASY,User Activity for the Past 30 Days I,21.9,0.005139127221555735,https://leetcode.com/problems/user-activity-for-the-past-30-days-i,Database
MEDIUM,Strictly Palindromic Number,21.9,0.009038301705445072,https://leetcode.com/problems/strictly-palindromic-number,"Math, Two Pointers, Brainteaser"
MEDIUM,Path With Minimum Effort,21.9,0.00638977436323885,https://leetcode.com/problems/path-with-minimum-effort,"Array, Binary Search, Depth-First Search, Breadth-First Search, Union-Find, Heap (Priority Queue), Matrix, Dijkstra's Algorithm"
EASY,N-th Tribonacci Number,21.9,0.006307437852573694,https://leetcode.com/problems/n-th-tribonacci-number,"Math, Dynamic Programming, Memoization"
MEDIUM,Maximum Sum of Distinct Subarrays With Length K,21.9,0.004343599277957783,https://leetcode.com/problems/maximum-sum-of-distinct-subarrays-with-length-k,"Array, Hash Table, Sliding Window"
MEDIUM,Best Time to Buy and Sell Stock with Transaction Fee,21.9,0.007248233424460566,https://leetcode.com/problems/best-time-to-buy-and-sell-stock-with-transaction-fee,"Array, Dynamic Programming, Greedy"
MEDIUM,Remove Duplicates from Sorted List II,21.9,0.005235401340323313,https://leetcode.com/problems/remove-duplicates-from-sorted-list-ii,"Linked List, Two Pointers"
EASY,Score of a String,21.9,0.009120956962074718,https://leetcode.com/problems/score-of-a-string,String
HARD,Special Binary String,21.9,0.007943574057109139,https://leetcode.com/problems/special-binary-string,"String, Divide and Conquer, Sorting"
EASY,Binary Tree Preorder Traversal,21.9,0.007647322363605984,https://leetcode.com/problems/binary-tree-preorder-traversal,"Stack, Tree, Depth-First Search, Binary Tree"
MEDIUM,Shortest Unsorted Continuous Subarray,21.9,0.003853243604157498,https://leetcode.com/problems/shortest-unsorted-continuous-subarray,"Array, Two Pointers, Stack, Greedy, Sorting, Monotonic Stack"
MEDIUM,Car Fleet,21.9,0.005556900880152747,https://leetcode.com/problems/car-fleet,"Array, Stack, Sorting, Monotonic Stack"
HARD,Sum of Distances in Tree,21.9,0.006575362902106636,https://leetcode.com/problems/sum-of-distances-in-tree,"Dynamic Programming, Tree, Depth-First Search, Graph Theory, DP on Trees"
MEDIUM,Largest Submatrix With Rearrangements,21.9,0.008019162177085976,https://leetcode.com/problems/largest-submatrix-with-rearrangements,"Array, Greedy, Sorting, Matrix"
MEDIUM,Unique Paths II,21.9,0.004494320132220292,https://leetcode.com/problems/unique-paths-ii,"Array, Dynamic Programming, Matrix"
HARD,Lexicographically Smallest Generated String,21.9,0.005362966235508759,https://leetcode.com/problems/lexicographically-smallest-generated-string,"String, Greedy, String Matching"
MEDIUM,Minimum Path Sum,21.9,0.006874285022092097,https://leetcode.com/problems/minimum-path-sum,"Array, Dynamic Programming, Matrix"
EASY,Game Play Analysis I,21.9,0.007660564763850124,https://leetcode.com/problems/game-play-analysis-i,Database
EASY,Number of Unique Subjects Taught by Each Teacher,21.9,0.008926157034128707,https://leetcode.com/problems/number-of-unique-subjects-taught-by-each-teacher,Database
EASY,Lemonade Change,21.9,0.005939441164607092,https://leetcode.com/problems/lemonade-change,"Array, Greedy"
MEDIUM,Decode Ways,21.9,0.0038445766693530796,https://leetcode.com/problems/decode-ways,"String, Dynamic Programming"
EASY,Power of Three,21.9,0.005147307913637493,https://leetcode.com/problems/power-of-three,"Math, Recursion"
MEDIUM,Partition Array for Maximum Sum,21.9,0.0077542166577360475,https://leetcode.com/problems/partition-array-for-maximum-sum,"Array, Dynamic Programming"
HARD,Cherry Pickup,21.9,0.0040270487618501005,https://leetcode.com/problems/cherry-pickup,"Array, Dynamic Programming, Matrix"
EASY,Create a DataFrame from List,21.9,0.008087162588600835,https://leetcode.com/problems/create-a-dataframe-from-list,
MEDIUM,Jump Game IX,21.9,0.004633796745338937,https://leetcode.com/problems/jump-game-ix,"Array, Dynamic Programming"
HARD,Scramble String,21.9,0.0045364392300115035,https://leetcode.com/problems/scramble-string,"String, Dynamic Programming"
EASY,Check if Array is Good,21.9,0.005732660789747577,https://leetcode.com/problems/check-if-array-is-good,"Array, Hash Table, Sorting"
MEDIUM,H-Index,21.9,0.00417833369377559,https://leetcode.com/problems/h-index,"Array, Sorting, Counting Sort"
EASY,Triangle Judgement,21.9,0.007509359384745661,https://leetcode.com/problems/triangle-judgement,Database
HARD,Find Minimum in Rotated Sorted Array II,21.9,0.004688570040789392,https://leetcode.com/problems/find-minimum-in-rotated-sorted-array-ii,"Array, Binary Search"
HARD,Palindrome Partitioning II,21.9,0.003774279700434258,https://leetcode.com/problems/palindrome-partitioning-ii,"String, Dynamic Programming"
EASY,Word Pattern,21.9,0.004451279324154498,https://leetcode.com/problems/word-pattern,"Hash Table, String"
EASY,Minimum Absolute Difference in BST,21.9,0.005966354787755665,https://leetcode.com/problems/minimum-absolute-difference-in-bst,"Tree, Depth-First Search, Breadth-First Search, Binary Search Tree, Binary Tree"
EASY,Average Selling Price,21.9,0.003774809876183741,https://leetcode.com/problems/average-selling-price,Database
HARD,Number of Ways to Assign Edge Weights II,21.9,0.007188049574908686,https://leetcode.com/problems/number-of-ways-to-assign-edge-weights-ii,"Array, Math, Dynamic Programming, Bit Manipulation, Tree, Depth-First Search"
MEDIUM,Minimum Number of Arrows to Burst Balloons,21.9,0.0061803025329715475,https://leetcode.com/problems/minimum-number-of-arrows-to-burst-balloons,"Array, Greedy, Sorting"
HARD,Frog Jump,21.9,0.004754533149282335,https://leetcode.com/problems/frog-jump,"Array, Dynamic Programming"
HARD,Number of ZigZag Arrays II,21.9,0.0067224787587735505,https://leetcode.com/problems/number-of-zigzag-arrays-ii,"Math, Dynamic Programming"
MEDIUM,All Nodes Distance K in Binary Tree,21.9,0.006800091542377422,https://leetcode.com/problems/all-nodes-distance-k-in-binary-tree,"Hash Table, Tree, Depth-First Search, Breadth-First Search, Binary Tree"
MEDIUM,Maximum Element After Decreasing and Rearranging,21.9,0.006915938998141083,https://leetcode.com/problems/maximum-element-after-decreasing-and-rearranging,"Array, Greedy, Sorting"
EASY,Last Stone Weight,21.9,0.006673538302498124,https://leetcode.com/problems/last-stone-weight,"Array, Heap (Priority Queue)"
MEDIUM,Find Original Array From Doubled Array,21.9,0.0040906324081232195,https://leetcode.com/problems/find-original-array-from-doubled-array,"Array, Hash Table, Greedy, Sorting"
EASY,Flipping an Image,21.9,0.008395051414529736,https://leetcode.com/problems/flipping-an-image,"Array, Two Pointers, Bit Manipulation, Matrix, Simulation"
MEDIUM,Minimum Score of a Path Between Two Cities,21.9,0.006624039939783489,https://leetcode.com/problems/minimum-score-of-a-path-between-two-cities,"Depth-First Search, Breadth-First Search, Union-Find, Graph Theory"
EASY,Concatenate Non-Zero Digits and Multiply by Sum I,21.9,0.006614353891336271,https://leetcode.com/problems/concatenate-non-zero-digits-and-multiply-by-sum-i,Math
MEDIUM,Sum of Square Numbers,21.9,0.0036997587784899154,https://leetcode.com/problems/sum-of-square-numbers,"Math, Two Pointers, Binary Search"
MEDIUM,Maximize Active Section with Trade I,21.9,0.006095642138456787,https://leetcode.com/problems/maximize-active-section-with-trade-i,"String, Enumeration"
HARD,Maximize Active Section with Trade II,21.9,0.006465984412957692,https://leetcode.com/problems/maximize-active-section-with-trade-ii,"Array, String, Binary Search, Segment Tree"
MEDIUM,Number of Unique XOR Triplets I,21.9,0.00577041870581838,https://leetcode.com/problems/number-of-unique-xor-triplets-i,"Array, Math, Bit Manipulation"
MEDIUM,Delete Node in a Linked List,17.4,0.008429261642154438,https://leetcode.com/problems/delete-node-in-a-linked-list,Linked List
MEDIUM,Gas Station,17.4,0.004855703095776569,https://leetcode.com/problems/gas-station,"Array, Greedy"
MEDIUM,Course Schedule II,17.4,0.0056087981873676395,https://leetcode.com/problems/course-schedule-ii,"Depth-First Search, Breadth-First Search, Graph Theory, Topological Sort"
MEDIUM,Find K Closest Elements,17.4,0.005001268488067444,https://leetcode.com/problems/find-k-closest-elements,"Array, Two Pointers, Binary Search, Sliding Window, Sorting, Heap (Priority Queue)"
HARD,Shortest Palindrome,17.4,0.004295031470576048,https://leetcode.com/problems/shortest-palindrome,"String, Rolling Hash, String Matching, Hash Function, Manacher, Z Algorithm, Knuth–Morris–Pratt Algorithm"
HARD,Serialize and Deserialize Binary Tree,17.4,0.006102862820701219,https://leetcode.com/problems/serialize-and-deserialize-binary-tree,"String, Tree, Depth-First Search, Breadth-First Search, Design, Binary Tree"
EASY,Counter,17.4,0.008244050041307157,https://leetcode.com/problems/counter,
EASY,Intersection of Two Linked Lists,17.4,0.006446732931499626,https://leetcode.com/problems/intersection-of-two-linked-lists,"Hash Table, Linked List, Two Pointers"
MEDIUM,Multiply Strings,17.4,0.004462399969068332,https://leetcode.com/problems/multiply-strings,"Math, String, Simulation"
MEDIUM,Exclusive Time of Functions,17.4,0.006626042210744203,https://leetcode.com/problems/exclusive-time-of-functions,"Array, Stack"
MEDIUM,Basic Calculator II,17.4,0.004708552166112491,https://leetcode.com/problems/basic-calculator-ii,"Math, String, Stack"
MEDIUM,Triangle,17.4,0.005991266512882046,https://leetcode.com/problems/triangle,"Array, Dynamic Programming"
MEDIUM,Number of Closed Islands,17.4,0.006725073529241612,https://leetcode.com/problems/number-of-closed-islands,"Array, Depth-First Search, Breadth-First Search, Union-Find, Matrix"
MEDIUM,Sequence Reconstruction,17.4,0.0031076290348093904,https://leetcode.com/problems/sequence-reconstruction,"Array, Graph Theory, Topological Sort, Directed Acyclic Graph"
HARD,Employee Free Time,17.4,0.007297685168666722,https://leetcode.com/problems/employee-free-time,"Array, Sweep Line, Sorting, Heap (Priority Queue)"
HARD,Longest Duplicate Substring,17.4,0.0031370244794347896,https://leetcode.com/problems/longest-duplicate-substring,"String, Binary Search, Sliding Window, Rolling Hash, Suffix Array, Hash Function, Suffix Automaton, Suffix Tree, Z Algorithm, Boyer–Moore String-Search Algorithm"
MEDIUM,Interleaving String,17.4,0.004457143226392884,https://leetcode.com/problems/interleaving-string,"String, Dynamic Programming"
MEDIUM,Find And Replace in String,17.4,0.005074184325053409,https://leetcode.com/problems/find-and-replace-in-string,"Array, Hash Table, String, Sorting"
MEDIUM,Rank Scores,17.4,0.006854013268306483,https://leetcode.com/problems/rank-scores,Database
MEDIUM,Integer Break,17.4,0.006263130598838341,https://leetcode.com/problems/integer-break,"Math, Dynamic Programming"
MEDIUM,Unique Binary Search Trees II,17.4,0.006312665814254715,https://leetcode.com/problems/unique-binary-search-trees-ii,"Dynamic Programming, Backtracking, Tree, Binary Search Tree, Binary Tree"
EASY,Final Value of Variable After Performing Operations,17.4,0.009060135830200364,https://leetcode.com/problems/final-value-of-variable-after-performing-operations,"Array, String, Simulation"
HARD,Maximum Profit in Job Scheduling,17.4,0.005481201000329917,https://leetcode.com/problems/maximum-profit-in-job-scheduling,"Array, Binary Search, Dynamic Programming, Sorting"
MEDIUM,Build an Array With Stack Operations,17.4,0.008086503890234237,https://leetcode.com/problems/build-an-array-with-stack-operations,"Array, Stack, Simulation"
HARD,Alien Dictionary,17.4,0.0037286509580722444,https://leetcode.com/problems/alien-dictionary,"Array, String, Depth-First Search, Breadth-First Search, Graph Theory, Topological Sort, Directed Acyclic Graph"
HARD,Number of Digit One,17.4,0.003957957082968072,https://leetcode.com/problems/number-of-digit-one,"Math, Dynamic Programming, Recursion"
EASY,Two Sum IV - Input is a BST,17.4,0.006361461104037718,https://leetcode.com/problems/two-sum-iv-input-is-a-bst,"Hash Table, Two Pointers, Tree, Depth-First Search, Breadth-First Search, Binary Search Tree, Binary Tree"
MEDIUM,Insert into a Binary Search Tree,17.4,0.0073613868965598465,https://leetcode.com/problems/insert-into-a-binary-search-tree,"Tree, Binary Search Tree, Binary Tree"
MEDIUM,Divide Array in Sets of K Consecutive Numbers,17.4,0.00594855954438955,https://leetcode.com/problems/divide-array-in-sets-of-k-consecutive-numbers,"Array, Hash Table, Greedy, Sorting"
MEDIUM,Factorial Trailing Zeroes,17.4,0.004722448315155461,https://leetcode.com/problems/factorial-trailing-zeroes,Math
MEDIUM,Champagne Tower,17.4,0.006397998985499641,https://leetcode.com/problems/champagne-tower,Dynamic Programming
EASY,Count Binary Substrings,17.4,0.0070533933233594415,https://leetcode.com/problems/count-binary-substrings,"Two Pointers, String"
EASY,Valid Mountain Array,17.4,0.0035673313684241236,https://leetcode.com/problems/valid-mountain-array,Array
HARD,Maximize Cyclic Partition Score,17.4,0.0014432989690721647,https://leetcode.com/problems/maximize-cyclic-partition-score,"Array, Dynamic Programming"
EASY,Base 7,17.4,0.005509097056135035,https://leetcode.com/problems/base-7,"Math, String"
EASY,Binary Gap,17.4,0.007439950659989676,https://leetcode.com/problems/binary-gap,Bit Manipulation
MEDIUM,Check If a String Contains All Binary Codes of Size K,17.4,0.0061637932999867775,https://leetcode.com/problems/check-if-a-string-contains-all-binary-codes-of-size-k,"Hash Table, String, Bit Manipulation, Rolling Hash, Hash Function, Directed Acyclic Graph"
MEDIUM,Number of Steps to Reduce a Number in Binary Representation to One,17.4,0.006374802235557344,https://leetcode.com/problems/number-of-steps-to-reduce-a-number-in-binary-representation-to-one,"String, Bit Manipulation, Simulation"
EASY,Sort Integers by The Number of 1 Bits,17.4,0.008243396967458481,https://leetcode.com/problems/sort-integers-by-the-number-of-1-bits,"Array, Bit Manipulation, Sorting, Counting"
HARD,Number of Islands II,17.4,0.004070941634580775,https://leetcode.com/problems/number-of-islands-ii,"Array, Hash Table, Union-Find"
MEDIUM,Partitioning Into Minimum Number Of Deci-Binary Numbers,17.4,0.009046840225905498,https://leetcode.com/problems/partitioning-into-minimum-number-of-deci-binary-numbers,"String, Greedy"
EASY,Array Partition,17.4,0.008207983996433386,https://leetcode.com/problems/array-partition,"Array, Greedy, Sorting, Counting Sort"
MEDIUM,Find All Possible Stable Binary Arrays I,17.4,0.005344553243574052,https://leetcode.com/problems/find-all-possible-stable-binary-arrays-i,"Dynamic Programming, Prefix Sum"
HARD,Shortest Subarray with Sum at Least K,17.4,0.0033014980575212334,https://leetcode.com/problems/shortest-subarray-with-sum-at-least-k,"Array, Binary Search, Queue, Sliding Window, Heap (Priority Queue), Prefix Sum, Monotonic Queue"
EASY,Complement of Base 10 Integer,17.4,0.006341189100054505,https://leetcode.com/problems/complement-of-base-10-integer,Bit Manipulation
MEDIUM,Sum of Beauty of All Substrings,17.4,0.007467354533737392,https://leetcode.com/problems/sum-of-beauty-of-all-substrings,"Hash Table, String, Counting"
EASY,Final Prices With a Special Discount in a Shop,17.4,0.008429688445708752,https://leetcode.com/problems/final-prices-with-a-special-discount-in-a-shop,"Array, Stack, Monotonic Stack"
MEDIUM,The k-th Lexicographical String of All Happy Strings of Length n,17.4,0.008707962253204714,https://leetcode.com/problems/the-k-th-lexicographical-string-of-all-happy-strings-of-length-n,"String, Backtracking"
EASY,Hamming Distance,17.4,0.0077003824029638936,https://leetcode.com/problems/hamming-distance,Bit Manipulation
MEDIUM,Minimum Operations to Reduce X to Zero,17.4,0.004080892181307975,https://leetcode.com/problems/minimum-operations-to-reduce-x-to-zero,"Array, Hash Table, Binary Search, Sliding Window, Prefix Sum"
HARD,Odd Even Jump,17.4,0.004146605166338682,https://leetcode.com/problems/odd-even-jump,"Array, Dynamic Programming, Stack, Sorting, Monotonic Stack, Ordered Set"
EASY,Island Perimeter,17.4,0.0074320729982405905,https://leetcode.com/problems/island-perimeter,"Array, Depth-First Search, Breadth-First Search, Matrix"
MEDIUM,Minimum Absolute Difference in Sliding Submatrix,17.4,0.007832187114773244,https://leetcode.com/problems/minimum-absolute-difference-in-sliding-submatrix,"Array, Sorting, Matrix"
EASY,Verifying an Alien Dictionary,17.4,0.005609905580519492,https://leetcode.com/problems/verifying-an-alien-dictionary,"Array, Hash Table, String"
EASY,Construct Uniform Parity Array I,17.4,0.007674532338916736,https://leetcode.com/problems/construct-uniform-parity-array-i,"Array, Math"
EASY,First Letter to Appear Twice,17.4,0.007514036731502159,https://leetcode.com/problems/first-letter-to-appear-twice,"Hash Table, String, Bit Manipulation, Counting"
MEDIUM,Equal Sum Grid Partition I,17.4,0.0052800869676429205,https://leetcode.com/problems/equal-sum-grid-partition-i,"Array, Matrix, Enumeration, Prefix Sum"
HARD,Equal Sum Grid Partition II,17.4,0.003951210613031407,https://leetcode.com/problems/equal-sum-grid-partition-ii,"Array, Hash Table, Matrix, Enumeration, Prefix Sum"
MEDIUM,Remove Duplicate Letters,17.4,0.005427931288657423,https://leetcode.com/problems/remove-duplicate-letters,"String, Stack, Greedy, Monotonic Stack"
EASY,Check if Strings Can be Made Equal With Operations I,17.4,0.006194478716841456,https://leetcode.com/problems/check-if-strings-can-be-made-equal-with-operations-i,String
MEDIUM,Check if Strings Can be Made Equal With Operations II,17.4,0.0074143520319510355,https://leetcode.com/problems/check-if-strings-can-be-made-equal-with-operations-ii,"Hash Table, String, Sorting"
EASY,Longest Harmonious Subsequence,17.4,0.006499193414162623,https://leetcode.com/problems/longest-harmonious-subsequence,"Array, Hash Table, Sliding Window, Sorting, Counting"
MEDIUM,Minimum Operations to Transform Array into Alternating Prime,17.4,0.005286002286814708,https://leetcode.com/problems/minimum-operations-to-transform-array-into-alternating-prime,"Array, Math, Two Pointers, Binary Search, Sorting, Number Theory"
HARD,Minimum Deletions to Make Array Divisible,17.4,0.0061696714161093335,https://leetcode.com/problems/minimum-deletions-to-make-array-divisible,"Array, Math, Sorting, Heap (Priority Queue), Number Theory, Euclidean Algorithm, Greatest Common Divisor"
HARD,Minimum Distance to Type a Word Using Two Fingers,17.4,0.007230577937633034,https://leetcode.com/problems/minimum-distance-to-type-a-word-using-two-fingers,"String, Dynamic Programming"
MEDIUM,Words Within Two Edits of Dictionary,17.4,0.007328777524677297,https://leetcode.com/problems/words-within-two-edits-of-dictionary,"Array, String, Trie"
HARD,Maximize the Distance Between Points on a Square,17.4,0.00508327246165084,https://leetcode.com/problems/maximize-the-distance-between-points-on-a-square,"Array, Math, Binary Search, Geometry, Sorting"
EASY,Convert 1D Array Into 2D Array,17.4,0.007241320605873142,https://leetcode.com/problems/convert-1d-array-into-2d-array,"Array, Matrix, Simulation"
MEDIUM,Product Sales Analysis III,17.4,0.004641110019000224,https://leetcode.com/problems/product-sales-analysis-iii,Database
MEDIUM,Detect Cycles in 2D Grid,17.4,0.006350756212362429,https://leetcode.com/problems/detect-cycles-in-2d-grid,"Array, Depth-First Search, Breadth-First Search, Union-Find, Matrix"
MEDIUM,Number of Longest Increasing Subsequence,17.4,0.005256578546142029,https://leetcode.com/problems/number-of-longest-increasing-subsequence,"Array, Dynamic Programming, Binary Indexed Tree, Segment Tree, Longest Increasing Subsequence"
HARD,Remove Boxes,17.4,0.004964726764037846,https://leetcode.com/problems/remove-boxes,"Array, Dynamic Programming, Memoization"
MEDIUM,Last Stone Weight II,17.4,0.0060565921166440126,https://leetcode.com/problems/last-stone-weight-ii,"Array, Dynamic Programming, Knapsack Problem, 0-1 Knapsack"
MEDIUM,Rotate Function,17.4,0.005414665949167977,https://leetcode.com/problems/rotate-function,"Array, Math, Dynamic Programming"
MEDIUM,Rotated Digits,17.4,0.006408531015426862,https://leetcode.com/problems/rotated-digits,"Math, Dynamic Programming"
MEDIUM,Rotating the Box,17.4,0.008246587940096348,https://leetcode.com/problems/rotating-the-box,"Array, Two Pointers, Matrix"
MEDIUM,Minimum Jumps to Reach End via Prime Teleportation,17.4,0.004451583723754136,https://leetcode.com/problems/minimum-jumps-to-reach-end-via-prime-teleportation,"Array, Hash Table, Math, Breadth-First Search, Number Theory"
EASY,Day of the Year,17.4,0.005026305476633682,https://leetcode.com/problems/day-of-the-year,"Math, String"
HARD,Minimum Initial Energy to Finish Tasks,17.4,0.00765127008926934,https://leetcode.com/problems/minimum-initial-energy-to-finish-tasks,"Array, Greedy, Sorting"
MEDIUM,Minimum Moves to Make Array Complementary,17.4,0.006483752144515087,https://leetcode.com/problems/minimum-moves-to-make-array-complementary,"Array, Hash Table, Prefix Sum"
MEDIUM,Longest Palindromic Subsequence,17.4,0.006580390915743384,https://leetcode.com/problems/longest-palindromic-subsequence,"String, Dynamic Programming"
EASY,Minimum Common Value,17.4,0.006071805477653164,https://leetcode.com/problems/minimum-common-value,"Array, Hash Table, Two Pointers, Binary Search"
MEDIUM,K-diff Pairs in an Array,17.4,0.0046237907485070645,https://leetcode.com/problems/k-diff-pairs-in-an-array,"Array, Hash Table, Two Pointers, Binary Search, Sorting"
HARD,Jump Game V,17.4,0.007579585814269299,https://leetcode.com/problems/jump-game-v,"Array, Dynamic Programming, Sorting"
EASY,Reshape the Matrix,17.4,0.00654199969637811,https://leetcode.com/problems/reshape-the-matrix,"Array, Matrix, Simulation"
MEDIUM,Max Area of Island,17.4,0.007418586501005358,https://leetcode.com/problems/max-area-of-island,"Array, Depth-First Search, Breadth-First Search, Union-Find, Matrix"
EASY,Minimum Element After Replacement With Digit Sum,17.4,0.008959994925360511,https://leetcode.com/problems/minimum-element-after-replacement-with-digit-sum,"Array, Math"
EASY,Find Words Containing Character,17.4,0.009041332473412428,https://leetcode.com/problems/find-words-containing-character,"Array, String"
EASY,Earliest Finish Time for Land and Water Rides I,17.4,0.007296778661639237,https://leetcode.com/problems/earliest-finish-time-for-land-and-water-rides-i,"Array, Two Pointers, Binary Search, Greedy, Sorting"
EASY,Find Common Elements Between Two Arrays,17.4,0.008474145908131916,https://leetcode.com/problems/find-common-elements-between-two-arrays,"Array, Hash Table"
EASY,Find Mode in Binary Search Tree,17.4,0.0059254776193958,https://leetcode.com/problems/find-mode-in-binary-search-tree,"Tree, Depth-First Search, Binary Search Tree, Binary Tree"
MEDIUM,Reverse Nodes in Even Length Groups,17.4,0.006495148258398732,https://leetcode.com/problems/reverse-nodes-in-even-length-groups,Linked List
MEDIUM,Design Twitter,17.4,0.004537913883895734,https://leetcode.com/problems/design-twitter,"Hash Table, Linked List, Design, Heap (Priority Queue)"
EASY,Students and Examinations,17.4,0.0061772537769755895,https://leetcode.com/problems/students-and-examinations,Database
EASY,Weighted Word Mapping,17.4,0.009026459364849096,https://leetcode.com/problems/weighted-word-mapping,"Array, String, Simulation"
HARD,24 Game,17.4,0.005962356589998353,https://leetcode.com/problems/24-game,"Array, Math, Backtracking"
EASY,Queries Quality and Percentage,17.4,0.00544200373384204,https://leetcode.com/problems/queries-quality-and-percentage,Database
HARD,Maximum Subarray Sum After at Most K Swaps,17.4,0.0013940597335980805,https://leetcode.com/problems/maximum-subarray-sum-after-at-most-k-swaps,
MEDIUM,Unique Binary Search Trees,17.4,0.006408384209483035,https://leetcode.com/problems/unique-binary-search-trees,"Math, Dynamic Programming, Tree, Binary Search Tree, Binary Tree"
MEDIUM,Maximum Erasure Value,17.4,0.006439824082117395,https://leetcode.com/problems/maximum-erasure-value,"Array, Hash Table, Sliding Window"
MEDIUM,Domino and Tromino Tiling,17.4,0.005126150668903393,https://leetcode.com/problems/domino-and-tromino-tiling,Dynamic Programming
MEDIUM,Circular Array Loop,17.4,0.0038186661586367275,https://leetcode.com/problems/circular-array-loop,"Array, Hash Table, Two Pointers, Floyd's Cycle Finding Algorithm"
EASY,Range Sum of BST,17.4,0.008762711118846212,https://leetcode.com/problems/range-sum-of-bst,"Tree, Depth-First Search, Binary Search Tree, Binary Tree"
MEDIUM,Maximum Absolute Sum of Any Subarray,17.4,0.0070754901960784315,https://leetcode.com/problems/maximum-absolute-sum-of-any-subarray,"Array, Dynamic Programming"
MEDIUM,Flatten Binary Tree to Linked List,17.4,0.007132468822762421,https://leetcode.com/problems/flatten-binary-tree-to-linked-list,"Linked List, Stack, Tree, Depth-First Search, Binary Tree"
HARD,Smallest Rotation with Highest Score,17.4,0.005457592935789818,https://leetcode.com/problems/smallest-rotation-with-highest-score,"Array, Prefix Sum"
EASY,Minimum Depth of Binary Tree,17.4,0.005358045117644223,https://leetcode.com/problems/minimum-depth-of-binary-tree,"Tree, Depth-First Search, Breadth-First Search, Binary Tree"
EASY,Number of Strings That Appear as Substrings in Word,17.4,0.008617710955550192,https://leetcode.com/problems/number-of-strings-that-appear-as-substrings-in-word,"Array, String"
MEDIUM,Letter Case Permutation,17.4,0.007603362851876176,https://leetcode.com/problems/letter-case-permutation,"String, Backtracking, Bit Manipulation"
MEDIUM,Find the Safest Path in a Grid,17.4,0.0057349690108531625,https://leetcode.com/problems/find-the-safest-path-in-a-grid,"Array, Binary Search, Breadth-First Search, Union-Find, Heap (Priority Queue), Matrix"
EASY,Rearrange Products Table,17.4,0.008552766363050296,https://leetcode.com/problems/rearrange-products-table,Database
HARD,Reconstruct Itinerary,17.4,0.004489976528531302,https://leetcode.com/problems/reconstruct-itinerary,"Array, String, Depth-First Search, Graph Theory, Sorting, Heap (Priority Queue), Eulerian Circuit, Eulerian Path, Semi-Eulerian Graph"
MEDIUM,Find a Safe Walk Through a Grid,17.4,0.005535278033943277,https://leetcode.com/problems/find-a-safe-walk-through-a-grid,"Array, Breadth-First Search, Graph Theory, Heap (Priority Queue), Matrix, Shortest Path"
HARD,Count Palindromic Subsequences,17.4,0.004186745946693399,https://leetcode.com/problems/count-palindromic-subsequences,"String, Dynamic Programming"
HARD,Number of Paths with Max Score,17.4,0.006351177432258513,https://leetcode.com/problems/number-of-paths-with-max-score,"Array, Dynamic Programming, Matrix"
EASY,Monotonic Array,17.4,0.006258844913320885,https://leetcode.com/problems/monotonic-array,Array
MEDIUM,Continuous Subarray Sum,17.4,0.0031594465505080183,https://leetcode.com/problems/continuous-subarray-sum,"Array, Hash Table, Math, Prefix Sum, Pigeonhole Principle"
MEDIUM,Bulls and Cows,17.4,0.005288296429669015,https://leetcode.com/problems/bulls-and-cows,"Hash Table, String, Counting"
MEDIUM,Count Number of Nice Subarrays,17.4,0.007563641154728967,https://leetcode.com/problems/count-number-of-nice-subarrays,"Array, Hash Table, Math, Sliding Window, Prefix Sum"
MEDIUM,Find Leaves of Binary Tree,17.4,0.008134901242393862,https://leetcode.com/problems/find-leaves-of-binary-tree,"Tree, Depth-First Search, Binary Tree, DP on Trees"
HARD,IPO,17.4,0.005372769376044631,https://leetcode.com/problems/ipo,"Array, Greedy, Sorting, Heap (Priority Queue)"
EASY,Smallest Even Multiple,17.4,0.008853462007191138,https://leetcode.com/problems/smallest-even-multiple,"Math, Number Theory"
EASY,Nim Game,17.4,0.006032970967254606,https://leetcode.com/problems/nim-game,"Math, Brainteaser, Minimax, Game Theory, Nim Game, Impartial Game"
MEDIUM,Single-Threaded CPU,17.4,0.004802590215706442,https://leetcode.com/problems/single-threaded-cpu,"Array, Sorting, Heap (Priority Queue)"
EASY,Maximum Nesting Depth of the Parentheses,17.4,0.008504440517617907,https://leetcode.com/problems/maximum-nesting-depth-of-the-parentheses,"String, Stack, Bracket Sequences"
MEDIUM,Range Sum Query - Mutable,17.4,0.004361628084359864,https://leetcode.com/problems/range-sum-query-mutable,"Array, Divide and Conquer, Design, Binary Indexed Tree, Segment Tree, Sqrt Decomposition"
EASY,Unique Middle Element,17.4,0.007234399858582288,https://leetcode.com/problems/unique-middle-element,
MEDIUM,Minimum Height Trees,17.4,0.0042749895684703505,https://leetcode.com/problems/minimum-height-trees,"Depth-First Search, Breadth-First Search, Graph Theory, Topological Sort"
HARD,Kth Ancestor of a Tree Node,17.4,0.0039424346790273715,https://leetcode.com/problems/kth-ancestor-of-a-tree-node,"Binary Search, Dynamic Programming, Bit Manipulation, Tree, Depth-First Search, Breadth-First Search, Design, Binary Lifting"
EASY,Shift 2D Grid,17.4,0.0074480674284730305,https://leetcode.com/problems/shift-2d-grid,"Array, Matrix, Simulation"
HARD,Second Minimum Time to Reach Destination,17.4,0.006234758511480602,https://leetcode.com/problems/second-minimum-time-to-reach-destination,"Breadth-First Search, Graph Theory, Shortest Path, Dijkstra's Algorithm, K Shortest Path"
MEDIUM,Hand of Straights,17.4,0.005832089461823645,https://leetcode.com/problems/hand-of-straights,"Array, Hash Table, Greedy, Sorting"
MEDIUM,Minimum Time to Complete Trips,17.4,0.003998103465928205,https://leetcode.com/problems/minimum-time-to-complete-trips,"Array, Binary Search"
EASY,Maximum Product of Two Digits,17.4,0.007570867683165562,https://leetcode.com/problems/maximum-product-of-two-digits,"Math, Sorting"
EASY,Richest Customer Wealth,17.4,0.008880489425622862,https://leetcode.com/problems/richest-customer-wealth,"Array, Matrix"
MEDIUM,Step-By-Step Directions From a Binary Tree Node to Another,17.4,0.005646683688205461,https://leetcode.com/problems/step-by-step-directions-from-a-binary-tree-node-to-another,"String, Tree, Depth-First Search, Binary Tree, Binary Lifting, Lowest Common Ancestor"
MEDIUM,Count Valid Sequences,17.4,0.004254327982373308,https://leetcode.com/problems/count-valid-sequences,
HARD,Smallest Palindromic Rearrangement II,17.4,0.004409227718775416,https://leetcode.com/problems/smallest-palindromic-rearrangement-ii,"Hash Table, Math, String, Combinatorics, Counting"
HARD,Dungeon Game,17.4,0.004200809393825798,https://leetcode.com/problems/dungeon-game,"Array, Dynamic Programming, Matrix"
HARD,Stone Game IV,17.4,0.006519319211535035,https://leetcode.com/problems/stone-game-iv,"Math, Dynamic Programming, Minimax, Game Theory, Nim Game, Sprague–Grundy Theorem, Zero-Sum Game"
MEDIUM,Length of Longest Subarray With at Most K Frequency,17.4,0.006050592720742577,https://leetcode.com/problems/length-of-longest-subarray-with-at-most-k-frequency,"Array, Hash Table, Sliding Window"
HARD,Longest Substring of One Repeating Character,17.4,0.006557237090425435,https://leetcode.com/problems/longest-substring-of-one-repeating-character,"Array, String, Segment Tree, Ordered Set"
EASY,Maximum Length Substring With Two Occurrences,17.4,0.007766367700486135,https://leetcode.com/problems/maximum-length-substring-with-two-occurrences,"Hash Table, String, Sliding Window"
HARD,Trapping Rain Water II,11.8,0.0064193145683665055,https://leetcode.com/problems/trapping-rain-water-ii,"Array, Breadth-First Search, Heap (Priority Queue), Matrix"
EASY,Jewels and Stones,11.8,0.008963481211046563,https://leetcode.com/problems/jewels-and-stones,"Hash Table, String"
HARD,Guess the Word,11.8,0.003660275621759791,https://leetcode.com/problems/guess-the-word,"Array, Math, String, Minimax, Interactive, Game Theory"
MEDIUM,Maximum Width Ramp,11.8,0.0055930835644557265,https://leetcode.com/problems/maximum-width-ramp,"Array, Two Pointers, Stack, Monotonic Stack"
MEDIUM,Shortest Path in Binary Matrix,11.8,0.005205251478221059,https://leetcode.com/problems/shortest-path-in-binary-matrix,"Array, Breadth-First Search, Matrix"
MEDIUM,Count Square Submatrices with All Ones,11.8,0.008080449604791276,https://leetcode.com/problems/count-square-submatrices-with-all-ones,"Array, Dynamic Programming, Matrix"
MEDIUM,Design Hit Counter,11.8,0.0069742501301509755,https://leetcode.com/problems/design-hit-counter,"Array, Binary Search, Design, Queue, Data Stream"
MEDIUM,Combination Sum IV,11.8,0.005526437103611885,https://leetcode.com/problems/combination-sum-iv,"Array, Dynamic Programming"
MEDIUM,Binary Subarrays With Sum,11.8,0.0069661061179929415,https://leetcode.com/problems/binary-subarrays-with-sum,"Array, Hash Table, Sliding Window, Prefix Sum"
MEDIUM,Delete Node in a BST,11.8,0.005525728981883206,https://leetcode.com/problems/delete-node-in-a-bst,"Tree, Binary Search Tree, Binary Tree"
MEDIUM,Nth Highest Salary,11.8,0.003990543520935797,https://leetcode.com/problems/nth-highest-salary,Database
MEDIUM,Shortest Bridge,11.8,0.00597095395782115,https://leetcode.com/problems/shortest-bridge,"Array, Depth-First Search, Breadth-First Search, Matrix"
MEDIUM,Nth Digit,11.8,0.0038775919986541413,https://leetcode.com/problems/nth-digit,"Math, Binary Search"
MEDIUM,Game Play Analysis IV,11.8,0.004211059615850688,https://leetcode.com/problems/game-play-analysis-iv,Database
MEDIUM,Design Circular Queue,11.8,0.005521268409152651,https://leetcode.com/problems/design-circular-queue,"Array, Linked List, Design, Queue"
MEDIUM,Longest String Chain,11.8,0.006339625465577489,https://leetcode.com/problems/longest-string-chain,"Array, Hash Table, Two Pointers, String, Dynamic Programming, Sorting"
EASY,Check if the Sentence Is Pangram,11.8,0.008430241646018107,https://leetcode.com/problems/check-if-the-sentence-is-pangram,"Hash Table, String"
MEDIUM,Time Needed to Inform All Employees,11.8,0.006057793233117019,https://leetcode.com/problems/time-needed-to-inform-all-employees,"Tree, Depth-First Search, Breadth-First Search"
MEDIUM,Best Time to Buy and Sell Stock with Cooldown,11.8,0.006260498962419256,https://leetcode.com/problems/best-time-to-buy-and-sell-stock-with-cooldown,"Array, Dynamic Programming"
MEDIUM,Populating Next Right Pointers in Each Node,11.8,0.006763882575069541,https://leetcode.com/problems/populating-next-right-pointers-in-each-node,"Linked List, Tree, Depth-First Search, Breadth-First Search, Binary Tree"
EASY,Binary Tree Paths,11.8,0.0069176512010268995,https://leetcode.com/problems/binary-tree-paths,"String, Backtracking, Tree, Depth-First Search, Binary Tree"
EASY,Binary Number with Alternating Bits,11.8,0.007000405932444768,https://leetcode.com/problems/binary-number-with-alternating-bits,Bit Manipulation
MEDIUM,Arithmetic Slices,11.8,0.006487880165585892,https://leetcode.com/problems/arithmetic-slices,"Array, Dynamic Programming, Sliding Window"
MEDIUM,Queue Reconstruction by Height,11.8,0.007495330075164057,https://leetcode.com/problems/queue-reconstruction-by-height,"Array, Binary Indexed Tree, Segment Tree, Sorting"
MEDIUM,Rectangle Area,11.8,0.005009191145751518,https://leetcode.com/problems/rectangle-area,"Math, Geometry"
MEDIUM,Construct Binary Search Tree from Preorder Traversal,11.8,0.00845468677178529,https://leetcode.com/problems/construct-binary-search-tree-from-preorder-traversal,"Array, Stack, Tree, Binary Search Tree, Monotonic Stack, Binary Tree"
MEDIUM,Partition List,11.8,0.00618415496793849,https://leetcode.com/problems/partition-list,"Linked List, Two Pointers"
EASY,Count Odd Numbers in an Interval Range,11.8,0.005476911763454866,https://leetcode.com/problems/count-odd-numbers-in-an-interval-range,Math
MEDIUM,Subdomain Visit Count,11.8,0.007720529663707416,https://leetcode.com/problems/subdomain-visit-count,"Array, Hash Table, String, Counting"
MEDIUM,Bulb Switcher,11.8,0.005632887322715141,https://leetcode.com/problems/bulb-switcher,"Math, Brainteaser"
HARD,Subarrays with K Different Integers,11.8,0.006886164041538308,https://leetcode.com/problems/subarrays-with-k-different-integers,"Array, Hash Table, Sliding Window, Counting"
MEDIUM,Most Stones Removed with Same Row or Column,11.8,0.006338935842550087,https://leetcode.com/problems/most-stones-removed-with-same-row-or-column,"Hash Table, Depth-First Search, Union-Find, Graph Theory, Bipartite Graph"
MEDIUM,Maximum Level Sum of a Binary Tree,11.8,0.00700309474012209,https://leetcode.com/problems/maximum-level-sum-of-a-binary-tree,"Tree, Depth-First Search, Breadth-First Search, Binary Tree"
EASY,Design Parking System,11.8,0.008718926924374789,https://leetcode.com/problems/design-parking-system,"Design, Simulation, Counting"
EASY,Pascal's Triangle II,11.8,0.006789263971561984,https://leetcode.com/problems/pascals-triangle-ii,"Array, Dynamic Programming"
EASY,Longest Palindrome,11.8,0.0056173830777073415,https://leetcode.com/problems/longest-palindrome,"Hash Table, String, Greedy"
EASY,Subtree of Another Tree,11.8,0.005204668931959788,https://leetcode.com/problems/subtree-of-another-tree,"Tree, Depth-First Search, String Matching, Binary Tree, Hash Function"
MEDIUM,Make Sum Divisible by P,11.8,0.004259493888233199,https://leetcode.com/problems/make-sum-divisible-by-p,"Array, Hash Table, Prefix Sum"
HARD,Find in Mountain Array,11.8,0.004194301268315283,https://leetcode.com/problems/find-in-mountain-array,"Array, Binary Search, Interactive, Ternary Search"
EASY,Prime Number of Set Bits in Binary Representation,11.8,0.007898371484957487,https://leetcode.com/problems/prime-number-of-set-bits-in-binary-representation,"Math, Bit Manipulation, Primality Test"
EASY,Sum of Root To Leaf Binary Numbers,11.8,0.007667742794381947,https://leetcode.com/problems/sum-of-root-to-leaf-binary-numbers,"Tree, Depth-First Search, Binary Tree"
EASY,Classes With at Least 5 Students,11.8,0.00646300764175609,https://leetcode.com/problems/classes-with-at-least-5-students,Database
MEDIUM,Concatenation of Consecutive Binary Numbers,11.8,0.006669827287371791,https://leetcode.com/problems/concatenation-of-consecutive-binary-numbers,"Math, Bit Manipulation, Simulation"
MEDIUM,Minimum Number of Flips to Make the Binary String Alternating,11.8,0.005369416196166641,https://leetcode.com/problems/minimum-number-of-flips-to-make-the-binary-string-alternating,"String, Dynamic Programming, Sliding Window"
EASY,Design HashSet,11.8,0.006836048700320157,https://leetcode.com/problems/design-hashset,"Array, Hash Table, Linked List, Design, Hash Function"
MEDIUM,Convert Object to JSON String,11.8,0.007794464236777199,https://leetcode.com/problems/convert-object-to-json-string,
HARD,Maximize Spanning Tree Stability with Upgrades,11.8,0.006580014766067213,https://leetcode.com/problems/maximize-spanning-tree-stability-with-upgrades,"Binary Search, Greedy, Union-Find, Graph Theory, Minimum Spanning Tree"
MEDIUM,Minimum Number of Seconds to Make Mountain Height Zero,11.8,0.005830950698483448,https://leetcode.com/problems/minimum-number-of-seconds-to-make-mountain-height-zero,"Array, Math, Binary Search, Greedy, Heap (Priority Queue)"
MEDIUM,Get Biggest Three Rhombus Sums in a Grid,11.8,0.007133801097750162,https://leetcode.com/problems/get-biggest-three-rhombus-sums-in-a-grid,"Array, Math, Sorting, Heap (Priority Queue), Matrix, Prefix Sum"
MEDIUM,Count Submatrices with Top-Left Element and Sum Less Than k,11.8,0.00750216257779273,https://leetcode.com/problems/count-submatrices-with-top-left-element-and-sum-less-than-k,"Array, Matrix, Prefix Sum"
EASY,Flip Square Submatrix Vertically,11.8,0.007916157734282678,https://leetcode.com/problems/flip-square-submatrix-vertically,"Array, Two Pointers, Matrix"
EASY,Reformat Department Table,11.8,0.007641273405082739,https://leetcode.com/problems/reformat-department-table,Database
EASY,Find Pivot Index,11.8,0.00635985002576889,https://leetcode.com/problems/find-pivot-index,"Array, Prefix Sum"
EASY,Matrix Similarity After Cyclic Shifts,11.8,0.007445395168738108,https://leetcode.com/problems/matrix-similarity-after-cyclic-shifts,"Array, Math, Matrix, Simulation"
EASY,Finding 3-Digit Even Numbers,11.8,0.007862036050343758,https://leetcode.com/problems/finding-3-digit-even-numbers,"Array, Hash Table, Recursion, Sorting, Enumeration"
EASY,Moving Average from Data Stream,11.8,0.008022841921995209,https://leetcode.com/problems/moving-average-from-data-stream,"Array, Design, Queue, Data Stream"
MEDIUM,Walking Robot Simulation,11.8,0.006462662164475529,https://leetcode.com/problems/walking-robot-simulation,"Array, Hash Table, Simulation"
EASY,Number of Students Unable to Eat Lunch,11.8,0.007993640725021501,https://leetcode.com/problems/number-of-students-unable-to-eat-lunch,"Array, Stack, Queue, Simulation"
MEDIUM,Single Number III,11.8,0.00701445114960406,https://leetcode.com/problems/single-number-iii,"Array, Bit Manipulation"
EASY,Timeout Cancellation,11.8,0.008955307402550761,https://leetcode.com/problems/timeout-cancellation,
MEDIUM,Escape The Ghosts,11.8,0.0064097853565091775,https://leetcode.com/problems/escape-the-ghosts,"Array, Math"
MEDIUM,Minimum Distance Between Three Equal Elements II,11.8,0.007467783942928321,https://leetcode.com/problems/minimum-distance-between-three-equal-elements-ii,"Array, Hash Table"
EASY,Traffic Signal Color,11.8,0.008391046049824399,https://leetcode.com/problems/traffic-signal-color,"Math, String, Simulation"
MEDIUM,Closest Equal Element Queries,11.8,0.005135627411425997,https://leetcode.com/problems/closest-equal-element-queries,"Array, Hash Table, Binary Search"
EASY,Mirror Distance of an Integer,11.8,0.009143619541634455,https://leetcode.com/problems/mirror-distance-of-an-integer,Math
EASY,Two Furthest Houses With Different Colors,11.8,0.007169847279749956,https://leetcode.com/problems/two-furthest-houses-with-different-colors,"Array, Greedy"
MEDIUM,Sum of Distances,11.8,0.005029290414679155,https://leetcode.com/problems/sum-of-distances,"Array, Hash Table, Prefix Sum"
MEDIUM,Transpose File,11.8,0.003313336787282196,https://leetcode.com/problems/transpose-file,Shell
MEDIUM,Count Good Nodes in Binary Tree,11.8,0.007394898531511319,https://leetcode.com/problems/count-good-nodes-in-binary-tree,"Tree, Depth-First Search, Breadth-First Search, Binary Tree"
EASY,Furthest Point From Origin,11.8,0.007719764472930019,https://leetcode.com/problems/furthest-point-from-origin,"String, Counting"
EASY,Robot Return to Origin,11.8,0.007817544079912742,https://leetcode.com/problems/robot-return-to-origin,"String, Simulation"
EASY,Find Indices of Stable Mountains,11.8,0.008723963482002675,https://leetcode.com/problems/find-indices-of-stable-mountains,Array
MEDIUM,Check if There is a Valid Path in a Grid,11.8,0.006450557497873949,https://leetcode.com/problems/check-if-there-is-a-valid-path-in-a-grid,"Array, Depth-First Search, Breadth-First Search, Union-Find, Matrix"
EASY,Subtract the Product and Sum of Digits of an Integer,11.8,0.008660759755260497,https://leetcode.com/problems/subtract-the-product-and-sum-of-digits-of-an-integer,Math
MEDIUM,Restaurant Growth,11.8,0.005958074011862455,https://leetcode.com/problems/restaurant-growth,Database
MEDIUM,Lexicographical Numbers,11.8,0.007635230516257136,https://leetcode.com/problems/lexicographical-numbers,"Depth-First Search, Trie"
MEDIUM,Validate IP Address,11.8,0.0028461771286968614,https://leetcode.com/problems/validate-ip-address,String
MEDIUM,Cyclically Rotating a Grid,11.8,0.007402527044266963,https://leetcode.com/problems/cyclically-rotating-a-grid,"Array, Matrix, Simulation"
EASY,Separate the Digits in an Array,11.8,0.008575934003891008,https://leetcode.com/problems/separate-the-digits-in-an-array,"Array, Simulation"
EASY,Select Data,11.8,0.007837290225961326,https://leetcode.com/problems/select-data,
EASY,Actors and Directors Who Cooperated At Least Three Times,11.8,0.007131978909788788,https://leetcode.com/problems/actors-and-directors-who-cooperated-at-least-three-times,Database
HARD,Shortest Path Visiting All Nodes,11.8,0.006625993165849298,https://leetcode.com/problems/shortest-path-visiting-all-nodes,"Dynamic Programming, Bit Manipulation, Breadth-First Search, Graph Theory, Bitmask"
MEDIUM,Count K-th Roots in a Range,11.8,0.0024630299046993097,https://leetcode.com/problems/count-k-th-roots-in-a-range,"Math, Binary Search"
MEDIUM,Sum of Subarray Ranges,11.8,0.006179228763765127,https://leetcode.com/problems/sum-of-subarray-ranges,"Array, Stack, Monotonic Stack"
HARD,Jump Game IV,11.8,0.005107222178072051,https://leetcode.com/problems/jump-game-iv,"Array, Hash Table, Breadth-First Search"
MEDIUM,Shortest Path with Alternating Colors,11.8,0.004824527180730701,https://leetcode.com/problems/shortest-path-with-alternating-colors,"Breadth-First Search, Graph Theory"
MEDIUM,Solving Questions With Brainpower,11.8,0.006020150443245811,https://leetcode.com/problems/solving-questions-with-brainpower,"Array, Dynamic Programming"
MEDIUM,Maximum Points You Can Obtain from Cards,11.8,0.005824679145499095,https://leetcode.com/problems/maximum-points-you-can-obtain-from-cards,"Array, Sliding Window, Prefix Sum"
HARD,Critical Connections in a Network,11.8,0.006037226010522467,https://leetcode.com/problems/critical-connections-in-a-network,"Depth-First Search, Graph Theory, Biconnected Component, Bridge (Graph)"
EASY,Find Words That Can Be Formed by Characters,11.8,0.007172403239229646,https://leetcode.com/problems/find-words-that-can-be-formed-by-characters,"Array, Hash Table, String, Counting"
EASY,Count the Digits That Divide a Number,11.8,0.008612064030705746,https://leetcode.com/problems/count-the-digits-that-divide-a-number,Math
EASY,Find Target Indices After Sorting Array,11.8,0.007828358846260595,https://leetcode.com/problems/find-target-indices-after-sorting-array,"Array, Binary Search, Sorting"
EASY,Find Followers Count,11.8,0.00696091430354146,https://leetcode.com/problems/find-followers-count,Database
MEDIUM,Destroying Asteroids,11.8,0.005983410747683242,https://leetcode.com/problems/destroying-asteroids,"Array, Greedy, Sorting"
MEDIUM,Binary Tree Level Order Traversal II,11.8,0.006885798140274116,https://leetcode.com/problems/binary-tree-level-order-traversal-ii,"Tree, Breadth-First Search, Binary Tree"
MEDIUM,Construct Quad Tree,11.8,0.007861745646084299,https://leetcode.com/problems/construct-quad-tree,"Array, Divide and Conquer, Tree, Matrix"
HARD,Total Waviness of Numbers in Range II,11.8,0.005663187045528037,https://leetcode.com/problems/total-waviness-of-numbers-in-range-ii,"Math, Dynamic Programming"
MEDIUM,Total Waviness of Numbers in Range I,11.8,0.008742314341216518,https://leetcode.com/problems/total-waviness-of-numbers-in-range-i,"Math, Dynamic Programming, Enumeration"
EASY,Sum of Left Leaves,11.8,0.0063030782792477666,https://leetcode.com/problems/sum-of-left-leaves,"Tree, Depth-First Search, Breadth-First Search, Binary Tree"
MEDIUM,Minimum Processing Time,11.8,0.00701258229700073,https://leetcode.com/problems/minimum-processing-time,"Array, Greedy, Sorting"
EASY,Number of Lines To Write String,11.8,0.007304520140349175,https://leetcode.com/problems/number-of-lines-to-write-string,"Array, String"
MEDIUM,Matrix Block Sum,11.8,0.007686693160861321,https://leetcode.com/problems/matrix-block-sum,"Array, Matrix, Prefix Sum"
MEDIUM,Create Binary Tree From Descriptions,11.8,0.008391473709674418,https://leetcode.com/problems/create-binary-tree-from-descriptions,"Array, Hash Table, Tree, Binary Tree"
MEDIUM,Path with Maximum Probability,11.8,0.006572414354908237,https://leetcode.com/problems/path-with-maximum-probability,"Array, Graph Theory, Heap (Priority Queue), Shortest Path, Dijkstra's Algorithm"
MEDIUM,Brick Wall,11.8,0.005606223364071898,https://leetcode.com/problems/brick-wall,"Array, Hash Table"
MEDIUM,Maximum Total Subarray Value I,11.8,0.007195613578682723,https://leetcode.com/problems/maximum-total-subarray-value-i,"Array, Greedy"
HARD,K-th Smallest in Lexicographical Order,11.8,0.004649765683562257,https://leetcode.com/problems/k-th-smallest-in-lexicographical-order,Trie
MEDIUM,Maximum Gap,11.8,0.00528245519522236,https://leetcode.com/problems/maximum-gap,"Array, Sorting, Bucket Sort, Radix Sort, Pigeonhole Principle"
HARD,Maximum Total Subarray Value II,11.8,0.004176594685036065,https://leetcode.com/problems/maximum-total-subarray-value-ii,"Array, Greedy, Segment Tree, Heap (Priority Queue)"
EASY,Count Partitions with Even Sum Difference,11.8,0.008511773466809945,https://leetcode.com/problems/count-partitions-with-even-sum-difference,"Array, Math, Prefix Sum"
MEDIUM,Prime Palindrome,11.8,0.002851039697542533,https://leetcode.com/problems/prime-palindrome,"Math, Number Theory, Primality Test"
MEDIUM,Design Circular Deque,11.8,0.006487396273680914,https://leetcode.com/problems/design-circular-deque,"Array, Linked List, Design, Queue"
HARD,Word Search II,11.8,0.003878746126117074,https://leetcode.com/problems/word-search-ii,"Array, String, Backtracking, Trie, Matrix"
MEDIUM,Find the Minimum and Maximum Number of Nodes Between Critical Points,11.8,0.006944661593622082,https://leetcode.com/problems/find-the-minimum-and-maximum-number-of-nodes-between-critical-points,Linked List
MEDIUM,Number of Ways to Reach a Position After Exactly k Steps,11.8,0.0037248945912862134,https://leetcode.com/problems/number-of-ways-to-reach-a-position-after-exactly-k-steps,"Math, Dynamic Programming, Combinatorics"
MEDIUM,Number of Pairs of Interchangeable Rectangles,11.8,0.005298283297813428,https://leetcode.com/problems/number-of-pairs-of-interchangeable-rectangles,"Array, Hash Table, Math, Counting, Number Theory"
MEDIUM,Minimum Genetic Mutation,11.8,0.0057061993362396935,https://leetcode.com/problems/minimum-genetic-mutation,"Hash Table, String, Breadth-First Search, Bidirectional Search"
MEDIUM,Consecutive Numbers,11.8,0.004908367093946094,https://leetcode.com/problems/consecutive-numbers,Database
EASY,Subarrays Distinct Element Sum of Squares I,11.8,0.007965835626149925,https://leetcode.com/problems/subarrays-distinct-element-sum-of-squares-i,"Array, Hash Table, Segment Tree"
MEDIUM,Find Players With Zero or One Losses,11.8,0.007238360622847399,https://leetcode.com/problems/find-players-with-zero-or-one-losses,"Array, Hash Table, Sorting, Counting"
MEDIUM,Maximum Ice Cream Bars,11.8,0.007725336910181371,https://leetcode.com/problems/maximum-ice-cream-bars,"Array, Greedy, Sorting, Counting Sort"
HARD,Max Sum of Rectangle No Larger Than K,11.8,0.004590309790342031,https://leetcode.com/problems/max-sum-of-rectangle-no-larger-than-k,"Array, Binary Search, Matrix, Prefix Sum, Ordered Set"
MEDIUM,Minimum Absolute Distance Between Mirror Pairs,11.8,0.005917540814529721,https://leetcode.com/problems/minimum-absolute-distance-between-mirror-pairs,"Array, Hash Table, Math"
EASY,Maximum Number of Balloons,11.8,0.006426825988249736,https://leetcode.com/problems/maximum-number-of-balloons,"Hash Table, String, Counting"
MEDIUM,Zero Array Transformation II,11.8,0.004353382812276127,https://leetcode.com/problems/zero-array-transformation-ii,"Array, Two Pointers, Binary Search, Prefix Sum"
MEDIUM,Maximum Sum Obtained of Any Permutation,11.8,0.004132139589596131,https://leetcode.com/problems/maximum-sum-obtained-of-any-permutation,"Array, Greedy, Sorting, Prefix Sum"
MEDIUM,Snapshot Array,11.8,0.003680448806713807,https://leetcode.com/problems/snapshot-array,"Array, Hash Table, Binary Search, Design, Persistent Data Structure"
MEDIUM,Movie Rating,11.8,0.0044163183176083734,https://leetcode.com/problems/movie-rating,Database
MEDIUM,Count Salary Categories,11.8,0.0065114831413173955,https://leetcode.com/problems/count-salary-categories,Database
MEDIUM,Minimum Area Rectangle II,11.8,0.005601330297219559,https://leetcode.com/problems/minimum-area-rectangle-ii,"Array, Hash Table, Math, Geometry"
EASY,Find Greatest Common Divisor of Array,11.8,0.00834808307553467,https://leetcode.com/problems/find-greatest-common-divisor-of-array,"Array, Math, Number Theory, Euclidean Algorithm, Greatest Common Divisor"
MEDIUM,Add Two Numbers II,11.8,0.006294723223206956,https://leetcode.com/problems/add-two-numbers-ii,"Linked List, Math, Stack"
HARD,Count of Range Sum,11.8,0.00396135774266334,https://leetcode.com/problems/count-of-range-sum,"Array, Binary Search, Divide and Conquer, Binary Indexed Tree, Segment Tree, Merge Sort, Ordered Set, Treap"
EASY,Find the Difference of Two Arrays,11.8,0.00815940415035145,https://leetcode.com/problems/find-the-difference-of-two-arrays,"Array, Hash Table"
MEDIUM,Best Time to Buy and Sell Stock V,11.8,0.0060574493136522885,https://leetcode.com/problems/best-time-to-buy-and-sell-stock-v,"Array, Dynamic Programming"
HARD,Tiling a Rectangle with the Fewest Squares,11.8,0.005528043482495958,https://leetcode.com/problems/tiling-a-rectangle-with-the-fewest-squares,Backtracking
MEDIUM,Reach a Number,11.8,0.004554043273008655,https://leetcode.com/problems/reach-a-number,"Math, Binary Search"
MEDIUM,Find the Maximum Number of Elements in Subset,11.8,0.004225061014489567,https://leetcode.com/problems/find-the-maximum-number-of-elements-in-subset,"Array, Hash Table, Enumeration"
EASY,Find Center of Star Graph,11.8,0.008660212087891608,https://leetcode.com/problems/find-center-of-star-graph,Graph Theory
MEDIUM,Palindromic Substrings,11.8,0.007312519405862714,https://leetcode.com/problems/palindromic-substrings,"Two Pointers, String, Dynamic Programming"
MEDIUM,The Latest Time to Catch a Bus,11.8,0.003019492669910021,https://leetcode.com/problems/the-latest-time-to-catch-a-bus,"Array, Two Pointers, Binary Search, Sorting"
EASY,Print in Order,11.8,0.007331487223227562,https://leetcode.com/problems/print-in-order,Concurrency
MEDIUM,Delete Operation for Two Strings,11.8,0.0066143362562978945,https://leetcode.com/problems/delete-operation-for-two-strings,"String, Dynamic Programming, Longest Common Subsequence"
MEDIUM,Find All Lonely Numbers in the Array,11.8,0.006380690917410203,https://leetcode.com/problems/find-all-lonely-numbers-in-the-array,"Array, Hash Table, Counting"
HARD,Number of Good Paths,11.8,0.005654773304467297,https://leetcode.com/problems/number-of-good-paths,"Array, Hash Table, Tree, Union-Find, Graph Theory, Sorting"
MEDIUM,Compare Version Numbers,11.8,0.004686017136318197,https://leetcode.com/problems/compare-version-numbers,"Two Pointers, String"
HARD,Shortest Path to Get All Keys,11.8,0.005493674337441379,https://leetcode.com/problems/shortest-path-to-get-all-keys,"Array, Bit Manipulation, Breadth-First Search, Matrix"
HARD,Rearrange String k Distance Apart,11.8,0.003998638624474744,https://leetcode.com/problems/rearrange-string-k-distance-apart,"Hash Table, String, Greedy, Sorting, Heap (Priority Queue), Counting"
MEDIUM,Reorder Routes to Make All Paths Lead to the City Zero,11.8,0.0066090023414214615,https://leetcode.com/problems/reorder-routes-to-make-all-paths-lead-to-the-city-zero,"Depth-First Search, Breadth-First Search, Graph Theory"
EASY,Check If All 1's Are at Least Length K Places Away,11.8,0.006430575488789026,https://leetcode.com/problems/check-if-all-1s-are-at-least-length-k-places-away,Array
HARD,Find Critical and Pseudo-Critical Edges in Minimum Spanning Tree,11.8,0.006675319607394024,https://leetcode.com/problems/find-critical-and-pseudo-critical-edges-in-minimum-spanning-tree,"Union-Find, Graph Theory, Sorting, Minimum Spanning Tree, Strongly Connected Component, Prim's Algorithm, Kruskal's Algorithm, Borůvka's Algorithm"
HARD,Longest Increasing Subsequence II,11.8,0.0026487822743087347,https://leetcode.com/problems/longest-increasing-subsequence-ii,"Array, Divide and Conquer, Dynamic Programming, Binary Indexed Tree, Segment Tree, Queue, Monotonic Queue"
MEDIUM,Stock Price Fluctuation ,11.8,0.004925273628977333,https://leetcode.com/problems/stock-price-fluctuation,"Hash Table, Design, Heap (Priority Queue), Data Stream, Ordered Set"
EASY,Longest Continuous Increasing Subsequence,11.8,0.005233019563091903,https://leetcode.com/problems/longest-continuous-increasing-subsequence,Array
MEDIUM,Keys and Rooms,11.8,0.0076144582332880505,https://leetcode.com/problems/keys-and-rooms,"Depth-First Search, Breadth-First Search, Graph Theory"
MEDIUM,Maximum Subarray Sum After Multiplier,11.8,0.0025867179036445026,https://leetcode.com/problems/maximum-subarray-sum-after-multiplier,"Array, Dynamic Programming"
EASY,Longest Nice Substring,11.8,0.006466821152853167,https://leetcode.com/problems/longest-nice-substring,"Hash Table, String, Divide and Conquer, Bit Manipulation, Sliding Window"
HARD,Best Time to Buy and Sell Stock IV,11.8,0.005104109660612889,https://leetcode.com/problems/best-time-to-buy-and-sell-stock-iv,"Array, Dynamic Programming"
EASY,The Number of Employees Which Report to Each Employee,11.8,0.00537321514725356,https://leetcode.com/problems/the-number-of-employees-which-report-to-each-employee,Database
MEDIUM,Repeated String Match,11.8,0.0039640183428138465,https://leetcode.com/problems/repeated-string-match,"String, String Matching, Z Algorithm, Knuth–Morris–Pratt Algorithm, Boyer–Moore String-Search Algorithm"
HARD,Profitable Schemes,11.8,0.004859284977775707,https://leetcode.com/problems/profitable-schemes,"Array, Dynamic Programming, Knapsack Problem, 0-1 Knapsack"
MEDIUM,3Sum With Multiplicity,11.8,0.004642843787628357,https://leetcode.com/problems/3sum-with-multiplicity,"Array, Hash Table, Two Pointers, Sorting, Counting"
HARD,Last Substring in Lexicographical Order,11.8,0.003521058679028488,https://leetcode.com/problems/last-substring-in-lexicographical-order,"Two Pointers, String, Lyndon Factorization"
HARD,Find the Number of Subsequences With Equal GCD,11.8,0.006629603891591383,https://leetcode.com/problems/find-the-number-of-subsequences-with-equal-gcd,"Array, Math, Dynamic Programming, Number Theory, Euclidean Algorithm, Greatest Common Divisor"
MEDIUM,Minimum Limit of Balls in a Bag,11.8,0.0065968288285314656,https://leetcode.com/problems/minimum-limit-of-balls-in-a-bag,"Array, Binary Search"
MEDIUM,Sum of GCD of Formed Pairs,11.8,0.00750131774048148,https://leetcode.com/problems/sum-of-gcd-of-formed-pairs,"Array, Math, Two Pointers, Sorting, Simulation, Number Theory"
EASY,Duplicate Zeros,11.8,0.00539463447972073,https://leetcode.com/problems/duplicate-zeros,"Array, Two Pointers"
EASY,Count the Number of Consistent Strings,11.8,0.008852757286049819,https://leetcode.com/problems/count-the-number-of-consistent-strings,"Array, Hash Table, String, Bit Manipulation, Counting"
HARD,Find Minimum Diameter After Merging Two Trees,11.8,0.005674410024265989,https://leetcode.com/problems/find-minimum-diameter-after-merging-two-trees,"Tree, Depth-First Search, Breadth-First Search, Graph Theory"
MEDIUM,Frog Jump II,11.8,0.006258511169795161,https://leetcode.com/problems/frog-jump-ii,"Array, Binary Search, Greedy"
MEDIUM,Construct Binary Tree from Inorder and Postorder Traversal,11.8,0.006939173685439881,https://leetcode.com/problems/construct-binary-tree-from-inorder-and-postorder-traversal,"Array, Hash Table, Divide and Conquer, Tree, Binary Tree"
MEDIUM,Exchange Seats,11.8,0.007465753009767547,https://leetcode.com/problems/exchange-seats,Database
MEDIUM,Super Pow,11.8,0.0037342331622071873,https://leetcode.com/problems/super-pow,"Math, Divide and Conquer, Euler's Totient Function, Euler's Theorem"
EASY,K Items With the Maximum Sum,11.8,0.006036122849514649,https://leetcode.com/problems/k-items-with-the-maximum-sum,"Math, Greedy"
EASY,Maximum Units on a Truck,11.8,0.007516387875924586,https://leetcode.com/problems/maximum-units-on-a-truck,"Array, Greedy, Sorting"
MEDIUM,Number of Black Blocks,11.8,0.004217931337705639,https://leetcode.com/problems/number-of-black-blocks,"Array, Hash Table, Enumeration"
EASY,Build Array from Permutation,11.8,0.009109476530070458,https://leetcode.com/problems/build-array-from-permutation,"Array, Simulation"
MEDIUM,Partition Labels,11.8,0.008200887958439025,https://leetcode.com/problems/partition-labels,"Hash Table, Two Pointers, String, Greedy"
HARD,Vertical Order Traversal of a Binary Tree,11.8,0.005452686319665057,https://leetcode.com/problems/vertical-order-traversal-of-a-binary-tree,"Hash Table, Tree, Depth-First Search, Breadth-First Search, Sorting, Binary Tree"
MEDIUM,Maximum Number of Events That Can Be Attended,11.8,0.0039056367849819103,https://leetcode.com/problems/maximum-number-of-events-that-can-be-attended,"Array, Greedy, Sorting, Heap (Priority Queue)"
EASY,Design HashMap,11.8,0.006675580197036817,https://leetcode.com/problems/design-hashmap,"Array, Hash Table, Linked List, Design, Hash Function"
MEDIUM,Maximum Candies Allocated to K Children,11.8,0.004989240976804236,https://leetcode.com/problems/maximum-candies-allocated-to-k-children,"Array, Binary Search"
MEDIUM,Minimum Flips to Make a OR b Equal to c,11.8,0.0072084630133940975,https://leetcode.com/problems/minimum-flips-to-make-a-or-b-equal-to-c,Bit Manipulation
MEDIUM,Egg Drop With 2 Eggs and N Floors,11.8,0.007471123207647371,https://leetcode.com/problems/egg-drop-with-2-eggs-and-n-floors,"Math, Dynamic Programming"
MEDIUM,Delete and Earn,11.8,0.005747832037080489,https://leetcode.com/problems/delete-and-earn,"Array, Hash Table, Dynamic Programming"
MEDIUM,Next Greater Element III,11.8,0.0035555144694796813,https://leetcode.com/problems/next-greater-element-iii,"Math, Two Pointers, String"
MEDIUM,Insertion Sort List,11.8,0.005993785609329717,https://leetcode.com/problems/insertion-sort-list,"Linked List, Sorting"
HARD,Shortest Common Supersequence ,11.8,0.006226732603996745,https://leetcode.com/problems/shortest-common-supersequence,"String, Dynamic Programming, Longest Common Subsequence"
MEDIUM,Minimum Number of Pushes to Type Word II,11.8,0.00833071291894914,https://leetcode.com/problems/minimum-number-of-pushes-to-type-word-ii,"Hash Table, String, Greedy, Sorting, Counting"
MEDIUM,Count Number of Bad Pairs,11.8,0.005412454935426459,https://leetcode.com/problems/count-number-of-bad-pairs,"Array, Hash Table, Math, Counting"
EASY,Degree of an Array,11.8,0.0058602424860898505,https://leetcode.com/problems/degree-of-an-array,"Array, Hash Table"
MEDIUM,Maximum Length of Repeated Subarray,11.8,0.005153876045361006,https://leetcode.com/problems/maximum-length-of-repeated-subarray,"Array, Binary Search, Dynamic Programming, Sliding Window, Rolling Hash, Hash Function"
EASY,Kids With the Greatest Number of Candies,11.8,0.008800513520519127,https://leetcode.com/problems/kids-with-the-greatest-number-of-candies,Array
HARD,Count Special Integers,11.8,0.004471923778633691,https://leetcode.com/problems/count-special-integers,"Math, Dynamic Programming"
MEDIUM,Longest Well-Performing Interval,11.8,0.003814324167414366,https://leetcode.com/problems/longest-well-performing-interval,"Array, Hash Table, Stack, Monotonic Stack, Prefix Sum"
HARD,Minimum Number of Refueling Stops,11.8,0.004177347167735317,https://leetcode.com/problems/minimum-number-of-refueling-stops,"Array, Dynamic Programming, Greedy, Heap (Priority Queue)"
EASY,Univalued Binary Tree,11.8,0.007329122095879384,https://leetcode.com/problems/univalued-binary-tree,"Tree, Depth-First Search, Breadth-First Search, Binary Tree"
MEDIUM,Determine if Two Strings Are Close,11.8,0.005440482497920504,https://leetcode.com/problems/determine-if-two-strings-are-close,"Hash Table, String, Sorting, Counting"
HARD,Best Time to Buy and Sell Stock III,11.8,0.005451237643269908,https://leetcode.com/problems/best-time-to-buy-and-sell-stock-iii,"Array, Dynamic Programming"
EASY,Sum of Variable Length Subarrays,11.8,0.008594776609724047,https://leetcode.com/problems/sum-of-variable-length-subarrays,"Array, Prefix Sum"
MEDIUM,Number of Sub-arrays of Size K and Average Greater than or Equal to Threshold,11.8,0.007390667420627442,https://leetcode.com/problems/number-of-sub-arrays-of-size-k-and-average-greater-than-or-equal-to-threshold,"Array, Sliding Window"
MEDIUM,Remove Methods From Project,11.8,0.007019077985078554,https://leetcode.com/problems/remove-methods-from-project,"Depth-First Search, Breadth-First Search, Graph Theory"
EASY,Unique Morse Code Words,11.8,0.008369761854144186,https://leetcode.com/problems/unique-morse-code-words,"Array, Hash Table, String"
HARD,Cherry Pickup II,11.8,0.007259671612355816,https://leetcode.com/problems/cherry-pickup-ii,"Array, Dynamic Programming, Matrix"
MEDIUM,Sum Root to Leaf Numbers,11.8,0.00702732022190099,https://leetcode.com/problems/sum-root-to-leaf-numbers,"Tree, Depth-First Search, Binary Tree"
EASY,How Many Numbers Are Smaller Than the Current Number,11.8,0.00874811379613038,https://leetcode.com/problems/how-many-numbers-are-smaller-than-the-current-number,"Array, Hash Table, Sorting, Counting Sort"
HARD,Design In-Memory File System,11.8,0.004831368860605818,https://leetcode.com/problems/design-in-memory-file-system,"Hash Table, String, Design, Trie, Sorting"
EASY,Sort Array By Parity,11.8,0.007662666545153677,https://leetcode.com/problems/sort-array-by-parity,"Array, Two Pointers, Sorting"
HARD,Meeting Rooms III,11.8,0.005139435681779677,https://leetcode.com/problems/meeting-rooms-iii,"Array, Hash Table, Sorting, Heap (Priority Queue), Simulation"
MEDIUM,Shopping Offers,11.8,0.0052710622932178475,https://leetcode.com/problems/shopping-offers,"Array, Dynamic Programming, Backtracking, Bit Manipulation, Memoization, Bitmask, Knapsack Problem, Complete Knapsack"
EASY,Ugly Number,11.8,0.004405789548889244,https://leetcode.com/problems/ugly-number,Math
HARD,Nth Magical Number,11.8,0.0037018432472407103,https://leetcode.com/problems/nth-magical-number,"Math, Binary Search, Least Common Multiple, Inclusion-Exclusion Principle"
HARD,Smallest Divisible Digit Product II,11.8,0.004524143379085613,https://leetcode.com/problems/smallest-divisible-digit-product-ii,"Math, String, Backtracking, Greedy, Number Theory"
MEDIUM,Jump Game III,11.8,0.0070395878524945775,https://leetcode.com/problems/jump-game-iii,"Array, Depth-First Search, Breadth-First Search"
HARD,Find Minimum Time to Finish All Jobs,11.8,0.004618263547163833,https://leetcode.com/problems/find-minimum-time-to-finish-all-jobs,"Array, Dynamic Programming, Backtracking, Bit Manipulation, Bitmask"
MEDIUM,Walls and Gates,11.8,0.006414178334561533,https://leetcode.com/problems/walls-and-gates,"Array, Breadth-First Search, Matrix"
MEDIUM,Fruits Into Baskets III,11.8,0.00394602438120777,https://leetcode.com/problems/fruits-into-baskets-iii,"Array, Binary Search, Segment Tree, Ordered Set"
MEDIUM,Ugly Number II,11.8,0.004976032891737942,https://leetcode.com/problems/ugly-number-ii,"Hash Table, Math, Dynamic Programming, Heap (Priority Queue)"
MEDIUM,Valid Triangle Number,11.8,0.005713971529713038,https://leetcode.com/problems/valid-triangle-number,"Array, Two Pointers, Binary Search, Greedy, Sorting"
MEDIUM,Check if Object Instance of Class,11.8,0.0030172684458398746,https://leetcode.com/problems/check-if-object-instance-of-class,
EASY,Counting Bits,11.8,0.008077756255229405,https://leetcode.com/problems/counting-bits,"Dynamic Programming, Bit Manipulation"
MEDIUM,Distribute Coins in Binary Tree,11.8,0.007733381510142222,https://leetcode.com/problems/distribute-coins-in-binary-tree,"Tree, Depth-First Search, Binary Tree, DP on Trees"
MEDIUM,Longest Substring with At Least K Repeating Characters,11.8,0.004656568185611751,https://leetcode.com/problems/longest-substring-with-at-least-k-repeating-characters,"Hash Table, String, Divide and Conquer, Sliding Window"
EASY,Count Elements With Maximum Frequency,11.8,0.007972785788458414,https://leetcode.com/problems/count-elements-with-maximum-frequency,"Array, Hash Table, Counting"
HARD,Last Day Where You Can Still Cross,11.8,0.006875345099081781,https://leetcode.com/problems/last-day-where-you-can-still-cross,"Array, Binary Search, Depth-First Search, Breadth-First Search, Union-Find, Matrix"
HARD,Making A Large Island,11.8,0.005708577773167518,https://leetcode.com/problems/making-a-large-island,"Array, Depth-First Search, Breadth-First Search, Union-Find, Matrix"
MEDIUM,Magnetic Force Between Two Balls,11.8,0.0072546853200709735,https://leetcode.com/problems/magnetic-force-between-two-balls,"Array, Binary Search, Sorting"
MEDIUM,The kth Factor of n,11.8,0.00706858330179279,https://leetcode.com/problems/the-kth-factor-of-n,"Math, Number Theory, Prime Factorization"
EASY,Shuffle String,11.8,0.008548685124442096,https://leetcode.com/problems/shuffle-string,"Array, String"
HARD,Minimum Interval to Include Each Query,11.8,0.005493214645379833,https://leetcode.com/problems/minimum-interval-to-include-each-query,"Array, Binary Search, Sweep Line, Sorting, Heap (Priority Queue)"
MEDIUM,Longest Subsequence With Non-Zero Bitwise XOR,11.8,0.00553157894736842,https://leetcode.com/problems/longest-subsequence-with-non-zero-bitwise-xor,"Array, Bit Manipulation"
