Difficulty,Title,Frequency,Acceptance Rate,Link,Topics
EASY,Two Sum,100.0,0.00580095238786551,https://leetcode.com/problems/two-sum,"Array, Hash Table"
MEDIUM,Add Two Numbers,78.3,0.0049133031989980576,https://leetcode.com/problems/add-two-numbers,"Linked List, Math, Recursion"
HARD,Median of Two Sorted Arrays,73.6,0.004736972853624943,https://leetcode.com/problems/median-of-two-sorted-arrays,"Array, Binary Search, Divide and Conquer"
EASY,Longest Common Prefix,73.5,0.004818721754065003,https://leetcode.com/problems/longest-common-prefix,"Array, String, Trie"
HARD,Trapping Rain Water,73.4,0.006802842740558903,https://leetcode.com/problems/trapping-rain-water,"Array, Two Pointers, Dynamic Programming, Stack, Monotonic Stack"
EASY,Merge Sorted Array,72.5,0.0055528006725092515,https://leetcode.com/problems/merge-sorted-array,"Array, Two Pointers, Sorting"
EASY,Palindrome Number,72.5,0.006087452653515256,https://leetcode.com/problems/palindrome-number,Math
MEDIUM,Longest Substring Without Repeating Characters,72.2,0.003977943136223824,https://leetcode.com/problems/longest-substring-without-repeating-characters,"Hash Table, String, Sliding Window"
MEDIUM,3Sum,71.8,0.003969310706550047,https://leetcode.com/problems/3sum,"Array, Two Pointers, Sorting"
EASY,Merge Strings Alternately,71.4,0.008214734802222103,https://leetcode.com/problems/merge-strings-alternately,"Two Pointers, String"
EASY,Best Time to Buy and Sell Stock,71.4,0.005725131018831735,https://leetcode.com/problems/best-time-to-buy-and-sell-stock,"Array, Dynamic Programming"
EASY,Create Hello World Function,71.2,0.008191596189026401,https://leetcode.com/problems/create-hello-world-function,
MEDIUM,Longest Palindromic Substring,69.7,0.0038471108019715737,https://leetcode.com/problems/longest-palindromic-substring,"Two Pointers, String, Dynamic Programming, Manacher"
MEDIUM,Longest Consecutive Sequence,69.3,0.004720829463333571,https://leetcode.com/problems/longest-consecutive-sequence,"Array, Hash Table, Union-Find"
MEDIUM,Container With Most Water,68.0,0.00606482478622991,https://leetcode.com/problems/container-with-most-water,"Array, Two Pointers, Greedy"
EASY,Recyclable and Low Fat Products,67.3,0.00886323665284793,https://leetcode.com/problems/recyclable-and-low-fat-products,Database
EASY,Majority Element,66.4,0.0066486982475450675,https://leetcode.com/problems/majority-element,"Array, Hash Table, Divide and Conquer, Sorting, Counting, Boyer–Moore Majority Vote Algorithm"
EASY,Roman to Integer,65.9,0.00670493570907236,https://leetcode.com/problems/roman-to-integer,"Hash Table, Math, String"
EASY,Valid Parentheses,65.7,0.004472561161448614,https://leetcode.com/problems/valid-parentheses,"String, Stack, Bracket Sequences"
MEDIUM,Merge Intervals,65.3,0.005257639318283639,https://leetcode.com/problems/merge-intervals,"Array, Sorting, Quicksort"
EASY,Remove Duplicates from Sorted Array,65.0,0.006356305681717479,https://leetcode.com/problems/remove-duplicates-from-sorted-array,"Array, Two Pointers"
MEDIUM,Number of Islands,64.9,0.006496039969534479,https://leetcode.com/problems/number-of-islands,"Array, Depth-First Search, Breadth-First Search, Union-Find, Matrix"
MEDIUM,Subarray Sum Equals K,64.9,0.004798003185147457,https://leetcode.com/problems/subarray-sum-equals-k,"Array, Hash Table, Prefix Sum"
MEDIUM,Maximum Subarray,64.7,0.005373544916094741,https://leetcode.com/problems/maximum-subarray,"Array, Divide and Conquer, Dynamic Programming"
MEDIUM,Reverse Integer,64.7,0.003236617820255834,https://leetcode.com/problems/reverse-integer,Math
EASY,Climbing Stairs,64.7,0.005428138437253181,https://leetcode.com/problems/climbing-stairs,"Math, Dynamic Programming, Memoization"
EASY,Merge Two Sorted Lists,61.6,0.00687474806884603,https://leetcode.com/problems/merge-two-sorted-lists,"Linked List, Recursion"
MEDIUM,Generate Parentheses,61.0,0.007906613058934668,https://leetcode.com/problems/generate-parentheses,"String, Dynamic Programming, Backtracking, Bracket Sequences"
MEDIUM,Next Permutation,60.9,0.004595885374911035,https://leetcode.com/problems/next-permutation,"Array, Two Pointers"
EASY,Add Two Integers,59.7,0.00880908125701897,https://leetcode.com/problems/add-two-integers,Math
MEDIUM,Meeting Rooms II,58.9,0.005277676895072449,https://leetcode.com/problems/meeting-rooms-ii,"Array, Two Pointers, Greedy, Sorting, Heap (Priority Queue), Prefix Sum"
EASY,Reverse Linked List,58.8,0.00809419704868803,https://leetcode.com/problems/reverse-linked-list,"Linked List, Recursion"
EASY,Move Zeroes,58.6,0.0064265438425801895,https://leetcode.com/problems/move-zeroes,"Array, Two Pointers"
EASY,Remove Element,58.5,0.006237195372525857,https://leetcode.com/problems/remove-element,"Array, Two Pointers"
HARD,Minimum Number of Increments on Subarrays to Form a Target Array,58.5,0.007824168531981063,https://leetcode.com/problems/minimum-number-of-increments-on-subarrays-to-form-a-target-array,"Array, Dynamic Programming, Stack, Greedy, Monotonic Stack"
EASY,Single Number,58.3,0.007815792011554627,https://leetcode.com/problems/single-number,"Array, Bit Manipulation"
MEDIUM,Decode String,58.2,0.006309032512604954,https://leetcode.com/problems/decode-string,"String, Stack, Recursion"
EASY,Pascal's Triangle,58.2,0.00792939553273491,https://leetcode.com/problems/pascals-triangle,"Array, Dynamic Programming"
MEDIUM,Spiral Matrix,57.9,0.00576270925930614,https://leetcode.com/problems/spiral-matrix,"Array, Matrix, Simulation"
HARD,Split Array Largest Sum,57.7,0.006119229640773564,https://leetcode.com/problems/split-array-largest-sum,"Array, Binary Search, Dynamic Programming, Greedy, Prefix Sum"
HARD,Largest Rectangle in Histogram,57.7,0.0050663909066189896,https://leetcode.com/problems/largest-rectangle-in-histogram,"Array, Stack, Monotonic Stack, Range Minimum/Maximum Query"
HARD,N-Queens,57.6,0.00762697634598655,https://leetcode.com/problems/n-queens,"Array, Backtracking, Algorithm X"
MEDIUM,Koko Eating Bananas,57.6,0.005039596312916795,https://leetcode.com/problems/koko-eating-bananas,"Array, Binary Search"
HARD,Viewers Turned Streamers,57.6,0.004299171062547099,https://leetcode.com/problems/viewers-turned-streamers,Database
MEDIUM,Search in Rotated Sorted Array,57.4,0.0045462287719182275,https://leetcode.com/problems/search-in-rotated-sorted-array,"Array, Binary Search"
MEDIUM,Jump Game,57.1,0.004138483194849731,https://leetcode.com/problems/jump-game,"Array, Dynamic Programming, Greedy"
MEDIUM,House Robber,57.1,0.005350272910647792,https://leetcode.com/problems/house-robber,"Array, Dynamic Programming"
MEDIUM,Top K Frequent Elements,56.8,0.006713894888358451,https://leetcode.com/problems/top-k-frequent-elements,"Array, Hash Table, Divide and Conquer, Sorting, Heap (Priority Queue), Bucket Sort, Counting, Quickselect"
MEDIUM,4Sum,56.3,0.004145656171175596,https://leetcode.com/problems/4sum,"Array, Two Pointers, Sorting"
MEDIUM,Rotate Array,56.3,0.0045320104908535665,https://leetcode.com/problems/rotate-array,"Array, Math, Two Pointers"
MEDIUM,Letter Combinations of a Phone Number,56.1,0.006665995951741324,https://leetcode.com/problems/letter-combinations-of-a-phone-number,"Hash Table, String, Backtracking"
EASY,Find the Index of the First Occurrence in a String,56.0,0.004716731680124558,https://leetcode.com/problems/find-the-index-of-the-first-occurrence-in-a-string,"Two Pointers, String, String Matching, Z Algorithm, Knuth–Morris–Pratt Algorithm, Boyer–Moore String-Search Algorithm"
MEDIUM,LRU Cache,55.8,0.004786878945345611,https://leetcode.com/problems/lru-cache,"Hash Table, Linked List, Design, Doubly-Linked List"
MEDIUM,Find Peak Element,55.6,0.004714050571489004,https://leetcode.com/problems/find-peak-element,"Array, Binary Search"
EASY,Valid Anagram,55.6,0.006853252750934069,https://leetcode.com/problems/valid-anagram,"Hash Table, String, Sorting"
MEDIUM,Kth Largest Element in an Array,55.3,0.006924371183219484,https://leetcode.com/problems/kth-largest-element-in-an-array,"Array, Divide and Conquer, Sorting, Heap (Priority Queue), Quickselect"
MEDIUM,Rotate Image,55.1,0.008057026987892065,https://leetcode.com/problems/rotate-image,"Array, Math, Matrix"
MEDIUM,Group Anagrams,55.1,0.007312899263058849,https://leetcode.com/problems/group-anagrams,"Array, Hash Table, String, Sorting"
EASY,Plus One,55.1,0.0050450412468024015,https://leetcode.com/problems/plus-one,"Array, Math"
MEDIUM,Zigzag Conversion,54.5,0.005489174671880834,https://leetcode.com/problems/zigzag-conversion,String
EASY,Search Insert Position,54.5,0.0052016621955774675,https://leetcode.com/problems/search-insert-position,"Array, Binary Search"
EASY,Happy Number,54.5,0.006011541540506757,https://leetcode.com/problems/happy-number,"Hash Table, Math, Two Pointers, Floyd's Cycle Finding Algorithm"
MEDIUM,Single Element in a Sorted Array,54.4,0.005939548098528527,https://leetcode.com/problems/single-element-in-a-sorted-array,"Array, Binary Search"
EASY,Add Binary,54.0,0.005848486894966196,https://leetcode.com/problems/add-binary,"Math, String, Bit Manipulation, Simulation"
MEDIUM,Longest Repeating Character Replacement,53.8,0.0060430384391572,https://leetcode.com/problems/longest-repeating-character-replacement,"Hash Table, String, Sliding Window"
MEDIUM,Maximal Square,53.6,0.005074671467678027,https://leetcode.com/problems/maximal-square,"Array, Dynamic Programming, Matrix"
MEDIUM,Sort Colors,53.4,0.007016877707390398,https://leetcode.com/problems/sort-colors,"Array, Two Pointers, Sorting, Quicksort, Bubble Sort"
MEDIUM,Product of Array Except Self,53.4,0.006916447516374479,https://leetcode.com/problems/product-of-array-except-self,"Array, Prefix Sum"
MEDIUM,Longest Increasing Subsequence,53.2,0.005984861364342108,https://leetcode.com/problems/longest-increasing-subsequence,"Array, Binary Search, Dynamic Programming, Longest Increasing Subsequence"
HARD,Sliding Window Maximum,52.8,0.004910893029866308,https://leetcode.com/problems/sliding-window-maximum,"Array, Queue, Sliding Window, Heap (Priority Queue), Monotonic Queue, Range Minimum/Maximum Query"
EASY,Max Consecutive Ones,52.6,0.006591775174847295,https://leetcode.com/problems/max-consecutive-ones,Array
MEDIUM,Find First and Last Position of Element in Sorted Array,52.3,0.004950613165826725,https://leetcode.com/problems/find-first-and-last-position-of-element-in-sorted-array,"Array, Binary Search"
MEDIUM,Set Matrix Zeroes,52.3,0.006348234905478295,https://leetcode.com/problems/set-matrix-zeroes,"Array, Hash Table, Matrix"
EASY,Concatenation of Array,52.1,0.009007575233004196,https://leetcode.com/problems/concatenation-of-array,"Array, Simulation"
MEDIUM,"Pow(x, n)",52.1,0.003917077259696646,https://leetcode.com/problems/powx-n,"Math, Recursion"
MEDIUM,Subsets,52.1,0.008271572985732438,https://leetcode.com/problems/subsets,"Array, Backtracking, Bit Manipulation"
EASY,Valid Palindrome,52.1,0.005407045695977512,https://leetcode.com/problems/valid-palindrome,"Two Pointers, String"
HARD,Maximal Rectangle,51.9,0.005959549669704388,https://leetcode.com/problems/maximal-rectangle,"Array, Dynamic Programming, Stack, Matrix, Monotonic Stack"
MEDIUM,Course Schedule,51.9,0.005204027058448488,https://leetcode.com/problems/course-schedule,"Depth-First Search, Breadth-First Search, Graph Theory, Topological Sort, Directed Acyclic Graph"
HARD,Russian Doll Envelopes,51.7,0.0038122108675279222,https://leetcode.com/problems/russian-doll-envelopes,"Array, Binary Search, Dynamic Programming, Sorting, Longest Increasing Subsequence"
MEDIUM,Rotting Oranges,51.7,0.0059276145961708075,https://leetcode.com/problems/rotting-oranges,"Array, Breadth-First Search, Matrix"
MEDIUM,Remove Nth Node From End of List,51.4,0.0052391570117286314,https://leetcode.com/problems/remove-nth-node-from-end-of-list,"Linked List, Two Pointers"
HARD,Number of Visible People in a Queue,51.4,0.007346109899241716,https://leetcode.com/problems/number-of-visible-people-in-a-queue,"Array, Stack, Monotonic Stack"
EASY,Contains Duplicate,51.2,0.006462906336887264,https://leetcode.com/problems/contains-duplicate,"Array, Hash Table, Sorting"
EASY,Binary Search,51.0,0.006130284718143016,https://leetcode.com/problems/binary-search,"Array, Binary Search"
EASY,Logger Rate Limiter,51.0,0.007688314472535719,https://leetcode.com/problems/logger-rate-limiter,"Hash Table, Design, Data Stream"
MEDIUM,Maximum Product Subarray,50.7,0.003689222184060095,https://leetcode.com/problems/maximum-product-subarray,"Array, Dynamic Programming"
EASY,Power of Two,50.7,0.005042139326860378,https://leetcode.com/problems/power-of-two,"Math, Bit Manipulation, Recursion"
HARD,Regular Expression Matching,50.7,0.003157647178988473,https://leetcode.com/problems/regular-expression-matching,"String, Dynamic Programming, Recursion"
EASY,Combine Two Tables,50.5,0.007987956471591194,https://leetcode.com/problems/combine-two-tables,Database
EASY,Sqrt(x),50.0,0.0042230778998847175,https://leetcode.com/problems/sqrtx,"Math, Binary Search, Newton's Method"
HARD,Find Median from Data Stream,50.0,0.005487680250476816,https://leetcode.com/problems/find-median-from-data-stream,"Two Pointers, Design, Sorting, Heap (Priority Queue), Data Stream"
HARD,Count Number of Trapezoids II,50.0,0.003971790929007852,https://leetcode.com/problems/count-number-of-trapezoids-ii,"Array, Hash Table, Math, Geometry"
HARD,Merge k Sorted Lists,49.8,0.0060293852368744775,https://leetcode.com/problems/merge-k-sorted-lists,"Linked List, Divide and Conquer, Heap (Priority Queue), Merge Sort, Tournament Sort"
HARD,Binary Tree Maximum Path Sum,49.8,0.00426647267349539,https://leetcode.com/problems/binary-tree-maximum-path-sum,"Dynamic Programming, Tree, Depth-First Search, Binary Tree, DP on Trees"
HARD,Basic Calculator,49.8,0.004711196476767905,https://leetcode.com/problems/basic-calculator,"Math, String, Stack, Recursion"
MEDIUM,Zero Array Transformation I,49.8,0.005452867650068911,https://leetcode.com/problems/zero-array-transformation-i,"Array, Prefix Sum"
MEDIUM,Unique Paths,49.5,0.006717319386645839,https://leetcode.com/problems/unique-paths,"Math, Dynamic Programming, Combinatorics"
EASY,Palindrome Linked List,49.5,0.00586079504487492,https://leetcode.com/problems/palindrome-linked-list,"Linked List, Two Pointers, Stack, Recursion"
EASY,Intersection of Two Arrays,49.2,0.007820152771350486,https://leetcode.com/problems/intersection-of-two-arrays,"Array, Hash Table, Two Pointers, Binary Search, Sorting"
MEDIUM,Max Consecutive Ones III,49.0,0.006827671716723629,https://leetcode.com/problems/max-consecutive-ones-iii,"Array, Binary Search, Sliding Window, Prefix Sum"
MEDIUM,3Sum Closest,48.7,0.004920550647540531,https://leetcode.com/problems/3sum-closest,"Array, Two Pointers, Sorting"
MEDIUM,Permutations,48.7,0.008226143655033298,https://leetcode.com/problems/permutations,"Array, Backtracking"
HARD,Candy,48.7,0.004904701554330701,https://leetcode.com/problems/candy,"Array, Greedy"
MEDIUM,Separate Squares I,48.7,0.0057950924796339245,https://leetcode.com/problems/separate-squares-i,"Array, Binary Search"
EASY,Contains Duplicate II,48.4,0.0051785078955989,https://leetcode.com/problems/contains-duplicate-ii,"Array, Hash Table, Sliding Window"
HARD,Sudoku Solver,48.4,0.0065586247531822465,https://leetcode.com/problems/sudoku-solver,"Array, Hash Table, Backtracking, Matrix, Algorithm X, Dancing Links"
HARD,First Missing Positive,47.9,0.004354286870951085,https://leetcode.com/problems/first-missing-positive,"Array, Hash Table"
MEDIUM,Best Time to Buy and Sell Stock II,47.9,0.007150173910926223,https://leetcode.com/problems/best-time-to-buy-and-sell-stock-ii,"Array, Dynamic Programming, Greedy"
MEDIUM,Min Stack,47.9,0.005855043610986008,https://leetcode.com/problems/min-stack,"Stack, Design"
MEDIUM,Valid Sudoku,47.6,0.006495074008663057,https://leetcode.com/problems/valid-sudoku,"Array, Hash Table, Matrix"
MEDIUM,Fruit Into Baskets,47.6,0.005215366562428964,https://leetcode.com/problems/fruit-into-baskets,"Array, Hash Table, Sliding Window"
MEDIUM,Jump Game II,47.6,0.004335944292113706,https://leetcode.com/problems/jump-game-ii,"Array, Dynamic Programming, Greedy"
MEDIUM,Coin Change,47.6,0.004897333499992624,https://leetcode.com/problems/coin-change,"Array, Dynamic Programming, Breadth-First Search, Knapsack Problem, Complete Knapsack"
MEDIUM,Count Number of Trapezoids I,47.6,0.004808594535870921,https://leetcode.com/problems/count-number-of-trapezoids-i,"Array, Hash Table, Math, Geometry"
EASY,Linked List Cycle,47.3,0.0054906069740714636,https://leetcode.com/problems/linked-list-cycle,"Hash Table, Linked List, Two Pointers, Floyd's Cycle Finding Algorithm"
MEDIUM,Sum of Subarray Minimums,47.3,0.0038950058234631466,https://leetcode.com/problems/sum-of-subarray-minimums,"Array, Dynamic Programming, Stack, Monotonic Stack"
MEDIUM,The Earliest Moment When Everyone Become Friends,47.0,0.0066116242364710545,https://leetcode.com/problems/the-earliest-moment-when-everyone-become-friends,"Array, Union-Find, Sorting"
MEDIUM,Two Sum II - Input Array Is Sorted,46.7,0.006568610121556577,https://leetcode.com/problems/two-sum-ii-input-array-is-sorted,"Array, Two Pointers, Binary Search"
EASY,Middle of the Linked List,46.7,0.008227615067030762,https://leetcode.com/problems/middle-of-the-linked-list,"Linked List, Two Pointers"
HARD,Text Justification,46.4,0.005189777954455108,https://leetcode.com/problems/text-justification,"Array, String, Simulation"
MEDIUM,Reverse Words in a String,46.4,0.005753052888006745,https://leetcode.com/problems/reverse-words-in-a-string,"Two Pointers, String"
MEDIUM,Edit Distance,46.4,0.006111944121946519,https://leetcode.com/problems/edit-distance,"String, Dynamic Programming"
MEDIUM,Palindrome Partitioning,46.4,0.007450501967476261,https://leetcode.com/problems/palindrome-partitioning,"String, Dynamic Programming, Backtracking"
MEDIUM,Partition Equal Subset Sum,46.4,0.004989071116184731,https://leetcode.com/problems/partition-equal-subset-sum,"Array, Dynamic Programming, Knapsack Problem, 0-1 Knapsack"
EASY,Length of Last Word,46.0,0.00595132128366304,https://leetcode.com/problems/length-of-last-word,String
EASY,Fibonacci Number,46.0,0.007452192442911173,https://leetcode.com/problems/fibonacci-number,"Math, Dynamic Programming, Recursion, Memoization"
HARD,Reverse Nodes in k-Group,45.7,0.0066965683938176625,https://leetcode.com/problems/reverse-nodes-in-k-group,"Linked List, Recursion"
MEDIUM,Rotate List,45.4,0.0043114057976821885,https://leetcode.com/problems/rotate-list,"Linked List, Two Pointers"
EASY,Isomorphic Strings,45.4,0.0048921184586472,https://leetcode.com/problems/isomorphic-strings,"Hash Table, String"
MEDIUM,Combination Sum,45.4,0.007700611045947865,https://leetcode.com/problems/combination-sum,"Array, Backtracking"
EASY,Create a DataFrame from List,45.4,0.008087162588600835,https://leetcode.com/problems/create-a-dataframe-from-list,
MEDIUM,Insert Delete GetRandom O(1),45.0,0.005548641185565938,https://leetcode.com/problems/insert-delete-getrandom-o1,"Array, Hash Table, Math, Design, Randomized"
MEDIUM,Subsets II,44.7,0.0061826559340732,https://leetcode.com/problems/subsets-ii,"Array, Backtracking, Bit Manipulation"
EASY,Find All Numbers Disappeared in an Array,44.7,0.006453701562551618,https://leetcode.com/problems/find-all-numbers-disappeared-in-an-array,"Array, Hash Table"
EASY,Same Tree,44.7,0.006778330789941868,https://leetcode.com/problems/same-tree,"Tree, Depth-First Search, Breadth-First Search, Binary Tree"
MEDIUM,Count Primes,44.3,0.0036370909892008444,https://leetcode.com/problems/count-primes,"Array, Math, Enumeration, Number Theory, Primality Test, Sieve Theory, Prime Number Sieve"
HARD,Range Module,44.3,0.0045412668477283515,https://leetcode.com/problems/range-module,"Design, Segment Tree, Ordered Set"
MEDIUM,Sort an Array,44.3,0.005579254665195933,https://leetcode.com/problems/sort-an-array,"Array, Divide and Conquer, Sorting, Heap (Priority Queue), Merge Sort, Bucket Sort, Radix Sort, Counting Sort"
MEDIUM,Second Highest Salary,44.0,0.004798842844276365,https://leetcode.com/problems/second-highest-salary,Database
MEDIUM,String Compression,44.0,0.006060152682054325,https://leetcode.com/problems/string-compression,"Two Pointers, String"
EASY,Find Customer Referee,44.0,0.007335328305985173,https://leetcode.com/problems/find-customer-referee,Database
MEDIUM,Peak Index in a Mountain Array,44.0,0.0066703889966037025,https://leetcode.com/problems/peak-index-in-a-mountain-array,"Array, Binary Search, Ternary Search"
MEDIUM,Word Search,44.0,0.004794679923611521,https://leetcode.com/problems/word-search,"Array, String, Backtracking, Depth-First Search, Matrix"
MEDIUM,Find the Duplicate Number,44.0,0.00647692828528442,https://leetcode.com/problems/find-the-duplicate-number,"Array, Two Pointers, Binary Search, Bit Manipulation, Pigeonhole Principle, Floyd's Cycle Finding Algorithm"
MEDIUM,Remove K Digits,44.0,0.0037490788687867295,https://leetcode.com/problems/remove-k-digits,"String, Stack, Greedy, Monotonic Stack"
HARD,Guess the Word,44.0,0.003660275621759791,https://leetcode.com/problems/guess-the-word,"Array, Math, String, Minimax, Interactive, Game Theory"
MEDIUM,Move Pieces to Obtain a String,44.0,0.005660922509225092,https://leetcode.com/problems/move-pieces-to-obtain-a-string,"Two Pointers, String"
MEDIUM,Integer to Roman,43.6,0.007149616098868105,https://leetcode.com/problems/integer-to-roman,"Hash Table, Math, String"
EASY,Article Views I,43.6,0.007681259493343184,https://leetcode.com/problems/article-views-i,Database
MEDIUM,Largest Number,43.6,0.004358509726091368,https://leetcode.com/problems/largest-number,"Array, String, Greedy, Sorting"
MEDIUM,Apply Substitutions,43.6,0.007793292265571527,https://leetcode.com/problems/apply-substitutions,"Array, Hash Table, String, Depth-First Search, Breadth-First Search, Graph Theory, Topological Sort"
MEDIUM,Insert Interval,43.2,0.004581215204477095,https://leetcode.com/problems/insert-interval,Array
MEDIUM,Divide Two Integers,43.2,0.0020225010435640715,https://leetcode.com/problems/divide-two-integers,"Math, Bit Manipulation"
HARD,Minimum Window Substring,43.2,0.004825493507502785,https://leetcode.com/problems/minimum-window-substring,"Hash Table, String, Sliding Window"
EASY,Invert Binary Tree,43.2,0.008036544276654518,https://leetcode.com/problems/invert-binary-tree,"Tree, Depth-First Search, Breadth-First Search, Binary Tree"
MEDIUM,Permutation in String,43.2,0.004952170786372714,https://leetcode.com/problems/permutation-in-string,"Hash Table, Two Pointers, String, Sliding Window"
EASY,Missing Number,42.8,0.0072516587851074055,https://leetcode.com/problems/missing-number,"Array, Hash Table, Math, Binary Search, Bit Manipulation, Sorting"
MEDIUM,Daily Temperatures,42.8,0.006905688097164086,https://leetcode.com/problems/daily-temperatures,"Array, Stack, Monotonic Stack"
EASY,Check if Array Is Sorted and Rotated,42.8,0.00576111884252575,https://leetcode.com/problems/check-if-array-is-sorted-and-rotated,Array
EASY,Running Sum of 1d Array,42.4,0.008707016197561101,https://leetcode.com/problems/running-sum-of-1d-array,"Array, Prefix Sum"
MEDIUM,Majority Element II,42.4,0.005667187222437231,https://leetcode.com/problems/majority-element-ii,"Array, Hash Table, Sorting, Counting, Boyer–Moore Majority Vote Algorithm"
EASY,Big Countries,42.4,0.006875454724567621,https://leetcode.com/problems/big-countries,Database
MEDIUM,Lowest Common Ancestor of a Binary Tree,42.0,0.006995184319913237,https://leetcode.com/problems/lowest-common-ancestor-of-a-binary-tree,"Tree, Depth-First Search, Binary Tree, Binary Lifting, Lowest Common Ancestor"
EASY,Squares of a Sorted Array,42.0,0.007406493259920258,https://leetcode.com/problems/squares-of-a-sorted-array,"Array, Two Pointers, Sorting"
MEDIUM,Word Break,42.0,0.004977890459794293,https://leetcode.com/problems/word-break,"Array, Hash Table, String, Dynamic Programming, Trie, Memoization, Brute-Force Search"
HARD,Word Ladder,41.6,0.004632624238009764,https://leetcode.com/problems/word-ladder,"Hash Table, String, Breadth-First Search, Bidirectional Search"
EASY,Employees Earning More Than Their Managers,41.6,0.007374443558968662,https://leetcode.com/problems/employees-earning-more-than-their-managers,Database
EASY,Reverse String,41.6,0.008119736766942312,https://leetcode.com/problems/reverse-string,"Two Pointers, String"
MEDIUM,Number of Provinces,41.6,0.007093659168003034,https://leetcode.com/problems/number-of-provinces,"Depth-First Search, Breadth-First Search, Union-Find, Graph Theory"
MEDIUM,Capacity To Ship Packages Within D Days,41.6,0.0074508269416904615,https://leetcode.com/problems/capacity-to-ship-packages-within-d-days,"Array, Binary Search"
MEDIUM,Surrounded Regions,41.6,0.004606749757057064,https://leetcode.com/problems/surrounded-regions,"Array, Depth-First Search, Breadth-First Search, Union-Find, Matrix"
MEDIUM,Minimum Area Rectangle,41.6,0.005549154449121788,https://leetcode.com/problems/minimum-area-rectangle,"Array, Hash Table, Math, Geometry, Sorting"
EASY,Rising Temperature,41.2,0.005193931866402386,https://leetcode.com/problems/rising-temperature,Database
EASY,Reverse Vowels of a String,41.2,0.006208606376497121,https://leetcode.com/problems/reverse-vowels-of-a-string,"Two Pointers, String"
EASY,Diameter of Binary Tree,41.2,0.006608643805410485,https://leetcode.com/problems/diameter-of-binary-tree,"Tree, Depth-First Search, Binary Tree, DP on Trees"
MEDIUM,Longest Common Subsequence,41.2,0.005947673653306344,https://leetcode.com/problems/longest-common-subsequence,"String, Dynamic Programming, Longest Common Subsequence"
EASY,Symmetric Tree,41.2,0.006182577434567257,https://leetcode.com/problems/symmetric-tree,"Tree, Depth-First Search, Breadth-First Search, Binary Tree"
MEDIUM,Sort List,41.2,0.006518684803039642,https://leetcode.com/problems/sort-list,"Linked List, Two Pointers, Divide and Conquer, Sorting, Merge Sort"
EASY,Intersection of Two Linked Lists,41.2,0.006446732931499626,https://leetcode.com/problems/intersection-of-two-linked-lists,"Hash Table, Linked List, Two Pointers"
EASY,Greatest Common Divisor of Strings,41.2,0.005427599236099225,https://leetcode.com/problems/greatest-common-divisor-of-strings,"Math, String, Euclidean Algorithm, Greatest Common Divisor"
MEDIUM,Zero Array Transformation II,41.2,0.004353382812276127,https://leetcode.com/problems/zero-array-transformation-ii,"Array, Two Pointers, Binary Search, Prefix Sum"
MEDIUM,Reverse Linked List II,40.7,0.005217652139807546,https://leetcode.com/problems/reverse-linked-list-ii,Linked List
EASY,Next Greater Element I,40.7,0.007668402819222038,https://leetcode.com/problems/next-greater-element-i,"Array, Hash Table, Stack, Monotonic Stack"
MEDIUM,Search a 2D Matrix,40.7,0.005438013772610336,https://leetcode.com/problems/search-a-2d-matrix,"Array, Binary Search, Matrix"
EASY,Power of Three,40.3,0.005147307913637493,https://leetcode.com/problems/power-of-three,"Math, Recursion"
MEDIUM,String to Integer (atoi),40.3,0.0021567143342124933,https://leetcode.com/problems/string-to-integer-atoi,String
HARD,Wildcard Matching,40.3,0.0032623577019212494,https://leetcode.com/problems/wildcard-matching,"String, Dynamic Programming, Greedy, Recursion"
EASY,Remove Duplicates from Sorted List,40.3,0.0057338081766602645,https://leetcode.com/problems/remove-duplicates-from-sorted-list,Linked List
MEDIUM,Gas Station,40.3,0.004855703095776569,https://leetcode.com/problems/gas-station,"Array, Greedy"
MEDIUM,Minimum Size Subarray Sum,40.3,0.005261691799188636,https://leetcode.com/problems/minimum-size-subarray-sum,"Array, Binary Search, Sliding Window, Prefix Sum"
MEDIUM,Odd Even Linked List,40.3,0.006273133708855207,https://leetcode.com/problems/odd-even-linked-list,Linked List
EASY,Can Place Flowers,40.3,0.0029279909398488204,https://leetcode.com/problems/can-place-flowers,"Array, Greedy"
MEDIUM,Random Pick with Weight,40.3,0.004921200099044552,https://leetcode.com/problems/random-pick-with-weight,"Array, Math, Binary Search, Prefix Sum, Randomized"
MEDIUM,Binary Tree Level Order Traversal,39.8,0.007328993173656603,https://leetcode.com/problems/binary-tree-level-order-traversal,"Tree, Breadth-First Search, Binary Tree"
EASY,Find the Difference,39.8,0.006061565084903575,https://leetcode.com/problems/find-the-difference,"Hash Table, String, Bit Manipulation, Sorting"
EASY,Is Subsequence,39.8,0.004934151446576965,https://leetcode.com/problems/is-subsequence,"Two Pointers, String, Dynamic Programming"
EASY,Unique Number of Occurrences,39.8,0.007885868985526819,https://leetcode.com/problems/unique-number-of-occurrences,"Array, Hash Table"
MEDIUM,Single Number II,39.8,0.006767225101701388,https://leetcode.com/problems/single-number-ii,"Array, Bit Manipulation"
HARD,Meeting Rooms III,39.8,0.005139435681779677,https://leetcode.com/problems/meeting-rooms-iii,"Array, Hash Table, Sorting, Heap (Priority Queue), Simulation"
HARD,Reverse Pairs,39.8,0.0034986555072175985,https://leetcode.com/problems/reverse-pairs,"Array, Binary Search, Divide and Conquer, Binary Indexed Tree, Segment Tree, Merge Sort, Ordered Set, Treap"
HARD,Longest Valid Parentheses,39.3,0.003950329380764163,https://leetcode.com/problems/longest-valid-parentheses,"String, Dynamic Programming, Stack, Bracket Sequences"
MEDIUM,Remove Duplicates from Sorted Array II,39.3,0.006515577577843417,https://leetcode.com/problems/remove-duplicates-from-sorted-array-ii,"Array, Two Pointers"
MEDIUM,Copy List with Random Pointer,39.3,0.00635092839345131,https://leetcode.com/problems/copy-list-with-random-pointer,"Hash Table, Linked List"
EASY,First Bad Version,39.3,0.004751368560746233,https://leetcode.com/problems/first-bad-version,"Binary Search, Interactive"
MEDIUM,Frequency of the Most Frequent Element,39.3,0.004512506450952909,https://leetcode.com/problems/frequency-of-the-most-frequent-element,"Array, Binary Search, Greedy, Sliding Window, Sorting, Prefix Sum"
MEDIUM,Binary Tree Zigzag Level Order Traversal,38.8,0.006432900406312655,https://leetcode.com/problems/binary-tree-zigzag-level-order-traversal,"Tree, Breadth-First Search, Binary Tree"
MEDIUM,Asteroid Collision,38.8,0.004876299951048237,https://leetcode.com/problems/asteroid-collision,"Array, Stack, Simulation"
EASY,Rotate String,38.8,0.006666948713267871,https://leetcode.com/problems/rotate-string,"String, String Matching"
MEDIUM,Find Minimum in Rotated Sorted Array,38.8,0.005517061320673216,https://leetcode.com/problems/find-minimum-in-rotated-sorted-array,"Array, Binary Search"
MEDIUM,Kth Smallest Element in a BST,38.8,0.0077214785961713705,https://leetcode.com/problems/kth-smallest-element-in-a-bst,"Tree, Depth-First Search, Binary Search Tree, Binary Tree"
MEDIUM,Pacific Atlantic Water Flow,38.8,0.00613439046674663,https://leetcode.com/problems/pacific-atlantic-water-flow,"Array, Depth-First Search, Breadth-First Search, Matrix"
MEDIUM,Task Scheduler,38.8,0.006363486752557674,https://leetcode.com/problems/task-scheduler,"Array, Hash Table, Greedy, Sorting, Heap (Priority Queue), Counting"
EASY,First Unique Character in a String,38.3,0.006611194846272966,https://leetcode.com/problems/first-unique-character-in-a-string,"Hash Table, String, Queue, Counting"
EASY,Fizz Buzz,38.3,0.007580834481158632,https://leetcode.com/problems/fizz-buzz,"Math, String, Simulation"
MEDIUM,Contiguous Array,38.3,0.005208313127416178,https://leetcode.com/problems/contiguous-array,"Array, Hash Table, Prefix Sum"
EASY,Average Time of Process per Machine,38.3,0.0066932476908874204,https://leetcode.com/problems/average-time-of-process-per-machine,Database
EASY,Counter,38.3,0.008244050041307157,https://leetcode.com/problems/counter,
MEDIUM,Simplify Path,38.3,0.005122124583086863,https://leetcode.com/problems/simplify-path,"String, Stack"
EASY,Binary Tree Inorder Traversal,38.3,0.008051021205380088,https://leetcode.com/problems/binary-tree-inorder-traversal,"Stack, Tree, Depth-First Search, Binary Tree"
MEDIUM,Evaluate Reverse Polish Notation,38.3,0.005848824922720453,https://leetcode.com/problems/evaluate-reverse-polish-notation,"Array, Math, Stack"
HARD,Burst Balloons,38.3,0.006419255726010915,https://leetcode.com/problems/burst-balloons,"Array, Dynamic Programming"
MEDIUM,Find All Duplicates in an Array,38.3,0.007710563836037227,https://leetcode.com/problems/find-all-duplicates-in-an-array,"Array, Hash Table, Sorting"
MEDIUM,Binary Subarrays With Sum,38.3,0.0069661061179929415,https://leetcode.com/problems/binary-subarrays-with-sum,"Array, Hash Table, Sliding Window, Prefix Sum"
HARD,Finding MK Average,38.3,0.0038900612218314445,https://leetcode.com/problems/finding-mk-average,"Design, Queue, Heap (Priority Queue), Data Stream, Ordered Set, Treap"
MEDIUM,Reorder List,37.7,0.006600060207369974,https://leetcode.com/problems/reorder-list,"Linked List, Two Pointers, Stack, Recursion"
MEDIUM,Coin Change II,37.7,0.005930282899238443,https://leetcode.com/problems/coin-change-ii,"Array, Dynamic Programming, Knapsack Problem, Complete Knapsack"
MEDIUM,Course Schedule II,37.7,0.0056087981873676395,https://leetcode.com/problems/course-schedule-ii,"Depth-First Search, Breadth-First Search, Graph Theory, Topological Sort"
MEDIUM,Delete Node in a Linked List,37.7,0.008429261642154438,https://leetcode.com/problems/delete-node-in-a-linked-list,Linked List
MEDIUM,Target Sum,37.7,0.005273123661542585,https://leetcode.com/problems/target-sum,"Array, Dynamic Programming, Backtracking, Knapsack Problem, 0-1 Knapsack"
EASY,Maximum Average Subarray I,37.7,0.004890205518827249,https://leetcode.com/problems/maximum-average-subarray-i,"Array, Sliding Window"
MEDIUM,Maximum Swap,37.7,0.005209218883519646,https://leetcode.com/problems/maximum-swap,"Math, Greedy"
EASY,Find Missing and Repeated Values,37.7,0.00829723605895155,https://leetcode.com/problems/find-missing-and-repeated-values,"Array, Hash Table, Math, Matrix"
EASY,Implement Stack using Queues,37.2,0.007054265097791227,https://leetcode.com/problems/implement-stack-using-queues,"Stack, Design, Queue"
MEDIUM,Search a 2D Matrix II,37.2,0.0057904544449880815,https://leetcode.com/problems/search-a-2d-matrix-ii,"Array, Binary Search, Divide and Conquer, Matrix"
MEDIUM,Reorganize String,37.2,0.0057449190216939,https://leetcode.com/problems/reorganize-string,"Hash Table, String, Greedy, Sorting, Heap (Priority Queue), Counting"
MEDIUM,Next Greater Element II,37.2,0.0069005638853998266,https://leetcode.com/problems/next-greater-element-ii,"Array, Stack, Monotonic Stack"
MEDIUM,Accounts Merge,37.2,0.006188994327914749,https://leetcode.com/problems/accounts-merge,"Array, Hash Table, String, Depth-First Search, Breadth-First Search, Union-Find, Sorting"
MEDIUM,Maximum Width Ramp,37.2,0.0055930835644557265,https://leetcode.com/problems/maximum-width-ramp,"Array, Two Pointers, Stack, Monotonic Stack"
MEDIUM,Delete Nodes And Return Forest,37.2,0.007248246540471741,https://leetcode.com/problems/delete-nodes-and-return-forest,"Array, Hash Table, Tree, Depth-First Search, Binary Tree"
MEDIUM,Minimum Path Sum,36.6,0.006874285022092097,https://leetcode.com/problems/minimum-path-sum,"Array, Dynamic Programming, Matrix"
MEDIUM,Perfect Squares,36.6,0.005680477465997451,https://leetcode.com/problems/perfect-squares,"Math, Dynamic Programming, Breadth-First Search, Knapsack Problem, Complete Knapsack"
EASY,Ransom Note,36.6,0.006631434198562558,https://leetcode.com/problems/ransom-note,"Hash Table, String, Counting"
EASY,Valid Palindrome II,36.6,0.004461402004882974,https://leetcode.com/problems/valid-palindrome-ii,"Two Pointers, String, Greedy"
MEDIUM,Online Stock Span,36.6,0.006962038339597288,https://leetcode.com/problems/online-stock-span,"Stack, Design, Monotonic Stack, Data Stream"
HARD,24 Game,36.6,0.005962356589998353,https://leetcode.com/problems/24-game,"Array, Math, Backtracking"
HARD,Vertical Order Traversal of a Binary Tree,36.6,0.005452686319665057,https://leetcode.com/problems/vertical-order-traversal-of-a-binary-tree,"Hash Table, Tree, Depth-First Search, Breadth-First Search, Sorting, Binary Tree"
MEDIUM,Minimum Number of Days to Make m Bouquets,36.6,0.005705241689082582,https://leetcode.com/problems/minimum-number-of-days-to-make-m-bouquets,"Array, Binary Search"
MEDIUM,Multiply Strings,36.0,0.004462399969068332,https://leetcode.com/problems/multiply-strings,"Math, String, Simulation"
HARD,Permutation Sequence,36.0,0.005400041095601716,https://leetcode.com/problems/permutation-sequence,"Math, Recursion"
MEDIUM,Construct Binary Tree from Preorder and Inorder Traversal,36.0,0.006938056579561445,https://leetcode.com/problems/construct-binary-tree-from-preorder-and-inorder-traversal,"Array, Hash Table, Divide and Conquer, Tree, Binary Tree"
MEDIUM,Largest Divisible Subset,36.0,0.005000349454190334,https://leetcode.com/problems/largest-divisible-subset,"Array, Math, Dynamic Programming, Sorting"
MEDIUM,Network Delay Time,36.0,0.006135721595157466,https://leetcode.com/problems/network-delay-time,"Depth-First Search, Breadth-First Search, Graph Theory, Heap (Priority Queue), Shortest Path, Dijkstra's Algorithm"
MEDIUM,Rearrange Array Elements by Sign,36.0,0.008480480911626374,https://leetcode.com/problems/rearrange-array-elements-by-sign,"Array, Two Pointers, Simulation"
EASY,Maximum Depth of Binary Tree,36.0,0.00785224673227445,https://leetcode.com/problems/maximum-depth-of-binary-tree,"Tree, Depth-First Search, Breadth-First Search, Binary Tree"
MEDIUM,House Robber II,36.0,0.004540398609332016,https://leetcode.com/problems/house-robber-ii,"Array, Dynamic Programming"
MEDIUM,Sum of Two Integers,36.0,0.005587486586676313,https://leetcode.com/problems/sum-of-two-integers,"Math, Bit Manipulation"
EASY,Employee Bonus,36.0,0.007791273898089464,https://leetcode.com/problems/employee-bonus,Database
MEDIUM,Shortest Path in Binary Matrix,36.0,0.005205251478221059,https://leetcode.com/problems/shortest-path-in-binary-matrix,"Array, Breadth-First Search, Matrix"
MEDIUM,Search in Rotated Sorted Array II,36.0,0.004044598818866909,https://leetcode.com/problems/search-in-rotated-sorted-array-ii,"Array, Binary Search"
MEDIUM,Swap Nodes in Pairs,35.3,0.007010510609884263,https://leetcode.com/problems/swap-nodes-in-pairs,"Linked List, Recursion"
MEDIUM,Clone Graph,35.3,0.0065980060173831834,https://leetcode.com/problems/clone-graph,"Hash Table, Depth-First Search, Breadth-First Search, Graph Theory"
HARD,Shortest Palindrome,35.3,0.004295031470576048,https://leetcode.com/problems/shortest-palindrome,"String, Rolling Hash, String Matching, Hash Function, Manacher, Z Algorithm, Knuth–Morris–Pratt Algorithm"
EASY,Summary Ranges,35.3,0.005461917679543697,https://leetcode.com/problems/summary-ranges,Array
EASY,Add Digits,35.3,0.0069233119092149695,https://leetcode.com/problems/add-digits,"Math, Simulation, Number Theory"
MEDIUM,Exclusive Time of Functions,35.3,0.006626042210744203,https://leetcode.com/problems/exclusive-time-of-functions,"Array, Stack"
HARD,Subarrays with K Different Integers,35.3,0.006886164041538308,https://leetcode.com/problems/subarrays-with-k-different-integers,"Array, Hash Table, Sliding Window, Counting"
MEDIUM,Validate Binary Search Tree,35.3,0.003620631103723719,https://leetcode.com/problems/validate-binary-search-tree,"Tree, Depth-First Search, Binary Search Tree, Binary Tree"
MEDIUM,Linked List Cycle II,35.3,0.0058884830426313,https://leetcode.com/problems/linked-list-cycle-ii,"Hash Table, Linked List, Two Pointers, Floyd's Cycle Finding Algorithm"
EASY,Average Selling Price,35.3,0.003774809876183741,https://leetcode.com/problems/average-selling-price,Database
EASY,Kth Missing Positive Number,35.3,0.006382791190476023,https://leetcode.com/problems/kth-missing-positive-number,"Array, Binary Search"
MEDIUM,Group Shifted Strings,35.3,0.006783461912328056,https://leetcode.com/problems/group-shifted-strings,"Array, Hash Table, String"
EASY,Find Pivot Index,35.3,0.00635985002576889,https://leetcode.com/problems/find-pivot-index,"Array, Prefix Sum"
EASY,Type of Triangle,35.3,0.004395658217213035,https://leetcode.com/problems/type-of-triangle,"Array, Math, Sorting, Polygons"
HARD,Trapping Rain Water II,34.7,0.0064193145683665055,https://leetcode.com/problems/trapping-rain-water-ii,"Array, Breadth-First Search, Heap (Priority Queue), Matrix"
EASY,Add Strings,34.7,0.005221924583832983,https://leetcode.com/problems/add-strings,"Math, String, Simulation"
MEDIUM,Managers with at Least 5 Direct Reports,34.7,0.004939573974786263,https://leetcode.com/problems/managers-with-at-least-5-direct-reports,Database
MEDIUM,Cheapest Flights Within K Stops,34.7,0.004241504374080934,https://leetcode.com/problems/cheapest-flights-within-k-stops,"Dynamic Programming, Depth-First Search, Breadth-First Search, Graph Theory, Heap (Priority Queue), Shortest Path"
EASY,Transpose Matrix,34.7,0.007706203248532104,https://leetcode.com/problems/transpose-matrix,"Array, Matrix, Simulation"
HARD,Substring with Concatenation of All Words,34.7,0.0035003393350875244,https://leetcode.com/problems/substring-with-concatenation-of-all-words,"Hash Table, String, Sliding Window"
HARD,Serialize and Deserialize Binary Tree,34.7,0.006102862820701219,https://leetcode.com/problems/serialize-and-deserialize-binary-tree,"String, Tree, Depth-First Search, Breadth-First Search, Design, Binary Tree"
EASY,Assign Cookies,34.7,0.0055416771175616575,https://leetcode.com/problems/assign-cookies,"Array, Two Pointers, Greedy, Sorting, Quicksort"
MEDIUM,Find K Closest Elements,34.7,0.005001268488067444,https://leetcode.com/problems/find-k-closest-elements,"Array, Two Pointers, Binary Search, Sliding Window, Sorting, Heap (Priority Queue)"
MEDIUM,Count Square Submatrices with All Ones,34.7,0.008080449604791276,https://leetcode.com/problems/count-square-submatrices-with-all-ones,"Array, Dynamic Programming, Matrix"
MEDIUM,Design a Stack With Increment Operation,34.7,0.00799142835064109,https://leetcode.com/problems/design-a-stack-with-increment-operation,"Array, Stack, Design"
MEDIUM,Triangle,34.7,0.005991266512882046,https://leetcode.com/problems/triangle,"Array, Dynamic Programming"
EASY,Ugly Number,34.7,0.004405789548889244,https://leetcode.com/problems/ugly-number,Math
EASY,Remove Linked List Elements,34.0,0.005521369090250542,https://leetcode.com/problems/remove-linked-list-elements,"Linked List, Recursion"
HARD,Expression Add Operators,34.0,0.004366082036364787,https://leetcode.com/problems/expression-add-operators,"Math, String, Backtracking"
MEDIUM,Top K Frequent Words,34.0,0.00605013191444806,https://leetcode.com/problems/top-k-frequent-words,"Array, Hash Table, String, Trie, Sorting, Heap (Priority Queue), Bucket Sort, Counting"
MEDIUM,Max Area of Island,34.0,0.007418586501005358,https://leetcode.com/problems/max-area-of-island,"Array, Depth-First Search, Breadth-First Search, Union-Find, Matrix"
HARD,Swim in Rising Water,34.0,0.006817680753988078,https://leetcode.com/problems/swim-in-rising-water,"Array, Binary Search, Depth-First Search, Breadth-First Search, Union-Find, Minimax, Heap (Priority Queue), Matrix, Dijkstra's Algorithm"
MEDIUM,Maximum Points You Can Obtain from Cards,34.0,0.005824679145499095,https://leetcode.com/problems/maximum-points-you-can-obtain-from-cards,"Array, Sliding Window, Prefix Sum"
HARD,Lexicographically Smallest Beautiful String,34.0,0.0038647032996723964,https://leetcode.com/problems/lexicographically-smallest-beautiful-string,"String, Greedy"
MEDIUM,Swap Adjacent in LR String,33.3,0.003835325703829251,https://leetcode.com/problems/swap-adjacent-in-lr-string,"Two Pointers, String"
HARD,Partition Array Into Two Arrays to Minimize Sum Difference,33.3,0.002437998466532429,https://leetcode.com/problems/partition-array-into-two-arrays-to-minimize-sum-difference,"Array, Two Pointers, Binary Search, Dynamic Programming, Bit Manipulation, Meet in the Middle, Sorting, Ordered Set, Bitmask"
MEDIUM,Find All Possible Recipes from Given Supplies,33.3,0.005707434391023154,https://leetcode.com/problems/find-all-possible-recipes-from-given-supplies,"Array, Hash Table, String, Graph Theory, Topological Sort, Directed Acyclic Graph"
MEDIUM,Combination Sum II,33.3,0.005997286479259606,https://leetcode.com/problems/combination-sum-ii,"Array, Backtracking"
MEDIUM,Flatten Binary Tree to Linked List,33.3,0.007132468822762421,https://leetcode.com/problems/flatten-binary-tree-to-linked-list,"Linked List, Stack, Tree, Depth-First Search, Binary Tree"
MEDIUM,Binary Tree Right Side View,33.3,0.00709796330836447,https://leetcode.com/problems/binary-tree-right-side-view,"Tree, Depth-First Search, Breadth-First Search, Binary Tree"
EASY,Implement Queue using Stacks,33.3,0.007023141605675195,https://leetcode.com/problems/implement-queue-using-stacks,"Stack, Design, Queue"
MEDIUM,Palindromic Substrings,33.3,0.007312519405862714,https://leetcode.com/problems/palindromic-substrings,"Two Pointers, String, Dynamic Programming"
HARD,Shortest Path in a Grid with Obstacles Elimination,33.3,0.004663196154145178,https://leetcode.com/problems/shortest-path-in-a-grid-with-obstacles-elimination,"Array, Breadth-First Search, Matrix"
MEDIUM,Path With Minimum Effort,33.3,0.00638977436323885,https://leetcode.com/problems/path-with-minimum-effort,"Array, Binary Search, Depth-First Search, Breadth-First Search, Union-Find, Heap (Priority Queue), Matrix, Dijkstra's Algorithm"
HARD,Time Taken to Cross the Door,33.3,0.005047625621203755,https://leetcode.com/problems/time-taken-to-cross-the-door,"Array, Queue, Simulation"
EASY,Range Sum Query - Immutable,33.3,0.007316412237677077,https://leetcode.com/problems/range-sum-query-immutable,"Array, Design, Prefix Sum"
MEDIUM,Delete Node in a BST,33.3,0.005525728981883206,https://leetcode.com/problems/delete-node-in-a-bst,"Tree, Binary Search Tree, Binary Tree"
MEDIUM,Maximum Number of Events That Can Be Attended,33.3,0.0039056367849819103,https://leetcode.com/problems/maximum-number-of-events-that-can-be-attended,"Array, Greedy, Sorting, Heap (Priority Queue)"
MEDIUM,Partition List,32.5,0.00618415496793849,https://leetcode.com/problems/partition-list,"Linked List, Two Pointers"
MEDIUM,Number of Matching Subsequences,32.5,0.005058392370230723,https://leetcode.com/problems/number-of-matching-subsequences,"Array, Hash Table, String, Binary Search, Dynamic Programming, Trie, Sorting"
MEDIUM,Unique Length-3 Palindromic Subsequences,32.5,0.007376138759597406,https://leetcode.com/problems/unique-length-3-palindromic-subsequences,"Hash Table, String, Bit Manipulation, Prefix Sum"
MEDIUM,Count Good Numbers,32.5,0.005799126996277226,https://leetcode.com/problems/count-good-numbers,"Math, Recursion"
MEDIUM,Count and Say,32.5,0.006361991233455548,https://leetcode.com/problems/count-and-say,String
EASY,Convert Sorted Array to Binary Search Tree,32.5,0.00759846029580821,https://leetcode.com/problems/convert-sorted-array-to-binary-search-tree,"Array, Divide and Conquer, Tree, Binary Search Tree, Binary Tree"
HARD,Best Time to Buy and Sell Stock III,32.5,0.005451237643269908,https://leetcode.com/problems/best-time-to-buy-and-sell-stock-iii,"Array, Dynamic Programming"
MEDIUM,Non-overlapping Intervals,32.5,0.0057569947376100794,https://leetcode.com/problems/non-overlapping-intervals,"Array, Dynamic Programming, Greedy, Sorting"
HARD,Race Car,32.5,0.004502465888541838,https://leetcode.com/problems/race-car,"Dynamic Programming, Heuristic Search, A* Search"
MEDIUM,Monthly Transactions I,32.5,0.005968982337830442,https://leetcode.com/problems/monthly-transactions-i,Database
EASY,Students and Examinations,32.5,0.0061772537769755895,https://leetcode.com/problems/students-and-examinations,Database
EASY,Can Make Arithmetic Progression From Sequence,32.5,0.006871026015631162,https://leetcode.com/problems/can-make-arithmetic-progression-from-sequence,"Array, Sorting"
MEDIUM,Combinations,31.8,0.007502149996819767,https://leetcode.com/problems/combinations,Backtracking
MEDIUM,Recover Binary Search Tree,31.8,0.006067044879007175,https://leetcode.com/problems/recover-binary-search-tree,"Tree, Depth-First Search, Binary Search Tree, Binary Tree"
MEDIUM,Evaluate Division,31.8,0.006450717441791638,https://leetcode.com/problems/evaluate-division,"Array, String, Depth-First Search, Breadth-First Search, Union-Find, Graph Theory, Shortest Path, Bellman–Ford Algorithm, Floyd–Warshall Algorithm"
MEDIUM,Find All Anagrams in a String,31.8,0.005432473980204756,https://leetcode.com/problems/find-all-anagrams-in-a-string,"Hash Table, String, Sliding Window"
HARD,Minimum Time to Finish the Race,31.8,0.004358735068259386,https://leetcode.com/problems/minimum-time-to-finish-the-race,"Array, Dynamic Programming"
MEDIUM,Unique Paths II,31.8,0.004494320132220292,https://leetcode.com/problems/unique-paths-ii,"Array, Dynamic Programming, Matrix"
MEDIUM,Consecutive Numbers,31.8,0.004908367093946094,https://leetcode.com/problems/consecutive-numbers,Database
MEDIUM,Increasing Triplet Subsequence,31.8,0.003958464896064079,https://leetcode.com/problems/increasing-triplet-subsequence,"Array, Greedy, Longest Increasing Subsequence"
EASY,Flood Fill,31.8,0.0068787420756046035,https://leetcode.com/problems/flood-fill,"Array, Depth-First Search, Breadth-First Search, Matrix"
EASY,Min Cost Climbing Stairs,31.8,0.006863486747985426,https://leetcode.com/problems/min-cost-climbing-stairs,"Array, Dynamic Programming"
HARD,Odd Even Jump,31.8,0.004146605166338682,https://leetcode.com/problems/odd-even-jump,"Array, Dynamic Programming, Stack, Sorting, Monotonic Stack, Ordered Set"
EASY,Customer Who Visited but Did Not Make Any Transactions,31.8,0.006830264189571809,https://leetcode.com/problems/customer-who-visited-but-did-not-make-any-transactions,Database
HARD,Number of Islands II,31.8,0.004070941634580775,https://leetcode.com/problems/number-of-islands-ii,"Array, Hash Table, Union-Find"
MEDIUM,Maximum Frequency of an Element After Performing Operations I,31.8,0.004018042419344269,https://leetcode.com/problems/maximum-frequency-of-an-element-after-performing-operations-i,"Array, Binary Search, Sliding Window, Sorting, Prefix Sum"
MEDIUM,Path Existence Queries in a Graph I,31.8,0.007023023486210232,https://leetcode.com/problems/path-existence-queries-in-a-graph-i,"Array, Hash Table, Binary Search, Union-Find, Graph Theory"
EASY,Balanced Binary Tree,30.9,0.0059007369954272495,https://leetcode.com/problems/balanced-binary-tree,"Tree, Depth-First Search, Binary Tree"
HARD,Longest Increasing Path in a Matrix,30.9,0.005695053990694935,https://leetcode.com/problems/longest-increasing-path-in-a-matrix,"Array, Dynamic Programming, Depth-First Search, Breadth-First Search, Graph Theory, Topological Sort, Memoization, Matrix, Directed Acyclic Graph"
EASY,Set Mismatch,30.9,0.0043369375281786145,https://leetcode.com/problems/set-mismatch,"Array, Hash Table, Bit Manipulation, Sorting"
MEDIUM,Redundant Connection,30.9,0.006808046845934029,https://leetcode.com/problems/redundant-connection,"Depth-First Search, Breadth-First Search, Union-Find, Graph Theory"
HARD,Making A Large Island,30.9,0.005708577773167518,https://leetcode.com/problems/making-a-large-island,"Array, Depth-First Search, Breadth-First Search, Union-Find, Matrix"
EASY,Replace Employee ID With The Unique Identifier,30.9,0.008375602624571418,https://leetcode.com/problems/replace-employee-id-with-the-unique-identifier,Database
EASY,Build Array from Permutation,30.9,0.009109476530070458,https://leetcode.com/problems/build-array-from-permutation,"Array, Simulation"
HARD,Word Search II,30.9,0.003878746126117074,https://leetcode.com/problems/word-search-ii,"Array, String, Backtracking, Trie, Matrix"
HARD,Integer to English Words,30.9,0.003516291731184657,https://leetcode.com/problems/integer-to-english-words,"Math, String, Recursion"
EASY,Intersection of Two Arrays II,30.9,0.006021533798842773,https://leetcode.com/problems/intersection-of-two-arrays-ii,"Array, Hash Table, Two Pointers, Binary Search, Sorting"
MEDIUM,Minimum Time Difference,30.9,0.006268180680812973,https://leetcode.com/problems/minimum-time-difference,"Array, Math, String, Sorting"
MEDIUM,01 Matrix,30.9,0.005472594162412098,https://leetcode.com/problems/01-matrix,"Array, Dynamic Programming, Breadth-First Search, Matrix"
EASY,Kth Largest Element in a Stream,30.9,0.00614727483367839,https://leetcode.com/problems/kth-largest-element-in-a-stream,"Tree, Design, Binary Search Tree, Heap (Priority Queue), Binary Tree, Data Stream"
MEDIUM,Minimum Area Rectangle II,30.9,0.005601330297219559,https://leetcode.com/problems/minimum-area-rectangle-ii,"Array, Hash Table, Math, Geometry"
HARD,Shortest Common Supersequence ,30.9,0.006226732603996745,https://leetcode.com/problems/shortest-common-supersequence,"String, Dynamic Programming, Longest Common Subsequence"
MEDIUM,Diagonal Traverse,30.9,0.006736861636601283,https://leetcode.com/problems/diagonal-traverse,"Array, Matrix, Simulation"
MEDIUM,Remove Duplicates from Sorted List II,30.9,0.005235401340323313,https://leetcode.com/problems/remove-duplicates-from-sorted-list-ii,"Linked List, Two Pointers"
HARD,K-th Smallest in Lexicographical Order,30.9,0.004649765683562257,https://leetcode.com/problems/k-th-smallest-in-lexicographical-order,Trie
HARD,Sum of Good Subsequences,30.9,0.0030915138222747103,https://leetcode.com/problems/sum-of-good-subsequences,"Array, Hash Table, Dynamic Programming"
MEDIUM,Zero Array Transformation III,30.9,0.005473813881458539,https://leetcode.com/problems/zero-array-transformation-iii,"Array, Two Pointers, Greedy, Sorting, Heap (Priority Queue), Prefix Sum"
MEDIUM,Inverse Coin Change,30.9,0.0052012832908499606,https://leetcode.com/problems/inverse-coin-change,"Array, Dynamic Programming"
HARD,Next Special Palindrome Number,30.9,0.002792589038905261,https://leetcode.com/problems/next-special-palindrome-number,"Backtracking, Bit Manipulation"
MEDIUM,Spiral Matrix II,30.1,0.007566156069210246,https://leetcode.com/problems/spiral-matrix-ii,"Array, Matrix, Simulation"
MEDIUM,Basic Calculator II,30.1,0.004708552166112491,https://leetcode.com/problems/basic-calculator-ii,"Math, String, Stack"
MEDIUM,Is Graph Bipartite?,30.1,0.005977211296992278,https://leetcode.com/problems/is-graph-bipartite,"Depth-First Search, Breadth-First Search, Union-Find, Graph Theory, Graph Coloring, Bipartite Graph"
EASY,To Be Or Not To Be,30.1,0.006341081580114793,https://leetcode.com/problems/to-be-or-not-to-be,
MEDIUM,Decode Ways,30.1,0.0038445766693530796,https://leetcode.com/problems/decode-ways,"String, Dynamic Programming"
EASY,Excel Sheet Column Title,30.1,0.004729631691212344,https://leetcode.com/problems/excel-sheet-column-title,"Math, String"
HARD,Alien Dictionary,30.1,0.0037286509580722444,https://leetcode.com/problems/alien-dictionary,"Array, String, Depth-First Search, Breadth-First Search, Graph Theory, Topological Sort, Directed Acyclic Graph"
MEDIUM,House Robber III,30.1,0.005622325754279849,https://leetcode.com/problems/house-robber-iii,"Dynamic Programming, Tree, Depth-First Search, Binary Tree, DP on Trees"
MEDIUM,Design Hit Counter,30.1,0.0069742501301509755,https://leetcode.com/problems/design-hit-counter,"Array, Binary Search, Design, Queue, Data Stream"
HARD,LFU Cache,30.1,0.005002935001290914,https://leetcode.com/problems/lfu-cache,"Hash Table, Linked List, Design, Doubly-Linked List"
EASY,Triangle Judgement,30.1,0.007509359384745661,https://leetcode.com/problems/triangle-judgement,Database
MEDIUM,Domino and Tromino Tiling,30.1,0.005126150668903393,https://leetcode.com/problems/domino-and-tromino-tiling,Dynamic Programming
MEDIUM,K Closest Points to Origin,30.1,0.006928833972906746,https://leetcode.com/problems/k-closest-points-to-origin,"Array, Math, Divide and Conquer, Geometry, Sorting, Heap (Priority Queue), Quickselect, K-D Tree"
MEDIUM,Subarray Sums Divisible by K,30.1,0.005664313184377947,https://leetcode.com/problems/subarray-sums-divisible-by-k,"Array, Hash Table, Prefix Sum"
EASY,Number of 1 Bits,30.1,0.007736181861502956,https://leetcode.com/problems/number-of-1-bits,"Divide and Conquer, Bit Manipulation"
MEDIUM,Find the Smallest Divisor Given a Threshold,30.1,0.006660774386597979,https://leetcode.com/problems/find-the-smallest-divisor-given-a-threshold,"Array, Binary Search"
MEDIUM,Find Longest Special Substring That Occurs Thrice I,30.1,0.006184150929443628,https://leetcode.com/problems/find-longest-special-substring-that-occurs-thrice-i,"Hash Table, String, Binary Search, Sliding Window, Counting"
MEDIUM,Maximum Good Subarray Sum,30.1,0.0022378640465363867,https://leetcode.com/problems/maximum-good-subarray-sum,"Array, Hash Table, Prefix Sum"
MEDIUM,Longest Subarray of 1's After Deleting One Element,30.1,0.007148314463155756,https://leetcode.com/problems/longest-subarray-of-1s-after-deleting-one-element,"Array, Dynamic Programming, Sliding Window"
MEDIUM,Range Sum Query 2D - Immutable,30.1,0.005883561643835617,https://leetcode.com/problems/range-sum-query-2d-immutable,"Array, Design, Matrix, Prefix Sum"
MEDIUM,Check if Grid can be Cut into Sections,30.1,0.006803171353063023,https://leetcode.com/problems/check-if-grid-can-be-cut-into-sections,"Array, Sorting"
MEDIUM,Reschedule Meetings for Maximum Free Time I,30.1,0.00538588152794281,https://leetcode.com/problems/reschedule-meetings-for-maximum-free-time-i,"Array, Greedy, Sliding Window"
HARD,Longest Duplicate Substring,30.1,0.0031370244794347896,https://leetcode.com/problems/longest-duplicate-substring,"String, Binary Search, Sliding Window, Rolling Hash, Suffix Array, Hash Function, Suffix Automaton, Suffix Tree, Z Algorithm, Boyer–Moore String-Search Algorithm"
EASY,Pascal's Triangle II,29.1,0.006789263971561984,https://leetcode.com/problems/pascals-triangle-ii,"Array, Dynamic Programming"
MEDIUM,Combination Sum IV,29.1,0.005526437103611885,https://leetcode.com/problems/combination-sum-iv,"Array, Dynamic Programming"
EASY,Reverse String II,29.1,0.005434653355373628,https://leetcode.com/problems/reverse-string-ii,"Two Pointers, String"
EASY,Two Sum IV - Input is a BST,29.1,0.006361461104037718,https://leetcode.com/problems/two-sum-iv-input-is-a-bst,"Hash Table, Two Pointers, Tree, Depth-First Search, Breadth-First Search, Binary Search Tree, Binary Tree"
EASY,Jewels and Stones,29.1,0.008963481211046563,https://leetcode.com/problems/jewels-and-stones,"Hash Table, String"
HARD,Shortest Subarray with Sum at Least K,29.1,0.0033014980575212334,https://leetcode.com/problems/shortest-subarray-with-sum-at-least-k,"Array, Binary Search, Queue, Sliding Window, Heap (Priority Queue), Prefix Sum, Monotonic Queue"
MEDIUM,Minimum Add to Make Parentheses Valid,29.1,0.00742756782798007,https://leetcode.com/problems/minimum-add-to-make-parentheses-valid,"String, Stack, Greedy, Bracket Sequences"
EASY,Shuffle the Array,29.1,0.008869452785624421,https://leetcode.com/problems/shuffle-the-array,Array
MEDIUM,Permutations II,29.1,0.006400891548867574,https://leetcode.com/problems/permutations-ii,"Array, Backtracking, Sorting"
HARD,Number of Digit One,29.1,0.003957957082968072,https://leetcode.com/problems/number-of-digit-one,"Math, Dynamic Programming, Recursion"
MEDIUM,Longest Palindromic Subsequence,29.1,0.006580390915743384,https://leetcode.com/problems/longest-palindromic-subsequence,"String, Dynamic Programming"
MEDIUM,Find Eventual Safe States,29.1,0.007142284878253171,https://leetcode.com/problems/find-eventual-safe-states,"Depth-First Search, Breadth-First Search, Graph Theory, Topological Sort, Kosaraju's Algorithm, Tarjan's SCC Algorithm"
MEDIUM,All Nodes Distance K in Binary Tree,29.1,0.006800091542377422,https://leetcode.com/problems/all-nodes-distance-k-in-binary-tree,"Hash Table, Tree, Depth-First Search, Breadth-First Search, Binary Tree"
MEDIUM,Interval List Intersections,29.1,0.007314295421180019,https://leetcode.com/problems/interval-list-intersections,"Array, Two Pointers, Sweep Line"
MEDIUM,Snapshot Array,29.1,0.003680448806713807,https://leetcode.com/problems/snapshot-array,"Array, Hash Table, Binary Search, Design, Persistent Data Structure"
EASY,Kids With the Greatest Number of Candies,29.1,0.008800513520519127,https://leetcode.com/problems/kids-with-the-greatest-number-of-candies,Array
MEDIUM,Lexicographical Numbers,29.1,0.007635230516257136,https://leetcode.com/problems/lexicographical-numbers,"Depth-First Search, Trie"
EASY,Third Maximum Number,29.1,0.004016706407962791,https://leetcode.com/problems/third-maximum-number,"Array, Sorting"
MEDIUM,Nth Highest Salary,29.1,0.003990543520935797,https://leetcode.com/problems/nth-highest-salary,Database
MEDIUM,Count Special Subsequences,29.1,0.002994702320887992,https://leetcode.com/problems/count-special-subsequences,"Array, Hash Table, Math, Enumeration"
EASY,Invalid Tweets,29.1,0.008521900011625026,https://leetcode.com/problems/invalid-tweets,Database
HARD,All O`one Data Structure,29.1,0.004446828603783362,https://leetcode.com/problems/all-oone-data-structure,"Hash Table, Linked List, Design, Doubly-Linked List"
EASY,Find X-Sum of All K-Long Subarrays I,29.1,0.007608921405424023,https://leetcode.com/problems/find-x-sum-of-all-k-long-subarrays-i,"Array, Hash Table, Sliding Window, Heap (Priority Queue)"
EASY,Adjacent Increasing Subarrays Detection I,29.1,0.004799532029673573,https://leetcode.com/problems/adjacent-increasing-subarrays-detection-i,Array
EASY,Customers Who Never Order,29.1,0.00722275127650319,https://leetcode.com/problems/customers-who-never-order,Database
MEDIUM,Interleaving String,28.2,0.004457143226392884,https://leetcode.com/problems/interleaving-string,"String, Dynamic Programming"
HARD,Max Points on a Line,28.2,0.0031255370500333783,https://leetcode.com/problems/max-points-on-a-line,"Array, Hash Table, Math, Geometry, Euclidean Algorithm, Greatest Common Divisor"
MEDIUM,Rank Scores,28.2,0.006854013268306483,https://leetcode.com/problems/rank-scores,Database
MEDIUM,Best Time to Buy and Sell Stock with Cooldown,28.2,0.006260498962419256,https://leetcode.com/problems/best-time-to-buy-and-sell-stock-with-cooldown,"Array, Dynamic Programming"
EASY,Power of Four,28.2,0.005247287251444982,https://leetcode.com/problems/power-of-four,"Math, Bit Manipulation, Recursion"
MEDIUM,Valid Parenthesis String,28.2,0.004040380274685337,https://leetcode.com/problems/valid-parenthesis-string,"String, Dynamic Programming, Stack, Greedy, Bracket Sequences"
MEDIUM,Soup Servings,28.2,0.005956834979676534,https://leetcode.com/problems/soup-servings,"Math, Dynamic Programming, Probability and Statistics"
EASY,Array Prototype Last,28.2,0.007466238111085811,https://leetcode.com/problems/array-prototype-last,
MEDIUM,Continuous Subarrays,28.2,0.005798537435586542,https://leetcode.com/problems/continuous-subarrays,"Array, Queue, Sliding Window, Heap (Priority Queue), Ordered Set, Monotonic Queue"
MEDIUM,Sum Root to Leaf Numbers,28.2,0.00702732022190099,https://leetcode.com/problems/sum-root-to-leaf-numbers,"Tree, Depth-First Search, Binary Tree"
MEDIUM,Implement Trie (Prefix Tree),28.2,0.006991485915704174,https://leetcode.com/problems/implement-trie-prefix-tree,"Hash Table, String, Design, Trie"
MEDIUM,H-Index,28.2,0.00417833369377559,https://leetcode.com/problems/h-index,"Array, Sorting, Counting Sort"
EASY,Moving Average from Data Stream,28.2,0.008022841921995209,https://leetcode.com/problems/moving-average-from-data-stream,"Array, Design, Queue, Data Stream"
MEDIUM,132 Pattern,28.2,0.0035032694454801504,https://leetcode.com/problems/132-pattern,"Array, Binary Search, Stack, Monotonic Stack, Ordered Set"
EASY,Repeated Substring Pattern,28.2,0.004865482308431229,https://leetcode.com/problems/repeated-substring-pattern,"String, String Matching, Z Algorithm, Knuth–Morris–Pratt Algorithm"
MEDIUM,Sum of Square Numbers,28.2,0.0036997587784899154,https://leetcode.com/problems/sum-of-square-numbers,"Math, Two Pointers, Binary Search"
MEDIUM,Find And Replace in String,28.2,0.005074184325053409,https://leetcode.com/problems/find-and-replace-in-string,"Array, Hash Table, String, Sorting"
MEDIUM,Minimum Falling Path Sum,28.2,0.006084636106596612,https://leetcode.com/problems/minimum-falling-path-sum,"Array, Dynamic Programming, Matrix"
MEDIUM,Time Based Key-Value Store,28.2,0.0050128819781672515,https://leetcode.com/problems/time-based-key-value-store,"Hash Table, String, Binary Search, Design"
MEDIUM,The kth Factor of n,28.2,0.00706858330179279,https://leetcode.com/problems/the-kth-factor-of-n,"Math, Number Theory, Prime Factorization"
EASY,Number of Good Pairs,28.2,0.008991139771804152,https://leetcode.com/problems/number-of-good-pairs,"Array, Hash Table, Math, Counting"
HARD,Minimum Weighted Subgraph With the Required Paths,28.2,0.004322765575355712,https://leetcode.com/problems/minimum-weighted-subgraph-with-the-required-paths,"Graph Theory, Heap (Priority Queue), Shortest Path"
MEDIUM,Count Days Without Meetings,28.2,0.004820938700828144,https://leetcode.com/problems/count-days-without-meetings,"Array, Sorting"
EASY,Special Array I,28.2,0.0081638532619134,https://leetcode.com/problems/special-array-i,Array
MEDIUM,Maximum Number of Distinct Elements After Operations,28.2,0.005211416227408702,https://leetcode.com/problems/maximum-number-of-distinct-elements-after-operations,"Array, Greedy, Sorting"
MEDIUM,Path With Maximum Minimum Value,28.2,0.005476939359608849,https://leetcode.com/problems/path-with-maximum-minimum-value,"Array, Binary Search, Depth-First Search, Breadth-First Search, Union-Find, Heap (Priority Queue), Matrix, Dijkstra's Algorithm"
EASY,Path Sum,27.1,0.005551581280788177,https://leetcode.com/problems/path-sum,"Tree, Depth-First Search, Breadth-First Search, Binary Tree"
HARD,Best Time to Buy and Sell Stock IV,27.1,0.005104109660612889,https://leetcode.com/problems/best-time-to-buy-and-sell-stock-iv,"Array, Dynamic Programming"
EASY,Binary Tree Paths,27.1,0.0069176512010268995,https://leetcode.com/problems/binary-tree-paths,"String, Backtracking, Tree, Depth-First Search, Binary Tree"
HARD,Reconstruct Itinerary,27.1,0.004489976528531302,https://leetcode.com/problems/reconstruct-itinerary,"Array, String, Depth-First Search, Graph Theory, Sorting, Heap (Priority Queue), Eulerian Circuit, Eulerian Path, Semi-Eulerian Graph"
MEDIUM,Linked List Random Node,27.1,0.006511475481467726,https://leetcode.com/problems/linked-list-random-node,"Linked List, Math, Reservoir Sampling, Randomized"
MEDIUM,Path Sum III,27.1,0.004658919882808834,https://leetcode.com/problems/path-sum-iii,"Tree, Depth-First Search, Binary Tree"
MEDIUM,Subarray Product Less Than K,27.1,0.0054858410115825275,https://leetcode.com/problems/subarray-product-less-than-k,"Array, Binary Search, Sliding Window, Prefix Sum"
EASY,Backspace String Compare,27.1,0.005017271607417883,https://leetcode.com/problems/backspace-string-compare,"Two Pointers, String, Stack, Simulation"
EASY,Richest Customer Wealth,27.1,0.008880489425622862,https://leetcode.com/problems/richest-customer-wealth,"Array, Matrix"
MEDIUM,The Latest Time to Catch a Bus,27.1,0.003019492669910021,https://leetcode.com/problems/the-latest-time-to-catch-a-bus,"Array, Two Pointers, Binary Search, Sorting"
HARD,Height of Binary Tree After Subtree Removal Queries,27.1,0.005493374806239475,https://leetcode.com/problems/height-of-binary-tree-after-subtree-removal-queries,"Array, Tree, Depth-First Search, Breadth-First Search, Binary Tree"
MEDIUM,Find the Safest Path in a Grid,27.1,0.0057349690108531625,https://leetcode.com/problems/find-the-safest-path-in-a-grid,"Array, Binary Search, Breadth-First Search, Union-Find, Heap (Priority Queue), Matrix"
MEDIUM,Detect Squares,27.1,0.005289923339798651,https://leetcode.com/problems/detect-squares,"Array, Hash Table, Design, Counting, Data Stream"
HARD,Distinct Subsequences,27.1,0.005239527371856532,https://leetcode.com/problems/distinct-subsequences,"String, Dynamic Programming"
HARD,Word Ladder II,27.1,0.002796268911781358,https://leetcode.com/problems/word-ladder-ii,"Hash Table, String, Backtracking, Breadth-First Search, Bidirectional Search"
MEDIUM,Remove Duplicate Letters,27.1,0.005427931288657423,https://leetcode.com/problems/remove-duplicate-letters,"String, Stack, Greedy, Monotonic Stack"
MEDIUM,Predict the Winner,27.1,0.005988094964953137,https://leetcode.com/problems/predict-the-winner,"Array, Math, Dynamic Programming, Recursion, Minimax, Game Theory, Zero-Sum Game"
MEDIUM,Design Linked List,27.1,0.0030677020143627448,https://leetcode.com/problems/design-linked-list,"Linked List, Design"
MEDIUM,Boats to Save People,27.1,0.00622977650975766,https://leetcode.com/problems/boats-to-save-people,"Array, Two Pointers, Greedy, Sorting, Timsort"
MEDIUM,Single-Threaded CPU,27.1,0.004802590215706442,https://leetcode.com/problems/single-threaded-cpu,"Array, Sorting, Heap (Priority Queue)"
EASY,Remove Outermost Parentheses,27.1,0.008739018481955935,https://leetcode.com/problems/remove-outermost-parentheses,"String, Stack, Bracket Sequences"
EASY,Score of a String,27.1,0.009120956962074718,https://leetcode.com/problems/score-of-a-string,String
EASY,Defanging an IP Address,27.1,0.009013100057632584,https://leetcode.com/problems/defanging-an-ip-address,String
MEDIUM,Minimum Number of Operations to Move All Balls to Each Box,27.1,0.009014115204981837,https://leetcode.com/problems/minimum-number-of-operations-to-move-all-balls-to-each-box,"Array, String, Prefix Sum"
EASY,Water Bottles,27.1,0.007256279117522492,https://leetcode.com/problems/water-bottles,"Math, Simulation"
HARD,Maximum Frequency of an Element After Performing Operations II,27.1,0.0053618487894086945,https://leetcode.com/problems/maximum-frequency-of-an-element-after-performing-operations-ii,"Array, Binary Search, Sliding Window, Sorting, Prefix Sum"
EASY,Percentage of Users Attended a Contest,27.1,0.00609598010093431,https://leetcode.com/problems/percentage-of-users-attended-a-contest,Database
EASY,Find N Unique Integers Sum up to Zero,27.1,0.007844300645937071,https://leetcode.com/problems/find-n-unique-integers-sum-up-to-zero,"Array, Math"
EASY,Longest Harmonious Subsequence,27.1,0.006499193414162623,https://leetcode.com/problems/longest-harmonious-subsequence,"Array, Hash Table, Sliding Window, Sorting, Counting"
HARD,Count Non-Decreasing Subarrays After K Operations,27.1,0.002494628276751182,https://leetcode.com/problems/count-non-decreasing-subarrays-after-k-operations,"Array, Stack, Segment Tree, Queue, Sliding Window, Monotonic Stack, Monotonic Queue"
MEDIUM,Fill a Special Grid,27.1,0.007097087693154945,https://leetcode.com/problems/fill-a-special-grid,"Array, Divide and Conquer, Matrix"
EASY,Minimum Pair Removal to Sort Array I,27.1,0.006525191872634628,https://leetcode.com/problems/minimum-pair-removal-to-sort-array-i,"Array, Hash Table, Linked List, Heap (Priority Queue), Simulation, Doubly-Linked List, Ordered Set"
MEDIUM,Restore IP Addresses,26.0,0.0056793954174424585,https://leetcode.com/problems/restore-ip-addresses,"String, Backtracking"
HARD,The Skyline Problem,26.0,0.0045773495018944,https://leetcode.com/problems/the-skyline-problem,"Array, Divide and Conquer, Binary Indexed Tree, Segment Tree, Sweep Line, Sorting, Heap (Priority Queue), Ordered Set"
MEDIUM,Lowest Common Ancestor of a Binary Search Tree,26.0,0.007119576128496311,https://leetcode.com/problems/lowest-common-ancestor-of-a-binary-search-tree,"Tree, Depth-First Search, Binary Search Tree, Binary Tree, Binary Lifting, Lowest Common Ancestor"
EASY,Counting Bits,26.0,0.008077756255229405,https://leetcode.com/problems/counting-bits,"Dynamic Programming, Bit Manipulation"
MEDIUM,Find Leaves of Binary Tree,26.0,0.008134901242393862,https://leetcode.com/problems/find-leaves-of-binary-tree,"Tree, Depth-First Search, Binary Tree, DP on Trees"
MEDIUM,Nth Digit,26.0,0.0038775919986541413,https://leetcode.com/problems/nth-digit,"Math, Binary Search"
EASY,Sort Array By Parity,26.0,0.007662666545153677,https://leetcode.com/problems/sort-array-by-parity,"Array, Two Pointers, Sorting"
MEDIUM,Shortest Bridge,26.0,0.00597095395782115,https://leetcode.com/problems/shortest-bridge,"Array, Depth-First Search, Breadth-First Search, Matrix"
MEDIUM,Minimum Remove to Make Valid Parentheses,26.0,0.007157022820809079,https://leetcode.com/problems/minimum-remove-to-make-valid-parentheses,"String, Stack"
MEDIUM,Number of Closed Islands,26.0,0.006725073529241612,https://leetcode.com/problems/number-of-closed-islands,"Array, Depth-First Search, Breadth-First Search, Union-Find, Matrix"
HARD,Minimum Cost to Make at Least One Valid Path in a Grid,26.0,0.007112786447781475,https://leetcode.com/problems/minimum-cost-to-make-at-least-one-valid-path-in-a-grid,"Array, Breadth-First Search, Graph Theory, Heap (Priority Queue), Matrix, Shortest Path, 0-1 BFS, Dijkstra's Algorithm"
EASY,Find the Highest Altitude,26.0,0.008464382296499894,https://leetcode.com/problems/find-the-highest-altitude,"Array, Prefix Sum"
EASY,Binary Tree Preorder Traversal,26.0,0.007647322363605984,https://leetcode.com/problems/binary-tree-preorder-traversal,"Stack, Tree, Depth-First Search, Binary Tree"
MEDIUM,Detonate the Maximum Bombs,26.0,0.005037999667469388,https://leetcode.com/problems/detonate-the-maximum-bombs,"Array, Math, Depth-First Search, Breadth-First Search, Graph Theory, Geometry"
MEDIUM,Design Add and Search Words Data Structure,26.0,0.004888521290747413,https://leetcode.com/problems/design-add-and-search-words-data-structure,"String, Depth-First Search, Design, Trie"
MEDIUM,Find Duplicate Subtrees,26.0,0.0060831469439362055,https://leetcode.com/problems/find-duplicate-subtrees,"Hash Table, Tree, Depth-First Search, Binary Tree"
MEDIUM,Maximum Width of Binary Tree,26.0,0.0045975176388122815,https://leetcode.com/problems/maximum-width-of-binary-tree,"Tree, Depth-First Search, Breadth-First Search, Binary Tree"
EASY,Number of Recent Calls,26.0,0.007889251229126988,https://leetcode.com/problems/number-of-recent-calls,"Design, Queue, Data Stream"
MEDIUM,Product Price at a Given Date,26.0,0.005835672361420383,https://leetcode.com/problems/product-price-at-a-given-date,Database
MEDIUM,Count Number of Nice Subarrays,26.0,0.007563641154728967,https://leetcode.com/problems/count-number-of-nice-subarrays,"Array, Hash Table, Math, Sliding Window, Prefix Sum"
MEDIUM,Longest Continuous Subarray With Absolute Diff Less Than or Equal to Limit,26.0,0.005791905883182969,https://leetcode.com/problems/longest-continuous-subarray-with-absolute-diff-less-than-or-equal-to-limit,"Array, Queue, Sliding Window, Heap (Priority Queue), Ordered Set, Monotonic Queue"
MEDIUM,Design a Number Container System,26.0,0.005705810372065359,https://leetcode.com/problems/design-a-number-container-system,"Hash Table, Design, Heap (Priority Queue), Ordered Set"
MEDIUM,Number of Substrings Containing All Three Characters,26.0,0.007440032102495217,https://leetcode.com/problems/number-of-substrings-containing-all-three-characters,"Hash Table, String, Sliding Window"
MEDIUM,Design Circular Queue,26.0,0.005521268409152651,https://leetcode.com/problems/design-circular-queue,"Array, Linked List, Design, Queue"
EASY,Queries Quality and Percentage,26.0,0.00544200373384204,https://leetcode.com/problems/queries-quality-and-percentage,Database
MEDIUM,Immediate Food Delivery II,26.0,0.005673674211793541,https://leetcode.com/problems/immediate-food-delivery-ii,Database
EASY,Clear Digits,26.0,0.008269975759497972,https://leetcode.com/problems/clear-digits,"String, Stack, Simulation"
EASY,Rank Transform of an Array,26.0,0.0073975143936408465,https://leetcode.com/problems/rank-transform-of-an-array,"Array, Hash Table, Sorting"
MEDIUM,Fraction to Recurring Decimal,26.0,0.0031256555608260234,https://leetcode.com/problems/fraction-to-recurring-decimal,"Hash Table, Math, String"
MEDIUM,Shortest Unsorted Continuous Subarray,26.0,0.003853243604157498,https://leetcode.com/problems/shortest-unsorted-continuous-subarray,"Array, Two Pointers, Stack, Greedy, Sorting, Monotonic Stack"
MEDIUM,Count Number of Bad Pairs,26.0,0.005412454935426459,https://leetcode.com/problems/count-number-of-bad-pairs,"Array, Hash Table, Math, Counting"
MEDIUM,Check if Number is a Sum of Powers of Three,26.0,0.007939983603656312,https://leetcode.com/problems/check-if-number-is-a-sum-of-powers-of-three,Math
MEDIUM,Number of Ways to Arrive at Destination,26.0,0.003771502673296424,https://leetcode.com/problems/number-of-ways-to-arrive-at-destination,"Dynamic Programming, Graph Theory, Topological Sort, Shortest Path, Dijkstra's Algorithm"
MEDIUM,House Robber IV,26.0,0.0064572015593247715,https://leetcode.com/problems/house-robber-iv,"Array, Binary Search, Dynamic Programming, Greedy"
MEDIUM,Count the Number of Fair Pairs,26.0,0.005258401012368579,https://leetcode.com/problems/count-the-number-of-fair-pairs,"Array, Two Pointers, Binary Search, Sorting"
MEDIUM,Two Best Non-Overlapping Events,26.0,0.006394904324073161,https://leetcode.com/problems/two-best-non-overlapping-events,"Array, Binary Search, Dynamic Programming, Sorting, Heap (Priority Queue)"
MEDIUM,Adjacent Increasing Subarrays Detection II,26.0,0.005889767288651204,https://leetcode.com/problems/adjacent-increasing-subarrays-detection-ii,"Array, Binary Search"
MEDIUM,Reschedule Meetings for Maximum Free Time II,26.0,0.006007367106293795,https://leetcode.com/problems/reschedule-meetings-for-maximum-free-time-ii,"Array, Greedy, Enumeration"
MEDIUM,Populating Next Right Pointers in Each Node,24.8,0.006763882575069541,https://leetcode.com/problems/populating-next-right-pointers-in-each-node,"Linked List, Tree, Depth-First Search, Breadth-First Search, Binary Tree"
MEDIUM,Sequence Reconstruction,24.8,0.0031076290348093904,https://leetcode.com/problems/sequence-reconstruction,"Array, Graph Theory, Topological Sort, Directed Acyclic Graph"
MEDIUM,Sort Characters By Frequency,24.8,0.007571027026751469,https://leetcode.com/problems/sort-characters-by-frequency,"Hash Table, String, Sorting, Heap (Priority Queue), Bucket Sort, Counting"
EASY,Maximum Score After Splitting a String,24.8,0.00650630694543691,https://leetcode.com/problems/maximum-score-after-splitting-a-string,"String, Prefix Sum"
MEDIUM,Delete the Middle Node of a Linked List,24.8,0.006091391508187643,https://leetcode.com/problems/delete-the-middle-node-of-a-linked-list,"Linked List, Two Pointers"
MEDIUM,Find the Punishment Number of an Integer,24.8,0.008160802790836186,https://leetcode.com/problems/find-the-punishment-number-of-an-integer,"Math, Backtracking"
MEDIUM,Confirmation Rate,24.8,0.006254278253453735,https://leetcode.com/problems/confirmation-rate,Database
EASY,Find if Path Exists in Graph,24.8,0.005570835299032538,https://leetcode.com/problems/find-if-path-exists-in-graph,"Depth-First Search, Breadth-First Search, Union-Find, Graph Theory"
MEDIUM,Count Complete Tree Nodes,24.8,0.007287327531110193,https://leetcode.com/problems/count-complete-tree-nodes,"Binary Search, Bit Manipulation, Tree, Binary Tree"
HARD,Count of Smaller Numbers After Self,24.8,0.004392837515135026,https://leetcode.com/problems/count-of-smaller-numbers-after-self,"Array, Binary Search, Divide and Conquer, Binary Indexed Tree, Segment Tree, Merge Sort, Ordered Set, Treap"
MEDIUM,Find K Pairs with Smallest Sums,24.8,0.0042260520882202715,https://leetcode.com/problems/find-k-pairs-with-smallest-sums,"Array, Heap (Priority Queue)"
HARD,Frog Jump,24.8,0.004754533149282335,https://leetcode.com/problems/frog-jump,"Array, Dynamic Programming"
EASY,Longest Palindrome,24.8,0.0056173830777073415,https://leetcode.com/problems/longest-palindrome,"Hash Table, String, Greedy"
EASY,Not Boring Movies,24.8,0.00751754717553115,https://leetcode.com/problems/not-boring-movies,Database
HARD,Design Search Autocomplete System,24.8,0.0050057343632813976,https://leetcode.com/problems/design-search-autocomplete-system,"String, Depth-First Search, Design, Trie, Sorting, Heap (Priority Queue), Data Stream"
MEDIUM,Construct Binary Search Tree from Preorder Traversal,24.8,0.00845468677178529,https://leetcode.com/problems/construct-binary-search-tree-from-preorder-traversal,"Array, Stack, Tree, Binary Search Tree, Monotonic Stack, Binary Tree"
MEDIUM,Search Suggestions System,24.8,0.006523515132638292,https://leetcode.com/problems/search-suggestions-system,"Array, String, Binary Search, Trie, Sorting, Heap (Priority Queue)"
MEDIUM,Remove All Occurrences of a Substring,24.8,0.007865711721173793,https://leetcode.com/problems/remove-all-occurrences-of-a-substring,"String, Stack, Simulation"
EASY,User Activity for the Past 30 Days I,24.8,0.005139127221555735,https://leetcode.com/problems/user-activity-for-the-past-30-days-i,Database
MEDIUM,Game Play Analysis IV,24.8,0.004211059615850688,https://leetcode.com/problems/game-play-analysis-iv,Database
EASY,Nim Game,24.8,0.006032970967254606,https://leetcode.com/problems/nim-game,"Math, Brainteaser, Minimax, Game Theory, Nim Game, Impartial Game"
MEDIUM,Encode and Decode Strings,24.8,0.005185191253965341,https://leetcode.com/problems/encode-and-decode-strings,"Array, String, Design"
MEDIUM,Stone Game,24.8,0.007691628213383378,https://leetcode.com/problems/stone-game,"Array, Math, Dynamic Programming, Minimax, Game Theory, Zero-Sum Game"
MEDIUM,Android Unlock Patterns,24.8,0.005390725197140353,https://leetcode.com/problems/android-unlock-patterns,"Dynamic Programming, Backtracking, Bit Manipulation, Bitmask"
MEDIUM,Champagne Tower,24.8,0.006397998985499641,https://leetcode.com/problems/champagne-tower,Dynamic Programming
MEDIUM,Maximum Candies Allocated to K Children,24.8,0.004989240976804236,https://leetcode.com/problems/maximum-candies-allocated-to-k-children,"Array, Binary Search"
MEDIUM,Exchange Seats,24.8,0.007465753009767547,https://leetcode.com/problems/exchange-seats,Database
HARD,Smallest Range Covering Elements from K Lists,24.8,0.007032804009378925,https://leetcode.com/problems/smallest-range-covering-elements-from-k-lists,"Array, Hash Table, Greedy, Sliding Window, Sorting, Heap (Priority Queue)"
MEDIUM,Maximum Matrix Sum,24.8,0.006750693658860543,https://leetcode.com/problems/maximum-matrix-sum,"Array, Greedy, Matrix"
MEDIUM,Design Task Manager,24.8,0.0048733342067829605,https://leetcode.com/problems/design-task-manager,"Hash Table, Design, Heap (Priority Queue), Ordered Set"
MEDIUM,Longest Palindromic Subsequence After at Most K Operations,24.8,0.0037624436513899327,https://leetcode.com/problems/longest-palindromic-subsequence-after-at-most-k-operations,"String, Dynamic Programming"
EASY,Find the K-th Character in String Game I,24.8,0.008156667401037328,https://leetcode.com/problems/find-the-k-th-character-in-string-game-i,"Math, Bit Manipulation, Recursion, Simulation"
EASY,Minimum Depth of Binary Tree,23.5,0.005358045117644223,https://leetcode.com/problems/minimum-depth-of-binary-tree,"Tree, Depth-First Search, Breadth-First Search, Binary Tree"
HARD,Dungeon Game,23.5,0.004200809393825798,https://leetcode.com/problems/dungeon-game,"Array, Dynamic Programming, Matrix"
EASY,Duplicate Emails,23.5,0.007419646720956766,https://leetcode.com/problems/duplicate-emails,Database
MEDIUM,Repeated DNA Sequences,23.5,0.0053823211304013015,https://leetcode.com/problems/repeated-dna-sequences,"Hash Table, String, Bit Manipulation, Sliding Window, Rolling Hash, Hash Function, Z Algorithm, Boyer–Moore String-Search Algorithm"
EASY,Word Pattern,23.5,0.004451279324154498,https://leetcode.com/problems/word-pattern,"Hash Table, String"
MEDIUM,Binary Tree Vertical Order Traversal,23.5,0.00578860007591215,https://leetcode.com/problems/binary-tree-vertical-order-traversal,"Hash Table, Tree, Depth-First Search, Breadth-First Search, Sorting, Binary Tree"
MEDIUM,Bulb Switcher,23.5,0.005632887322715141,https://leetcode.com/problems/bulb-switcher,"Math, Brainteaser"
HARD,Sliding Window Median,23.5,0.003908052854820207,https://leetcode.com/problems/sliding-window-median,"Array, Hash Table, Sliding Window, Heap (Priority Queue), Treap"
MEDIUM,K-th Symbol in Grammar,23.5,0.0048611700449347735,https://leetcode.com/problems/k-th-symbol-in-grammar,"Math, Bit Manipulation, Recursion"
HARD,Bus Routes,23.5,0.004749635960401232,https://leetcode.com/problems/bus-routes,"Array, Hash Table, Breadth-First Search"
MEDIUM,Car Fleet,23.5,0.005556900880152747,https://leetcode.com/problems/car-fleet,"Array, Stack, Sorting, Monotonic Stack"
EASY,Divisor Game,23.5,0.0072438001198595935,https://leetcode.com/problems/divisor-game,"Math, Dynamic Programming, Brainteaser, Game Theory, Impartial Game"
EASY,Remove All Adjacent Duplicates In String,23.5,0.007386812796909187,https://leetcode.com/problems/remove-all-adjacent-duplicates-in-string,"String, Stack"
MEDIUM,Longest String Chain,23.5,0.006339625465577489,https://leetcode.com/problems/longest-string-chain,"Array, Hash Table, Two Pointers, String, Dynamic Programming, Sorting"
EASY,Check If N and Its Double Exist,23.5,0.00419730635647233,https://leetcode.com/problems/check-if-n-and-its-double-exist,"Array, Hash Table, Two Pointers, Binary Search, Sorting"
HARD,Last Day Where You Can Still Cross,23.5,0.006875345099081781,https://leetcode.com/problems/last-day-where-you-can-still-cross,"Array, Binary Search, Depth-First Search, Breadth-First Search, Union-Find, Matrix"
MEDIUM,Maximum Sum of Distinct Subarrays With Length K,23.5,0.004343599277957783,https://leetcode.com/problems/maximum-sum-of-distinct-subarrays-with-length-k,"Array, Hash Table, Sliding Window"
MEDIUM,Construct Binary Tree from Inorder and Postorder Traversal,23.5,0.006939173685439881,https://leetcode.com/problems/construct-binary-tree-from-inorder-and-postorder-traversal,"Array, Hash Table, Divide and Conquer, Tree, Binary Tree"
HARD,Word Break II,23.5,0.0056024252519363705,https://leetcode.com/problems/word-break-ii,"Array, Hash Table, String, Dynamic Programming, Backtracking, Trie, Memoization"
MEDIUM,Different Ways to Add Parentheses,23.5,0.007353062481284993,https://leetcode.com/problems/different-ways-to-add-parentheses,"Math, String, Dynamic Programming, Recursion, Memoization, Bracket Sequences"
MEDIUM,Flatten Nested List Iterator,23.5,0.006582862080460586,https://leetcode.com/problems/flatten-nested-list-iterator,"Stack, Tree, Depth-First Search, Design, Queue, Iterator"
EASY,Valid Perfect Square,23.5,0.004513246984053394,https://leetcode.com/problems/valid-perfect-square,"Math, Binary Search"
MEDIUM,Continuous Subarray Sum,23.5,0.0031594465505080183,https://leetcode.com/problems/continuous-subarray-sum,"Array, Hash Table, Math, Prefix Sum, Pigeonhole Principle"
MEDIUM,Insert into a Binary Search Tree,23.5,0.0073613868965598465,https://leetcode.com/problems/insert-into-a-binary-search-tree,"Tree, Binary Search Tree, Binary Tree"
HARD,Sum of Distances in Tree,23.5,0.006575362902106636,https://leetcode.com/problems/sum-of-distances-in-tree,"Dynamic Programming, Tree, Depth-First Search, Graph Theory, DP on Trees"
MEDIUM,New 21 Game,23.5,0.005194910510984189,https://leetcode.com/problems/new-21-game,"Math, Dynamic Programming, Sliding Window, Probability and Statistics"
MEDIUM,Maximum Sum Circular Subarray,23.5,0.005115689349996809,https://leetcode.com/problems/maximum-sum-circular-subarray,"Array, Divide and Conquer, Dynamic Programming, Queue, Monotonic Queue"
MEDIUM,Car Pooling,23.5,0.0056475468946238306,https://leetcode.com/problems/car-pooling,"Array, Sorting, Heap (Priority Queue), Simulation, Prefix Sum"
EASY,N-th Tribonacci Number,23.5,0.006307437852573694,https://leetcode.com/problems/n-th-tribonacci-number,"Math, Dynamic Programming, Memoization"
HARD,Minimum Interval to Include Each Query,23.5,0.005493214645379833,https://leetcode.com/problems/minimum-interval-to-include-each-query,"Array, Binary Search, Sweep Line, Sorting, Heap (Priority Queue)"
MEDIUM,Keys and Rooms,23.5,0.0076144582332880505,https://leetcode.com/problems/keys-and-rooms,"Depth-First Search, Breadth-First Search, Graph Theory"
EASY,Return Length of Arguments Passed,23.5,0.009444673097663631,https://leetcode.com/problems/return-length-of-arguments-passed,
EASY,Binary Tree Postorder Traversal,23.5,0.007882980691009539,https://leetcode.com/problems/binary-tree-postorder-traversal,"Stack, Tree, Depth-First Search, Binary Tree"
MEDIUM,Longest Nice Subarray,23.5,0.0064783830476641095,https://leetcode.com/problems/longest-nice-subarray,"Array, Bit Manipulation, Sliding Window"
EASY,Largest Triangle Area,23.5,0.0072122556012577995,https://leetcode.com/problems/largest-triangle-area,"Array, Math, Geometry, Polygons"
MEDIUM,Delete Nodes From Linked List Present in Array,23.5,0.006925558585283512,https://leetcode.com/problems/delete-nodes-from-linked-list-present-in-array,"Array, Hash Table, Linked List"
MEDIUM,The k-th Lexicographical String of All Happy Strings of Length n,23.5,0.008707962253204714,https://leetcode.com/problems/the-k-th-lexicographical-string-of-all-happy-strings-of-length-n,"String, Backtracking"
MEDIUM,Swapping Nodes in a Linked List,23.5,0.006968920541091262,https://leetcode.com/problems/swapping-nodes-in-a-linked-list,"Linked List, Two Pointers"
EASY,Self Dividing Numbers,23.5,0.008113448431193679,https://leetcode.com/problems/self-dividing-numbers,Math
EASY,Largest Odd Number in String,23.5,0.006797933607989474,https://leetcode.com/problems/largest-odd-number-in-string,"Math, String, Greedy"
EASY,Project Employees I,23.5,0.006719156219890948,https://leetcode.com/problems/project-employees-i,Database
MEDIUM,Find the Maximum Number of Elements in Subset,23.5,0.004225061014489567,https://leetcode.com/problems/find-the-maximum-number-of-elements-in-subset,"Array, Hash Table, Enumeration"
EASY,Number of Equivalent Domino Pairs,23.5,0.0060749556701151985,https://leetcode.com/problems/number-of-equivalent-domino-pairs,"Array, Hash Table, Counting"
HARD,Separate Squares II,23.5,0.0059225150841537,https://leetcode.com/problems/separate-squares-ii,"Array, Binary Search, Segment Tree, Sweep Line"
MEDIUM,Reordered Power of 2,23.5,0.0065871811916571495,https://leetcode.com/problems/reordered-power-of-2,"Hash Table, Math, Sorting, Counting, Enumeration"
HARD,Maximize Subarray GCD Score,23.5,0.0025707353344030055,https://leetcode.com/problems/maximize-subarray-gcd-score,"Array, Math, Enumeration, Number Theory"
MEDIUM,Department Highest Salary,23.5,0.005908838288047336,https://leetcode.com/problems/department-highest-salary,Database
MEDIUM,Partition String ,23.5,0.005934974793599767,https://leetcode.com/problems/partition-string,"Hash Table, String, Trie, Simulation"
EASY,Fruits Into Baskets II,23.5,0.007037840802521592,https://leetcode.com/problems/fruits-into-baskets-ii,"Array, Binary Search, Segment Tree, Simulation, Ordered Set"
EASY,Divide an Array Into Subarrays With Minimum Cost I,23.5,0.008061686807865594,https://leetcode.com/problems/divide-an-array-into-subarrays-with-minimum-cost-i,"Array, Sorting, Enumeration"
HARD,Longest Balanced Subarray II,23.5,0.003380345768880801,https://leetcode.com/problems/longest-balanced-subarray-ii,"Array, Hash Table, Divide and Conquer, Segment Tree, Prefix Sum"
MEDIUM,Unique Binary Search Trees II,22.1,0.006312665814254715,https://leetcode.com/problems/unique-binary-search-trees-ii,"Dynamic Programming, Backtracking, Tree, Binary Search Tree, Binary Tree"
EASY,Meeting Rooms,22.1,0.00595268052055917,https://leetcode.com/problems/meeting-rooms,"Array, Sorting, Quicksort"
MEDIUM,Graph Valid Tree,22.1,0.005010948593484462,https://leetcode.com/problems/graph-valid-tree,"Depth-First Search, Breadth-First Search, Union-Find, Graph Theory"
MEDIUM,Water and Jug Problem,22.1,0.004620419040671594,https://leetcode.com/problems/water-and-jug-problem,"Math, Depth-First Search, Breadth-First Search, Bézout's Lemma, Euclidean Algorithm, Greatest Common Divisor, Extended Euclidean Algorithm"
MEDIUM,Longest Substring with At Least K Repeating Characters,22.1,0.004656568185611751,https://leetcode.com/problems/longest-substring-with-at-least-k-repeating-characters,"Hash Table, String, Divide and Conquer, Sliding Window"
MEDIUM,Repeated String Match,22.1,0.0039640183428138465,https://leetcode.com/problems/repeated-string-match,"String, String Matching, Z Algorithm, Knuth–Morris–Pratt Algorithm, Boyer–Moore String-Search Algorithm"
MEDIUM,Flatten a Multilevel Doubly Linked List,22.1,0.006329515925918782,https://leetcode.com/problems/flatten-a-multilevel-doubly-linked-list,"Linked List, Depth-First Search, Doubly-Linked List"
HARD,Shortest Path Visiting All Nodes,22.1,0.006625993165849298,https://leetcode.com/problems/shortest-path-visiting-all-nodes,"Dynamic Programming, Bit Manipulation, Breadth-First Search, Graph Theory, Bitmask"
EASY,Find the Town Judge,22.1,0.0051045975560212046,https://leetcode.com/problems/find-the-town-judge,"Array, Hash Table, Graph Theory"
EASY,Product Sales Analysis I,22.1,0.00861023588520821,https://leetcode.com/problems/product-sales-analysis-i,Database
HARD,Parsing A Boolean Expression,22.1,0.006979832451459678,https://leetcode.com/problems/parsing-a-boolean-expression,"String, Stack, Recursion"
HARD,Critical Connections in a Network,22.1,0.006037226010522467,https://leetcode.com/problems/critical-connections-in-a-network,"Depth-First Search, Graph Theory, Biconnected Component, Bridge (Graph)"
MEDIUM,Find a Peak Element II,22.1,0.005553027497515605,https://leetcode.com/problems/find-a-peak-element-ii,"Array, Binary Search, Matrix"
EASY,Sleep,22.1,0.008731601088839396,https://leetcode.com/problems/sleep,
EASY,Find the Maximum Achievable Number,22.1,0.009163888724123614,https://leetcode.com/problems/find-the-maximum-achievable-number,Math
MEDIUM,Unique Binary Search Trees,22.1,0.006408384209483035,https://leetcode.com/problems/unique-binary-search-trees,"Math, Dynamic Programming, Tree, Binary Search Tree, Binary Tree"
EASY,Delete Duplicate Emails,22.1,0.00665797964520309,https://leetcode.com/problems/delete-duplicate-emails,Database
MEDIUM,Minimum Height Trees,22.1,0.0042749895684703505,https://leetcode.com/problems/minimum-height-trees,"Depth-First Search, Breadth-First Search, Graph Theory, Topological Sort"
MEDIUM,Maximum XOR of Two Numbers in an Array,22.1,0.005371108428795918,https://leetcode.com/problems/maximum-xor-of-two-numbers-in-an-array,"Array, Hash Table, Bit Manipulation, Trie"
EASY,Apply Transform Over Each Element in Array,22.1,0.008618023053252478,https://leetcode.com/problems/apply-transform-over-each-element-in-array,
MEDIUM,Rabbits in Forest,22.1,0.005803383457517577,https://leetcode.com/problems/rabbits-in-forest,"Array, Hash Table, Math, Greedy"
EASY,Flipping an Image,22.1,0.008395051414529736,https://leetcode.com/problems/flipping-an-image,"Array, Two Pointers, Bit Manipulation, Matrix, Simulation"
MEDIUM,Hand of Straights,22.1,0.005832089461823645,https://leetcode.com/problems/hand-of-straights,"Array, Hash Table, Greedy, Sorting"
MEDIUM,Snakes and Ladders,22.1,0.004823408880972916,https://leetcode.com/problems/snakes-and-ladders,"Array, Breadth-First Search, Matrix"
MEDIUM,Minimum Domino Rotations For Equal Row,22.1,0.005649741310925314,https://leetcode.com/problems/minimum-domino-rotations-for-equal-row,"Array, Greedy"
MEDIUM,Longest Arithmetic Subsequence of Given Difference,22.1,0.005434097055357797,https://leetcode.com/problems/longest-arithmetic-subsequence-of-given-difference,"Array, Hash Table, Dynamic Programming"
EASY,Find the Difference of Two Arrays,22.1,0.00815940415035145,https://leetcode.com/problems/find-the-difference-of-two-arrays,"Array, Hash Table"
EASY,Convert Binary Number in a Linked List to Integer,22.1,0.008239744042841557,https://leetcode.com/problems/convert-binary-number-in-a-linked-list-to-integer,"Linked List, Math"
MEDIUM,Find the City With the Smallest Number of Neighbors at a Threshold Distance,22.1,0.007362799491677773,https://leetcode.com/problems/find-the-city-with-the-smallest-number-of-neighbors-at-a-threshold-distance,"Dynamic Programming, Graph Theory, Shortest Path, Dijkstra's Algorithm, Bellman–Ford Algorithm, Floyd–Warshall Algorithm"
MEDIUM,Product of the Last K Numbers,22.1,0.006303289476787794,https://leetcode.com/problems/product-of-the-last-k-numbers,"Array, Math, Design, Data Stream, Prefix Sum"
MEDIUM,Remove Sub-Folders from the Filesystem,22.1,0.007860429223690901,https://leetcode.com/problems/remove-sub-folders-from-the-filesystem,"Array, String, Depth-First Search, Trie"
EASY,Valid Phone Numbers,22.1,0.0030570971138576264,https://leetcode.com/problems/valid-phone-numbers,Shell
EASY,Employees Whose Manager Left the Company,22.1,0.004886657510629283,https://leetcode.com/problems/employees-whose-manager-left-the-company,Database
MEDIUM,Maximum Beauty of an Array After Applying Operation,22.1,0.0058351565038449035,https://leetcode.com/problems/maximum-beauty-of-an-array-after-applying-operation,"Array, Binary Search, Sliding Window, Sorting"
HARD,Find the Maximum Sequence Value of Array,22.1,0.002193630398186003,https://leetcode.com/problems/find-the-maximum-sequence-value-of-array,"Array, Dynamic Programming, Bit Manipulation"
MEDIUM,Best Sightseeing Pair,22.1,0.006270116888531939,https://leetcode.com/problems/best-sightseeing-pair,"Array, Dynamic Programming"
MEDIUM,Partition Array According to Given Pivot,22.1,0.009075467840051591,https://leetcode.com/problems/partition-array-according-to-given-pivot,"Array, Two Pointers, Simulation"
MEDIUM,Convert Object to JSON String,22.1,0.007794464236777199,https://leetcode.com/problems/convert-object-to-json-string,
HARD,Design a Text Editor,22.1,0.005142492225677476,https://leetcode.com/problems/design-a-text-editor,"Linked List, String, Stack, Design, Simulation, Doubly-Linked List"
HARD,Find Minimum in Rotated Sorted Array II,22.1,0.004688570040789392,https://leetcode.com/problems/find-minimum-in-rotated-sorted-array-ii,"Array, Binary Search"
MEDIUM,Binary Tree Nodes,22.1,0.007817736772735832,https://leetcode.com/problems/binary-tree-nodes,Database
EASY,Count Negative Numbers in a Sorted Matrix,22.1,0.007972194710815077,https://leetcode.com/problems/count-negative-numbers-in-a-sorted-matrix,"Array, Binary Search, Matrix"
EASY,Calculate Compressed Mean,22.1,0.008596888260254598,https://leetcode.com/problems/calculate-compressed-mean,Database
EASY,Find Expensive Cities,22.1,0.0077161258360168425,https://leetcode.com/problems/find-expensive-cities,Database
MEDIUM,Class Performance,22.1,0.008856741573033707,https://leetcode.com/problems/class-performance,Database
EASY,Loan Types,22.1,0.006428501034788607,https://leetcode.com/problems/loan-types,Database
HARD,Top Three Wineries ,22.1,0.005416493416493417,https://leetcode.com/problems/top-three-wineries,Database
EASY,Finding 3-Digit Even Numbers,22.1,0.007862036050343758,https://leetcode.com/problems/finding-3-digit-even-numbers,"Array, Hash Table, Recursion, Sorting, Enumeration"
MEDIUM,Maximum Area Rectangle With Point Constraints I,22.1,0.0052378738571207195,https://leetcode.com/problems/maximum-area-rectangle-with-point-constraints-i,"Array, Math, Binary Indexed Tree, Segment Tree, Geometry, Sorting, Enumeration"
HARD,Basic Calculator III,22.1,0.005349668972398636,https://leetcode.com/problems/basic-calculator-iii,"Math, String, Stack, Recursion"
HARD,Find Beautiful Indices in the Given Array II,22.1,0.0028403187226716635,https://leetcode.com/problems/find-beautiful-indices-in-the-given-array-ii,"Two Pointers, String, Binary Search, Rolling Hash, String Matching, Hash Function, Z Algorithm, Knuth–Morris–Pratt Algorithm, Boyer–Moore String-Search Algorithm"
EASY,Lemonade Change,22.1,0.005939441164607092,https://leetcode.com/problems/lemonade-change,"Array, Greedy"
MEDIUM,Shifting Letters II,22.1,0.005383652801489989,https://leetcode.com/problems/shifting-letters-ii,"Array, String, Prefix Sum"
MEDIUM,Alternating Groups II,22.1,0.005995004071166195,https://leetcode.com/problems/alternating-groups-ii,"Array, Sliding Window"
EASY,Ant on the Boundary,22.1,0.007432675044883303,https://leetcode.com/problems/ant-on-the-boundary,"Array, Simulation, Prefix Sum"
EASY,Find Numbers with Even Number of Digits,22.1,0.00799489916797904,https://leetcode.com/problems/find-numbers-with-even-number-of-digits,"Array, Math"
MEDIUM,Design Twitter,22.1,0.004537913883895734,https://leetcode.com/problems/design-twitter,"Hash Table, Linked List, Design, Heap (Priority Queue)"
EASY,Count Good Triplets,22.1,0.008554780919803459,https://leetcode.com/problems/count-good-triplets,"Array, Enumeration"
EASY,Minimum Absolute Difference,22.1,0.007518442569249718,https://leetcode.com/problems/minimum-absolute-difference,"Array, Sorting"
MEDIUM,Solving Questions With Brainpower,22.1,0.006020150443245811,https://leetcode.com/problems/solving-questions-with-brainpower,"Array, Dynamic Programming"
HARD,N-Queens II,22.1,0.0079193746239949,https://leetcode.com/problems/n-queens-ii,"Backtracking, Algorithm X"
MEDIUM,Find the Minimum Amount of Time to Brew Potions,22.1,0.006269069446727022,https://leetcode.com/problems/find-the-minimum-amount-of-time-to-brew-potions,"Array, Simulation, Prefix Sum"
HARD,Kth Smallest Product of Two Sorted Arrays,22.1,0.004871780227311669,https://leetcode.com/problems/kth-smallest-product-of-two-sorted-arrays,"Array, Binary Search"
HARD,Find the Count of Monotonic Pairs I,22.1,0.004785049655542632,https://leetcode.com/problems/find-the-count-of-monotonic-pairs-i,"Array, Math, Dynamic Programming, Combinatorics, Prefix Sum"
MEDIUM,Count Cells in Overlapping Horizontal and Vertical Substrings,22.1,0.0027277103462503864,https://leetcode.com/problems/count-cells-in-overlapping-horizontal-and-vertical-substrings,"Array, String, Rolling Hash, String Matching, Matrix, Hash Function"
EASY,Reverse Bits,20.6,0.006912620267796699,https://leetcode.com/problems/reverse-bits,"Divide and Conquer, Bit Manipulation"
MEDIUM,Wiggle Sort II,20.6,0.0038041109376960864,https://leetcode.com/problems/wiggle-sort-ii,"Array, Divide and Conquer, Greedy, Sorting, Quickselect"
MEDIUM,Count Numbers with Unique Digits,20.6,0.005609810434797511,https://leetcode.com/problems/count-numbers-with-unique-digits,"Math, Dynamic Programming, Backtracking"
EASY,Subtree of Another Tree,20.6,0.005204668931959788,https://leetcode.com/problems/subtree-of-another-tree,"Tree, Depth-First Search, String Matching, Binary Tree, Hash Function"
HARD,Employee Free Time,20.6,0.007297685168666722,https://leetcode.com/problems/employee-free-time,"Array, Sweep Line, Sorting, Heap (Priority Queue)"
HARD,Recover a Tree From Preorder Traversal,20.6,0.008321478954586342,https://leetcode.com/problems/recover-a-tree-from-preorder-traversal,"String, Tree, Depth-First Search, Binary Tree"
HARD,Find in Mountain Array,20.6,0.004194301268315283,https://leetcode.com/problems/find-in-mountain-array,"Array, Binary Search, Interactive, Ternary Search"
EASY,Number of Steps to Reduce a Number to Zero,20.6,0.00858909162445286,https://leetcode.com/problems/number-of-steps-to-reduce-a-number-to-zero,"Math, Bit Manipulation"
MEDIUM,Number of Subsequences That Satisfy the Given Sum Condition,20.6,0.004901924250576553,https://leetcode.com/problems/number-of-subsequences-that-satisfy-the-given-sum-condition,"Array, Two Pointers, Binary Search, Sorting"
HARD,Number of Ways to Form a Target String Given a Dictionary,20.6,0.005632848200118486,https://leetcode.com/problems/number-of-ways-to-form-a-target-string-given-a-dictionary,"Array, String, Dynamic Programming"
MEDIUM,Max Number of K-Sum Pairs,20.6,0.005731392267421346,https://leetcode.com/problems/max-number-of-k-sum-pairs,"Array, Hash Table, Two Pointers, Sorting"
HARD,Maximum Number of Events That Can Be Attended II,20.6,0.006339545130020121,https://leetcode.com/problems/maximum-number-of-events-that-can-be-attended-ii,"Array, Binary Search, Dynamic Programming, Sorting"
MEDIUM,Find Original Array From Doubled Array,20.6,0.0040906324081232195,https://leetcode.com/problems/find-original-array-from-doubled-array,"Array, Hash Table, Greedy, Sorting"
EASY,Final Value of Variable After Performing Operations,20.6,0.009060135830200364,https://leetcode.com/problems/final-value-of-variable-after-performing-operations,"Array, String, Simulation"
MEDIUM,Sender With Largest Word Count,20.6,0.006010493661675156,https://leetcode.com/problems/sender-with-largest-word-count,"Array, Hash Table, String, Counting"
MEDIUM,Convert Sorted List to Binary Search Tree,20.6,0.006719566823465599,https://leetcode.com/problems/convert-sorted-list-to-binary-search-tree,"Linked List, Divide and Conquer, Tree, Binary Search Tree, Binary Tree"
EASY,Root Equals Sum of Children,20.6,0.008513233900472912,https://leetcode.com/problems/root-equals-sum-of-children,"Tree, Binary Tree"
MEDIUM,Minimize the Maximum Difference of Pairs,20.6,0.005103456200153792,https://leetcode.com/problems/minimize-the-maximum-difference-of-pairs,"Array, Binary Search, Dynamic Programming, Greedy, Sorting"
MEDIUM,My Calendar I,20.6,0.005837575397267739,https://leetcode.com/problems/my-calendar-i,"Array, Binary Search, Design, Segment Tree, Ordered Set"
MEDIUM,Most Stones Removed with Same Row or Column,20.6,0.006338935842550087,https://leetcode.com/problems/most-stones-removed-with-same-row-or-column,"Hash Table, Depth-First Search, Union-Find, Graph Theory, Bipartite Graph"
HARD,Unique Paths III,20.6,0.008294724168801903,https://leetcode.com/problems/unique-paths-iii,"Array, Backtracking, Bit Manipulation, Matrix, Hamiltonian Path"
MEDIUM,Number of Enclaves,20.6,0.007218199101824774,https://leetcode.com/problems/number-of-enclaves,"Array, Depth-First Search, Breadth-First Search, Union-Find, Matrix"
EASY,How Many Numbers Are Smaller Than the Current Number,20.6,0.00874811379613038,https://leetcode.com/problems/how-many-numbers-are-smaller-than-the-current-number,"Array, Hash Table, Sorting, Counting Sort"
MEDIUM,Minimum Difference Between Largest and Smallest Value in Three Moves,20.6,0.005919792735937073,https://leetcode.com/problems/minimum-difference-between-largest-and-smallest-value-in-three-moves,"Array, Greedy, Sorting"
EASY,Calculate Money in Leetcode Bank,20.6,0.008251361913156135,https://leetcode.com/problems/calculate-money-in-leetcode-bank,Math
MEDIUM,Maximum Score From Removing Substrings,20.6,0.006641197407061561,https://leetcode.com/problems/maximum-score-from-removing-substrings,"String, Stack, Greedy"
MEDIUM,Factorial Trailing Zeroes,20.6,0.004722448315155461,https://leetcode.com/problems/factorial-trailing-zeroes,Math
EASY,Counter II,20.6,0.008123832442794793,https://leetcode.com/problems/counter-ii,
EASY,Number of Students Unable to Eat Lunch,20.6,0.007993640725021501,https://leetcode.com/problems/number-of-students-unable-to-eat-lunch,"Array, Stack, Queue, Simulation"
MEDIUM,Reveal Cards In Increasing Order,20.6,0.0083777411870369,https://leetcode.com/problems/reveal-cards-in-increasing-order,"Array, Queue, Sorting, Simulation"
EASY,Detect Capital,20.6,0.005694319929970818,https://leetcode.com/problems/detect-capital,String
EASY,Duplicate Zeros,20.6,0.00539463447972073,https://leetcode.com/problems/duplicate-zeros,"Array, Two Pointers"
MEDIUM,Partition to K Equal Sum Subsets,20.6,0.003882664276647606,https://leetcode.com/problems/partition-to-k-equal-sum-subsets,"Array, Dynamic Programming, Backtracking, Bit Manipulation, Memoization, Bitmask"
MEDIUM,Minimum Deletions to Make String Balanced,20.6,0.006815859339201876,https://leetcode.com/problems/minimum-deletions-to-make-string-balanced,"String, Dynamic Programming, Stack"
EASY,Time Needed to Buy Tickets,20.6,0.007315093461733833,https://leetcode.com/problems/time-needed-to-buy-tickets,"Array, Queue, Simulation"
EASY,Last Stone Weight,20.6,0.006673538302498124,https://leetcode.com/problems/last-stone-weight,"Array, Heap (Priority Queue)"
HARD,Painting a Grid With Three Different Colors,20.6,0.007693910096680951,https://leetcode.com/problems/painting-a-grid-with-three-different-colors,"Dynamic Programming, Graph Coloring"
MEDIUM,Binary Search Tree Iterator,20.6,0.007688333531150866,https://leetcode.com/problems/binary-search-tree-iterator,"Stack, Tree, Design, Binary Search Tree, Binary Tree, Iterator"
MEDIUM,Max Chunks To Make Sorted,20.6,0.006424605297486185,https://leetcode.com/problems/max-chunks-to-make-sorted,"Array, Stack, Greedy, Sorting, Monotonic Stack"
MEDIUM,Longest Arithmetic Subsequence,20.6,0.0050144418683204925,https://leetcode.com/problems/longest-arithmetic-subsequence,"Array, Hash Table, Binary Search, Dynamic Programming"
HARD,Maximum Employees to Be Invited to a Meeting,20.6,0.006176909602709942,https://leetcode.com/problems/maximum-employees-to-be-invited-to-a-meeting,"Array, Dynamic Programming, Depth-First Search, Graph Theory, Topological Sort, Kosaraju's Algorithm, Tarjan's SCC Algorithm"
EASY,Maximum Product of Three Numbers,20.6,0.004822240409935236,https://leetcode.com/problems/maximum-product-of-three-numbers,"Array, Math, Sorting"
MEDIUM,Investments in 2016,20.6,0.005165464250102645,https://leetcode.com/problems/investments-in-2016,Database
MEDIUM,Check If Array Pairs Are Divisible by k,20.6,0.0046209412956125465,https://leetcode.com/problems/check-if-array-pairs-are-divisible-by-k,"Array, Hash Table, Counting"
MEDIUM,Find the Prefix Common Array of Two Arrays,20.6,0.0088291562015711,https://leetcode.com/problems/find-the-prefix-common-array-of-two-arrays,"Array, Hash Table, Bit Manipulation"
MEDIUM,Path Sum II,20.6,0.0062741842856079075,https://leetcode.com/problems/path-sum-ii,"Backtracking, Tree, Depth-First Search, Binary Tree"
MEDIUM,Find the Length of the Longest Common Prefix,20.6,0.006226152649412633,https://leetcode.com/problems/find-the-length-of-the-longest-common-prefix,"Array, Hash Table, String, Trie"
MEDIUM,Maximum Value of an Ordered Triplet II,20.6,0.005625126980012471,https://leetcode.com/problems/maximum-value-of-an-ordered-triplet-ii,"Array, Prefix Sum"
EASY,Count Hills and Valleys in an Array,20.6,0.00691227607815577,https://leetcode.com/problems/count-hills-and-valleys-in-an-array,Array
EASY,Divisible and Non-divisible Sums Difference,20.6,0.009109324834935985,https://leetcode.com/problems/divisible-and-non-divisible-sums-difference,Math
HARD,Find the Original Typed String II,20.6,0.004544575392629651,https://leetcode.com/problems/find-the-original-typed-string-ii,"String, Dynamic Programming, Prefix Sum"
MEDIUM,Maximum Erasure Value,20.6,0.006439824082117395,https://leetcode.com/problems/maximum-erasure-value,"Array, Hash Table, Sliding Window"
MEDIUM,Range Product Queries of Powers,20.6,0.006120184318642893,https://leetcode.com/problems/range-product-queries-of-powers,"Array, Bit Manipulation, Prefix Sum"
MEDIUM,Minimum Time to Repair Cars,20.6,0.005947501571809228,https://leetcode.com/problems/minimum-time-to-repair-cars,"Array, Binary Search"
HARD,Palindrome Partitioning II,20.6,0.003774279700434258,https://leetcode.com/problems/palindrome-partitioning-ii,"String, Dynamic Programming"
MEDIUM,Number of People Aware of a Secret,20.6,0.006061813760697001,https://leetcode.com/problems/number-of-people-aware-of-a-secret,"Dynamic Programming, Queue, Simulation"
MEDIUM,Minimum Number of Flips to Make Binary Grid Palindromic II,20.6,0.0025553040231939316,https://leetcode.com/problems/minimum-number-of-flips-to-make-binary-grid-palindromic-ii,"Array, Two Pointers, Matrix"
MEDIUM,Maximum Product of Splitted Binary Tree,20.6,0.005577105635653199,https://leetcode.com/problems/maximum-product-of-splitted-binary-tree,"Tree, Depth-First Search, Binary Tree"
MEDIUM,Insertion Sort List,18.9,0.005993785609329717,https://leetcode.com/problems/insertion-sort-list,"Linked List, Sorting"
MEDIUM,Integer Break,18.9,0.006263130598838341,https://leetcode.com/problems/integer-break,"Math, Dynamic Programming"
EASY,Arranging Coins,18.9,0.0048503700938677145,https://leetcode.com/problems/arranging-coins,"Math, Binary Search"
HARD,Student Attendance Record II,18.9,0.005686376324712754,https://leetcode.com/problems/student-attendance-record-ii,Dynamic Programming
MEDIUM,Next Greater Element III,18.9,0.0035555144694796813,https://leetcode.com/problems/next-greater-element-iii,"Math, Two Pointers, String"
MEDIUM,2 Keys Keyboard,18.9,0.00594557541075623,https://leetcode.com/problems/2-keys-keyboard,"Math, Dynamic Programming"
HARD,Serialize and Deserialize N-ary Tree,18.9,0.0068937815924279945,https://leetcode.com/problems/serialize-and-deserialize-n-ary-tree,"String, Tree, Depth-First Search, Breadth-First Search"
EASY,Search in a Binary Search Tree,18.9,0.008306605002312974,https://leetcode.com/problems/search-in-a-binary-search-tree,"Tree, Binary Search Tree, Binary Tree"
HARD,Robot Room Cleaner,18.9,0.007802244466866529,https://leetcode.com/problems/robot-room-cleaner,"Backtracking, Interactive"
HARD,Minimum Number of Refueling Stops,18.9,0.004177347167735317,https://leetcode.com/problems/minimum-number-of-refueling-stops,"Array, Dynamic Programming, Greedy, Heap (Priority Queue)"
EASY,Monotonic Array,18.9,0.006258844913320885,https://leetcode.com/problems/monotonic-array,Array
EASY,Range Sum of BST,18.9,0.008762711118846212,https://leetcode.com/problems/range-sum-of-bst,"Tree, Depth-First Search, Binary Search Tree, Binary Tree"
MEDIUM,Maximum Level Sum of a Binary Tree,18.9,0.00700309474012209,https://leetcode.com/problems/maximum-level-sum-of-a-binary-tree,"Tree, Depth-First Search, Breadth-First Search, Binary Tree"
HARD,Number of Submatrices That Sum to Target,18.9,0.007468097139479604,https://leetcode.com/problems/number-of-submatrices-that-sum-to-target,"Array, Hash Table, Matrix, Prefix Sum"
MEDIUM,Divide Array in Sets of K Consecutive Numbers,18.9,0.00594855954438955,https://leetcode.com/problems/divide-array-in-sets-of-k-consecutive-numbers,"Array, Hash Table, Greedy, Sorting"
EASY,Matrix Diagonal Sum,18.9,0.008458162571884458,https://leetcode.com/problems/matrix-diagonal-sum,"Array, Matrix"
MEDIUM,Find Unique Binary String,18.9,0.00812298834373715,https://leetcode.com/problems/find-unique-binary-string,"Array, Hash Table, String, Backtracking"
MEDIUM,Maximum Twin Sum of a Linked List,18.9,0.008326445715893268,https://leetcode.com/problems/maximum-twin-sum-of-a-linked-list,"Linked List, Two Pointers, Stack"
HARD,Maximum Running Time of N Computers,18.9,0.005637855381633987,https://leetcode.com/problems/maximum-running-time-of-n-computers,"Array, Binary Search, Greedy, Sorting"
MEDIUM,Queue Reconstruction by Height,18.9,0.007495330075164057,https://leetcode.com/problems/queue-reconstruction-by-height,"Array, Binary Indexed Tree, Segment Tree, Sorting"
EASY,Number of Common Factors,18.9,0.008041506457655527,https://leetcode.com/problems/number-of-common-factors,"Math, Enumeration, Number Theory, Euclidean Algorithm, Greatest Common Divisor"
MEDIUM,Heaters,18.9,0.004245259231155341,https://leetcode.com/problems/heaters,"Array, Two Pointers, Binary Search, Sorting"
EASY,Keyboard Row,18.9,0.007427276582438434,https://leetcode.com/problems/keyboard-row,"Array, Hash Table, String"
MEDIUM,Valid Triangle Number,18.9,0.005713971529713038,https://leetcode.com/problems/valid-triangle-number,"Array, Two Pointers, Binary Search, Greedy, Sorting"
EASY,Design HashMap,18.9,0.006675580197036817,https://leetcode.com/problems/design-hashmap,"Array, Hash Table, Linked List, Design, Hash Function"
EASY,Relative Sort Array,18.9,0.007538589530040575,https://leetcode.com/problems/relative-sort-array,"Array, Hash Table, Sorting, Counting Sort, Quicksort, Bubble Sort"
MEDIUM,Last Person to Fit in the Bus,18.9,0.006973226243280447,https://leetcode.com/problems/last-person-to-fit-in-the-bus,Database
HARD,Maximum Profit in Job Scheduling,18.9,0.005481201000329917,https://leetcode.com/problems/maximum-profit-in-job-scheduling,"Array, Binary Search, Dynamic Programming, Sorting"
MEDIUM,Determine if Two Strings Are Close,18.9,0.005440482497920504,https://leetcode.com/problems/determine-if-two-strings-are-close,"Hash Table, String, Sorting, Counting"
EASY,Find Smallest Letter Greater Than Target,18.9,0.00595370019232332,https://leetcode.com/problems/find-smallest-letter-greater-than-target,"Array, Binary Search"
MEDIUM,Sum of Beauty of All Substrings,18.9,0.007467354533737392,https://leetcode.com/problems/sum-of-beauty-of-all-substrings,"Hash Table, String, Counting"
EASY,Baseball Game,18.9,0.008099063283542113,https://leetcode.com/problems/baseball-game,"Array, Stack, Simulation"
EASY,Find Common Characters,18.9,0.0074801277214917,https://leetcode.com/problems/find-common-characters,"Array, Hash Table, String"
EASY,Final Prices With a Special Discount in a Shop,18.9,0.008429688445708752,https://leetcode.com/problems/final-prices-with-a-special-discount-in-a-shop,"Array, Stack, Monotonic Stack"
EASY,Fix Names in a Table,18.9,0.0060643913278053685,https://leetcode.com/problems/fix-names-in-a-table,Database
MEDIUM,Minimum Number of Swaps to Make the String Balanced,18.9,0.007804381096665481,https://leetcode.com/problems/minimum-number-of-swaps-to-make-the-string-balanced,"Two Pointers, String, Stack, Greedy, Bracket Sequences"
EASY,Fair Candy Swap,18.9,0.006547633690516674,https://leetcode.com/problems/fair-candy-swap,"Array, Hash Table, Binary Search, Sorting"
MEDIUM,Sum of Subarray Ranges,18.9,0.006179228763765127,https://leetcode.com/problems/sum-of-subarray-ranges,"Array, Stack, Monotonic Stack"
MEDIUM,Find Minimum Time to Reach Last Room I,18.9,0.005548441370285554,https://leetcode.com/problems/find-minimum-time-to-reach-last-room-i,"Array, Graph Theory, Heap (Priority Queue), Matrix, Shortest Path"
EASY,The Number of Employees Which Report to Each Employee,18.9,0.00537321514725356,https://leetcode.com/problems/the-number-of-employees-which-report-to-each-employee,Database
MEDIUM,Bitwise ORs of Subarrays,18.9,0.0056961455594127285,https://leetcode.com/problems/bitwise-ors-of-subarrays,"Array, Dynamic Programming, Bit Manipulation"
HARD,Maximum Sum of 3 Non-Overlapping Subarrays,18.9,0.005999105525447425,https://leetcode.com/problems/maximum-sum-of-3-non-overlapping-subarrays,"Array, Dynamic Programming, Sliding Window, Prefix Sum"
EASY,Defuse the Bomb,18.9,0.00794615259205531,https://leetcode.com/problems/defuse-the-bomb,"Array, Sliding Window"
MEDIUM,Partition Labels,18.9,0.008200887958439025,https://leetcode.com/problems/partition-labels,"Hash Table, Two Pointers, String, Greedy"
HARD,Maximum Score of a Node Sequence,18.9,0.00403933996284559,https://leetcode.com/problems/maximum-score-of-a-node-sequence,"Array, Graph Theory, Sorting, Enumeration"
EASY,Valid Word Abbreviation,18.9,0.0037047809064440955,https://leetcode.com/problems/valid-word-abbreviation,"Two Pointers, String"
MEDIUM,My Calendar II,18.9,0.006343408495137368,https://leetcode.com/problems/my-calendar-ii,"Array, Binary Search, Design, Segment Tree, Prefix Sum, Ordered Set"
MEDIUM,Expressive Words,18.9,0.004699460756968744,https://leetcode.com/problems/expressive-words,"Array, Two Pointers, String"
MEDIUM,Smallest Integer Divisible by K,18.9,0.005416481240350965,https://leetcode.com/problems/smallest-integer-divisible-by-k,"Hash Table, Math, Pigeonhole Principle"
MEDIUM,Divide Array Into Arrays With Max Difference,18.9,0.00790788890120856,https://leetcode.com/problems/divide-array-into-arrays-with-max-difference,"Array, Greedy, Sorting"
MEDIUM,Tuple with Same Product,18.9,0.0070065499367315855,https://leetcode.com/problems/tuple-with-same-product,"Array, Hash Table, Counting"
MEDIUM,Count Submatrices With All Ones,18.9,0.007100133222236345,https://leetcode.com/problems/count-submatrices-with-all-ones,"Array, Dynamic Programming, Stack, Matrix, Monotonic Stack"
EASY,Replace Elements with Greatest Element on Right Side,18.9,0.007253617613471451,https://leetcode.com/problems/replace-elements-with-greatest-element-on-right-side,Array
MEDIUM,Minimum Moves to Equal Array Elements,18.9,0.005901813995165458,https://leetcode.com/problems/minimum-moves-to-equal-array-elements,"Array, Math"
MEDIUM,Additive Number,18.9,0.003428211138067629,https://leetcode.com/problems/additive-number,"String, Backtracking"
EASY,Excel Sheet Column Number,18.9,0.006827420363854645,https://leetcode.com/problems/excel-sheet-column-number,"Math, String"
MEDIUM,Maximum Absolute Sum of Any Subarray,18.9,0.0070754901960784315,https://leetcode.com/problems/maximum-absolute-sum-of-any-subarray,"Array, Dynamic Programming"
HARD,Valid Number,18.9,0.0023440163677049667,https://leetcode.com/problems/valid-number,String
MEDIUM,Minimum Operations to Make Binary Array Elements Equal to One I,18.9,0.008026135235339836,https://leetcode.com/problems/minimum-operations-to-make-binary-array-elements-equal-to-one-i,"Array, Bit Manipulation, Queue, Sliding Window, Prefix Sum"
MEDIUM,Longest Happy String,18.9,0.00655384955649198,https://leetcode.com/problems/longest-happy-string,"String, Greedy, Heap (Priority Queue)"
MEDIUM,Count the Number of Good Subarrays,18.9,0.0065732672397810325,https://leetcode.com/problems/count-the-number-of-good-subarrays,"Array, Hash Table, Sliding Window"
MEDIUM,Ways to Express an Integer as Sum of Powers,18.9,0.004979696939685055,https://leetcode.com/problems/ways-to-express-an-integer-as-sum-of-powers,Dynamic Programming
MEDIUM,Add Two Numbers II,18.9,0.006294723223206956,https://leetcode.com/problems/add-two-numbers-ii,"Linked List, Math, Stack"
MEDIUM,Lowest Common Ancestor of a Binary Tree III,18.9,0.008301668507055951,https://leetcode.com/problems/lowest-common-ancestor-of-a-binary-tree-iii,"Hash Table, Two Pointers, Tree, Binary Tree, Binary Lifting, Lowest Common Ancestor"
EASY,Largest 3-Same-Digit Number in String,18.9,0.007266042166856903,https://leetcode.com/problems/largest-3-same-digit-number-in-string,String
MEDIUM,Combination Sum III,18.9,0.00736339116275295,https://leetcode.com/problems/combination-sum-iii,"Array, Backtracking"
HARD,Minimum Cost Walk in Weighted Graph,18.9,0.006799191883590957,https://leetcode.com/problems/minimum-cost-walk-in-weighted-graph,"Array, Bit Manipulation, Union-Find, Graph Theory"
HARD,Maximize Subarrays After Removing One Conflicting Pair,18.9,0.006407459496572574,https://leetcode.com/problems/maximize-subarrays-after-removing-one-conflicting-pair,"Array, Segment Tree, Enumeration, Prefix Sum"
EASY,Convert Integer to the Sum of Two No-Zero Integers,18.9,0.0059154800617071575,https://leetcode.com/problems/convert-integer-to-the-sum-of-two-no-zero-integers,Math
MEDIUM,Nested List Weight Sum,18.9,0.008598194742742628,https://leetcode.com/problems/nested-list-weight-sum,"Depth-First Search, Breadth-First Search"
MEDIUM,Last Stone Weight II,18.9,0.0060565921166440126,https://leetcode.com/problems/last-stone-weight-ii,"Array, Dynamic Programming, Knapsack Problem, 0-1 Knapsack"
MEDIUM,Subdomain Visit Count,18.9,0.007720529663707416,https://leetcode.com/problems/subdomain-visit-count,"Array, Hash Table, String, Counting"
MEDIUM,Minimum Increments to Equalize Leaf Paths,18.9,0.004093101025032108,https://leetcode.com/problems/minimum-increments-to-equalize-leaf-paths,"Array, Dynamic Programming, Tree, Depth-First Search"
HARD,Rearranging Fruits,18.9,0.005725804127692192,https://leetcode.com/problems/rearranging-fruits,"Array, Hash Table, Greedy, Sort"
MEDIUM,Next Greater Numerically Balanced Number,18.9,0.006305807934924052,https://leetcode.com/problems/next-greater-numerically-balanced-number,"Hash Table, Math, Backtracking, Counting, Enumeration"
EASY,Trionic Array I,18.9,0.004951499259823099,https://leetcode.com/problems/trionic-array-i,Array
HARD,Scramble String,17.0,0.0045364392300115035,https://leetcode.com/problems/scramble-string,"String, Dynamic Programming"
MEDIUM,Bitwise AND of Numbers Range,17.0,0.004902150032034625,https://leetcode.com/problems/bitwise-and-of-numbers-range,Bit Manipulation
MEDIUM,Rectangle Area,17.0,0.005009191145751518,https://leetcode.com/problems/rectangle-area,"Math, Geometry"
HARD,Remove Invalid Parentheses,17.0,0.0050095290590042064,https://leetcode.com/problems/remove-invalid-parentheses,"String, Backtracking, Breadth-First Search"
HARD,Shortest Distance from All Buildings,17.0,0.004498036504592978,https://leetcode.com/problems/shortest-distance-from-all-buildings,"Array, Breadth-First Search, Matrix"
MEDIUM,Longest Absolute File Path,17.0,0.004979223626685687,https://leetcode.com/problems/longest-absolute-file-path,"String, Stack, Depth-First Search"
HARD,Optimal Account Balancing,17.0,0.0050616817453808475,https://leetcode.com/problems/optimal-account-balancing,"Array, Dynamic Programming, Backtracking, Bit Manipulation, Bitmask"
HARD,IPO,17.0,0.005372769376044631,https://leetcode.com/problems/ipo,"Array, Greedy, Sorting, Heap (Priority Queue)"
EASY,Minimum Absolute Difference in BST,17.0,0.005966354787755665,https://leetcode.com/problems/minimum-absolute-difference-in-bst,"Tree, Depth-First Search, Breadth-First Search, Binary Search Tree, Binary Tree"
EASY,Reverse Words in a String III,17.0,0.00841215588263049,https://leetcode.com/problems/reverse-words-in-a-string-iii,"Two Pointers, String"
MEDIUM,Maximum Length of Repeated Subarray,17.0,0.005153876045361006,https://leetcode.com/problems/maximum-length-of-repeated-subarray,"Array, Binary Search, Dynamic Programming, Sliding Window, Rolling Hash, Hash Function"
MEDIUM,Construct Quad Tree,17.0,0.007861745646084299,https://leetcode.com/problems/construct-quad-tree,"Array, Divide and Conquer, Tree, Matrix"
EASY,Design HashSet,17.0,0.006836048700320157,https://leetcode.com/problems/design-hashset,"Array, Hash Table, Linked List, Design, Hash Function"
MEDIUM,Implement Rand10() Using Rand7(),17.0,0.00466316200962627,https://leetcode.com/problems/implement-rand10-using-rand7,"Math, Rejection Sampling, Randomized, Probability and Statistics"
MEDIUM,RLE Iterator,17.0,0.00595314006556534,https://leetcode.com/problems/rle-iterator,"Array, Design, Counting, Iterator"
MEDIUM,Bag of Tokens,17.0,0.005985302340442528,https://leetcode.com/problems/bag-of-tokens,"Array, Two Pointers, Greedy, Sorting"
HARD,Minimum Number of K Consecutive Bit Flips,17.0,0.006240371506475801,https://leetcode.com/problems/minimum-number-of-k-consecutive-bit-flips,"Array, Bit Manipulation, Queue, Sliding Window, Prefix Sum, Brute-Force Search"
MEDIUM,Number of Dice Rolls With Target Sum,17.0,0.006255759270714747,https://leetcode.com/problems/number-of-dice-rolls-with-target-sum,Dynamic Programming
EASY,Minimum Time Visiting All Points,17.0,0.008484570804381468,https://leetcode.com/problems/minimum-time-visiting-all-points,"Array, Math, Geometry"
HARD,Minimum Number of Taps to Open to Water a Garden,17.0,0.005106341685817617,https://leetcode.com/problems/minimum-number-of-taps-to-open-to-water-a-garden,"Array, Dynamic Programming, Greedy"
HARD,Maximum Sum BST in Binary Tree,17.0,0.004863393207776307,https://leetcode.com/problems/maximum-sum-bst-in-binary-tree,"Dynamic Programming, Tree, Depth-First Search, Binary Search Tree, Binary Tree, DP on Trees"
EASY,Shuffle String,17.0,0.008548685124442096,https://leetcode.com/problems/shuffle-string,"Array, String"
MEDIUM,Min Cost to Connect All Points,17.0,0.007156196620140975,https://leetcode.com/problems/min-cost-to-connect-all-points,"Array, Union-Find, Graph Theory, Minimum Spanning Tree, Prim's Algorithm, Kruskal's Algorithm, Borůvka's Algorithm"
MEDIUM,Check if Word Can Be Placed In Crossword,17.0,0.005084201672016892,https://leetcode.com/problems/check-if-word-can-be-placed-in-crossword,"Array, Matrix, Enumeration"
MEDIUM,Step-By-Step Directions From a Binary Tree Node to Another,17.0,0.005646683688205461,https://leetcode.com/problems/step-by-step-directions-from-a-binary-tree-node-to-another,"String, Tree, Depth-First Search, Binary Tree, Binary Lifting, Lowest Common Ancestor"
MEDIUM,Single Number III,17.0,0.00701445114960406,https://leetcode.com/problems/single-number-iii,"Array, Bit Manipulation"
EASY,Convert a Number to Hexadecimal,17.0,0.005473479095892075,https://leetcode.com/problems/convert-a-number-to-hexadecimal,"Math, String, Bit Manipulation"
EASY,Island Perimeter,17.0,0.0074320729982405905,https://leetcode.com/problems/island-perimeter,"Array, Depth-First Search, Breadth-First Search, Matrix"
MEDIUM,Employee Importance,17.0,0.006971830607263069,https://leetcode.com/problems/employee-importance,"Array, Hash Table, Tree, Depth-First Search, Breadth-First Search"
EASY,Subtract the Product and Sum of Digits of an Integer,17.0,0.008660759755260497,https://leetcode.com/problems/subtract-the-product-and-sum-of-digits-of-an-integer,Math
HARD,Minimum Cost to Cut a Stick,17.0,0.006340008958667511,https://leetcode.com/problems/minimum-cost-to-cut-a-stick,"Array, Dynamic Programming, Sorting"
MEDIUM,Magnetic Force Between Two Balls,17.0,0.0072546853200709735,https://leetcode.com/problems/magnetic-force-between-two-balls,"Array, Binary Search, Sorting"
EASY,Check if the Sentence Is Pangram,17.0,0.008430241646018107,https://leetcode.com/problems/check-if-the-sentence-is-pangram,"Hash Table, String"
EASY,Sorting the Sentence,17.0,0.008418733948964537,https://leetcode.com/problems/sorting-the-sentence,"String, Sorting, Bubble Sort"
EASY,Primary Department for Each Employee,17.0,0.007513946874695196,https://leetcode.com/problems/primary-department-for-each-employee,Database
MEDIUM,Split Linked List in Parts,17.0,0.007069242656625373,https://leetcode.com/problems/split-linked-list-in-parts,Linked List
HARD,Maximum Number of K-Divisible Components,17.0,0.0073901830868380565,https://leetcode.com/problems/maximum-number-of-k-divisible-components,"Tree, Depth-First Search"
EASY,Missing Ranges,17.0,0.0035684017852665364,https://leetcode.com/problems/missing-ranges,Array
EASY,Make The String Great,17.0,0.00686631589250842,https://leetcode.com/problems/make-the-string-great,"String, Stack"
EASY,Sort Array by Increasing Frequency,17.0,0.008100681253185376,https://leetcode.com/problems/sort-array-by-increasing-frequency,"Array, Hash Table, Sorting"
MEDIUM,Minimum Limit of Balls in a Bag,17.0,0.0065968288285314656,https://leetcode.com/problems/minimum-limit-of-balls-in-a-bag,"Array, Binary Search"
EASY,Take Gifts From the Richest Pile,17.0,0.007545797984669459,https://leetcode.com/problems/take-gifts-from-the-richest-pile,"Array, Heap (Priority Queue), Simulation"
EASY,Array Partition,17.0,0.008207983996433386,https://leetcode.com/problems/array-partition,"Array, Greedy, Sorting, Counting Sort"
MEDIUM,Remove Nodes From Linked List,17.0,0.007515562626630635,https://leetcode.com/problems/remove-nodes-from-linked-list,"Linked List, Stack, Recursion, Monotonic Stack"
MEDIUM,Number of Ways to Split Array,17.0,0.005579291991696311,https://leetcode.com/problems/number-of-ways-to-split-array,"Array, Prefix Sum"
HARD,Create Maximum Number,17.0,0.0036487927819738963,https://leetcode.com/problems/create-maximum-number,"Array, Two Pointers, Stack, Greedy, Monotonic Stack"
EASY,Find All K-Distant Indices in an Array,17.0,0.007721987820339618,https://leetcode.com/problems/find-all-k-distant-indices-in-an-array,"Array, Two Pointers"
MEDIUM,Maximum Product of Word Lengths,17.0,0.0061478815190614865,https://leetcode.com/problems/maximum-product-of-word-lengths,"Array, String, Bit Manipulation"
MEDIUM,Ones and Zeroes,17.0,0.005368338997664385,https://leetcode.com/problems/ones-and-zeroes,"Array, String, Dynamic Programming, Knapsack Problem, 0-1 Knapsack"
EASY,Robot Return to Origin,17.0,0.007817544079912742,https://leetcode.com/problems/robot-return-to-origin,"String, Simulation"
MEDIUM,Rank Teams by Votes,17.0,0.005999555461835259,https://leetcode.com/problems/rank-teams-by-votes,"Array, Hash Table, String, Sorting, Counting"
MEDIUM,Find the Most Competitive Subsequence,17.0,0.005342716818399616,https://leetcode.com/problems/find-the-most-competitive-subsequence,"Array, Stack, Greedy, Monotonic Stack"
MEDIUM,Count the Number of Substrings With Dominant Ones,17.0,0.004199969522648481,https://leetcode.com/problems/count-the-number-of-substrings-with-dominant-ones,"String, Enumeration"
HARD,Find the Shortest Superstring,17.0,0.004569844789356984,https://leetcode.com/problems/find-the-shortest-superstring,"Array, String, Dynamic Programming, Bit Manipulation, Bitmask, Hamiltonian Path"
MEDIUM,Corporate Flight Bookings,17.0,0.00685207593693992,https://leetcode.com/problems/corporate-flight-bookings,"Array, Prefix Sum"
MEDIUM,Maximum Average Pass Ratio,17.0,0.0074086944337408474,https://leetcode.com/problems/maximum-average-pass-ratio,"Array, Greedy, Heap (Priority Queue)"
MEDIUM,Minimum Genetic Mutation,17.0,0.0057061993362396935,https://leetcode.com/problems/minimum-genetic-mutation,"Hash Table, String, Breadth-First Search, Bidirectional Search"
MEDIUM,Meeting Scheduler,17.0,0.005520939734422881,https://leetcode.com/problems/meeting-scheduler,"Array, Two Pointers, Sorting"
EASY,String Matching in an Array,17.0,0.006982394838161003,https://leetcode.com/problems/string-matching-in-an-array,"Array, String, String Matching"
MEDIUM,Lowest Common Ancestor of Deepest Leaves,17.0,0.007952316463836945,https://leetcode.com/problems/lowest-common-ancestor-of-deepest-leaves,"Hash Table, Tree, Depth-First Search, Breadth-First Search, Binary Tree, Binary Lifting, Lowest Common Ancestor, DP on Trees"
MEDIUM,Count Number of Maximum Bitwise-OR Subsets,17.0,0.008947216115018544,https://leetcode.com/problems/count-number-of-maximum-bitwise-or-subsets,"Array, Backtracking, Bit Manipulation, Enumeration"
EASY,Delete Characters to Make Fancy String,17.0,0.007398855317335754,https://leetcode.com/problems/delete-characters-to-make-fancy-string,String
MEDIUM,Shortest Subarray to be Removed to Make Array Sorted,17.0,0.0051308723133302436,https://leetcode.com/problems/shortest-subarray-to-be-removed-to-make-array-sorted,"Array, Two Pointers, Binary Search, Stack, Monotonic Stack"
HARD,Count Number of Balanced Permutations,17.0,0.004902645415708183,https://leetcode.com/problems/count-number-of-balanced-permutations,"Math, String, Dynamic Programming, Combinatorics"
EASY,Apply Operations to an Array,17.0,0.007475133293916356,https://leetcode.com/problems/apply-operations-to-an-array,"Array, Two Pointers, Simulation"
MEDIUM,Smallest String With Swaps,17.0,0.006093183157878079,https://leetcode.com/problems/smallest-string-with-swaps,"Array, Hash Table, String, Depth-First Search, Breadth-First Search, Union-Find, Sorting"
EASY,N-Repeated Element in Size 2N Array,17.0,0.007998966661588294,https://leetcode.com/problems/n-repeated-element-in-size-2n-array,"Array, Hash Table, Pigeonhole Principle"
MEDIUM,Construct the Lexicographically Largest Valid Sequence,17.0,0.00726551750496866,https://leetcode.com/problems/construct-the-lexicographically-largest-valid-sequence,"Array, Backtracking"
EASY,Largest Perimeter Triangle,17.0,0.006243549306855599,https://leetcode.com/problems/largest-perimeter-triangle,"Array, Math, Greedy, Sorting, Quicksort, Polygons"
MEDIUM,Smallest Subarrays With Maximum Bitwise OR,17.0,0.006192491766158913,https://leetcode.com/problems/smallest-subarrays-with-maximum-bitwise-or,"Array, Binary Search, Bit Manipulation, Sliding Window"
MEDIUM,Find the Lexicographically Largest String From the Box I,17.0,0.004093887655174925,https://leetcode.com/problems/find-the-lexicographically-largest-string-from-the-box-i,"Two Pointers, String, Enumeration"
HARD,Insert Delete GetRandom O(1) - Duplicates allowed,17.0,0.003689525730978801,https://leetcode.com/problems/insert-delete-getrandom-o1-duplicates-allowed,"Array, Hash Table, Math, Design, Randomized"
MEDIUM,Count the Number of Square-Free Subsets,17.0,0.0026892935982339955,https://leetcode.com/problems/count-the-number-of-square-free-subsets,"Array, Math, Dynamic Programming, Bit Manipulation, Number Theory, Bitmask"
HARD,Sum of k-Mirror Numbers,17.0,0.006355062616464997,https://leetcode.com/problems/sum-of-k-mirror-numbers,"Math, Enumeration"
HARD,Count the Number of Powerful Integers,17.0,0.004625014686875808,https://leetcode.com/problems/count-the-number-of-powerful-integers,"Math, String, Dynamic Programming"
EASY,Longest Continuous Increasing Subsequence,17.0,0.005233019563091903,https://leetcode.com/problems/longest-continuous-increasing-subsequence,Array
EASY,Smallest Number With All Set Bits,17.0,0.008012740399744651,https://leetcode.com/problems/smallest-number-with-all-set-bits,"Math, Bit Manipulation"
MEDIUM,Maximum Subarray Sum With Length Divisible by K,17.0,0.004956067865271077,https://leetcode.com/problems/maximum-subarray-sum-with-length-divisible-by-k,"Array, Hash Table, Prefix Sum"
HARD,Paint House III,17.0,0.006128360812189423,https://leetcode.com/problems/paint-house-iii,"Array, Dynamic Programming"
MEDIUM,Best Time to Buy and Sell Stock V,17.0,0.0060574493136522885,https://leetcode.com/problems/best-time-to-buy-and-sell-stock-v,"Array, Dynamic Programming"
MEDIUM,Distribute Candies Among Children II,17.0,0.005564238069997744,https://leetcode.com/problems/distribute-candies-among-children-ii,"Math, Combinatorics, Enumeration"
EASY,Count Odd Numbers in an Interval Range,17.0,0.005476911763454866,https://leetcode.com/problems/count-odd-numbers-in-an-interval-range,Math
EASY,Count Square Sum Triples,17.0,0.007717136338806594,https://leetcode.com/problems/count-square-sum-triples,"Math, Enumeration"
MEDIUM,Best Time to Buy and Sell Stock with Transaction Fee,17.0,0.007248233424460566,https://leetcode.com/problems/best-time-to-buy-and-sell-stock-with-transaction-fee,"Array, Dynamic Programming, Greedy"
MEDIUM,Find the Minimum Area to Cover All Ones I,17.0,0.0077978730296831755,https://leetcode.com/problems/find-the-minimum-area-to-cover-all-ones-i,"Array, Matrix"
MEDIUM,Minimum Number of Operations to Make All Array Elements Equal to 1,17.0,0.005473317145308821,https://leetcode.com/problems/minimum-number-of-operations-to-make-all-array-elements-equal-to-1,"Array, Math, Number Theory, Euclidean Algorithm, Greatest Common Divisor"
MEDIUM,Longest Non-Decreasing Subarray After Replacing at Most One Element,17.0,0.002270164938409075,https://leetcode.com/problems/longest-non-decreasing-subarray-after-replacing-at-most-one-element,"Array, Dynamic Programming"
MEDIUM,Concatenate Non-Zero Digits and Multiply by Sum II,17.0,0.004266334813220324,https://leetcode.com/problems/concatenate-non-zero-digits-and-multiply-by-sum-ii,"Math, String, Prefix Sum"
MEDIUM,Minimize Maximum Pair Sum in Array,17.0,0.008326405791070485,https://leetcode.com/problems/minimize-maximum-pair-sum-in-array,"Array, Two Pointers, Greedy, Sorting"
MEDIUM,Gray Code,14.9,0.006578965384139192,https://leetcode.com/problems/gray-code,"Math, Backtracking, Bit Manipulation"
MEDIUM,Ugly Number II,14.9,0.004976032891737942,https://leetcode.com/problems/ugly-number-ii,"Hash Table, Math, Dynamic Programming, Heap (Priority Queue)"
MEDIUM,Walls and Gates,14.9,0.006414178334561533,https://leetcode.com/problems/walls-and-gates,"Array, Breadth-First Search, Matrix"
MEDIUM,Kth Smallest Element in a Sorted Matrix,14.9,0.0064961521050248975,https://leetcode.com/problems/kth-smallest-element-in-a-sorted-matrix,"Array, Binary Search, Sorting, Heap (Priority Queue), Matrix"
MEDIUM,Shuffle an Array,14.9,0.005993314131670247,https://leetcode.com/problems/shuffle-an-array,"Array, Math, Design, Randomized"
MEDIUM,Valid Square,14.9,0.004544193839758506,https://leetcode.com/problems/valid-square,"Math, Geometry"
MEDIUM,Number of Longest Increasing Subsequence,14.9,0.005256578546142029,https://leetcode.com/problems/number-of-longest-increasing-subsequence,"Array, Dynamic Programming, Binary Indexed Tree, Segment Tree, Longest Increasing Subsequence"
MEDIUM,Delete and Earn,14.9,0.005747832037080489,https://leetcode.com/problems/delete-and-earn,"Array, Hash Table, Dynamic Programming"
EASY,Toeplitz Matrix,14.9,0.006983907418094353,https://leetcode.com/problems/toeplitz-matrix,"Array, Matrix"
MEDIUM,Longest Mountain in Array,14.9,0.004245321358987334,https://leetcode.com/problems/longest-mountain-in-array,"Array, Two Pointers, Dynamic Programming, Enumeration"
MEDIUM,Partition Array for Maximum Sum,14.9,0.0077542166577360475,https://leetcode.com/problems/partition-array-for-maximum-sum,"Array, Dynamic Programming"
HARD,Stone Game III,14.9,0.006793160225533994,https://leetcode.com/problems/stone-game-iii,"Array, Math, Dynamic Programming, Minimax, Game Theory, Zero-Sum Game"
MEDIUM,Maximum Number of Vowels in a Substring of Given Length,14.9,0.006268546869570349,https://leetcode.com/problems/maximum-number-of-vowels-in-a-substring-of-given-length,"String, Sliding Window"
HARD,Parallel Courses II,14.9,0.0031335129310344828,https://leetcode.com/problems/parallel-courses-ii,"Dynamic Programming, Bit Manipulation, Graph Theory, Bitmask, Directed Acyclic Graph"
EASY,Maximum Population Year,14.9,0.006452244613389247,https://leetcode.com/problems/maximum-population-year,"Array, Counting, Prefix Sum"
EASY,Maximum Difference Between Increasing Elements,14.9,0.006665402006593982,https://leetcode.com/problems/maximum-difference-between-increasing-elements,Array
MEDIUM,Longest Palindrome by Concatenating Two Letter Words,14.9,0.005345248500557581,https://leetcode.com/problems/longest-palindrome-by-concatenating-two-letter-words,"Array, Hash Table, String, Greedy, Counting"
HARD,Minimum Replacements to Sort the Array,14.9,0.005310344827586206,https://leetcode.com/problems/minimum-replacements-to-sort-the-array,"Array, Math, Greedy"
HARD,Count Subarrays With Fixed Bounds,14.9,0.006917437440700361,https://leetcode.com/problems/count-subarrays-with-fixed-bounds,"Array, Queue, Sliding Window, Monotonic Queue"
MEDIUM,Maximum Subsequence Score,14.9,0.005493629331189995,https://leetcode.com/problems/maximum-subsequence-score,"Array, Greedy, Sorting, Heap (Priority Queue)"
MEDIUM,Maximum Number of Points with Cost,14.9,0.004160627910042993,https://leetcode.com/problems/maximum-number-of-points-with-cost,"Array, Dynamic Programming, Matrix"
HARD,Department Top Three Salaries,14.9,0.006139898936478745,https://leetcode.com/problems/department-top-three-salaries,Database
MEDIUM,Battleships in a Board,14.9,0.007773019837965717,https://leetcode.com/problems/battleships-in-a-board,"Array, Depth-First Search, Matrix"
EASY,Relative Ranks,14.9,0.007508491614744873,https://leetcode.com/problems/relative-ranks,"Array, Sorting, Heap (Priority Queue)"
MEDIUM,Print Binary Tree,14.9,0.006686662727293127,https://leetcode.com/problems/print-binary-tree,"Tree, Depth-First Search, Breadth-First Search, Binary Tree"
EASY,Buddy Strings,14.9,0.003417313986063894,https://leetcode.com/problems/buddy-strings,"Hash Table, String"
MEDIUM,Satisfiability of Equality Equations,14.9,0.005211120031167728,https://leetcode.com/problems/satisfiability-of-equality-equations,"Array, String, Union-Find, Graph Theory"
MEDIUM,Design Browser History,14.9,0.007844315176229428,https://leetcode.com/problems/design-browser-history,"Array, Linked List, Stack, Design, Doubly-Linked List, Data Stream"
EASY,Maximum Nesting Depth of the Parentheses,14.9,0.008504440517617907,https://leetcode.com/problems/maximum-nesting-depth-of-the-parentheses,"String, Stack, Bracket Sequences"
EASY,Get the Size of a DataFrame,14.9,0.00847625356623235,https://leetcode.com/problems/get-the-size-of-a-dataframe,
MEDIUM,XOR Queries of a Subarray,14.9,0.007798768253746709,https://leetcode.com/problems/xor-queries-of-a-subarray,"Array, Bit Manipulation, Prefix Sum"
MEDIUM,Number of Ways to Build Sturdy Brick Wall,14.9,0.0049533478365965675,https://leetcode.com/problems/number-of-ways-to-build-sturdy-brick-wall,"Array, Dynamic Programming, Bit Manipulation, Bitmask"
HARD,Kth Ancestor of a Tree Node,14.9,0.0039424346790273715,https://leetcode.com/problems/kth-ancestor-of-a-tree-node,"Binary Search, Dynamic Programming, Bit Manipulation, Tree, Depth-First Search, Breadth-First Search, Design, Binary Lifting"
MEDIUM,Make Sum Divisible by P,14.9,0.004259493888233199,https://leetcode.com/problems/make-sum-divisible-by-p,"Array, Hash Table, Prefix Sum"
EASY,Unique Email Addresses,14.9,0.006796216417420244,https://leetcode.com/problems/unique-email-addresses,"Array, Hash Table, String"
HARD,Minimum Time to Visit a Cell In a Grid,14.9,0.005612150398221894,https://leetcode.com/problems/minimum-time-to-visit-a-cell-in-a-grid,"Array, Breadth-First Search, Graph Theory, Heap (Priority Queue), Matrix, Shortest Path"
MEDIUM,Fraction Addition and Subtraction,14.9,0.006656669888377206,https://leetcode.com/problems/fraction-addition-and-subtraction,"Math, String, Simulation, Euclidean Algorithm, Greatest Common Divisor"
MEDIUM,Dota2 Senate,14.9,0.0050374701960257,https://leetcode.com/problems/dota2-senate,"String, Greedy, Queue"
EASY,Sum of All Subset XOR Totals,14.9,0.009012143661028222,https://leetcode.com/problems/sum-of-all-subset-xor-totals,"Array, Math, Backtracking, Bit Manipulation, Combinatorics, Enumeration"
MEDIUM,Minimum Cost For Tickets,14.9,0.006747677199840635,https://leetcode.com/problems/minimum-cost-for-tickets,"Array, Dynamic Programming"
EASY,Sort Array By Parity II,14.9,0.007134577421644803,https://leetcode.com/problems/sort-array-by-parity-ii,"Array, Two Pointers, Sorting"
EASY,Counting Words With a Given Prefix,14.9,0.008439975674032029,https://leetcode.com/problems/counting-words-with-a-given-prefix,"Array, String, String Matching"
EASY,To Lower Case,14.9,0.008510460652381958,https://leetcode.com/problems/to-lower-case,String
MEDIUM,Describe the Painting,14.9,0.005293034673212642,https://leetcode.com/problems/describe-the-painting,"Array, Hash Table, Sorting, Prefix Sum"
MEDIUM,Sort Transformed Array,14.9,0.005828517672355866,https://leetcode.com/problems/sort-transformed-array,"Array, Math, Two Pointers, Sorting"
EASY,Merge Two 2D Arrays by Summing Values,14.9,0.008165816555479105,https://leetcode.com/problems/merge-two-2d-arrays-by-summing-values,"Array, Hash Table, Two Pointers"
EASY,Largest Number At Least Twice of Others,14.9,0.005300863346347684,https://leetcode.com/problems/largest-number-at-least-twice-of-others,"Array, Sorting"
MEDIUM,Rotated Digits,14.9,0.006408531015426862,https://leetcode.com/problems/rotated-digits,"Math, Dynamic Programming"
MEDIUM,Magic Squares In Grid,14.9,0.0055225896677716275,https://leetcode.com/problems/magic-squares-in-grid,"Array, Hash Table, Math, Matrix"
MEDIUM,Construct Binary Tree from Preorder and Postorder Traversal,14.9,0.007806948766747606,https://leetcode.com/problems/construct-binary-tree-from-preorder-and-postorder-traversal,"Array, Hash Table, Divide and Conquer, Tree, Binary Tree"
EASY,X of a Kind in a Deck of Cards,14.9,0.0030472146789535383,https://leetcode.com/problems/x-of-a-kind-in-a-deck-of-cards,"Array, Hash Table, Math, Counting, Number Theory, Euclidean Algorithm, Greatest Common Divisor"
MEDIUM,Knight Dialer,14.9,0.006210608296690475,https://leetcode.com/problems/knight-dialer,Dynamic Programming
MEDIUM,Count Servers that Communicate,14.9,0.007357582936677044,https://leetcode.com/problems/count-servers-that-communicate,"Array, Depth-First Search, Breadth-First Search, Union-Find, Matrix, Counting"
MEDIUM,Maximum Side Length of a Square with Sum Less than or Equal to Threshold,14.9,0.0065460701280635,https://leetcode.com/problems/maximum-side-length-of-a-square-with-sum-less-than-or-equal-to-threshold,"Array, Binary Search, Matrix, Prefix Sum"
MEDIUM,Minimum Operations to Reduce X to Zero,14.9,0.004080892181307975,https://leetcode.com/problems/minimum-operations-to-reduce-x-to-zero,"Array, Hash Table, Binary Search, Sliding Window, Prefix Sum"
MEDIUM,Maximum Number of Operations to Move Ones to the End,14.9,0.006691201779236941,https://leetcode.com/problems/maximum-number-of-operations-to-move-ones-to-the-end,"String, Greedy, Counting"
MEDIUM,String Compression III,14.9,0.006714583319812832,https://leetcode.com/problems/string-compression-iii,String
EASY,Customer Placing the Largest Number of Orders,14.9,0.006465147168026164,https://leetcode.com/problems/customer-placing-the-largest-number-of-orders,Database
EASY,Find Followers Count,14.9,0.00696091430354146,https://leetcode.com/problems/find-followers-count,Database
EASY,Maximum Ascending Subarray Sum,14.9,0.0066284610165643805,https://leetcode.com/problems/maximum-ascending-subarray-sum,Array
MEDIUM,Maximum Distance in Arrays,14.9,0.004560794332580571,https://leetcode.com/problems/maximum-distance-in-arrays,"Array, Greedy"
MEDIUM,Populating Next Right Pointers in Each Node II,14.9,0.0058037931279903,https://leetcode.com/problems/populating-next-right-pointers-in-each-node-ii,"Linked List, Tree, Depth-First Search, Breadth-First Search, Binary Tree"
MEDIUM,Number of Sub-arrays With Odd Sum,14.9,0.0055609569401619185,https://leetcode.com/problems/number-of-sub-arrays-with-odd-sum,"Array, Math, Dynamic Programming, Prefix Sum"
MEDIUM,Adding Spaces to a String,14.9,0.007185659714216276,https://leetcode.com/problems/adding-spaces-to-a-string,"Array, Two Pointers, String, Simulation"
MEDIUM,Smallest Number in Infinite Set,14.9,0.007066448966310677,https://leetcode.com/problems/smallest-number-in-infinite-set,"Hash Table, Design, Heap (Priority Queue), Ordered Set"
MEDIUM,Extra Characters in a String,14.9,0.005716240105392349,https://leetcode.com/problems/extra-characters-in-a-string,"Array, Hash Table, String, Dynamic Programming, Trie"
MEDIUM,Cousins in Binary Tree II,14.9,0.007595497875272769,https://leetcode.com/problems/cousins-in-binary-tree-ii,"Hash Table, Tree, Depth-First Search, Breadth-First Search, Binary Tree"
HARD,Find the Count of Good Integers,14.9,0.006925609387970719,https://leetcode.com/problems/find-the-count-of-good-integers,"Hash Table, Math, Combinatorics, Enumeration"
EASY,Count Largest Group,14.9,0.007467390579457144,https://leetcode.com/problems/count-largest-group,"Hash Table, Math, Counting"
MEDIUM,Maximum Gap,14.9,0.00528245519522236,https://leetcode.com/problems/maximum-gap,"Array, Sorting, Bucket Sort, Radix Sort, Pigeonhole Principle"
EASY,Shortest Distance to a Character,14.9,0.0072946897591928015,https://leetcode.com/problems/shortest-distance-to-a-character,"Array, Two Pointers, String"
MEDIUM,Take K of Each Character From Left and Right,14.9,0.005148154936461388,https://leetcode.com/problems/take-k-of-each-character-from-left-and-right,"Hash Table, String, Sliding Window"
MEDIUM,Max Sum of a Pair With Equal Sum of Digits,14.9,0.00659284807151409,https://leetcode.com/problems/max-sum-of-a-pair-with-equal-sum-of-digits,"Array, Hash Table, Sorting, Heap (Priority Queue)"
MEDIUM,Reverse Odd Levels of Binary Tree,14.9,0.008669438576987215,https://leetcode.com/problems/reverse-odd-levels-of-binary-tree,"Tree, Depth-First Search, Breadth-First Search, Binary Tree"
MEDIUM,Movie Rating,14.9,0.0044163183176083734,https://leetcode.com/problems/movie-rating,Database
MEDIUM,Identify the Largest Outlier in an Array,14.9,0.0036484741109405533,https://leetcode.com/problems/identify-the-largest-outlier-in-an-array,"Array, Hash Table, Counting, Enumeration"
EASY,Minimum Value to Get Positive Step by Step Sum,14.9,0.006482903734876381,https://leetcode.com/problems/minimum-value-to-get-positive-step-by-step-sum,"Array, Prefix Sum"
HARD,Minimum Insertion Steps to Make a String Palindrome,14.9,0.007436526429341963,https://leetcode.com/problems/minimum-insertion-steps-to-make-a-string-palindrome,"String, Dynamic Programming"
MEDIUM,Construct String With Repeat Limit,14.9,0.007078096186862798,https://leetcode.com/problems/construct-string-with-repeat-limit,"Hash Table, String, Greedy, Heap (Priority Queue), Counting"
MEDIUM,First Completely Painted Row or Column,14.9,0.006385790374813662,https://leetcode.com/problems/first-completely-painted-row-or-column,"Array, Hash Table, Matrix"
EASY,Perfect Number,14.9,0.004987720727552762,https://leetcode.com/problems/perfect-number,Math
MEDIUM,Minimize the Maximum Edge Weight of Graph,14.9,0.004473416067929458,https://leetcode.com/problems/minimize-the-maximum-edge-weight-of-graph,"Binary Search, Depth-First Search, Breadth-First Search, Graph Theory, Shortest Path"
MEDIUM,Find the Number of Distinct Colors Among the Balls,14.9,0.005407187996159374,https://leetcode.com/problems/find-the-number-of-distinct-colors-among-the-balls,"Array, Hash Table, Simulation"
EASY,Maximum 69 Number,14.9,0.008457796795235157,https://leetcode.com/problems/maximum-69-number,"Math, Greedy"
HARD,Design Excel Sum Formula,14.9,0.003949952042762768,https://leetcode.com/problems/design-excel-sum-formula,"Array, Hash Table, String, Graph Theory, Design, Topological Sort, Matrix"
EASY,Count Binary Substrings,14.9,0.0070533933233594415,https://leetcode.com/problems/count-binary-substrings,"Two Pointers, String"
EASY,Count Operations to Obtain Zero,14.9,0.00797711163914783,https://leetcode.com/problems/count-operations-to-obtain-zero,"Math, Simulation"
EASY,Minimum Recolors to Get K Consecutive Black Blocks,14.9,0.006893891692102655,https://leetcode.com/problems/minimum-recolors-to-get-k-consecutive-black-blocks,"String, Sliding Window"
MEDIUM,Simple Bank System,14.9,0.0069569251305521326,https://leetcode.com/problems/simple-bank-system,"Array, Hash Table, Design, Simulation"
MEDIUM,Walking Robot Simulation II,14.9,0.00431493203180111,https://leetcode.com/problems/walking-robot-simulation-ii,"Design, Simulation"
EASY,The Two Sneaky Numbers of Digitville,14.9,0.008961170115425543,https://leetcode.com/problems/the-two-sneaky-numbers-of-digitville,"Array, Hash Table, Math"
HARD,Find the Minimum Cost Array Permutation,14.9,0.0026344713883355085,https://leetcode.com/problems/find-the-minimum-cost-array-permutation,"Array, Dynamic Programming, Bit Manipulation, Bitmask"
HARD,Longest Subsequence Repeated k Times,14.9,0.007092635724971124,https://leetcode.com/problems/longest-subsequence-repeated-k-times,"Hash Table, Two Pointers, String, Backtracking, Counting, Enumeration"
MEDIUM,Minimum Equal Sum of Two Arrays After Replacing Zeros,14.9,0.005007307784677668,https://leetcode.com/problems/minimum-equal-sum-of-two-arrays-after-replacing-zeros,"Array, Greedy"
EASY,Count Equal and Divisible Pairs in an Array,14.9,0.008376987968469092,https://leetcode.com/problems/count-equal-and-divisible-pairs-in-an-array,Array
HARD,Count the Number of Ideal Arrays,14.9,0.005690617034578945,https://leetcode.com/problems/count-the-number-of-ideal-arrays,"Math, Dynamic Programming, Combinatorics, Number Theory, Prime Factorization, Fermat's Little Theorem"
EASY,Find Words Containing Character,14.9,0.009041332473412428,https://leetcode.com/problems/find-words-containing-character,"Array, String"
HARD,Get the Maximum Score,14.9,0.004138303970236744,https://leetcode.com/problems/get-the-maximum-score,"Array, Two Pointers, Dynamic Programming, Greedy"
HARD,Set Intersection Size At Least Two,14.9,0.005812802984673142,https://leetcode.com/problems/set-intersection-size-at-least-two,"Array, Greedy, Sorting"
MEDIUM,Count Covered Buildings,14.9,0.00586938956223366,https://leetcode.com/problems/count-covered-buildings,"Array, Hash Table, Sorting"
HARD,Maximum Students Taking Exam,14.9,0.005436213902348928,https://leetcode.com/problems/maximum-students-taking-exam,"Array, Dynamic Programming, Bit Manipulation, Matrix, Bitmask, Maximum Flow, Maximum Matching, Bipartite Graph, Edmonds–Karp Algorithm, MPM Algorithm, Push-Relabel Algorithm, Minimum Cut, Matching (Graph), Flow Network, Dinic's Algorithm"
HARD,Trips and Users,14.9,0.003893514492407374,https://leetcode.com/problems/trips-and-users,Database
EASY,Find the Original Typed String I,14.9,0.007209982192679532,https://leetcode.com/problems/find-the-original-typed-string-i,String
EASY,Find Lucky Integer in an Array,14.9,0.007561452163197023,https://leetcode.com/problems/find-lucky-integer-in-an-array,"Array, Hash Table, Counting"
MEDIUM,Four Divisors,14.9,0.005652986792647637,https://leetcode.com/problems/four-divisors,"Array, Math, Prime Factorization, Sieve Theory"
HARD,Minimum Operations to Make Array Elements Zero,14.9,0.006006522115696006,https://leetcode.com/problems/minimum-operations-to-make-array-elements-zero,"Array, Math, Bit Manipulation"
MEDIUM,Minimum Operations to Make the Integer Zero,14.9,0.005801490925062023,https://leetcode.com/problems/minimum-operations-to-make-the-integer-zero,"Bit Manipulation, Brainteaser, Enumeration"
HARD,Trionic Array II,14.9,0.00473564469063752,https://leetcode.com/problems/trionic-array-ii,"Array, Dynamic Programming"
EASY,Binary Number with Alternating Bits,14.9,0.007000405932444768,https://leetcode.com/problems/binary-number-with-alternating-bits,Bit Manipulation
EASY,Minimum Operations to Make Array Sum Divisible by K,14.9,0.009231883170292075,https://leetcode.com/problems/minimum-operations-to-make-array-sum-divisible-by-k,"Array, Math"
MEDIUM,Compare Version Numbers,14.9,0.004686017136318197,https://leetcode.com/problems/compare-version-numbers,"Two Pointers, String"
EASY,Sum of Left Leaves,12.6,0.0063030782792477666,https://leetcode.com/problems/sum-of-left-leaves,"Tree, Depth-First Search, Breadth-First Search, Binary Tree"
MEDIUM,Arithmetic Slices,12.6,0.006487880165585892,https://leetcode.com/problems/arithmetic-slices,"Array, Dynamic Programming, Sliding Window"
MEDIUM,Minimum Number of Arrows to Burst Balloons,12.6,0.0061803025329715475,https://leetcode.com/problems/minimum-number-of-arrows-to-burst-balloons,"Array, Greedy, Sorting"
HARD,Cherry Pickup,12.6,0.0040270487618501005,https://leetcode.com/problems/cherry-pickup,"Array, Dynamic Programming, Matrix"
EASY,Most Common Word,12.6,0.004532132544922479,https://leetcode.com/problems/most-common-word,"Array, Hash Table, String, Counting"
MEDIUM,Maximize Distance to Closest Person,12.6,0.004997681957791178,https://leetcode.com/problems/maximize-distance-to-closest-person,Array
EASY,Leaf-Similar Trees,12.6,0.007033065726754212,https://leetcode.com/problems/leaf-similar-trees,"Tree, Depth-First Search, Binary Tree"
MEDIUM,Validate Stack Sequences,12.6,0.0070670364979540275,https://leetcode.com/problems/validate-stack-sequences,"Array, Stack, Simulation"
MEDIUM,Minimum Number of Steps to Make Two Strings Anagram,12.6,0.008258009607201073,https://leetcode.com/problems/minimum-number-of-steps-to-make-two-strings-anagram,"Hash Table, String, Counting"
EASY,Find Users With Valid E-Mails,12.6,0.003539775356901278,https://leetcode.com/problems/find-users-with-valid-e-mails,Database
MEDIUM,Maximum Value at a Given Index in a Bounded Array,12.6,0.0038843747998548285,https://leetcode.com/problems/maximum-value-at-a-given-index-in-a-bounded-array,"Math, Binary Search, Greedy"
EASY,Find Greatest Common Divisor of Array,12.6,0.00834808307553467,https://leetcode.com/problems/find-greatest-common-divisor-of-array,"Array, Math, Number Theory, Euclidean Algorithm, Greatest Common Divisor"
HARD,Minimum Number of Operations to Make Array Continuous,12.6,0.005176202584074462,https://leetcode.com/problems/minimum-number-of-operations-to-make-array-continuous,"Array, Hash Table, Binary Search, Sliding Window"
MEDIUM,Minimized Maximum of Products Distributed to Any Store,12.6,0.006322572453417135,https://leetcode.com/problems/minimized-maximum-of-products-distributed-to-any-store,"Array, Binary Search, Greedy"
HARD,Find All People With Secret,12.6,0.004837393081351576,https://leetcode.com/problems/find-all-people-with-secret,"Depth-First Search, Breadth-First Search, Union-Find, Graph Theory, Sorting"
MEDIUM,Check if a Parentheses String Can Be Valid,12.6,0.004524706277560944,https://leetcode.com/problems/check-if-a-parentheses-string-can-be-valid,"String, Stack, Greedy, Bracket Sequences"
HARD,Escape the Spreading Fire,12.6,0.0039049604284237464,https://leetcode.com/problems/escape-the-spreading-fire,"Array, Binary Search, Breadth-First Search, Matrix"
EASY,Find Closest Number to Zero,12.6,0.004811771483520529,https://leetcode.com/problems/find-closest-number-to-zero,Array
MEDIUM,Strictly Palindromic Number,12.6,0.009038301705445072,https://leetcode.com/problems/strictly-palindromic-number,"Math, Two Pointers, Brainteaser"
HARD,Longest Increasing Subsequence II,12.6,0.0026487822743087347,https://leetcode.com/problems/longest-increasing-subsequence-ii,"Array, Divide and Conquer, Dynamic Programming, Binary Indexed Tree, Segment Tree, Queue, Monotonic Queue"
HARD,Painting the Walls,12.6,0.0049200218683314815,https://leetcode.com/problems/painting-the-walls,"Array, Dynamic Programming"
EASY,Add Two Promises,12.6,0.009169820301162371,https://leetcode.com/problems/add-two-promises,
MEDIUM,Stock Price Fluctuation ,12.6,0.004925273628977333,https://leetcode.com/problems/stock-price-fluctuation,"Hash Table, Design, Heap (Priority Queue), Data Stream, Ordered Set"
HARD,Contains Duplicate III,12.6,0.0025087585635270807,https://leetcode.com/problems/contains-duplicate-iii,"Array, Sliding Window, Sorting, Bucket Sort, Ordered Set"
MEDIUM,K-diff Pairs in an Array,12.6,0.0046237907485070645,https://leetcode.com/problems/k-diff-pairs-in-an-array,"Array, Hash Table, Two Pointers, Binary Search, Sorting"
MEDIUM,Open the Lock,12.6,0.0061504407369465655,https://leetcode.com/problems/open-the-lock,"Array, Hash Table, String, Breadth-First Search, Bidirectional Search"
MEDIUM,Design File System,12.6,0.006517900483302497,https://leetcode.com/problems/design-file-system,"Hash Table, String, Design, Trie"
MEDIUM,Product Sales Analysis III,12.6,0.004641110019000224,https://leetcode.com/problems/product-sales-analysis-iii,Database
MEDIUM,Path with Maximum Probability,12.6,0.006572414354908237,https://leetcode.com/problems/path-with-maximum-probability,"Array, Graph Theory, Heap (Priority Queue), Shortest Path, Dijkstra's Algorithm"
EASY,Guess Number Higher or Lower,12.6,0.005813604506936386,https://leetcode.com/problems/guess-number-higher-or-lower,"Binary Search, Interactive"
MEDIUM,Delete Leaves With a Given Value,12.6,0.00772027984248666,https://leetcode.com/problems/delete-leaves-with-a-given-value,"Tree, Depth-First Search, Binary Tree"
MEDIUM,Reach a Number,12.6,0.004554043273008655,https://leetcode.com/problems/reach-a-number,"Math, Binary Search"
EASY,Count the Number of Consistent Strings,12.6,0.008852757286049819,https://leetcode.com/problems/count-the-number-of-consistent-strings,"Array, Hash Table, String, Bit Manipulation, Counting"
MEDIUM,Jump Game VI,12.6,0.004656777937841619,https://leetcode.com/problems/jump-game-vi,"Array, Dynamic Programming, Queue, Heap (Priority Queue), Monotonic Queue"
EASY,Function Composition,12.6,0.008678120581443845,https://leetcode.com/problems/function-composition,
EASY,Reverse Prefix of Word,12.6,0.00865036923309799,https://leetcode.com/problems/reverse-prefix-of-word,"Two Pointers, String, Stack"
MEDIUM,Design Circular Deque,12.6,0.006487396273680914,https://leetcode.com/problems/design-circular-deque,"Array, Linked List, Design, Queue"
MEDIUM,The Number of the Smallest Unoccupied Chair,12.6,0.006031911107413416,https://leetcode.com/problems/the-number-of-the-smallest-unoccupied-chair,"Array, Hash Table, Heap (Priority Queue)"
EASY,Merge Two Binary Trees,12.6,0.007914596999620434,https://leetcode.com/problems/merge-two-binary-trees,"Tree, Depth-First Search, Breadth-First Search, Binary Tree"
EASY,Minimum Difference Between Highest and Lowest of K Scores,12.6,0.006639351212237589,https://leetcode.com/problems/minimum-difference-between-highest-and-lowest-of-k-scores,"Array, Sliding Window, Sorting"
MEDIUM,Minimum Number of Changes to Make Binary String Beautiful,12.6,0.007625334424330462,https://leetcode.com/problems/minimum-number-of-changes-to-make-binary-string-beautiful,String
MEDIUM,Find Largest Value in Each Tree Row,12.6,0.00663701804457956,https://leetcode.com/problems/find-largest-value-in-each-tree-row,"Tree, Depth-First Search, Breadth-First Search, Binary Tree"
MEDIUM,Minimum Array End,12.6,0.005529706461013506,https://leetcode.com/problems/minimum-array-end,Bit Manipulation
MEDIUM,Remove All Adjacent Duplicates in String II,12.6,0.006175710558084819,https://leetcode.com/problems/remove-all-adjacent-duplicates-in-string-ii,"String, Stack"
EASY,Long Pressed Name,12.6,0.0033074600483625084,https://leetcode.com/problems/long-pressed-name,"Two Pointers, String"
MEDIUM,Next Greater Node In Linked List,12.6,0.006468809849521204,https://leetcode.com/problems/next-greater-node-in-linked-list,"Array, Linked List, Stack, Monotonic Stack"
MEDIUM,Delete Operation for Two Strings,12.6,0.0066143362562978945,https://leetcode.com/problems/delete-operation-for-two-strings,"String, Dynamic Programming, Longest Common Subsequence"
EASY,Cousins in Binary Tree,12.6,0.0059670790733491194,https://leetcode.com/problems/cousins-in-binary-tree,"Tree, Depth-First Search, Breadth-First Search, Binary Tree"
MEDIUM,Balance a Binary Search Tree,12.6,0.008628134964960779,https://leetcode.com/problems/balance-a-binary-search-tree,"Divide and Conquer, Greedy, Tree, Depth-First Search, Binary Search Tree, Binary Tree"
HARD,Palindrome Pairs,12.6,0.00374957717295181,https://leetcode.com/problems/palindrome-pairs,"Array, Hash Table, String, Trie, Hash Function"
MEDIUM,Generate Binary Strings Without Adjacent Zeros,12.6,0.00886455783534482,https://leetcode.com/problems/generate-binary-strings-without-adjacent-zeros,"String, Backtracking, Bit Manipulation"
MEDIUM,Find the Maximum Length of Valid Subsequence I,12.6,0.0054904631110227,https://leetcode.com/problems/find-the-maximum-length-of-valid-subsequence-i,"Array, Dynamic Programming"
MEDIUM,Word Subsets,12.6,0.005598963228444801,https://leetcode.com/problems/word-subsets,"Array, Hash Table, String"
EASY,Convert 1D Array Into 2D Array,12.6,0.007241320605873142,https://leetcode.com/problems/convert-1d-array-into-2d-array,"Array, Matrix, Simulation"
EASY,First Letter to Appear Twice,12.6,0.007514036731502159,https://leetcode.com/problems/first-letter-to-appear-twice,"Hash Table, String, Bit Manipulation, Counting"
EASY,Binary Watch,12.6,0.006608524875042547,https://leetcode.com/problems/binary-watch,"Backtracking, Bit Manipulation"
MEDIUM,Pyramid Transition Matrix,12.6,0.00606010025860791,https://leetcode.com/problems/pyramid-transition-matrix,"Hash Table, String, Backtracking, Bit Manipulation"
MEDIUM,Push Dominoes,12.6,0.006306387639520351,https://leetcode.com/problems/push-dominoes,"Two Pointers, String, Dynamic Programming"
MEDIUM,Flip String to Monotone Increasing,12.6,0.00619362235315883,https://leetcode.com/problems/flip-string-to-monotone-increasing,"String, Dynamic Programming"
MEDIUM,Flip Equivalent Binary Trees,12.6,0.006949717784513473,https://leetcode.com/problems/flip-equivalent-binary-trees,"Tree, Depth-First Search, Binary Tree"
HARD,Minimum Cost to Merge Stones,12.6,0.004673503895861126,https://leetcode.com/problems/minimum-cost-to-merge-stones,"Array, Dynamic Programming, Prefix Sum"
MEDIUM,Find the Number of Ways to Place People I,12.6,0.006404018630432272,https://leetcode.com/problems/find-the-number-of-ways-to-place-people-i,"Array, Math, Geometry, Sorting, Enumeration"
MEDIUM,Sort Integers by The Power Value,12.6,0.007173463839042958,https://leetcode.com/problems/sort-integers-by-the-power-value,"Dynamic Programming, Memoization, Sorting"
MEDIUM,Evaluate the Bracket Pairs of a String,12.6,0.006974063400576369,https://leetcode.com/problems/evaluate-the-bracket-pairs-of-a-string,"Array, Hash Table, String"
MEDIUM,Minimum Number of Flips to Make the Binary String Alternating,12.6,0.005369416196166641,https://leetcode.com/problems/minimum-number-of-flips-to-make-the-binary-string-alternating,"String, Dynamic Programming, Sliding Window"
HARD,The Earliest and Latest Rounds Where Players Compete,12.6,0.007205348527317006,https://leetcode.com/problems/the-earliest-and-latest-rounds-where-players-compete,"Dynamic Programming, Memoization"
MEDIUM,Customers Who Bought All Products,12.6,0.006439292299524325,https://leetcode.com/problems/customers-who-bought-all-products,Database
EASY,Group Sold Products By The Date,12.6,0.007817986479620639,https://leetcode.com/problems/group-sold-products-by-the-date,Database
MEDIUM,Longest Subarray With Maximum Bitwise AND,12.6,0.00653569793289387,https://leetcode.com/problems/longest-subarray-with-maximum-bitwise-and,"Array, Bit Manipulation, Brainteaser"
HARD,Maximum Height by Stacking Cuboids ,12.6,0.006250536976529244,https://leetcode.com/problems/maximum-height-by-stacking-cuboids,"Array, Dynamic Programming, Sorting"
MEDIUM,Reach End of Array With Max Score,12.6,0.0033779398930337684,https://leetcode.com/problems/reach-end-of-array-with-max-score,"Array, Greedy"
MEDIUM,Number of Distinct Islands,12.6,0.006293684389514852,https://leetcode.com/problems/number-of-distinct-islands,"Array, Hash Table, Depth-First Search, Breadth-First Search, Union-Find, Sorting, Matrix, Hash Function"
HARD,Divide Nodes Into the Maximum Number of Groups,12.6,0.006685905039997566,https://leetcode.com/problems/divide-nodes-into-the-maximum-number-of-groups,"Depth-First Search, Breadth-First Search, Union-Find, Graph Theory"
MEDIUM,Taking Maximum Energy From the Mystic Dungeon,12.6,0.006088439543346957,https://leetcode.com/problems/taking-maximum-energy-from-the-mystic-dungeon,"Array, Dynamic Programming, Prefix Sum"
EASY,Three Divisors,12.6,0.006471577050217272,https://leetcode.com/problems/three-divisors,"Math, Enumeration, Number Theory, Prime Factorization, Sieve Theory"
HARD,Maximum Sum of Subsequence With Non-adjacent Elements,12.6,0.0015752989911137834,https://leetcode.com/problems/maximum-sum-of-subsequence-with-non-adjacent-elements,"Array, Divide and Conquer, Dynamic Programming, Segment Tree"
EASY,Minimum String Length After Removing Substrings,12.6,0.0077224925160926505,https://leetcode.com/problems/minimum-string-length-after-removing-substrings,"String, Stack, Simulation"
HARD,Remove Boxes,12.6,0.004964726764037846,https://leetcode.com/problems/remove-boxes,"Array, Dynamic Programming, Memoization"
MEDIUM,Minimum Penalty for a Shop,12.6,0.0071243242281974675,https://leetcode.com/problems/minimum-penalty-for-a-shop,"String, Prefix Sum"
MEDIUM,Minimize XOR,12.6,0.006224922805469784,https://leetcode.com/problems/minimize-xor,"Greedy, Bit Manipulation"
MEDIUM,Minimum Score Triangulation of Polygon,12.6,0.006761840841932567,https://leetcode.com/problems/minimum-score-triangulation-of-polygon,"Array, Dynamic Programming, Triangulation, Polygons"
HARD,Check if DFS Strings Are Palindromes,12.6,0.0020845604893520615,https://leetcode.com/problems/check-if-dfs-strings-are-palindromes,"Array, Hash Table, String, Tree, Depth-First Search, Hash Function"
MEDIUM,Flip Columns For Maximum Number of Equal Rows,12.6,0.007850657022932157,https://leetcode.com/problems/flip-columns-for-maximum-number-of-equal-rows,"Array, Hash Table, Matrix"
MEDIUM,Rotating the Box,12.6,0.008246587940096348,https://leetcode.com/problems/rotating-the-box,"Array, Two Pointers, Matrix"
MEDIUM,Minimum Swaps to Make Strings Equal,12.6,0.006555732348690045,https://leetcode.com/problems/minimum-swaps-to-make-strings-equal,"Math, String, Greedy"
MEDIUM,Nested List Weight Sum II,12.6,0.006704579704627294,https://leetcode.com/problems/nested-list-weight-sum-ii,"Stack, Depth-First Search, Breadth-First Search"
MEDIUM,Count Unguarded Cells in the Grid,12.6,0.0069157652042638705,https://leetcode.com/problems/count-unguarded-cells-in-the-grid,"Array, Matrix, Simulation"
MEDIUM,Reconstruct Original Digits from English,12.6,0.005323361808682748,https://leetcode.com/problems/reconstruct-original-digits-from-english,"Hash Table, Math, String"
MEDIUM,Length of Longest Fibonacci Subsequence,12.6,0.005757462290519264,https://leetcode.com/problems/length-of-longest-fibonacci-subsequence,"Array, Hash Table, Dynamic Programming"
MEDIUM,Maximize the Number of Target Nodes After Connecting Trees I,12.6,0.006944748224924508,https://leetcode.com/problems/maximize-the-number-of-target-nodes-after-connecting-trees-i,"Tree, Depth-First Search, Breadth-First Search"
MEDIUM,Lexicographically Minimum String After Removing Stars,12.6,0.005086538421213761,https://leetcode.com/problems/lexicographically-minimum-string-after-removing-stars,"Hash Table, String, Stack, Greedy, Heap (Priority Queue)"
MEDIUM,Minimum Moves to Equal Array Elements II,12.6,0.006229382674978284,https://leetcode.com/problems/minimum-moves-to-equal-array-elements-ii,"Array, Math, Sorting"
HARD,Maximize Subarray Sum After Removing All Occurrences of One Element,12.6,0.0022931526390870187,https://leetcode.com/problems/maximize-subarray-sum-after-removing-all-occurrences-of-one-element,"Array, Hash Table, Divide and Conquer, Dynamic Programming, Segment Tree, Prefix Sum"
EASY,Maximum Product of Two Elements in an Array,12.6,0.008495612950535912,https://leetcode.com/problems/maximum-product-of-two-elements-in-an-array,"Array, Sorting, Heap (Priority Queue)"
MEDIUM,Super Pow,12.6,0.0037342331622071873,https://leetcode.com/problems/super-pow,"Math, Divide and Conquer, Euler's Totient Function, Euler's Theorem"
EASY,Average of Levels in Binary Tree,12.6,0.007513812101304526,https://leetcode.com/problems/average-of-levels-in-binary-tree,"Tree, Depth-First Search, Breadth-First Search, Binary Tree"
EASY,Maximum Unique Subarray Sum After Deletion,12.6,0.004055295795955873,https://leetcode.com/problems/maximum-unique-subarray-sum-after-deletion,"Array, Hash Table, Greedy"
HARD,Maximum Fruits Harvested After at Most K Steps,12.6,0.006098323525529239,https://leetcode.com/problems/maximum-fruits-harvested-after-at-most-k-steps,"Array, Binary Search, Sliding Window, Prefix Sum"
HARD,Maximum Difference Between Even and Odd Frequency II,12.6,0.0048367925839334905,https://leetcode.com/problems/maximum-difference-between-even-and-odd-frequency-ii,"String, Sliding Window, Enumeration, Prefix Sum"
MEDIUM,Merge In Between Linked Lists,12.6,0.008312766796484836,https://leetcode.com/problems/merge-in-between-linked-lists,Linked List
EASY,Maximum Units on a Truck,12.6,0.007516387875924586,https://leetcode.com/problems/maximum-units-on-a-truck,"Array, Greedy, Sorting"
HARD,Apply Operations to Maximize Score,12.6,0.0053656405524800084,https://leetcode.com/problems/apply-operations-to-maximize-score,"Array, Math, Stack, Greedy, Sorting, Monotonic Stack, Number Theory"
MEDIUM,Minimum Cost Tree From Leaf Values,12.6,0.006795047544443719,https://leetcode.com/problems/minimum-cost-tree-from-leaf-values,"Array, Dynamic Programming, Stack, Greedy, Monotonic Stack, Cartesian Tree"
HARD,Count Good Triplets in an Array,12.6,0.006528320711820606,https://leetcode.com/problems/count-good-triplets-in-an-array,"Array, Binary Search, Divide and Conquer, Binary Indexed Tree, Segment Tree, Merge Sort, Ordered Set"
HARD,Put Marbles in Bags,12.6,0.00720510524582102,https://leetcode.com/problems/put-marbles-in-bags,"Array, Greedy, Sorting, Heap (Priority Queue)"
EASY,Minimum Operations to Make Array Values Equal to K,12.6,0.007321668386756889,https://leetcode.com/problems/minimum-operations-to-make-array-values-equal-to-k,"Array, Hash Table"
HARD,Find the Occurrence of First Almost Equal Substring,12.6,0.001620058123594889,https://leetcode.com/problems/find-the-occurrence-of-first-almost-equal-substring,"String, String Matching, Knuth–Morris–Pratt Algorithm"
EASY,Calculate Special Bonus,12.6,0.0057126905227449405,https://leetcode.com/problems/calculate-special-bonus,Database
HARD,Special Binary String,12.6,0.007943574057109139,https://leetcode.com/problems/special-binary-string,"String, Divide and Conquer, Sorting"
MEDIUM,Count Subarrays Where Max Element Appears at Least K Times,12.6,0.0062316575047379145,https://leetcode.com/problems/count-subarrays-where-max-element-appears-at-least-k-times,"Array, Sliding Window"
EASY,  Count Symmetric Integers,12.6,0.008317319796954315,https://leetcode.com/problems/count-symmetric-integers,"Math, Enumeration"
HARD,Find the K-th Character in String Game II,12.6,0.004842964584660796,https://leetcode.com/problems/find-the-k-th-character-in-string-game-ii,"Math, Bit Manipulation, Recursion"
EASY,Patients With a Condition,12.6,0.003916640515559638,https://leetcode.com/problems/patients-with-a-condition,Database
MEDIUM,Count Complete Subarrays in an Array,12.6,0.007610780451722774,https://leetcode.com/problems/count-complete-subarrays-in-an-array,"Array, Hash Table, Sliding Window"
EASY,Count Vowel Substrings of a String,12.6,0.007342379995375887,https://leetcode.com/problems/count-vowel-substrings-of-a-string,"Hash Table, String"
EASY,Available Captures for Rook,12.6,0.007207192687587779,https://leetcode.com/problems/available-captures-for-rook,"Array, Matrix, Simulation"
MEDIUM,Can I Win,12.6,0.00316774134732184,https://leetcode.com/problems/can-i-win,"Math, Dynamic Programming, Bit Manipulation, Memoization, Game Theory, Bitmask"
HARD,Maximize the Minimum Powered City,12.6,0.0061400301994754825,https://leetcode.com/problems/maximize-the-minimum-powered-city,"Array, Binary Search, Greedy, Queue, Sliding Window, Prefix Sum"
EASY,Largest Number After Digit Swaps by Parity,12.6,0.006557294671604846,https://leetcode.com/problems/largest-number-after-digit-swaps-by-parity,"Sorting, Heap (Priority Queue)"
EASY,1-bit and 2-bit Characters,12.6,0.004969540237070006,https://leetcode.com/problems/1-bit-and-2-bit-characters,Array
EASY,Degree of an Array,12.6,0.0058602424860898505,https://leetcode.com/problems/degree-of-an-array,"Array, Hash Table"
MEDIUM,Count Partitions With Max-Min Difference at Most K,12.6,0.005837589554970628,https://leetcode.com/problems/count-partitions-with-max-min-difference-at-most-k,"Array, Dynamic Programming, Queue, Sliding Window, Prefix Sum, Monotonic Queue"
MEDIUM,Count the Number of Computer Unlocking Permutations,12.6,0.0058951629876320055,https://leetcode.com/problems/count-the-number-of-computer-unlocking-permutations,"Array, Math, Brainteaser, Combinatorics"
EASY,Find Subsequence of Length K With the Largest Sum,12.6,0.005728507767531101,https://leetcode.com/problems/find-subsequence-of-length-k-with-the-largest-sum,"Array, Hash Table, Sorting, Heap (Priority Queue)"
MEDIUM,Fruits Into Baskets III,12.6,0.00394602438120777,https://leetcode.com/problems/fruits-into-baskets-iii,"Array, Binary Search, Segment Tree, Ordered Set"
EASY,Valid Word,12.6,0.005084752246113829,https://leetcode.com/problems/valid-word,String
HARD,Number of Ways to Paint N × 3 Grid,12.6,0.008055706339339391,https://leetcode.com/problems/number-of-ways-to-paint-n-3-grid,"Dynamic Programming, Graph Coloring"
HARD,Max Dot Product of Two Subsequences,12.6,0.006937159513076167,https://leetcode.com/problems/max-dot-product-of-two-subsequences,"Array, Dynamic Programming, Longest Common Subsequence"
MEDIUM,Minimum ASCII Delete Sum for Two Strings,12.6,0.007112932032786639,https://leetcode.com/problems/minimum-ascii-delete-sum-for-two-strings,"String, Dynamic Programming, Longest Common Subsequence"
EASY,Left and Right Sum Differences,12.6,0.008967584112315201,https://leetcode.com/problems/left-and-right-sum-differences,"Array, Prefix Sum"
MEDIUM,Alice and Bob Playing Flower Game,12.6,0.005990653169794592,https://leetcode.com/problems/alice-and-bob-playing-flower-game,Math
MEDIUM,Power Grid Maintenance,12.6,0.00559088687500368,https://leetcode.com/problems/power-grid-maintenance,"Array, Hash Table, Depth-First Search, Breadth-First Search, Union-Find, Graph Theory, Heap (Priority Queue), Ordered Set"
MEDIUM,Minimum Number of People to Teach,12.6,0.0067254493774770805,https://leetcode.com/problems/minimum-number-of-people-to-teach,"Array, Hash Table, Greedy"
EASY,Find Resultant Array After Removing Anagrams,12.6,0.006995591460046993,https://leetcode.com/problems/find-resultant-array-after-removing-anagrams,"Array, Hash Table, String, Sorting"
EASY,Maximum Number of Words You Can Type,12.6,0.008293671488622959,https://leetcode.com/problems/maximum-number-of-words-you-can-type,"Hash Table, String"
HARD,Minimum Moves to Move a Box to Their Target Location,12.6,0.005003019870749532,https://leetcode.com/problems/minimum-moves-to-move-a-box-to-their-target-location,"Array, Breadth-First Search, Heap (Priority Queue), Matrix"
EASY,Minimum Number Game,12.6,0.008575223201621596,https://leetcode.com/problems/minimum-number-game,"Array, Sorting, Heap (Priority Queue), Simulation"
EASY,Keep Multiplying Found Values by Two,12.6,0.00749698556694629,https://leetcode.com/problems/keep-multiplying-found-values-by-two,"Array, Hash Table, Sorting, Simulation"
EASY,Smallest Missing Integer Greater Than Sequential Prefix Sum,12.6,0.004997048437818635,https://leetcode.com/problems/smallest-missing-integer-greater-than-sequential-prefix-sum,"Array, Hash Table, Sorting"
MEDIUM,Find and Replace Pattern,12.6,0.007709773020956233,https://leetcode.com/problems/find-and-replace-pattern,"Array, Hash Table, String"
MEDIUM,Minimum Operations to Convert All Elements to Zero,12.6,0.005308139293324391,https://leetcode.com/problems/minimum-operations-to-convert-all-elements-to-zero,"Array, Hash Table, Stack, Greedy, Monotonic Stack"
MEDIUM,Longest Balanced Substring II,12.6,0.004188189558408848,https://leetcode.com/problems/longest-balanced-substring-ii,"Hash Table, String, Prefix Sum"
EASY,Check If All 1's Are at Least Length K Places Away,12.6,0.006430575488789026,https://leetcode.com/problems/check-if-all-1s-are-at-least-length-k-places-away,Array
MEDIUM,Greatest Sum Divisible by Three,12.6,0.005700181505379252,https://leetcode.com/problems/greatest-sum-divisible-by-three,"Array, Dynamic Programming, Greedy, Sorting"
MEDIUM,Minimum Removals to Balance Array,12.6,0.004783522069231759,https://leetcode.com/problems/minimum-removals-to-balance-array,"Array, Binary Search, Sliding Window, Sorting"
MEDIUM,Game of Life,10.0,0.0072942863994359675,https://leetcode.com/problems/game-of-life,"Array, Matrix, Simulation"
MEDIUM,Number of Connected Components in an Undirected Graph,10.0,0.006510126751072976,https://leetcode.com/problems/number-of-connected-components-in-an-undirected-graph,"Depth-First Search, Breadth-First Search, Union-Find, Graph Theory"
MEDIUM,UTF-8 Validation,10.0,0.004654122426010434,https://leetcode.com/problems/utf-8-validation,"Array, Bit Manipulation"
MEDIUM,4Sum II,10.0,0.005813047868056447,https://leetcode.com/problems/4sum-ii,"Array, Hash Table"
MEDIUM,The Maze,10.0,0.006051052807248266,https://leetcode.com/problems/the-maze,"Array, Depth-First Search, Breadth-First Search, Matrix"
EASY,Teemo Attacking,10.0,0.005801684112676335,https://leetcode.com/problems/teemo-attacking,"Array, Simulation"
EASY,Find Mode in Binary Search Tree,10.0,0.0059254776193958,https://leetcode.com/problems/find-mode-in-binary-search-tree,"Tree, Depth-First Search, Binary Search Tree, Binary Tree"
HARD,Find the Closest Palindrome,10.0,0.003207208639465825,https://leetcode.com/problems/find-the-closest-palindrome,"Math, String"
MEDIUM,Knight Probability in Chessboard,10.0,0.0057255589917952245,https://leetcode.com/problems/knight-probability-in-chessboard,Dynamic Programming
EASY,Increasing Order Search Tree,10.0,0.007908710728457535,https://leetcode.com/problems/increasing-order-search-tree,"Stack, Tree, Depth-First Search, Binary Search Tree, Binary Tree"
MEDIUM,Check Completeness of a Binary Tree,10.0,0.00594532343127758,https://leetcode.com/problems/check-completeness-of-a-binary-tree,"Tree, Breadth-First Search, Binary Tree"
HARD,Stream of Characters,10.0,0.005275907294036954,https://leetcode.com/problems/stream-of-characters,"Array, String, Design, Trie, Data Stream, Aho–Corasick Algorithm"
EASY,Number of Days Between Two Dates,10.0,0.005330759770429079,https://leetcode.com/problems/number-of-days-between-two-dates,"Math, String"
HARD,Constrained Subsequence Sum,10.0,0.005646162111738902,https://leetcode.com/problems/constrained-subsequence-sum,"Array, Dynamic Programming, Queue, Sliding Window, Heap (Priority Queue), Monotonic Queue"
MEDIUM,Time Needed to Inform All Employees,10.0,0.006057793233117019,https://leetcode.com/problems/time-needed-to-inform-all-employees,"Tree, Depth-First Search, Breadth-First Search"
MEDIUM,Build an Array With Stack Operations,10.0,0.008086503890234237,https://leetcode.com/problems/build-an-array-with-stack-operations,"Array, Stack, Simulation"
EASY,Path Crossing,10.0,0.006266452197270201,https://leetcode.com/problems/path-crossing,"Hash Table, String"
MEDIUM,Arithmetic Subarrays,10.0,0.008372521779096247,https://leetcode.com/problems/arithmetic-subarrays,"Array, Hash Table, Sorting"
MEDIUM,Find the Winner of the Circular Game,10.0,0.008232477761962207,https://leetcode.com/problems/find-the-winner-of-the-circular-game,"Array, Math, Recursion, Queue, Simulation"
MEDIUM,Maximize the Confusion of an Exam,10.0,0.007044007067428197,https://leetcode.com/problems/maximize-the-confusion-of-an-exam,"String, Binary Search, Sliding Window, Prefix Sum"
EASY,Find Target Indices After Sorting Array,10.0,0.007828358846260595,https://leetcode.com/problems/find-target-indices-after-sorting-array,"Array, Binary Search, Sorting"
EASY,Remove Digit From Number to Maximize Result,10.0,0.004876850166182045,https://leetcode.com/problems/remove-digit-from-number-to-maximize-result,"String, Greedy, Enumeration"
MEDIUM,Find the Minimum and Maximum Number of Nodes Between Critical Points,10.0,0.006944661593622082,https://leetcode.com/problems/find-the-minimum-and-maximum-number-of-nodes-between-critical-points,Linked List
HARD,Number of Flowers in Full Bloom,10.0,0.005810274651104301,https://leetcode.com/problems/number-of-flowers-in-full-bloom,"Array, Hash Table, Binary Search, Sorting, Prefix Sum, Ordered Set"
MEDIUM,Bulls and Cows,10.0,0.005288296429669015,https://leetcode.com/problems/bulls-and-cows,"Hash Table, String, Counting"
EASY,Number of Unique Subjects Taught by Each Teacher,10.0,0.008926157034128707,https://leetcode.com/problems/number-of-unique-subjects-taught-by-each-teacher,Database
HARD,Design In-Memory File System,10.0,0.004831368860605818,https://leetcode.com/problems/design-in-memory-file-system,"Hash Table, String, Design, Trie, Sorting"
EASY,Allow One Function Call,10.0,0.008660153108337555,https://leetcode.com/problems/allow-one-function-call,
MEDIUM,Most Profit Assigning Work,10.0,0.005631316893047863,https://leetcode.com/problems/most-profit-assigning-work,"Array, Two Pointers, Binary Search, Greedy, Sorting"
MEDIUM,Possible Bipartition,10.0,0.005296184536981158,https://leetcode.com/problems/possible-bipartition,"Depth-First Search, Breadth-First Search, Union-Find, Graph Theory, Graph Coloring, Bipartite Graph"
MEDIUM,Regions Cut By Slashes,10.0,0.007754371032379332,https://leetcode.com/problems/regions-cut-by-slashes,"Array, Hash Table, Depth-First Search, Breadth-First Search, Union-Find, Matrix, Planar Graph"
HARD,Binary Tree Cameras,10.0,0.004807813330861584,https://leetcode.com/problems/binary-tree-cameras,"Dynamic Programming, Tree, Depth-First Search, Binary Tree, DP on Trees"
EASY,Complement of Base 10 Integer,10.0,0.006341189100054505,https://leetcode.com/problems/complement-of-base-10-integer,Bit Manipulation
EASY,Special Positions in a Binary Matrix,10.0,0.007273245495030157,https://leetcode.com/problems/special-positions-in-a-binary-matrix,"Array, Matrix"
MEDIUM,Furthest Building You Can Reach,10.0,0.0051097251012649884,https://leetcode.com/problems/furthest-building-you-can-reach,"Array, Greedy, Heap (Priority Queue)"
HARD,K Inverse Pairs Array,10.0,0.004900914921551219,https://leetcode.com/problems/k-inverse-pairs-array,Dynamic Programming
EASY,Minimum Bit Flips to Convert Number,10.0,0.008794671003143654,https://leetcode.com/problems/minimum-bit-flips-to-convert-number,Bit Manipulation
EASY,Count Pairs Whose Sum is Less than Target,10.0,0.00876507068531151,https://leetcode.com/problems/count-pairs-whose-sum-is-less-than-target,"Array, Two Pointers, Binary Search, Sorting"
HARD,Nth Magical Number,10.0,0.0037018432472407103,https://leetcode.com/problems/nth-magical-number,"Math, Binary Search, Least Common Multiple, Inclusion-Exclusion Principle"
EASY,Special Array With X Elements Greater Than or Equal X,10.0,0.006691737920340902,https://leetcode.com/problems/special-array-with-x-elements-greater-than-or-equal-x,"Array, Binary Search, Sorting"
EASY,Three Consecutive Odds,10.0,0.006932610297510883,https://leetcode.com/problems/three-consecutive-odds,Array
EASY,Count Number of Pairs With Absolute Difference K,10.0,0.008544714605966546,https://leetcode.com/problems/count-number-of-pairs-with-absolute-difference-k,"Array, Hash Table, Counting"
HARD,Cracking the Safe,10.0,0.005867173339269247,https://leetcode.com/problems/cracking-the-safe,"String, Depth-First Search, Graph Theory, Eulerian Circuit, Eulerian Path, Eulerian Graph"
MEDIUM,Range Sum Query 2D - Mutable,10.0,0.00457360133283173,https://leetcode.com/problems/range-sum-query-2d-mutable,"Array, Design, Binary Indexed Tree, Segment Tree, Matrix, Sqrt Decomposition"
HARD,Minimum Obstacle Removal to Reach Corner,10.0,0.007101042083948395,https://leetcode.com/problems/minimum-obstacle-removal-to-reach-corner,"Array, Breadth-First Search, Graph Theory, Heap (Priority Queue), Matrix, Shortest Path, 0-1 BFS, Dijkstra's Algorithm"
MEDIUM,Find the Longest Substring Containing Vowels in Even Counts,10.0,0.007557476549567776,https://leetcode.com/problems/find-the-longest-substring-containing-vowels-in-even-counts,"Hash Table, String, Bit Manipulation, Prefix Sum"
MEDIUM,Smallest String Starting From Leaf,10.0,0.006137958216240001,https://leetcode.com/problems/smallest-string-starting-from-leaf,"String, Backtracking, Tree, Depth-First Search, Binary Tree"
MEDIUM,Design a Food Rating System,10.0,0.005288384409042685,https://leetcode.com/problems/design-a-food-rating-system,"Array, Hash Table, String, Design, Heap (Priority Queue), Ordered Set"
MEDIUM,Split a String Into the Max Number of Unique Substrings,10.0,0.00687469291899372,https://leetcode.com/problems/split-a-string-into-the-max-number-of-unique-substrings,"Hash Table, String, Backtracking"
HARD,Minimum Total Distance Traveled,10.0,0.006314507239261531,https://leetcode.com/problems/minimum-total-distance-traveled,"Array, Dynamic Programming, Sorting"
MEDIUM,Stone Game II,10.0,0.007573684950885547,https://leetcode.com/problems/stone-game-ii,"Array, Math, Dynamic Programming, Minimax, Prefix Sum, Game Theory, Zero-Sum Game"
EASY,Widest Vertical Area Between Two Points Containing No Points,10.0,0.00871239654018519,https://leetcode.com/problems/widest-vertical-area-between-two-points-containing-no-points,"Array, Sorting"
EASY,Count Elements With Maximum Frequency,10.0,0.007972785788458414,https://leetcode.com/problems/count-elements-with-maximum-frequency,"Array, Hash Table, Counting"
EASY,Base 7,10.0,0.005509097056135035,https://leetcode.com/problems/base-7,"Math, String"
EASY,Student Attendance Record I,10.0,0.0050429352068696335,https://leetcode.com/problems/student-attendance-record-i,String
MEDIUM,Beautiful Array,10.0,0.00703475212397486,https://leetcode.com/problems/beautiful-array,"Array, Math, Divide and Conquer"
MEDIUM,Elimination Game,10.0,0.004661208402746739,https://leetcode.com/problems/elimination-game,"Math, Recursion"
MEDIUM,Removing Stars From a String,10.0,0.007978274883657462,https://leetcode.com/problems/removing-stars-from-a-string,"String, Stack, Simulation"
MEDIUM,Spiral Matrix III,10.0,0.008458228502903899,https://leetcode.com/problems/spiral-matrix-iii,"Array, Matrix, Simulation"
MEDIUM,Equal Row and Column Pairs,10.0,0.007127415901911762,https://leetcode.com/problems/equal-row-and-column-pairs,"Array, Hash Table, Matrix, Simulation"
MEDIUM,Wiggle Sort,10.0,0.006850289254783829,https://leetcode.com/problems/wiggle-sort,"Array, Greedy, Sorting"
MEDIUM,Number of Zero-Filled Subarrays,10.0,0.007005534711689417,https://leetcode.com/problems/number-of-zero-filled-subarrays,"Array, Math"
MEDIUM,Integer Replacement,10.0,0.003789100184412647,https://leetcode.com/problems/integer-replacement,"Dynamic Programming, Greedy, Bit Manipulation, Memoization"
MEDIUM,Longest Word in Dictionary through Deleting,10.0,0.005295072164311723,https://leetcode.com/problems/longest-word-in-dictionary-through-deleting,"Array, Two Pointers, String, Sorting"
MEDIUM,Check if There is a Path With Equal Number of 0's And 1's,10.0,0.005202042488810439,https://leetcode.com/problems/check-if-there-is-a-path-with-equal-number-of-0s-and-1s,"Array, Dynamic Programming, Matrix"
EASY,Delete Columns to Make Sorted,10.0,0.007816383905085423,https://leetcode.com/problems/delete-columns-to-make-sorted,"Array, String, Longest Increasing Subsequence"
MEDIUM,Delete Columns to Make Sorted II,10.0,0.004972490318656072,https://leetcode.com/problems/delete-columns-to-make-sorted-ii,"Array, String, Greedy"
MEDIUM,Minimum Knight Moves,10.0,0.0042057051162411535,https://leetcode.com/problems/minimum-knight-moves,"Breadth-First Search, Heuristic Search, Bidirectional Search, A* Search"
MEDIUM,Remove Interval,10.0,0.006734448640719124,https://leetcode.com/problems/remove-interval,Array
MEDIUM,Matrix Block Sum,10.0,0.007686693160861321,https://leetcode.com/problems/matrix-block-sum,"Array, Matrix, Prefix Sum"
HARD,Rank Transform of a Matrix,10.0,0.004253785791926623,https://leetcode.com/problems/rank-transform-of-a-matrix,"Array, Union-Find, Graph Theory, Topological Sort, Sorting, Matrix"
HARD,Number of Ways of Cutting a Pizza,10.0,0.006161190543824763,https://leetcode.com/problems/number-of-ways-of-cutting-a-pizza,"Array, Dynamic Programming, Memoization, Matrix, Prefix Sum"
MEDIUM,Grid Game,10.0,0.006087752399581101,https://leetcode.com/problems/grid-game,"Array, Matrix, Prefix Sum"
MEDIUM,Course Schedule IV,10.0,0.006018946453846046,https://leetcode.com/problems/course-schedule-iv,"Depth-First Search, Breadth-First Search, Graph Theory, Topological Sort"
MEDIUM,Count of Interesting Subarrays,10.0,0.005779595973328554,https://leetcode.com/problems/count-of-interesting-subarrays,"Array, Hash Table, Prefix Sum"
EASY,Determine Whether Matrix Can Be Obtained By Rotation,10.0,0.00685029344335865,https://leetcode.com/problems/determine-whether-matrix-can-be-obtained-by-rotation,"Array, Matrix"
HARD,Total Characters in String After Transformations II,10.0,0.005764701639226011,https://leetcode.com/problems/total-characters-in-string-after-transformations-ii,"Hash Table, Math, String, Dynamic Programming, Counting"
EASY,Longest Strictly Increasing or Strictly Decreasing Subarray,10.0,0.006493006296092202,https://leetcode.com/problems/longest-strictly-increasing-or-strictly-decreasing-subarray,Array
HARD,Basic Calculator IV,10.0,0.004986395532006301,https://leetcode.com/problems/basic-calculator-iv,"Hash Table, Math, String, Stack, Recursion"
EASY,Number Complement,10.0,0.0070531261105215935,https://leetcode.com/problems/number-complement,Bit Manipulation
EASY,Find Minimum Operations to Make All Elements Divisible by Three,10.0,0.009062720741245124,https://leetcode.com/problems/find-minimum-operations-to-make-all-elements-divisible-by-three,"Array, Math"
MEDIUM,Shortest Distance After Road Addition Queries I,10.0,0.006193564910153351,https://leetcode.com/problems/shortest-distance-after-road-addition-queries-i,"Array, Breadth-First Search, Graph Theory"
EASY,Two Furthest Houses With Different Colors,10.0,0.007169847279749956,https://leetcode.com/problems/two-furthest-houses-with-different-colors,"Array, Greedy"
MEDIUM,Find the Student that Will Replace the Chalk,10.0,0.005318946333385085,https://leetcode.com/problems/find-the-student-that-will-replace-the-chalk,"Array, Binary Search, Simulation, Prefix Sum"
EASY,Sort the People,10.0,0.008480914464489493,https://leetcode.com/problems/sort-the-people,"Array, Hash Table, String, Sorting"
EASY,Uncommon Words from Two Sentences,10.0,0.00758187576869075,https://leetcode.com/problems/uncommon-words-from-two-sentences,"Hash Table, String, Counting"
MEDIUM,Count Univalue Subtrees,10.0,0.005757135832533309,https://leetcode.com/problems/count-univalue-subtrees,"Tree, Depth-First Search, Binary Tree, DP on Trees"
MEDIUM,Find Right Interval,10.0,0.005636831244953498,https://leetcode.com/problems/find-right-interval,"Array, Binary Search, Sorting"
MEDIUM,Tweet Counts Per Frequency,10.0,0.004649963820549928,https://leetcode.com/problems/tweet-counts-per-frequency,"Hash Table, String, Binary Search, Design, Sorting, Ordered Set"
MEDIUM,Separate Black and White Balls,10.0,0.006382013780261982,https://leetcode.com/problems/separate-black-and-white-balls,"Two Pointers, String, Greedy"
EASY,Maximum Repeating Substring,10.0,0.004218992310242671,https://leetcode.com/problems/maximum-repeating-substring,"String, Dynamic Programming, String Matching"
EASY,Find Winner on a Tic Tac Toe Game,10.0,0.005468769609196556,https://leetcode.com/problems/find-winner-on-a-tic-tac-toe-game,"Array, Hash Table, Matrix, Simulation"
MEDIUM,Find a Safe Walk Through a Grid,10.0,0.005535278033943277,https://leetcode.com/problems/find-a-safe-walk-through-a-grid,"Array, Breadth-First Search, Graph Theory, Heap (Priority Queue), Matrix, Shortest Path"
MEDIUM,Divide Intervals Into Minimum Number of Groups,10.0,0.006358811774984645,https://leetcode.com/problems/divide-intervals-into-minimum-number-of-groups,"Array, Two Pointers, Greedy, Sorting, Heap (Priority Queue), Prefix Sum"
MEDIUM,Largest Combination With Bitwise AND Greater Than Zero,10.0,0.00807306553825184,https://leetcode.com/problems/largest-combination-with-bitwise-and-greater-than-zero,"Array, Hash Table, Bit Manipulation, Counting"
MEDIUM,Serialize and Deserialize BST,10.0,0.005992560862787839,https://leetcode.com/problems/serialize-and-deserialize-bst,"String, Tree, Depth-First Search, Breadth-First Search, Design, Binary Search Tree, Binary Tree"
MEDIUM,Shortest Subarray With OR at Least K II,10.0,0.005010917953691959,https://leetcode.com/problems/shortest-subarray-with-or-at-least-k-ii,"Array, Bit Manipulation, Sliding Window"
HARD,Delete Duplicate Folders in System,10.0,0.007722590674734099,https://leetcode.com/problems/delete-duplicate-folders-in-system,"Array, Hash Table, String, Depth-First Search, Trie, Sorting, Hash Function"
HARD,Best Meeting Point,10.0,0.006143219217419532,https://leetcode.com/problems/best-meeting-point,"Array, Math, Sorting, Matrix"
EASY,Remove Letter To Equalize Frequency,10.0,0.001956832171103714,https://leetcode.com/problems/remove-letter-to-equalize-frequency,"Hash Table, String, Counting"
MEDIUM,Most Beautiful Item for Each Query,10.0,0.006204684755391112,https://leetcode.com/problems/most-beautiful-item-for-each-query,"Array, Binary Search, Sorting"
EASY,Smallest Even Multiple,10.0,0.008853462007191138,https://leetcode.com/problems/smallest-even-multiple,"Math, Number Theory"
MEDIUM,Find the Power of K-Size Subarrays I,10.0,0.006209770341725199,https://leetcode.com/problems/find-the-power-of-k-size-subarrays-i,"Array, Sliding Window"
MEDIUM,Prime Palindrome,10.0,0.002851039697542533,https://leetcode.com/problems/prime-palindrome,"Math, Number Theory, Primality Test"
MEDIUM,Score of Parentheses,10.0,0.006350352472274206,https://leetcode.com/problems/score-of-parentheses,"String, Stack, Bracket Sequences"
EASY,Find the Middle Index in Array,10.0,0.007034860444914454,https://leetcode.com/problems/find-the-middle-index-in-array,"Array, Prefix Sum"
EASY,Sort By,10.0,0.008302832959727913,https://leetcode.com/problems/sort-by,
MEDIUM,Minimum Time to Complete Trips,10.0,0.003998103465928205,https://leetcode.com/problems/minimum-time-to-complete-trips,"Array, Binary Search"
MEDIUM,Lexicographically Smallest Equivalent String,10.0,0.008108227127852068,https://leetcode.com/problems/lexicographically-smallest-equivalent-string,"String, Union-Find"
MEDIUM,Find Score of an Array After Marking All Elements,10.0,0.006456289518952693,https://leetcode.com/problems/find-score-of-an-array-after-marking-all-elements,"Array, Hash Table, Sorting, Heap (Priority Queue), Simulation"
MEDIUM,Detect Cycles in 2D Grid,10.0,0.006350756212362429,https://leetcode.com/problems/detect-cycles-in-2d-grid,"Array, Depth-First Search, Breadth-First Search, Union-Find, Matrix"
MEDIUM,Max Difference You Can Get From Changing an Integer,10.0,0.004863295991316072,https://leetcode.com/problems/max-difference-you-can-get-from-changing-an-integer,"Math, Greedy"
MEDIUM,Word Frequency,10.0,0.002979886014905743,https://leetcode.com/problems/word-frequency,Shell
EASY,Number of Segments in a String,10.0,0.003765800303447016,https://leetcode.com/problems/number-of-segments-in-a-string,String
EASY,Find Center of Star Graph,10.0,0.008660212087891608,https://leetcode.com/problems/find-center-of-star-graph,Graph Theory
EASY,Day of the Year,10.0,0.005026305476633682,https://leetcode.com/problems/day-of-the-year,"Math, String"
MEDIUM,Finding Pairs With a Certain Sum,10.0,0.006154399134007348,https://leetcode.com/problems/finding-pairs-with-a-certain-sum,"Array, Hash Table, Design"
MEDIUM,Analyze User Website Visit Pattern,10.0,0.004433230876026659,https://leetcode.com/problems/analyze-user-website-visit-pattern,"Array, Hash Table, String, Sorting"
HARD,Minimum Difference in Sums After Removal of Elements,10.0,0.00695772519322223,https://leetcode.com/problems/minimum-difference-in-sums-after-removal-of-elements,"Array, Dynamic Programming, Heap (Priority Queue)"
MEDIUM,Maximum Frequency After Subarray Operation,10.0,0.003159882202061464,https://leetcode.com/problems/maximum-frequency-after-subarray-operation,"Array, Hash Table, Dynamic Programming, Greedy, Enumeration, Prefix Sum"
EASY,Minimum Operations to Make the Array Increasing,10.0,0.008235287396379052,https://leetcode.com/problems/minimum-operations-to-make-the-array-increasing,"Array, Greedy"
EASY,Classes With at Least 5 Students,10.0,0.00646300764175609,https://leetcode.com/problems/classes-with-at-least-5-students,Database
EASY,Check if One String Swap Can Make Strings Equal,10.0,0.004953737213556182,https://leetcode.com/problems/check-if-one-string-swap-can-make-strings-equal,"Hash Table, String, Counting"
EASY,Divide Array Into Equal Pairs,10.0,0.007922890909885207,https://leetcode.com/problems/divide-array-into-equal-pairs,"Array, Hash Table, Bit Manipulation, Counting"
EASY,Hamming Distance,10.0,0.0077003824029638936,https://leetcode.com/problems/hamming-distance,Bit Manipulation
EASY,Tenth Line,10.0,0.003740332584888292,https://leetcode.com/problems/tenth-line,Shell
HARD,Maximum Number of Points From Grid Queries,10.0,0.005923648977749266,https://leetcode.com/problems/maximum-number-of-points-from-grid-queries,"Array, Two Pointers, Breadth-First Search, Union-Find, Sorting, Heap (Priority Queue), Matrix"
MEDIUM,Process Tasks Using Servers,10.0,0.004206894795804053,https://leetcode.com/problems/process-tasks-using-servers,"Array, Heap (Priority Queue)"
HARD,Maximum Number of Visible Points,10.0,0.0038392677877858473,https://leetcode.com/problems/maximum-number-of-visible-points,"Array, Math, Geometry, Sliding Window, Sorting"
MEDIUM,Minimum Index of a Valid Split,10.0,0.007552614222328816,https://leetcode.com/problems/minimum-index-of-a-valid-split,"Array, Hash Table, Sorting"
MEDIUM,All Paths From Source to Target,10.0,0.00837710368289477,https://leetcode.com/problems/all-paths-from-source-to-target,"Backtracking, Depth-First Search, Breadth-First Search, Graph Theory, Directed Acyclic Graph"
HARD,Replace Non-Coprime Numbers in Array,10.0,0.0057644869090457875,https://leetcode.com/problems/replace-non-coprime-numbers-in-array,"Array, Math, Stack, Number Theory, Least Common Multiple, Greatest Common Divisor"
EASY,Minimum Cuts to Divide a Circle,10.0,0.005660200380751219,https://leetcode.com/problems/minimum-cuts-to-divide-a-circle,"Math, Geometry"
EASY,Filter Elements from Array,10.0,0.008553563356938377,https://leetcode.com/problems/filter-elements-from-array,
MEDIUM,Mirror Reflection,10.0,0.006253941643715324,https://leetcode.com/problems/mirror-reflection,"Math, Geometry, Number Theory, Least Common Multiple, Greatest Common Divisor"
EASY,Check if Matrix Is X-Matrix,10.0,0.006692659204292961,https://leetcode.com/problems/check-if-matrix-is-x-matrix,"Array, Matrix"
MEDIUM,Successful Pairs of Spells and Potions,10.0,0.00498110765401369,https://leetcode.com/problems/successful-pairs-of-spells-and-potions,"Array, Two Pointers, Binary Search, Sorting"
MEDIUM,Count the Hidden Sequences,10.0,0.0056686478792536575,https://leetcode.com/problems/count-the-hidden-sequences,"Array, Prefix Sum"
MEDIUM,Custom Sort String,10.0,0.007232251380451601,https://leetcode.com/problems/custom-sort-string,"Hash Table, String, Sorting"
EASY,Find the Pivot Integer,10.0,0.008373707792554747,https://leetcode.com/problems/find-the-pivot-integer,"Math, Prefix Sum"
EASY,Construct the Rectangle,10.0,0.006486523339848189,https://leetcode.com/problems/construct-the-rectangle,Math
EASY,The Latest Login in 2020,10.0,0.007706951819316319,https://leetcode.com/problems/the-latest-login-in-2020,Database
EASY,Check If Digits Are Equal in String After Operations I,10.0,0.00822763149352155,https://leetcode.com/problems/check-if-digits-are-equal-in-string-after-operations-i,"Math, String, Simulation, Combinatorics, Number Theory"
MEDIUM,Largest Magic Square,10.0,0.007520118191797555,https://leetcode.com/problems/largest-magic-square,"Array, Matrix, Prefix Sum"
HARD,Find Weighted Median Node in Tree,10.0,0.0026431453811757003,https://leetcode.com/problems/find-weighted-median-node-in-tree,"Array, Binary Search, Dynamic Programming, Bit Manipulation, Tree, Depth-First Search"
EASY,Find Most Frequent Vowel and Consonant,10.0,0.008925682426117503,https://leetcode.com/problems/find-most-frequent-vowel-and-consonant,"Hash Table, String, Counting"
EASY,Maximum Difference Between Adjacent Elements in a Circular Array,10.0,0.007561469842924009,https://leetcode.com/problems/maximum-difference-between-adjacent-elements-in-a-circular-array,Array
MEDIUM,Minimum Swaps to Sort by Digit Sum,10.0,0.0050793470868283844,https://leetcode.com/problems/minimum-swaps-to-sort-by-digit-sum,"Array, Hash Table, Sorting"
EASY,Maximum Product of Two Digits,10.0,0.007570867683165562,https://leetcode.com/problems/maximum-product-of-two-digits,"Math, Sorting"
HARD,Maximize the Number of Target Nodes After Connecting Trees II,10.0,0.007311240177656303,https://leetcode.com/problems/maximize-the-number-of-target-nodes-after-connecting-trees-ii,"Tree, Depth-First Search, Breadth-First Search"
HARD,Strong Password Checker,10.0,0.0016265791262282858,https://leetcode.com/problems/strong-password-checker,"String, Greedy, Heap (Priority Queue)"
MEDIUM,Rotate Function,10.0,0.005414665949167977,https://leetcode.com/problems/rotate-function,"Array, Math, Dynamic Programming"
EASY,Maximum Difference Between Even and Odd Frequency I,10.0,0.006075554987094849,https://leetcode.com/problems/maximum-difference-between-even-and-odd-frequency-i,"Hash Table, String, Counting"
HARD,Number of Squareful Arrays,10.0,0.005178507852367577,https://leetcode.com/problems/number-of-squareful-arrays,"Array, Hash Table, Math, Dynamic Programming, Backtracking, Bit Manipulation, Bitmask"
MEDIUM,Matchsticks to Square,10.0,0.004219612960974536,https://leetcode.com/problems/matchsticks-to-square,"Array, Dynamic Programming, Backtracking, Bit Manipulation, Bitmask"
MEDIUM,Maximum Nesting Depth of Two Valid Parentheses Strings,10.0,0.0072142606759180985,https://leetcode.com/problems/maximum-nesting-depth-of-two-valid-parentheses-strings,"String, Stack, Bracket Sequences"
MEDIUM,Smallest Subtree with all the Deepest Nodes,10.0,0.007769344131145701,https://leetcode.com/problems/smallest-subtree-with-all-the-deepest-nodes,"Hash Table, Tree, Depth-First Search, Breadth-First Search, Binary Tree, Binary Lifting, Lowest Common Ancestor, DP on Trees"
EASY,Add to Array-Form of Integer,10.0,0.0045662471870073626,https://leetcode.com/problems/add-to-array-form-of-integer,"Array, Math"
HARD,Sort Items by Groups Respecting Dependencies,10.0,0.006602288848954885,https://leetcode.com/problems/sort-items-by-groups-respecting-dependencies,"Depth-First Search, Breadth-First Search, Graph Theory, Topological Sort, Directed Acyclic Graph"
EASY,Game Play Analysis I,10.0,0.007660564763850124,https://leetcode.com/problems/game-play-analysis-i,Database
MEDIUM,Sort Matrix by Diagonals,10.0,0.008469399116675533,https://leetcode.com/problems/sort-matrix-by-diagonals,"Array, Sorting, Matrix"
MEDIUM,Reorder Routes to Make All Paths Lead to the City Zero,10.0,0.0066090023414214615,https://leetcode.com/problems/reorder-routes-to-make-all-paths-lead-to-the-city-zero,"Depth-First Search, Breadth-First Search, Graph Theory"
EASY,Maximum Subarray With Equal Products,10.0,0.0047281663054427785,https://leetcode.com/problems/maximum-subarray-with-equal-products,"Array, Math, Sliding Window, Enumeration, Number Theory"
MEDIUM,Invalid Transactions,10.0,0.003249842207510103,https://leetcode.com/problems/invalid-transactions,"Array, Hash Table, String, Sorting"
EASY,Binary Gap,10.0,0.007439950659989676,https://leetcode.com/problems/binary-gap,Bit Manipulation
MEDIUM,Vowel Spellchecker,10.0,0.006145180774872724,https://leetcode.com/problems/vowel-spellchecker,"Array, Hash Table, String"
MEDIUM,Find All Possible Stable Binary Arrays I,10.0,0.005344553243574052,https://leetcode.com/problems/find-all-possible-stable-binary-arrays-i,"Dynamic Programming, Prefix Sum"
MEDIUM,Maximum Total Damage With Spell Casting,10.0,0.004500454797730636,https://leetcode.com/problems/maximum-total-damage-with-spell-casting,"Array, Hash Table, Two Pointers, Binary Search, Dynamic Programming, Sorting, Counting"
HARD,Find X-Sum of All K-Long Subarrays II,10.0,0.004124015073655361,https://leetcode.com/problems/find-x-sum-of-all-k-long-subarrays-ii,"Array, Hash Table, Sliding Window, Heap (Priority Queue)"
HARD,Find Nth Smallest Integer With K One Bits,10.0,0.003543448896893292,https://leetcode.com/problems/find-nth-smallest-integer-with-k-one-bits,"Math, Bit Manipulation, Combinatorics"
EASY,Make Array Elements Equal to Zero,10.0,0.006814142625623845,https://leetcode.com/problems/make-array-elements-equal-to-zero,"Array, Simulation, Prefix Sum"
EASY,Find Missing Elements,10.0,0.008856731643773092,https://leetcode.com/problems/find-missing-elements,"Array, Hash Table, Sorting"
EASY,Count of Matches in Tournament,10.0,0.008655234313309789,https://leetcode.com/problems/count-of-matches-in-tournament,"Math, Simulation"
HARD,Process String with Special Operations II,10.0,0.003982298652427102,https://leetcode.com/problems/process-string-with-special-operations-ii,"String, Simulation"
MEDIUM,Count Special Triplets,10.0,0.004709149199680186,https://leetcode.com/problems/count-special-triplets,"Array, Hash Table, Counting"
MEDIUM,Number of Smooth Descent Periods of a Stock,10.0,0.0067654416541124765,https://leetcode.com/problems/number-of-smooth-descent-periods-of-a-stock,"Array, Math, Two Pointers, Dynamic Programming, Sliding Window"
EASY,Apple Redistribution into Boxes,10.0,0.007841268119381127,https://leetcode.com/problems/apple-redistribution-into-boxes,"Array, Greedy, Sorting"
EASY,Design Parking System,10.0,0.008718926924374789,https://leetcode.com/problems/design-parking-system,"Design, Simulation, Counting"
MEDIUM,Maximum Square Area by Removing Fences From a Field,10.0,0.004941037207983726,https://leetcode.com/problems/maximum-square-area-by-removing-fences-from-a-field,"Array, Hash Table, Enumeration"
HARD,Smallest Divisible Digit Product II,10.0,0.004524143379085613,https://leetcode.com/problems/smallest-divisible-digit-product-ii,"Math, String, Backtracking, Greedy, Number Theory"
HARD,Tallest Billboard,10.0,0.005187379895880647,https://leetcode.com/problems/tallest-billboard,"Array, Dynamic Programming, Meet in the Middle, Knapsack Problem, 0-1 Knapsack"
MEDIUM,Max Increase to Keep City Skyline,10.0,0.008642547098044483,https://leetcode.com/problems/max-increase-to-keep-city-skyline,"Array, Greedy, Matrix"
HARD,Minimum Cost Path with Teleportations,10.0,0.0045322662344240705,https://leetcode.com/problems/minimum-cost-path-with-teleportations,"Array, Dynamic Programming, Matrix"
EASY,Smallest Divisible Digit Product I,10.0,0.007305354392339481,https://leetcode.com/problems/smallest-divisible-digit-product-i,"Math, Enumeration"
HARD,Count of Range Sum,7.0,0.00396135774266334,https://leetcode.com/problems/count-of-range-sum,"Array, Binary Search, Divide and Conquer, Binary Indexed Tree, Segment Tree, Merge Sort, Ordered Set, Treap"
HARD,Arithmetic Slices II - Subsequence,7.0,0.005521608540108282,https://leetcode.com/problems/arithmetic-slices-ii-subsequence,"Array, Dynamic Programming"
EASY,License Key Formatting,7.0,0.0046430475870718,https://leetcode.com/problems/license-key-formatting,String
MEDIUM,Minesweeper,7.0,0.006890005675052404,https://leetcode.com/problems/minesweeper,"Array, Depth-First Search, Breadth-First Search, Matrix"
MEDIUM,Brick Wall,7.0,0.005606223364071898,https://leetcode.com/problems/brick-wall,"Array, Hash Table"
MEDIUM,Next Closest Time,7.0,0.004702309585410488,https://leetcode.com/problems/next-closest-time,"Hash Table, String, Backtracking, Enumeration"
HARD,Similar String Groups,7.0,0.005653306451302611,https://leetcode.com/problems/similar-string-groups,"Array, Hash Table, String, Depth-First Search, Breadth-First Search, Union-Find"
MEDIUM,Score After Flipping Matrix,7.0,0.008028913996280616,https://leetcode.com/problems/score-after-flipping-matrix,"Array, Greedy, Bit Manipulation, Matrix"
HARD,Distinct Subsequences II,7.0,0.004421326503980165,https://leetcode.com/problems/distinct-subsequences-ii,"String, Dynamic Programming"
EASY,Valid Mountain Array,7.0,0.0035673313684241236,https://leetcode.com/problems/valid-mountain-array,Array
MEDIUM,Minimum Increment to Make Array Unique,7.0,0.006077435426310024,https://leetcode.com/problems/minimum-increment-to-make-array-unique,"Array, Greedy, Sorting, Counting"
MEDIUM,Video Stitching,7.0,0.0052900657409998796,https://leetcode.com/problems/video-stitching,"Array, Dynamic Programming, Greedy"
MEDIUM,Parallel Courses,7.0,0.006236235088581333,https://leetcode.com/problems/parallel-courses,"Graph Theory, Topological Sort, Directed Acyclic Graph"
MEDIUM,Filling Bookcase Shelves,7.0,0.006864969469075265,https://leetcode.com/problems/filling-bookcase-shelves,"Array, Dynamic Programming"
EASY,Decompress Run-Length Encoded List,7.0,0.008626934311789331,https://leetcode.com/problems/decompress-run-length-encoded-list,Array
EASY,The K Weakest Rows in a Matrix,7.0,0.007448604481142218,https://leetcode.com/problems/the-k-weakest-rows-in-a-matrix,"Array, Binary Search, Sorting, Heap (Priority Queue), Matrix"
MEDIUM,Linked List in Binary Tree,7.0,0.005201411493309092,https://leetcode.com/problems/linked-list-in-binary-tree,"Linked List, Tree, Depth-First Search, Binary Tree"
MEDIUM,Number of Good Ways to Split a String,7.0,0.006852463610349158,https://leetcode.com/problems/number-of-good-ways-to-split-a-string,"Hash Table, String, Dynamic Programming, Bit Manipulation, Prefix Sum"
MEDIUM,Minimum Number of Vertices to Reach All Nodes,7.0,0.00817438646396608,https://leetcode.com/problems/minimum-number-of-vertices-to-reach-all-nodes,"Graph Theory, Directed Acyclic Graph"
EASY,Check If Two String Arrays are Equivalent,7.0,0.00861747096921608,https://leetcode.com/problems/check-if-two-string-arrays-are-equivalent,"Array, String"
HARD,Maximum XOR With an Element From Array,7.0,0.005924148518792289,https://leetcode.com/problems/maximum-xor-with-an-element-from-array,"Array, Bit Manipulation, Trie"
MEDIUM,Count Number of Homogenous Substrings,7.0,0.005732353588541049,https://leetcode.com/problems/count-number-of-homogenous-substrings,"Math, String"
HARD,Maximum Score of a Good Subarray,7.0,0.006420593656295563,https://leetcode.com/problems/maximum-score-of-a-good-subarray,"Array, Two Pointers, Binary Search, Stack, Monotonic Stack, Cartesian Tree"
MEDIUM,Seat Reservation Manager,7.0,0.00673763209617571,https://leetcode.com/problems/seat-reservation-manager,"Design, Heap (Priority Queue)"
HARD,Largest Color Value in a Directed Graph,7.0,0.005718224356286481,https://leetcode.com/problems/largest-color-value-in-a-directed-graph,"Hash Table, String, Dynamic Programming, Graph Theory, Topological Sort, Memoization, Counting, Directed Acyclic Graph"
MEDIUM,The Number of Weak Characters in the Game,7.0,0.004465125913650756,https://leetcode.com/problems/the-number-of-weak-characters-in-the-game,"Array, Stack, Greedy, Sorting, Monotonic Stack"
HARD,Parallel Courses III,7.0,0.006681151694317452,https://leetcode.com/problems/parallel-courses-iii,"Array, Dynamic Programming, Graph Theory, Topological Sort, Directed Acyclic Graph"
EASY,Most Frequent Even Element,7.0,0.005408271784057977,https://leetcode.com/problems/most-frequent-even-element,"Array, Hash Table, Counting"
HARD,Paths in Matrix Whose Sum Is Divisible by K,7.0,0.005871016741705644,https://leetcode.com/problems/paths-in-matrix-whose-sum-is-divisible-by-k,"Array, Dynamic Programming, Matrix"
EASY,Minimum Common Value,7.0,0.006071805477653164,https://leetcode.com/problems/minimum-common-value,"Array, Hash Table, Two Pointers, Binary Search"
MEDIUM,Binary Tree Longest Consecutive Sequence,7.0,0.005483578077881211,https://leetcode.com/problems/binary-tree-longest-consecutive-sequence,"Tree, Depth-First Search, Binary Tree, DP on Trees"
HARD,Patching Array,7.0,0.005458058316117783,https://leetcode.com/problems/patching-array,"Array, Greedy"
EASY,Evaluate Boolean Binary Tree,7.0,0.008237839955830231,https://leetcode.com/problems/evaluate-boolean-binary-tree,"Tree, Depth-First Search, Binary Tree"
MEDIUM,Amount of Time for Binary Tree to Be Infected,7.0,0.0065872288329177795,https://leetcode.com/problems/amount-of-time-for-binary-tree-to-be-infected,"Hash Table, Tree, Depth-First Search, Breadth-First Search, Binary Tree"
MEDIUM,Sentence Screen Fitting,7.0,0.003640707005722412,https://leetcode.com/problems/sentence-screen-fitting,"Array, String, Dynamic Programming"
MEDIUM,Find Bottom Left Tree Value,7.0,0.007252537349275765,https://leetcode.com/problems/find-bottom-left-tree-value,"Tree, Depth-First Search, Breadth-First Search, Binary Tree"
HARD,Strange Printer,7.0,0.0060980229188425834,https://leetcode.com/problems/strange-printer,"String, Dynamic Programming"
HARD,Redundant Connection II,7.0,0.003650765220572543,https://leetcode.com/problems/redundant-connection-ii,"Depth-First Search, Breadth-First Search, Union-Find, Graph Theory"
HARD,Number of Atoms,7.0,0.006524292368185456,https://leetcode.com/problems/number-of-atoms,"Hash Table, String, Stack, Sorting"
MEDIUM,All Possible Full Binary Trees,7.0,0.008277571673303608,https://leetcode.com/problems/all-possible-full-binary-trees,"Dynamic Programming, Tree, Recursion, Memoization, Binary Tree"
MEDIUM,Path with Maximum Gold,7.0,0.00685668617351063,https://leetcode.com/problems/path-with-maximum-gold,"Array, Backtracking, Matrix"
HARD,Maximum Performance of a Team,7.0,0.004808111945518284,https://leetcode.com/problems/maximum-performance-of-a-team,"Array, Greedy, Sorting, Heap (Priority Queue)"
HARD,Cherry Pickup II,7.0,0.007259671612355816,https://leetcode.com/problems/cherry-pickup-ii,"Array, Dynamic Programming, Matrix"
MEDIUM,Nearest Exit from Entrance in Maze,7.0,0.004903764164288496,https://leetcode.com/problems/nearest-exit-from-entrance-in-maze,"Array, Breadth-First Search, Matrix"
MEDIUM,Avoid Flood in The City,7.0,0.003896325342534569,https://leetcode.com/problems/avoid-flood-in-the-city,"Array, Hash Table, Binary Search, Greedy, Heap (Priority Queue)"
HARD,Build Array Where You Can Find The Maximum Exactly K Comparisons,7.0,0.006537512811159171,https://leetcode.com/problems/build-array-where-you-can-find-the-maximum-exactly-k-comparisons,"Dynamic Programming, Prefix Sum"
HARD,Find the Maximum Sum of Node Values,7.0,0.006913671913671914,https://leetcode.com/problems/find-the-maximum-sum-of-node-values,"Array, Dynamic Programming, Greedy, Bit Manipulation, Tree, Sorting"
EASY,Number of Senior Citizens,7.0,0.008119093572018322,https://leetcode.com/problems/number-of-senior-citizens,"Array, String"
MEDIUM,Non-decreasing Array,7.0,0.0025562762206484957,https://leetcode.com/problems/non-decreasing-array,Array
MEDIUM,Number of Steps to Reduce a Number in Binary Representation to One,7.0,0.006374802235557344,https://leetcode.com/problems/number-of-steps-to-reduce-a-number-in-binary-representation-to-one,"String, Bit Manipulation, Simulation"
HARD,Max Stack,7.0,0.004599698831436495,https://leetcode.com/problems/max-stack,"Linked List, Stack, Design, Doubly-Linked List, Ordered Set"
HARD,Rectangle Area II,7.0,0.005658832392644099,https://leetcode.com/problems/rectangle-area-ii,"Array, Segment Tree, Sweep Line, Ordered Set"
EASY,Maximum Number of Words Found in Sentences,7.0,0.008672725869856387,https://leetcode.com/problems/maximum-number-of-words-found-in-sentences,"Array, String"
MEDIUM,Count Good Nodes in Binary Tree,7.0,0.007394898531511319,https://leetcode.com/problems/count-good-nodes-in-binary-tree,"Tree, Depth-First Search, Breadth-First Search, Binary Tree"
MEDIUM,Image Overlap,7.0,0.006416213249331806,https://leetcode.com/problems/image-overlap,"Array, Matrix"
MEDIUM,Maximum Number of Accepted Invitations,7.0,0.005282563269096819,https://leetcode.com/problems/maximum-number-of-accepted-invitations,"Array, Depth-First Search, Graph Theory, Matrix, Maximum Flow, Maximum Matching, Bipartite Graph, Edmonds–Karp Algorithm, MPM Algorithm, Push-Relabel Algorithm, Matching (Graph), Flow Network, Dinic's Algorithm"
MEDIUM,Sentence Similarity III,7.0,0.00483951194091538,https://leetcode.com/problems/sentence-similarity-iii,"Array, Two Pointers, String"
HARD,Car Fleet II,7.0,0.005830550007552743,https://leetcode.com/problems/car-fleet-ii,"Array, Math, Stack, Heap (Priority Queue), Monotonic Stack"
MEDIUM,Sort Vowels in a String,7.0,0.008348176719925155,https://leetcode.com/problems/sort-vowels-in-a-string,"String, Sorting"
EASY,Largest Local Values in a Matrix,7.0,0.008770818086829982,https://leetcode.com/problems/largest-local-values-in-a-matrix,"Array, Matrix"
MEDIUM,Binary Tree Level Order Traversal II,7.0,0.006885798140274116,https://leetcode.com/problems/binary-tree-level-order-traversal-ii,"Tree, Breadth-First Search, Binary Tree"
EASY,Height Checker,7.0,0.008194261670484915,https://leetcode.com/problems/height-checker,"Array, Sorting, Counting Sort, Bubble Sort"
MEDIUM,Find the Celebrity,7.0,0.004906643023186505,https://leetcode.com/problems/find-the-celebrity,"Two Pointers, Graph Theory, Interactive"
MEDIUM,Number of Operations to Make Network Connected,7.0,0.006714908140664005,https://leetcode.com/problems/number-of-operations-to-make-network-connected,"Depth-First Search, Breadth-First Search, Union-Find, Graph Theory"
HARD,Consecutive Numbers Sum,7.0,0.004282461260224423,https://leetcode.com/problems/consecutive-numbers-sum,"Math, Enumeration"
EASY,Check If a Word Occurs As a Prefix of Any Word in a Sentence,7.0,0.006880183030166083,https://leetcode.com/problems/check-if-a-word-occurs-as-a-prefix-of-any-word-in-a-sentence,"Two Pointers, String, String Matching"
HARD,Maximum Score Words Formed by Letters,7.0,0.008149606529904312,https://leetcode.com/problems/maximum-score-words-formed-by-letters,"Array, Hash Table, String, Dynamic Programming, Backtracking, Bit Manipulation, Counting, Bitmask"
MEDIUM,Dot Product of Two Sparse Vectors,7.0,0.00898920702566936,https://leetcode.com/problems/dot-product-of-two-sparse-vectors,"Array, Hash Table, Two Pointers, Design, Linear Algebra"
HARD,Checking Existence of Edge Length Limited Paths,7.0,0.006359254403690524,https://leetcode.com/problems/checking-existence-of-edge-length-limited-paths,"Array, Two Pointers, Union-Find, Graph Theory, Sorting"
HARD,Largest Component Size by Common Factor,7.0,0.004372238394361881,https://leetcode.com/problems/largest-component-size-by-common-factor,"Array, Hash Table, Math, Union-Find, Number Theory, Prime Factorization"
HARD,Cat and Mouse,7.0,0.0035919742166864565,https://leetcode.com/problems/cat-and-mouse,"Math, Dynamic Programming, Graph Theory, Topological Sort, Memoization, Minimax, Game Theory, Zero-Sum Game"
MEDIUM,Find the Maximum Length of Valid Subsequence II,7.0,0.005704318697347332,https://leetcode.com/problems/find-the-maximum-length-of-valid-subsequence-ii,"Array, Dynamic Programming"
MEDIUM,Coloring A Border,7.0,0.00516049642809262,https://leetcode.com/problems/coloring-a-border,"Array, Depth-First Search, Breadth-First Search, Matrix"
MEDIUM,Construct K Palindrome Strings,7.0,0.006850960071190154,https://leetcode.com/problems/construct-k-palindrome-strings,"Hash Table, String, Greedy, Counting"
MEDIUM,Bitwise XOR of All Pairings,7.0,0.006688353458733935,https://leetcode.com/problems/bitwise-xor-of-all-pairings,"Array, Bit Manipulation, Brainteaser"
HARD,Build a Matrix With Conditions,7.0,0.00793561403254133,https://leetcode.com/problems/build-a-matrix-with-conditions,"Array, Graph Theory, Topological Sort, Matrix, Directed Acyclic Graph"
HARD,Count Palindromic Subsequences,7.0,0.004186745946693399,https://leetcode.com/problems/count-palindromic-subsequences,"String, Dynamic Programming"
MEDIUM,Verify Preorder Serialization of a Binary Tree,7.0,0.004771684725812662,https://leetcode.com/problems/verify-preorder-serialization-of-a-binary-tree,"String, Stack, Tree, Binary Tree"
HARD,Count Subarrays With Score Less Than K,7.0,0.006221383759589243,https://leetcode.com/problems/count-subarrays-with-score-less-than-k,"Array, Binary Search, Sliding Window, Prefix Sum"
HARD,Perfect Rectangle,7.0,0.003888214285714286,https://leetcode.com/problems/perfect-rectangle,"Array, Hash Table, Math, Geometry, Sweep Line"
MEDIUM,Magical String,7.0,0.00561118234978492,https://leetcode.com/problems/magical-string,"Two Pointers, String"
MEDIUM,Words Within Two Edits of Dictionary,7.0,0.007328777524677297,https://leetcode.com/problems/words-within-two-edits-of-dictionary,"Array, String, Trie"
MEDIUM,Closest Nodes Queries in a Binary Search Tree,7.0,0.004486025682529406,https://leetcode.com/problems/closest-nodes-queries-in-a-binary-search-tree,"Array, Binary Search, Tree, Depth-First Search, Binary Search Tree, Binary Tree"
MEDIUM,Encode and Decode TinyURL,7.0,0.008660179620316994,https://leetcode.com/problems/encode-and-decode-tinyurl,"Hash Table, String, Design, Hash Function"
MEDIUM,Disconnect Path in a Binary Matrix by at Most One Flip,7.0,0.002813549194787458,https://leetcode.com/problems/disconnect-path-in-a-binary-matrix-by-at-most-one-flip,"Array, Dynamic Programming, Depth-First Search, Breadth-First Search, Matrix"
MEDIUM,Implement Magic Dictionary,7.0,0.005810329263077873,https://leetcode.com/problems/implement-magic-dictionary,"Hash Table, String, Depth-First Search, Design, Trie"
MEDIUM,Sentence Similarity II,7.0,0.0051401384083044985,https://leetcode.com/problems/sentence-similarity-ii,"Array, Hash Table, String, Depth-First Search, Breadth-First Search, Union-Find"
HARD,Max Chunks To Make Sorted II,7.0,0.00550601872492198,https://leetcode.com/problems/max-chunks-to-make-sorted-ii,"Array, Stack, Greedy, Sorting, Monotonic Stack"
MEDIUM,Insert into a Sorted Circular Linked List,7.0,0.0038583034184292487,https://leetcode.com/problems/insert-into-a-sorted-circular-linked-list,Linked List
MEDIUM,Exam Room,7.0,0.00437427773227569,https://leetcode.com/problems/exam-room,"Design, Heap (Priority Queue), Ordered Set"
MEDIUM,Online Election,7.0,0.00530768928426376,https://leetcode.com/problems/online-election,"Array, Hash Table, Binary Search, Design"
MEDIUM,Campus Bikes,7.0,0.005908594591360537,https://leetcode.com/problems/campus-bikes,"Array, Sorting, Heap (Priority Queue)"
MEDIUM,Letter Tile Possibilities,7.0,0.008352934436299865,https://leetcode.com/problems/letter-tile-possibilities,"Hash Table, String, Backtracking, Counting"
MEDIUM,Find the Largest Area of Square Inside Two Rectangles,7.0,0.006676540515258993,https://leetcode.com/problems/find-the-largest-area-of-square-inside-two-rectangles,"Array, Math, Geometry"
MEDIUM,Watering Plants,7.0,0.008004389385263252,https://leetcode.com/problems/watering-plants,"Array, Simulation"
HARD,Tiling a Rectangle with the Fewest Squares,7.0,0.005528043482495958,https://leetcode.com/problems/tiling-a-rectangle-with-the-fewest-squares,Backtracking
EASY,Latest Time by Replacing Hidden Digits,7.0,0.004400252304026352,https://leetcode.com/problems/latest-time-by-replacing-hidden-digits,"String, Greedy"
MEDIUM,Jump Game VII,7.0,0.003564422214524005,https://leetcode.com/problems/jump-game-vii,"String, Dynamic Programming, Sliding Window, Prefix Sum"
HARD,Second Minimum Time to Reach Destination,7.0,0.006234758511480602,https://leetcode.com/problems/second-minimum-time-to-reach-destination,"Breadth-First Search, Graph Theory, Shortest Path, Dijkstra's Algorithm, K Shortest Path"
HARD,Modify Graph Edge Weights,7.0,0.005559417998806316,https://leetcode.com/problems/modify-graph-edge-weights,"Graph Theory, Heap (Priority Queue), Shortest Path"
EASY,Maximum Odd Binary Number,7.0,0.008301009444977994,https://leetcode.com/problems/maximum-odd-binary-number,"Math, String, Greedy"
MEDIUM,Find Good Days to Rob the Bank,7.0,0.005196765141304107,https://leetcode.com/problems/find-good-days-to-rob-the-bank,"Array, Dynamic Programming, Prefix Sum"
EASY,N-ary Tree Postorder Traversal,7.0,0.00811933698809686,https://leetcode.com/problems/n-ary-tree-postorder-traversal,"Stack, Tree, Depth-First Search"
EASY,N-ary Tree Preorder Traversal,7.0,0.007693237262277005,https://leetcode.com/problems/n-ary-tree-preorder-traversal,"Stack, Tree, Depth-First Search"
EASY,Minimum Moves to Convert String,7.0,0.005826509368494101,https://leetcode.com/problems/minimum-moves-to-convert-string,"String, Greedy"
MEDIUM,Check Knight Tour Configuration,7.0,0.006197890507282772,https://leetcode.com/problems/check-knight-tour-configuration,"Array, Depth-First Search, Breadth-First Search, Matrix, Simulation"
MEDIUM,Count Sub Islands,7.0,0.007308719403770726,https://leetcode.com/problems/count-sub-islands,"Array, Depth-First Search, Breadth-First Search, Union-Find, Matrix"
MEDIUM,Spiral Matrix IV,7.0,0.008231698225734307,https://leetcode.com/problems/spiral-matrix-iv,"Array, Linked List, Matrix, Simulation"
EASY,Sum of Digits of String After Convert,7.0,0.007481636197943744,https://leetcode.com/problems/sum-of-digits-of-string-after-convert,"String, Simulation"
MEDIUM,Restore the Array From Adjacent Pairs,7.0,0.007512448643971647,https://leetcode.com/problems/restore-the-array-from-adjacent-pairs,"Array, Hash Table, Depth-First Search"
EASY,Count the Number of Special Characters I,7.0,0.007733637401982086,https://leetcode.com/problems/count-the-number-of-special-characters-i,"Hash Table, String"
HARD,Find Minimum Diameter After Merging Two Trees,7.0,0.005674410024265989,https://leetcode.com/problems/find-minimum-diameter-after-merging-two-trees,"Tree, Depth-First Search, Breadth-First Search, Graph Theory"
MEDIUM,Remove Comments,7.0,0.004039956733569388,https://leetcode.com/problems/remove-comments,"Array, String"
MEDIUM,Pairs of Songs With Total Durations Divisible by 60,7.0,0.005352883952557965,https://leetcode.com/problems/pairs-of-songs-with-total-durations-divisible-by-60,"Array, Hash Table, Counting"
MEDIUM,Shortest String That Contains Three Strings,7.0,0.0032179284130503644,https://leetcode.com/problems/shortest-string-that-contains-three-strings,"String, Greedy, Enumeration"
MEDIUM,Maximum Subarray Sum with One Deletion,7.0,0.004915435666880754,https://leetcode.com/problems/maximum-subarray-sum-with-one-deletion,"Array, Dynamic Programming"
HARD,Chalkboard XOR Game,7.0,0.006696989590171621,https://leetcode.com/problems/chalkboard-xor-game,"Array, Math, Bit Manipulation, Brainteaser, Game Theory, Zero-Sum Game, Impartial Game"
HARD,Make Array Non-decreasing or Non-increasing,7.0,0.006559212301052064,https://leetcode.com/problems/make-array-non-decreasing-or-non-increasing,"Array, Dynamic Programming, Greedy, Heap (Priority Queue)"
EASY,Sort Integers by The Number of 1 Bits,7.0,0.008243396967458481,https://leetcode.com/problems/sort-integers-by-the-number-of-1-bits,"Array, Bit Manipulation, Sorting, Counting"
MEDIUM,K-th Largest Perfect Subtree Size in Binary Tree,7.0,0.006252632001122987,https://leetcode.com/problems/k-th-largest-perfect-subtree-size-in-binary-tree,"Tree, Depth-First Search, Sorting, Binary Tree"
HARD,Sliding Puzzle,7.0,0.007455269470190516,https://leetcode.com/problems/sliding-puzzle,"Array, Dynamic Programming, Backtracking, Breadth-First Search, Memoization, Matrix, Heuristic Search, Bidirectional Search, A* Search"
EASY,Create Target Array in the Given Order,7.0,0.00865972863367133,https://leetcode.com/problems/create-target-array-in-the-given-order,"Array, Simulation"
MEDIUM,Maximum Number of Moves in a Grid,7.0,0.005877145501213528,https://leetcode.com/problems/maximum-number-of-moves-in-a-grid,"Array, Dynamic Programming, Matrix"
EASY,Day of the Week,7.0,0.00595829636202307,https://leetcode.com/problems/day-of-the-week,Math
HARD,Jump Game V,7.0,0.007579585814269299,https://leetcode.com/problems/jump-game-v,"Array, Dynamic Programming, Sorting"
MEDIUM,Minimum Number of Operations to Sort a Binary Tree by Level,7.0,0.007422767990160962,https://leetcode.com/problems/minimum-number-of-operations-to-sort-a-binary-tree-by-level,"Tree, Breadth-First Search, Binary Tree"
MEDIUM,Building H2O,7.0,0.005848964980544748,https://leetcode.com/problems/building-h2o,Concurrency
MEDIUM,Maximum Subarray Min-Product,7.0,0.004079317448521734,https://leetcode.com/problems/maximum-subarray-min-product,"Array, Stack, Monotonic Stack, Prefix Sum, Cartesian Tree"
EASY,Display the First Three Rows,7.0,0.009297649003047742,https://leetcode.com/problems/display-the-first-three-rows,
MEDIUM,Maximum Coins From K Consecutive Bags,7.0,0.0026592345707389955,https://leetcode.com/problems/maximum-coins-from-k-consecutive-bags,"Array, Binary Search, Greedy, Sliding Window, Sorting, Prefix Sum"
HARD,Find Building Where Alice and Bob Can Meet,7.0,0.00525709051653636,https://leetcode.com/problems/find-building-where-alice-and-bob-can-meet,"Array, Binary Search, Stack, Binary Indexed Tree, Segment Tree, Heap (Priority Queue), Monotonic Stack"
EASY,Maximum Difference by Remapping a Digit,7.0,0.0075544704065420056,https://leetcode.com/problems/maximum-difference-by-remapping-a-digit,"Math, Greedy"
EASY,Determine if String Halves Are Alike,7.0,0.007883956433947256,https://leetcode.com/problems/determine-if-string-halves-are-alike,"String, Counting"
MEDIUM,Maximum Possible Number by Binary Concatenation,7.0,0.006574571324964169,https://leetcode.com/problems/maximum-possible-number-by-binary-concatenation,"Array, Bit Manipulation, Enumeration"
EASY,Convert the Temperature,7.0,0.009037247689912504,https://leetcode.com/problems/convert-the-temperature,Math
MEDIUM,Find Triangular Sum of an Array,7.0,0.00819617251947516,https://leetcode.com/problems/find-triangular-sum-of-an-array,"Array, Math, Simulation, Combinatorics, Number Theory"
EASY,Find the Key of the Numbers,7.0,0.007673455298584743,https://leetcode.com/problems/find-the-key-of-the-numbers,Math
MEDIUM,Ways to Split Array Into Three Subarrays,7.0,0.0034545454545454545,https://leetcode.com/problems/ways-to-split-array-into-three-subarrays,"Array, Two Pointers, Binary Search, Prefix Sum"
MEDIUM,Two City Scheduling,7.0,0.006885736389310913,https://leetcode.com/problems/two-city-scheduling,"Array, Greedy, Sorting, Hungarian Algorithm, Successive Shortest Path Algorithm"
EASY,Row With Maximum Ones,7.0,0.007454293810654383,https://leetcode.com/problems/row-with-maximum-ones,"Array, Matrix"
MEDIUM,Unique Substrings in Wraparound String,7.0,0.004371702514367287,https://leetcode.com/problems/unique-substrings-in-wraparound-string,"String, Dynamic Programming"
MEDIUM,Convert BST to Greater Tree,7.0,0.007186448950352572,https://leetcode.com/problems/convert-bst-to-greater-tree,"Tree, Depth-First Search, Binary Search Tree, Binary Tree"
MEDIUM,Split Array into Fibonacci Sequence,7.0,0.004059204919539461,https://leetcode.com/problems/split-array-into-fibonacci-sequence,"String, Backtracking"
HARD,Manhattan Distances of All Arrangements of Pieces,7.0,0.0035981878376023695,https://leetcode.com/problems/manhattan-distances-of-all-arrangements-of-pieces,"Math, Combinatorics"
MEDIUM,Swap For Longest Repeated Character Substring,7.0,0.004492257555416637,https://leetcode.com/problems/swap-for-longest-repeated-character-substring,"Hash Table, String, Sliding Window"
EASY,Univalued Binary Tree,7.0,0.007329122095879384,https://leetcode.com/problems/univalued-binary-tree,"Tree, Depth-First Search, Breadth-First Search, Binary Tree"
MEDIUM,Uncrossed Lines,7.0,0.00655178357704116,https://leetcode.com/problems/uncrossed-lines,"Array, Dynamic Programming, Longest Common Subsequence"
EASY,Count Items Matching a Rule,7.0,0.008542031625230578,https://leetcode.com/problems/count-items-matching-a-rule,"Array, String"
HARD,Number of Distinct Islands II,7.0,0.005557809330628803,https://leetcode.com/problems/number-of-distinct-islands-ii,"Array, Hash Table, Depth-First Search, Breadth-First Search, Union-Find, Sorting, Matrix, Hash Function"
MEDIUM,Hash Divided String,7.0,0.008346425160952468,https://leetcode.com/problems/hash-divided-string,"String, Simulation"
HARD,Total Appeal of A String,7.0,0.005669142376681614,https://leetcode.com/problems/total-appeal-of-a-string,"Hash Table, String, Dynamic Programming"
HARD,Find the Maximum Number of Fruits Collected,7.0,0.006463426642914052,https://leetcode.com/problems/find-the-maximum-number-of-fruits-collected,"Array, Dynamic Programming, Matrix"
MEDIUM,Construct Smallest Number From DI String,7.0,0.008550652455423847,https://leetcode.com/problems/construct-smallest-number-from-di-string,"String, Backtracking, Stack, Greedy"
MEDIUM,Count the Number of Complete Components,7.0,0.008081815581195768,https://leetcode.com/problems/count-the-number-of-complete-components,"Depth-First Search, Breadth-First Search, Union-Find, Graph Theory"
MEDIUM,Minimum Score of a Path Between Two Cities,7.0,0.006624039939783489,https://leetcode.com/problems/minimum-score-of-a-path-between-two-cities,"Depth-First Search, Breadth-First Search, Union-Find, Graph Theory"
HARD,Length of Longest V-Shaped Diagonal Segment,7.0,0.005592548076923077,https://leetcode.com/problems/length-of-longest-v-shaped-diagonal-segment,"Array, Dynamic Programming, Memoization, Matrix"
MEDIUM,Sequential Digits,7.0,0.0068642383022618925,https://leetcode.com/problems/sequential-digits,Enumeration
MEDIUM,Sum of Distances,7.0,0.005029290414679155,https://leetcode.com/problems/sum-of-distances,"Array, Hash Table, Prefix Sum"
EASY,Max Pair Sum in an Array,7.0,0.006121219133570527,https://leetcode.com/problems/max-pair-sum-in-an-array,"Array, Hash Table"
MEDIUM,Count Total Number of Colored Cells,7.0,0.006621364990789046,https://leetcode.com/problems/count-total-number-of-colored-cells,Math
EASY,Sum of Unique Elements,7.0,0.008021881131917812,https://leetcode.com/problems/sum-of-unique-elements,"Array, Hash Table, Counting"
EASY,Generate Fibonacci Sequence,7.0,0.008357722061701928,https://leetcode.com/problems/generate-fibonacci-sequence,
EASY,Sum of All Odd Length Subarrays,7.0,0.008410495234441576,https://leetcode.com/problems/sum-of-all-odd-length-subarrays,"Array, Math, Prefix Sum"
MEDIUM,Longest Non-decreasing Subarray From Two Arrays,7.0,0.003149918742111385,https://leetcode.com/problems/longest-non-decreasing-subarray-from-two-arrays,"Array, Dynamic Programming"
MEDIUM,Inorder Successor in BST,7.0,0.005126173893753201,https://leetcode.com/problems/inorder-successor-in-bst,"Tree, Depth-First Search, Binary Search Tree, Binary Tree"
MEDIUM,Minimum Operations to Make a Uni-Value Grid,7.0,0.0070759769386680785,https://leetcode.com/problems/minimum-operations-to-make-a-uni-value-grid,"Array, Math, Sorting, Matrix"
MEDIUM,Partition Array Such That Maximum Difference Is K,7.0,0.008177398781121557,https://leetcode.com/problems/partition-array-such-that-maximum-difference-is-k,"Array, Greedy, Sorting"
HARD,Closest Subsequence Sum,7.0,0.004477573243453461,https://leetcode.com/problems/closest-subsequence-sum,"Array, Two Pointers, Dynamic Programming, Bit Manipulation, Meet in the Middle, Sorting, Bitmask"
MEDIUM,Find the Divisibility Array of a String,7.0,0.0036852151578058486,https://leetcode.com/problems/find-the-divisibility-array-of-a-string,"Array, Math, String"
MEDIUM,Shifting Letters,7.0,0.0046459881930688215,https://leetcode.com/problems/shifting-letters,"Array, String, Prefix Sum"
EASY,Minimum Number of Operations to Make Elements in Array Distinct,7.0,0.007126182073165534,https://leetcode.com/problems/minimum-number-of-operations-to-make-elements-in-array-distinct,"Array, Hash Table"
HARD,Find the String with LCP,7.0,0.0063156098892528465,https://leetcode.com/problems/find-the-string-with-lcp,"Array, String, Dynamic Programming, Greedy, Union-Find, Matrix"
EASY,Maximum Value of an Ordered Triplet I,7.0,0.005807270412098469,https://leetcode.com/problems/maximum-value-of-an-ordered-triplet-i,"Array, Prefix Sum"
HARD,Maximum Number of Tasks You Can Assign,7.0,0.004995120831180759,https://leetcode.com/problems/maximum-number-of-tasks-you-can-assign,"Array, Two Pointers, Binary Search, Greedy, Queue, Sorting, Monotonic Queue"
MEDIUM,Water Bottles II,7.0,0.007806811724378127,https://leetcode.com/problems/water-bottles-ii,"Math, Simulation"
EASY,Divide a String Into Groups of Size k,7.0,0.007690478647472611,https://leetcode.com/problems/divide-a-string-into-groups-of-size-k,"String, Simulation"
EASY,Reformat Department Table,7.0,0.007641273405082739,https://leetcode.com/problems/reformat-department-table,Database
HARD,Longest Special Path II,7.0,0.0019307671381936888,https://leetcode.com/problems/longest-special-path-ii,"Array, Hash Table, Tree, Depth-First Search, Prefix Sum"
MEDIUM,Make Array Non-decreasing,7.0,0.005775787728026533,https://leetcode.com/problems/make-array-non-decreasing,"Array, Stack, Greedy, Monotonic Stack"
MEDIUM,Buildings With an Ocean View,7.0,0.008087318964587621,https://leetcode.com/problems/buildings-with-an-ocean-view,"Array, Stack, Monotonic Stack"
MEDIUM,Missing Element in Sorted Array,7.0,0.005973042102548734,https://leetcode.com/problems/missing-element-in-sorted-array,"Array, Binary Search"
MEDIUM,Stone Game VII,7.0,0.005915183112919634,https://leetcode.com/problems/stone-game-vii,"Array, Math, Dynamic Programming, Minimax, Game Theory, Zero-Sum Game"
EASY,Zigzag Grid Traversal With Skip,7.0,0.006565066355035458,https://leetcode.com/problems/zigzag-grid-traversal-with-skip,"Array, Matrix, Simulation"
HARD,Minimum One Bit Operations to Make Integers Zero,7.0,0.00782056825986315,https://leetcode.com/problems/minimum-one-bit-operations-to-make-integers-zero,"Math, Dynamic Programming, Bit Manipulation, Recursion, Memoization"
EASY,Generate a String With Characters That Have Odd Counts,7.0,0.007859091456157478,https://leetcode.com/problems/generate-a-string-with-characters-that-have-odd-counts,String
EASY,Reshape the Matrix,7.0,0.00654199969637811,https://leetcode.com/problems/reshape-the-matrix,"Array, Matrix, Simulation"
HARD,Check If It Is a Good Array,7.0,0.006576073593010977,https://leetcode.com/problems/check-if-it-is-a-good-array,"Array, Math, Number Theory, Bézout's Lemma, Euclidean Algorithm, Greatest Common Divisor, Extended Euclidean Algorithm"
MEDIUM,Maximum Product of the Length of Two Palindromic Subsequences,7.0,0.006268555589775177,https://leetcode.com/problems/maximum-product-of-the-length-of-two-palindromic-subsequences,"String, Dynamic Programming, Backtracking, Bit Manipulation, Bitmask"
HARD,Parse Lisp Expression,7.0,0.005394257396880922,https://leetcode.com/problems/parse-lisp-expression,"Hash Table, String, Stack, Recursion"
MEDIUM,Design Underground System,7.0,0.007459839196943783,https://leetcode.com/problems/design-underground-system,"Hash Table, String, Design"
EASY,Maximum Area of Longest Diagonal Rectangle,7.0,0.00459556007324493,https://leetcode.com/problems/maximum-area-of-longest-diagonal-rectangle,Array
MEDIUM,String Without AAA or BBB,7.0,0.004557481621327841,https://leetcode.com/problems/string-without-aaa-or-bbb,"String, Greedy"
MEDIUM,Find Closest Node to Given Two Nodes,7.0,0.0053061476790510365,https://leetcode.com/problems/find-closest-node-to-given-two-nodes,"Depth-First Search, Graph Theory"
HARD,Maximum Candies You Can Get from Boxes,7.0,0.006710428111732391,https://leetcode.com/problems/maximum-candies-you-can-get-from-boxes,"Array, Breadth-First Search, Graph Theory"
HARD,Count Integers in Intervals,7.0,0.0036180838948467304,https://leetcode.com/problems/count-integers-in-intervals,"Design, Segment Tree, Ordered Set"
EASY,Count Special Quadruplets,7.0,0.006490512903829301,https://leetcode.com/problems/count-special-quadruplets,"Array, Hash Table, Enumeration"
MEDIUM,Count Collisions on a Road,7.0,0.005806202848480575,https://leetcode.com/problems/count-collisions-on-a-road,"String, Stack, Simulation"
MEDIUM,Vowels Game in a String,7.0,0.007692229371198978,https://leetcode.com/problems/vowels-game-in-a-string,"Math, String, Brainteaser, Game Theory"
EASY,Unique 3-Digit Even Numbers,7.0,0.007041918846008695,https://leetcode.com/problems/unique-3-digit-even-numbers,"Array, Hash Table, Recursion, Enumeration"
EASY,Find Nearest Point That Has the Same X or Y Coordinate,7.0,0.007008345661956875,https://leetcode.com/problems/find-nearest-point-that-has-the-same-x-or-y-coordinate,Array
MEDIUM,Shortest Word Distance II,7.0,0.006300165434187677,https://leetcode.com/problems/shortest-word-distance-ii,"Array, Hash Table, Two Pointers, String, Design"
EASY,Longest Subsequence With Limited Sum,7.0,0.007375786996799016,https://leetcode.com/problems/longest-subsequence-with-limited-sum,"Array, Binary Search, Greedy, Sorting, Prefix Sum"
MEDIUM,Sum of Absolute Differences in a Sorted Array,7.0,0.006856252078082912,https://leetcode.com/problems/sum-of-absolute-differences-in-a-sorted-array,"Array, Math, Prefix Sum"
HARD,Reducing Dishes,7.0,0.007681388138654052,https://leetcode.com/problems/reducing-dishes,"Array, Dynamic Programming, Greedy, Sorting"
HARD,Data Stream as Disjoint Intervals,7.0,0.006049038276385888,https://leetcode.com/problems/data-stream-as-disjoint-intervals,"Hash Table, Binary Search, Union-Find, Design, Data Stream, Ordered Set"
HARD,Allocate Mailboxes,7.0,0.005689858867105178,https://leetcode.com/problems/allocate-mailboxes,"Array, Math, Dynamic Programming, Sorting"
MEDIUM,Maximum Matching of Players With Trainers,7.0,0.007547714833699771,https://leetcode.com/problems/maximum-matching-of-players-with-trainers,"Array, Two Pointers, Greedy, Sorting"
EASY,Coupon Code Validator,7.0,0.006469579514906365,https://leetcode.com/problems/coupon-code-validator,"Array, Hash Table, String, Sorting"
MEDIUM,Task Scheduler II,7.0,0.005498706473043259,https://leetcode.com/problems/task-scheduler-ii,"Array, Hash Table, Simulation"
HARD,Minimum Cost to Reach Destination in Time,7.0,0.0042231260093748765,https://leetcode.com/problems/minimum-cost-to-reach-destination-in-time,"Array, Dynamic Programming, Graph Theory, Dijkstra's Algorithm"
HARD,Find the Minimum Area to Cover All Ones II,7.0,0.006316933240611961,https://leetcode.com/problems/find-the-minimum-area-to-cover-all-ones-ii,"Array, Matrix, Enumeration"
MEDIUM,Transpose File,7.0,0.003313336787282196,https://leetcode.com/problems/transpose-file,Shell
MEDIUM,Promise Time Limit,7.0,0.008329103043376015,https://leetcode.com/problems/promise-time-limit,
HARD,Partition Array for Maximum XOR and AND,7.0,0.0017714698885105192,https://leetcode.com/problems/partition-array-for-maximum-xor-and-and,"Array, Math, Greedy, Bit Manipulation, Enumeration"
HARD,Collect Coins in a Tree,7.0,0.003979289006756331,https://leetcode.com/problems/collect-coins-in-a-tree,"Array, Tree, Graph Theory, Topological Sort"
EASY,Decode the Message,7.0,0.008593744970763371,https://leetcode.com/problems/decode-the-message,"Hash Table, String"
MEDIUM,Maximum Alternating Subsequence Sum,7.0,0.005925340577025971,https://leetcode.com/problems/maximum-alternating-subsequence-sum,"Array, Dynamic Programming"
MEDIUM,Friend Requests II: Who Has the Most Friends,7.0,0.006340529247910863,https://leetcode.com/problems/friend-requests-ii-who-has-the-most-friends,Database
MEDIUM,Minimum Cost Path with Edge Reversals,7.0,0.006152084971108217,https://leetcode.com/problems/minimum-cost-path-with-edge-reversals,"Graph Theory, Heap (Priority Queue), Shortest Path"
MEDIUM,Highest Grade For Each Student,7.0,0.007121740988744836,https://leetcode.com/problems/highest-grade-for-each-student,Database
HARD,Minimum Operations to Equalize Binary String,7.0,0.0045119538394019845,https://leetcode.com/problems/minimum-operations-to-equalize-binary-string,"Math, String, Breadth-First Search, Union-Find, Ordered Set"
EASY,Find Closest Person,7.0,0.00889999007641163,https://leetcode.com/problems/find-closest-person,Math
HARD,Minimum Difficulty of a Job Schedule,7.0,0.005980760254615025,https://leetcode.com/problems/minimum-difficulty-of-a-job-schedule,"Array, Dynamic Programming"
MEDIUM,Count Bowl Subarrays,7.0,0.004874787710359734,https://leetcode.com/problems/count-bowl-subarrays,"Array, Stack, Monotonic Stack"
MEDIUM,Find Students Who Improved,7.0,0.004959939464079053,https://leetcode.com/problems/find-students-who-improved,Database
MEDIUM,Subsequence Sum After Capping Elements,7.0,0.0025548526046574238,https://leetcode.com/problems/subsequence-sum-after-capping-elements,"Array, Two Pointers, Dynamic Programming, Sorting"
EASY,Find the Number of Winning Players,7.0,0.006090852565743755,https://leetcode.com/problems/find-the-number-of-winning-players,"Array, Hash Table, Counting"
HARD,Apply Operations to Maximize Frequency Score,7.0,0.003977145336853145,https://leetcode.com/problems/apply-operations-to-maximize-frequency-score,"Array, Binary Search, Sliding Window, Sorting, Prefix Sum"
MEDIUM,Design Spreadsheet,7.0,0.0073532535496235295,https://leetcode.com/problems/design-spreadsheet,"Array, Hash Table, String, Design, Matrix"
EASY,Minimize String Length,7.0,0.007973966323755025,https://leetcode.com/problems/minimize-string-length,"Hash Table, String"
MEDIUM,Restaurant Growth,7.0,0.005958074011862455,https://leetcode.com/problems/restaurant-growth,Database
MEDIUM,Find Beautiful Indices in the Given Array I,7.0,0.0041163312742788,https://leetcode.com/problems/find-beautiful-indices-in-the-given-array-i,"Two Pointers, String, Binary Search, Rolling Hash, String Matching, Hash Function, Z Algorithm, Knuth–Morris–Pratt Algorithm, Boyer–Moore String-Search Algorithm"
EASY,XOR Operation in an Array,7.0,0.008783833127238025,https://leetcode.com/problems/xor-operation-in-an-array,"Math, Bit Manipulation"
MEDIUM,Maximum Amount of Money Robot Can Earn,7.0,0.004774316735642329,https://leetcode.com/problems/maximum-amount-of-money-robot-can-earn,"Array, Dynamic Programming, Matrix"
MEDIUM,Find Players With Zero or One Losses,7.0,0.007238360622847399,https://leetcode.com/problems/find-players-with-zero-or-one-losses,"Array, Hash Table, Sorting, Counting"
EASY,Maximum Count of Positive Integer and Negative Integer,7.0,0.007423294945068655,https://leetcode.com/problems/maximum-count-of-positive-integer-and-negative-integer,"Array, Binary Search, Counting"
HARD,Divide an Array Into Subarrays With Minimum Cost II,7.0,0.005444558998635031,https://leetcode.com/problems/divide-an-array-into-subarrays-with-minimum-cost-ii,"Array, Hash Table, Sliding Window, Heap (Priority Queue)"
EASY,Number of Even and Odd Bits,7.0,0.0073993286948693116,https://leetcode.com/problems/number-of-even-and-odd-bits,Bit Manipulation
EASY,Smallest Range I,7.0,0.00739412192687095,https://leetcode.com/problems/smallest-range-i,"Array, Math"
HARD,Minimum Initial Energy to Finish Tasks,7.0,0.00765127008926934,https://leetcode.com/problems/minimum-initial-energy-to-finish-tasks,"Array, Greedy, Sorting"
MEDIUM,Count Distinct Integers After Removing Zeros,7.0,0.0023200382942178545,https://leetcode.com/problems/count-distinct-integers-after-removing-zeros,"Math, Dynamic Programming"
MEDIUM,Market Analysis I,7.0,0.005764866779913796,https://leetcode.com/problems/market-analysis-i,Database
MEDIUM,Trim a Binary Search Tree,7.0,0.0066812677387059274,https://leetcode.com/problems/trim-a-binary-search-tree,"Tree, Depth-First Search, Binary Search Tree, Binary Tree"
HARD,Zuma Game,7.0,0.0029359534480810517,https://leetcode.com/problems/zuma-game,"String, Dynamic Programming, Stack, Breadth-First Search, Memoization"
HARD,Maximum Profit from Trading Stocks with Discounts,7.0,0.005645490785013085,https://leetcode.com/problems/maximum-profit-from-trading-stocks-with-discounts,"Array, Dynamic Programming, Tree, Depth-First Search"
MEDIUM,Apply Operations to Make All Array Elements Equal to Zero,7.0,0.0033726312869501902,https://leetcode.com/problems/apply-operations-to-make-all-array-elements-equal-to-zero,"Array, Prefix Sum"
MEDIUM,Length of Longest Subarray With at Most K Frequency,7.0,0.006050592720742577,https://leetcode.com/problems/length-of-longest-subarray-with-at-most-k-frequency,"Array, Hash Table, Sliding Window"
MEDIUM,Design A Leaderboard,7.0,0.006804074911161337,https://leetcode.com/problems/design-a-leaderboard,"Hash Table, Design, Sorting"
MEDIUM,Number of Sub-arrays of Size K and Average Greater than or Equal to Threshold,7.0,0.007390667420627442,https://leetcode.com/problems/number-of-sub-arrays-of-size-k-and-average-greater-than-or-equal-to-threshold,"Array, Sliding Window"
EASY,Difference Between Element Sum and Digit Sum of an Array,7.0,0.008542946607541863,https://leetcode.com/problems/difference-between-element-sum-and-digit-sum-of-an-array,"Array, Math"
MEDIUM,Remove Covered Intervals,7.0,0.006017011116577376,https://leetcode.com/problems/remove-covered-intervals,"Array, Sorting"
MEDIUM,Longest Turbulent Subarray,7.0,0.004940316217559303,https://leetcode.com/problems/longest-turbulent-subarray,"Array, Dynamic Programming, Sliding Window"
MEDIUM,Maximize Area of Square Hole in Grid,7.0,0.006177397319285635,https://leetcode.com/problems/maximize-area-of-square-hole-in-grid,"Array, Sorting"
HARD,Human Traffic of Stadium,7.0,0.0051974722266945736,https://leetcode.com/problems/human-traffic-of-stadium,Database
EASY,GCD of Odd and Even Sums,7.0,0.008985153137926706,https://leetcode.com/problems/gcd-of-odd-and-even-sums,"Math, Number Theory"
MEDIUM,Minimum Cost to Convert String I,7.0,0.006301993088253528,https://leetcode.com/problems/minimum-cost-to-convert-string-i,"Array, String, Graph Theory, Shortest Path"
MEDIUM,Design Auction System,7.0,0.004189497716894977,https://leetcode.com/problems/design-auction-system,"Hash Table, Design, Heap (Priority Queue), Ordered Set"
EASY,Read N Characters Given Read4,5.0,0.004260118043844857,https://leetcode.com/problems/read-n-characters-given-read4,"Array, Simulation, Interactive"
HARD,Read N Characters Given read4 II - Call Multiple Times,5.0,0.004334779377755175,https://leetcode.com/problems/read-n-characters-given-read4-ii-call-multiple-times,"Array, Simulation, Interactive"
MEDIUM,Design Snake Game,5.0,0.004008079329759114,https://leetcode.com/problems/design-snake-game,"Array, Hash Table, Design, Queue, Simulation"
EASY,Design Compressed String Iterator,5.0,0.004047081036023822,https://leetcode.com/problems/design-compressed-string-iterator,"Array, String, Design, Iterator"
MEDIUM,Tree Node,5.0,0.007632555894055169,https://leetcode.com/problems/tree-node,Database
HARD,Stickers to Spell Word,5.0,0.005110706640330104,https://leetcode.com/problems/stickers-to-spell-word,"Array, Hash Table, String, Dynamic Programming, Backtracking, Bit Manipulation, Memoization, Bitmask"
HARD,Jump Game IV,5.0,0.005107222178072051,https://leetcode.com/problems/jump-game-iv,"Array, Hash Table, Breadth-First Search"
HARD,Count All Valid Pickup and Delivery Options,5.0,0.006491727052277026,https://leetcode.com/problems/count-all-valid-pickup-and-delivery-options,"Math, Dynamic Programming, Combinatorics"
HARD,Remove Max Number of Edges to Keep Graph Fully Traversable,5.0,0.007010398613518197,https://leetcode.com/problems/remove-max-number-of-edges-to-keep-graph-fully-traversable,"Union-Find, Graph Theory"
MEDIUM,Eliminate Maximum Number of Monsters,5.0,0.0051243724650424025,https://leetcode.com/problems/eliminate-maximum-number-of-monsters,"Array, Greedy, Sorting"
MEDIUM,Count Nodes Equal to Average of Subtree,5.0,0.008679603126571596,https://leetcode.com/problems/count-nodes-equal-to-average-of-subtree,"Tree, Depth-First Search, Binary Tree"
MEDIUM,Check if There is a Valid Partition For The Array,5.0,0.005247785299612302,https://leetcode.com/problems/check-if-there-is-a-valid-partition-for-the-array,"Array, Dynamic Programming"
HARD,Number of Good Paths,5.0,0.005654773304467297,https://leetcode.com/problems/number-of-good-paths,"Array, Hash Table, Tree, Union-Find, Graph Theory, Sorting"
MEDIUM,Most Profitable Path in a Tree,5.0,0.006730534434196051,https://leetcode.com/problems/most-profitable-path-in-a-tree,"Array, Tree, Depth-First Search, Breadth-First Search, Graph Theory"
MEDIUM,Minimum Additions to Make Valid String,5.0,0.005133255036588671,https://leetcode.com/problems/minimum-additions-to-make-valid-string,"String, Dynamic Programming, Stack, Greedy"
HARD,Maximum Number of Ways to Partition an Array,5.0,0.003601284572680426,https://leetcode.com/problems/maximum-number-of-ways-to-partition-an-array,"Array, Hash Table, Counting, Enumeration, Prefix Sum"
HARD,Longest Cycle in a Graph,5.0,0.005104730714878536,https://leetcode.com/problems/longest-cycle-in-a-graph,"Depth-First Search, Breadth-First Search, Graph Theory, Topological Sort, Kosaraju's Algorithm, Tarjan's SCC Algorithm"
MEDIUM,Optimal Partition of String,5.0,0.007850909976800713,https://leetcode.com/problems/optimal-partition-of-string,"Hash Table, String, Greedy"
HARD,Poor Pigs,5.0,0.005919517085189948,https://leetcode.com/problems/poor-pigs,"Math, Dynamic Programming, Combinatorics"
HARD,Freedom Trail,5.0,0.005948143081168363,https://leetcode.com/problems/freedom-trail,"String, Dynamic Programming, Depth-First Search, Breadth-First Search"
EASY,Pass the Pillow,5.0,0.005660925684988857,https://leetcode.com/problems/pass-the-pillow,"Math, Simulation"
MEDIUM,Add One Row to Tree,5.0,0.006417128045619492,https://leetcode.com/problems/add-one-row-to-tree,"Tree, Depth-First Search, Breadth-First Search, Binary Tree"
MEDIUM,Check if Object Instance of Class,5.0,0.0030172684458398746,https://leetcode.com/problems/check-if-object-instance-of-class,
HARD,Reaching Points,5.0,0.003458673010051953,https://leetcode.com/problems/reaching-points,"Math, Euclidean Algorithm, Greatest Common Divisor"
HARD,Shortest Path to Get All Keys,5.0,0.005493674337441379,https://leetcode.com/problems/shortest-path-to-get-all-keys,"Array, Bit Manipulation, Breadth-First Search, Matrix"
EASY,Verifying an Alien Dictionary,5.0,0.005609905580519492,https://leetcode.com/problems/verifying-an-alien-dictionary,"Array, Hash Table, String"
MEDIUM,Remove Zero Sum Consecutive Nodes from Linked List,5.0,0.005328955051243696,https://leetcode.com/problems/remove-zero-sum-consecutive-nodes-from-linked-list,"Hash Table, Linked List"
MEDIUM,Validate Binary Tree Nodes,5.0,0.00441920774877573,https://leetcode.com/problems/validate-binary-tree-nodes,"Tree, Depth-First Search, Breadth-First Search, Union-Find, Graph Theory, Binary Tree"
MEDIUM,Count Triplets That Can Form Two Arrays of Equal XOR,5.0,0.008481195056621095,https://leetcode.com/problems/count-triplets-that-can-form-two-arrays-of-equal-xor,"Array, Hash Table, Math, Bit Manipulation, Prefix Sum"
MEDIUM,Least Number of Unique Integers after K Removals,5.0,0.006393087879745849,https://leetcode.com/problems/least-number-of-unique-integers-after-k-removals,"Array, Hash Table, Greedy, Sorting, Counting"
MEDIUM,Count Number of Teams,5.0,0.007019119392121712,https://leetcode.com/problems/count-number-of-teams,"Array, Dynamic Programming, Binary Indexed Tree, Segment Tree"
EASY,DI String Match,5.0,0.008126414896328392,https://leetcode.com/problems/di-string-match,"Array, Two Pointers, String, Greedy"
MEDIUM,Double a Number Represented as a Linked List,5.0,0.006133456341814237,https://leetcode.com/problems/double-a-number-represented-as-a-linked-list,"Linked List, Math, Stack"
HARD,Prefix and Suffix Search,5.0,0.004110636938976949,https://leetcode.com/problems/prefix-and-suffix-search,"Array, Hash Table, String, Design, Trie"
MEDIUM,Egg Drop With 2 Eggs and N Floors,5.0,0.007471123207647371,https://leetcode.com/problems/egg-drop-with-2-eggs-and-n-floors,"Math, Dynamic Programming"
MEDIUM,3Sum Smaller,5.0,0.005138337968330907,https://leetcode.com/problems/3sum-smaller,"Array, Two Pointers, Binary Search, Sorting"
MEDIUM,Replace Words,5.0,0.006892647797688829,https://leetcode.com/problems/replace-words,"Array, Hash Table, String, Trie"
MEDIUM,Paint House,5.0,0.006452224596852535,https://leetcode.com/problems/paint-house,"Array, Dynamic Programming"
HARD,Verbal Arithmetic Puzzle,5.0,0.0033465666813703864,https://leetcode.com/problems/verbal-arithmetic-puzzle,"Array, Math, String, Backtracking"
MEDIUM,All Ancestors of a Node in a Directed Acyclic Graph,5.0,0.006229980901968451,https://leetcode.com/problems/all-ancestors-of-a-node-in-a-directed-acyclic-graph,"Depth-First Search, Breadth-First Search, Graph Theory, Topological Sort, Directed Acyclic Graph"
MEDIUM,Longest Uncommon Subsequence II,5.0,0.004546057247314319,https://leetcode.com/problems/longest-uncommon-subsequence-ii,"Array, Hash Table, Two Pointers, String, Sorting"
MEDIUM,Find Kth Bit in Nth Binary String,5.0,0.00737185282314345,https://leetcode.com/problems/find-kth-bit-in-nth-binary-string,"String, Recursion, Simulation"
MEDIUM,N-ary Tree Level Order Traversal,5.0,0.0071631254388374995,https://leetcode.com/problems/n-ary-tree-level-order-traversal,"Tree, Breadth-First Search"
EASY,Array Reduce Transformation,5.0,0.008547324113720974,https://leetcode.com/problems/array-reduce-transformation,
EASY,Largest Positive Integer That Exists With Its Negative,5.0,0.007449283816190291,https://leetcode.com/problems/largest-positive-integer-that-exists-with-its-negative,"Array, Hash Table, Two Pointers, Sorting"
HARD,Smallest Rectangle Enclosing Black Pixels,5.0,0.006097360171414699,https://leetcode.com/problems/smallest-rectangle-enclosing-black-pixels,"Array, Binary Search, Depth-First Search, Breadth-First Search, Matrix"
MEDIUM,HTML Entity Parser,5.0,0.005002898550724638,https://leetcode.com/problems/html-entity-parser,"Hash Table, String"
EASY,Minimum Distance Between BST Nodes,5.0,0.006176320286318296,https://leetcode.com/problems/minimum-distance-between-bst-nodes,"Tree, Depth-First Search, Breadth-First Search, Binary Search Tree, Binary Tree"
EASY,Determine if Two Events Have Conflict,5.0,0.005353414287967198,https://leetcode.com/problems/determine-if-two-events-have-conflict,"Array, String"
EASY,Count the Digits That Divide a Number,5.0,0.008612064030705746,https://leetcode.com/problems/count-the-digits-that-divide-a-number,Math
MEDIUM,Subrectangle Queries,5.0,0.008645542032638807,https://leetcode.com/problems/subrectangle-queries,"Array, Design, Matrix"
MEDIUM,Insert Greatest Common Divisors in Linked List,5.0,0.009128019994445987,https://leetcode.com/problems/insert-greatest-common-divisors-in-linked-list,"Linked List, Math, Number Theory"
HARD,Couples Holding Hands,5.0,0.005965833618623759,https://leetcode.com/problems/couples-holding-hands,"Greedy, Depth-First Search, Breadth-First Search, Union-Find, Graph Theory"
EASY,Longest Nice Substring,5.0,0.006466821152853167,https://leetcode.com/problems/longest-nice-substring,"Hash Table, String, Divide and Conquer, Bit Manipulation, Sliding Window"
HARD,Number of Unique Good Subsequences,5.0,0.00525935110560033,https://leetcode.com/problems/number-of-unique-good-subsequences,"String, Dynamic Programming"
MEDIUM,Longest Substring with At Most Two Distinct Characters,5.0,0.00571497735348932,https://leetcode.com/problems/longest-substring-with-at-most-two-distinct-characters,"Hash Table, String, Sliding Window"
EASY,Most Frequent Number Following Key In an Array,5.0,0.005965704474250481,https://leetcode.com/problems/most-frequent-number-following-key-in-an-array,"Array, Hash Table, Counting"
MEDIUM,Paint Fence,5.0,0.0048497922245821405,https://leetcode.com/problems/paint-fence,Dynamic Programming
EASY,Check if Number Has Equal Digit Count and Digit Value,5.0,0.007322853370726627,https://leetcode.com/problems/check-if-number-has-equal-digit-count-and-digit-value,"Hash Table, String, Counting"
MEDIUM,Longest Binary Subsequence Less Than or Equal to K,5.0,0.005273529342750546,https://leetcode.com/problems/longest-binary-subsequence-less-than-or-equal-to-k,"String, Dynamic Programming, Greedy, Memoization"
MEDIUM,Line Reflection,5.0,0.0036398348492844494,https://leetcode.com/problems/line-reflection,"Array, Hash Table, Math"
HARD,Max Sum of Rectangle No Larger Than K,5.0,0.004590309790342031,https://leetcode.com/problems/max-sum-of-rectangle-no-larger-than-k,"Array, Binary Search, Matrix, Prefix Sum, Ordered Set"
MEDIUM,Range Addition,5.0,0.007308701741980228,https://leetcode.com/problems/range-addition,"Array, Prefix Sum"
HARD,Sum of Prefix Scores of Strings,5.0,0.006086967252766781,https://leetcode.com/problems/sum-of-prefix-scores-of-strings,"Array, String, Trie, Counting"
MEDIUM,Number of Boomerangs,5.0,0.005793295058146415,https://leetcode.com/problems/number-of-boomerangs,"Array, Hash Table, Math"
MEDIUM,Count Number of Distinct Integers After Reverse Operations,5.0,0.008177173221909348,https://leetcode.com/problems/count-number-of-distinct-integers-after-reverse-operations,"Array, Hash Table, Math, Counting"
HARD,Smallest Good Base,5.0,0.004711459593221281,https://leetcode.com/problems/smallest-good-base,"Math, Binary Search"
MEDIUM,Max Consecutive Ones II,5.0,0.005211819769472581,https://leetcode.com/problems/max-consecutive-ones-ii,"Array, Dynamic Programming, Sliding Window"
MEDIUM,All Paths from Source Lead to Destination,5.0,0.003730988615880393,https://leetcode.com/problems/all-paths-from-source-lead-to-destination,"Graph Theory, Topological Sort, Kosaraju's Algorithm, Tarjan's SCC Algorithm"
MEDIUM,Frog Jump II,5.0,0.006258511169795161,https://leetcode.com/problems/frog-jump-ii,"Array, Binary Search, Greedy"
MEDIUM,Prime Subtraction Operation,5.0,0.005542074972779592,https://leetcode.com/problems/prime-subtraction-operation,"Array, Math, Binary Search, Greedy, Number Theory"
HARD,Minimum Window Subsequence,5.0,0.00438490652194912,https://leetcode.com/problems/minimum-window-subsequence,"String, Dynamic Programming, Sliding Window"
HARD,My Calendar III,5.0,0.007215178982946689,https://leetcode.com/problems/my-calendar-iii,"Binary Search, Design, Segment Tree, Prefix Sum, Ordered Set"
EASY,Sentence Similarity,5.0,0.004488278214947102,https://leetcode.com/problems/sentence-similarity,"Array, Hash Table, String"
MEDIUM,Search in a Sorted Array of Unknown Size,5.0,0.007314523754759896,https://leetcode.com/problems/search-in-a-sorted-array-of-unknown-size,"Array, Binary Search, Interactive"
HARD,Minimize Max Distance to Gas Station,5.0,0.005403121765881735,https://leetcode.com/problems/minimize-max-distance-to-gas-station,"Array, Binary Search"
MEDIUM,Escape The Ghosts,5.0,0.0064097853565091775,https://leetcode.com/problems/escape-the-ghosts,"Array, Math"
MEDIUM,Linked List Components,5.0,0.005816584143013344,https://leetcode.com/problems/linked-list-components,"Array, Hash Table, Linked List"
HARD,K-Similar Strings,5.0,0.004122844043373844,https://leetcode.com/problems/k-similar-strings,"Hash Table, String, Breadth-First Search"
MEDIUM,Random Point in Non-overlapping Rectangles,5.0,0.004042456043717115,https://leetcode.com/problems/random-point-in-non-overlapping-rectangles,"Array, Math, Binary Search, Reservoir Sampling, Prefix Sum, Ordered Set, Randomized"
HARD,String Transformation,5.0,0.002704022150976392,https://leetcode.com/problems/string-transformation,"Math, String, Dynamic Programming, String Matching"
HARD,Delete Columns to Make Sorted III,5.0,0.007262787748357096,https://leetcode.com/problems/delete-columns-to-make-sorted-iii,"Array, String, Dynamic Programming"
HARD,Numbers With Repeated Digits,5.0,0.00483701225560244,https://leetcode.com/problems/numbers-with-repeated-digits,"Math, Dynamic Programming"
EASY,Valid Boomerang,5.0,0.004009742359860283,https://leetcode.com/problems/valid-boomerang,"Array, Math, Geometry"
EASY,Single-Row Keyboard,5.0,0.008782093969663337,https://leetcode.com/problems/single-row-keyboard,"Hash Table, String"
MEDIUM,Smallest Subsequence of Distinct Characters,5.0,0.007056504215069009,https://leetcode.com/problems/smallest-subsequence-of-distinct-characters,"String, Stack, Greedy, Monotonic Stack"
MEDIUM,Maximum Number That Sum of the Prices Is Less Than or Equal to K,5.0,0.0039253714415334005,https://leetcode.com/problems/maximum-number-that-sum-of-the-prices-is-less-than-or-equal-to-k,"Math, Binary Search, Dynamic Programming, Bit Manipulation"
MEDIUM,Number of Same-End Substrings,5.0,0.006174025620059962,https://leetcode.com/problems/number-of-same-end-substrings,"Array, Hash Table, String, Counting, Prefix Sum"
EASY,Print in Order,5.0,0.007331487223227562,https://leetcode.com/problems/print-in-order,Concurrency
HARD,Minimum Falling Path Sum II,5.0,0.006297976765048226,https://leetcode.com/problems/minimum-falling-path-sum-ii,"Array, Dynamic Programming, Matrix"
MEDIUM,Sum of Mutated Array Closest to Target,5.0,0.004660338393536466,https://leetcode.com/problems/sum-of-mutated-array-closest-to-target,"Array, Binary Search, Sorting"
HARD,Pizza With 3n Slices,5.0,0.005425753840318605,https://leetcode.com/problems/pizza-with-3n-slices,"Array, Dynamic Programming, Greedy, Heap (Priority Queue)"
HARD,Max Value of Equation,5.0,0.004518133739269629,https://leetcode.com/problems/max-value-of-equation,"Array, Queue, Sliding Window, Heap (Priority Queue), Monotonic Queue"
HARD,Cat and Mouse II,5.0,0.004032555528826878,https://leetcode.com/problems/cat-and-mouse-ii,"Array, Math, Dynamic Programming, Graph Theory, Topological Sort, Memoization, Minimax, Matrix, Game Theory, Zero-Sum Game"
HARD,Minimum Adjacent Swaps for K Consecutive Ones,5.0,0.00425446365809082,https://leetcode.com/problems/minimum-adjacent-swaps-for-k-consecutive-ones,"Array, Greedy, Sliding Window, Prefix Sum"
MEDIUM,Number of Restricted Paths From First to Last Node,5.0,0.0041725498106187945,https://leetcode.com/problems/number-of-restricted-paths-from-first-to-last-node,"Dynamic Programming, Graph Theory, Topological Sort, Heap (Priority Queue), Shortest Path, Dijkstra's Algorithm"
MEDIUM,Queries on Number of Points Inside a Circle,5.0,0.008686971205585644,https://leetcode.com/problems/queries-on-number-of-points-inside-a-circle,"Array, Math, Geometry"
MEDIUM,Merge Triplets to Form Target Triplet,5.0,0.006934473425992818,https://leetcode.com/problems/merge-triplets-to-form-target-triplet,"Array, Greedy"
MEDIUM,Cutting Ribbons,5.0,0.00530532742467667,https://leetcode.com/problems/cutting-ribbons,"Array, Binary Search"
MEDIUM,Merge Nodes in Between Zeros,5.0,0.008970917000664639,https://leetcode.com/problems/merge-nodes-in-between-zeros,"Linked List, Simulation"
HARD,Minimum Number of Removals to Make Mountain Array,5.0,0.005478650182042738,https://leetcode.com/problems/minimum-number-of-removals-to-make-mountain-array,"Array, Binary Search, Dynamic Programming, Greedy"
MEDIUM,Maximum Number of Fish in a Grid,5.0,0.007036169659120479,https://leetcode.com/problems/maximum-number-of-fish-in-a-grid,"Array, Depth-First Search, Breadth-First Search, Union-Find, Matrix"
HARD,Find the Largest Palindrome Divisible by K,5.0,0.0017177339553293752,https://leetcode.com/problems/find-the-largest-palindrome-divisible-by-k,"Math, String, Dynamic Programming, Greedy, Number Theory"
EASY,Goal Parser Interpretation,5.0,0.008815879623719922,https://leetcode.com/problems/goal-parser-interpretation,String
MEDIUM,K-th Nearest Obstacle Queries,5.0,0.004899823837194016,https://leetcode.com/problems/k-th-nearest-obstacle-queries,"Array, Heap (Priority Queue)"
EASY,Check if All Characters Have Equal Number of Occurrences,5.0,0.007963426057215535,https://leetcode.com/problems/check-if-all-characters-have-equal-number-of-occurrences,"Hash Table, String, Counting"
MEDIUM,Find Missing Observations,5.0,0.0057382528472023145,https://leetcode.com/problems/find-missing-observations,"Array, Math, Simulation"
EASY,Projection Area of 3D Shapes,5.0,0.007652355744777048,https://leetcode.com/problems/projection-area-of-3d-shapes,"Array, Math, Geometry, Matrix"
MEDIUM,Minimum Fuel Cost to Report to the Capital,5.0,0.0065371796588194675,https://leetcode.com/problems/minimum-fuel-cost-to-report-to-the-capital,"Tree, Depth-First Search, Breadth-First Search, Graph Theory"
MEDIUM,Maximal Score After Applying K Operations,5.0,0.006418739120098772,https://leetcode.com/problems/maximal-score-after-applying-k-operations,"Array, Greedy, Heap (Priority Queue)"
HARD,Sorted GCD Pair Queries,5.0,0.00581872852233677,https://leetcode.com/problems/sorted-gcd-pair-queries,"Array, Hash Table, Math, Binary Search, Combinatorics, Counting, Number Theory, Prefix Sum, Euclidean Algorithm, Greatest Common Divisor"
EASY,Snake in Matrix,5.0,0.008247923296276398,https://leetcode.com/problems/snake-in-matrix,"Array, String, Simulation"
EASY,Find the Distance Value Between Two Arrays,5.0,0.007217096461687504,https://leetcode.com/problems/find-the-distance-value-between-two-arrays,"Array, Two Pointers, Binary Search, Sorting"
HARD,Maximum Number of Moves to Kill All Pawns,5.0,0.0033549906248637336,https://leetcode.com/problems/maximum-number-of-moves-to-kill-all-pawns,"Array, Math, Bit Manipulation, Breadth-First Search, Game Theory, Bitmask"
MEDIUM,Count Substrings With K-Frequency Characters I,5.0,0.005598677488931775,https://leetcode.com/problems/count-substrings-with-k-frequency-characters-i,"Hash Table, String, Sliding Window"
MEDIUM,Minimum Division Operations to Make Array Non Decreasing,5.0,0.0029209411764705884,https://leetcode.com/problems/minimum-division-operations-to-make-array-non-decreasing,"Array, Math, Greedy, Number Theory"
MEDIUM,Longest Square Streak in an Array,5.0,0.005310416497962048,https://leetcode.com/problems/longest-square-streak-in-an-array,"Array, Hash Table, Binary Search, Dynamic Programming, Sorting"
MEDIUM,Neighboring Bitwise XOR,5.0,0.007980800262033554,https://leetcode.com/problems/neighboring-bitwise-xor,"Array, Bit Manipulation"
MEDIUM,Maximum Size Subarray Sum Equals k,5.0,0.005093523508429871,https://leetcode.com/problems/maximum-size-subarray-sum-equals-k,"Array, Hash Table, Prefix Sum"
MEDIUM,Kth Largest Sum in a Binary Tree,5.0,0.005895324682671125,https://leetcode.com/problems/kth-largest-sum-in-a-binary-tree,"Tree, Breadth-First Search, Sorting, Binary Tree"
MEDIUM,Maximum Star Sum of a Graph,5.0,0.004269341343612619,https://leetcode.com/problems/maximum-star-sum-of-a-graph,"Array, Greedy, Graph Theory, Sorting, Heap (Priority Queue)"
HARD,Stone Game V,5.0,0.00429932727246195,https://leetcode.com/problems/stone-game-v,"Array, Math, Dynamic Programming, Game Theory"
MEDIUM,Binary Search Tree to Greater Sum Tree,5.0,0.008840984085669109,https://leetcode.com/problems/binary-search-tree-to-greater-sum-tree,"Tree, Depth-First Search, Binary Search Tree, Binary Tree"
EASY,Sum of Good Numbers,5.0,0.00699406640575685,https://leetcode.com/problems/sum-of-good-numbers,Array
EASY,Final Array State After K Multiplication Operations I,5.0,0.008690925000613341,https://leetcode.com/problems/final-array-state-after-k-multiplication-operations-i,"Array, Math, Heap (Priority Queue), Simulation"
EASY,Count Prefix and Suffix Pairs I,5.0,0.00776668066658599,https://leetcode.com/problems/count-prefix-and-suffix-pairs-i,"Array, String, Trie, Rolling Hash, String Matching, Hash Function"
MEDIUM,Sparse Matrix Multiplication,5.0,0.006934041622244544,https://leetcode.com/problems/sparse-matrix-multiplication,"Array, Hash Table, Matrix, Linear Algebra"
EASY,Change Data Type,5.0,0.008732778875420516,https://leetcode.com/problems/change-data-type,
MEDIUM,Find Maximum Removals From Source String,5.0,0.003978240302743614,https://leetcode.com/problems/find-maximum-removals-from-source-string,"Array, Hash Table, Two Pointers, String, Dynamic Programming"
EASY,A Number After a Double Reversal,5.0,0.008268035487240567,https://leetcode.com/problems/a-number-after-a-double-reversal,Math
MEDIUM,Maximize Amount After Two Days of Conversions,5.0,0.006197124026363091,https://leetcode.com/problems/maximize-amount-after-two-days-of-conversions,"Array, String, Depth-First Search, Breadth-First Search, Graph Theory"
EASY,Cells with Odd Values in a Matrix,5.0,0.007992002192947096,https://leetcode.com/problems/cells-with-odd-values-in-a-matrix,"Array, Math, Simulation"
MEDIUM,Count Ways To Build Good Strings,5.0,0.005884268138057586,https://leetcode.com/problems/count-ways-to-build-good-strings,Dynamic Programming
MEDIUM,Find the Kth Largest Integer in the Array,5.0,0.004825573179778854,https://leetcode.com/problems/find-the-kth-largest-integer-in-the-array,"Array, String, Divide and Conquer, Sorting, Heap (Priority Queue), Quickselect"
MEDIUM,Minimum Operations to Exceed Threshold Value II,5.0,0.004578243788313047,https://leetcode.com/problems/minimum-operations-to-exceed-threshold-value-ii,"Array, Heap (Priority Queue), Simulation"
MEDIUM,Make Lexicographically Smallest Array by Swapping Elements,5.0,0.006013827430412206,https://leetcode.com/problems/make-lexicographically-smallest-array-by-swapping-elements,"Array, Union-Find, Sorting"
EASY,Split a String in Balanced Strings,5.0,0.00875707308583425,https://leetcode.com/problems/split-a-string-in-balanced-strings,"String, Greedy, Counting"
MEDIUM,Letter Case Permutation,5.0,0.007603362851876176,https://leetcode.com/problems/letter-case-permutation,"String, Backtracking, Bit Manipulation"
MEDIUM,Longest Subsequence With Decreasing Adjacent Difference,5.0,0.0016975247196230673,https://leetcode.com/problems/longest-subsequence-with-decreasing-adjacent-difference,"Array, Dynamic Programming"
HARD,Super Washing Machines,5.0,0.004520338249421998,https://leetcode.com/problems/super-washing-machines,"Array, Greedy"
MEDIUM,Find the Number of Copy Arrays,5.0,0.0047381707553886985,https://leetcode.com/problems/find-the-number-of-copy-arrays,"Array, Math"
HARD,Maximum Path Quality of a Graph,5.0,0.006280315069439646,https://leetcode.com/problems/maximum-path-quality-of-a-graph,"Array, Backtracking, Graph Theory"
MEDIUM,Number of Subarrays with Bounded Maximum,5.0,0.005526955948096621,https://leetcode.com/problems/number-of-subarrays-with-bounded-maximum,"Array, Two Pointers"
MEDIUM,Inorder Successor in BST II,5.0,0.00611048199304603,https://leetcode.com/problems/inorder-successor-in-bst-ii,"Tree, Binary Search Tree, Binary Tree"
HARD,Smallest Substring With Identical Characters I,5.0,0.002111858593853054,https://leetcode.com/problems/smallest-substring-with-identical-characters-i,"Array, Binary Search, Enumeration"
MEDIUM,Map Sum Pairs,5.0,0.005734117294938643,https://leetcode.com/problems/map-sum-pairs,"Hash Table, String, Design, Trie"
EASY,Minimum Index Sum of Two Lists,5.0,0.00603474184268441,https://leetcode.com/problems/minimum-index-sum-of-two-lists,"Array, Hash Table, String"
EASY,Reshape Data: Concatenate,5.0,0.009041073305442779,https://leetcode.com/problems/reshape-data-concatenate,
MEDIUM,Closest Prime Numbers in Range,5.0,0.005194671341860249,https://leetcode.com/problems/closest-prime-numbers-in-range,"Math, Number Theory, Primality Test, Sieve Theory, Prime Number Sieve"
EASY,Find the XOR of Numbers Which Appear Twice,5.0,0.007927791489043452,https://leetcode.com/problems/find-the-xor-of-numbers-which-appear-twice,"Array, Hash Table, Bit Manipulation"
EASY,Find Indices of Stable Mountains,5.0,0.008723963482002675,https://leetcode.com/problems/find-indices-of-stable-mountains,Array
MEDIUM,Minimum Insertions to Balance a Parentheses String,5.0,0.005366885110328667,https://leetcode.com/problems/minimum-insertions-to-balance-a-parentheses-string,"String, Stack, Greedy, Bracket Sequences"
EASY,Minimum Amount of Time to Fill Cups,5.0,0.0060489549001499655,https://leetcode.com/problems/minimum-amount-of-time-to-fill-cups,"Array, Greedy, Sorting, Heap (Priority Queue)"
HARD,Encrypt and Decrypt Strings,5.0,0.0038738359108339304,https://leetcode.com/problems/encrypt-and-decrypt-strings,"Array, Hash Table, String, Design, Trie"
MEDIUM,Count Vowel Strings in Ranges,5.0,0.006788224525156103,https://leetcode.com/problems/count-vowel-strings-in-ranges,"Array, String, Prefix Sum"
EASY,Top Travellers,5.0,0.005763493470840439,https://leetcode.com/problems/top-travellers,Database
EASY,Split With Minimum Sum,5.0,0.007380748548650312,https://leetcode.com/problems/split-with-minimum-sum,"Math, Greedy, Sorting"
MEDIUM,Count Pairs That Form a Complete Day II,5.0,0.004374743173889856,https://leetcode.com/problems/count-pairs-that-form-a-complete-day-ii,"Array, Hash Table, Counting"
MEDIUM,Movement of Robots,5.0,0.002826218807763401,https://leetcode.com/problems/movement-of-robots,"Array, Brainteaser, Sorting, Prefix Sum"
HARD,Contain Virus,5.0,0.0055768173320136375,https://leetcode.com/problems/contain-virus,"Array, Depth-First Search, Breadth-First Search, Matrix, Simulation"
EASY,Count Subarrays of Length Three With a Condition,5.0,0.00613572976763459,https://leetcode.com/problems/count-subarrays-of-length-three-with-a-condition,Array
MEDIUM,Numbers With Same Consecutive Differences,5.0,0.005933116381359962,https://leetcode.com/problems/numbers-with-same-consecutive-differences,"Backtracking, Breadth-First Search"
MEDIUM,Maximum Product After K Increments,5.0,0.004419275651711946,https://leetcode.com/problems/maximum-product-after-k-increments,"Array, Greedy, Heap (Priority Queue)"
MEDIUM,Zero Array Transformation IV,5.0,0.0031146100145648136,https://leetcode.com/problems/zero-array-transformation-iv,"Array, Dynamic Programming"
EASY,Is Object Empty,5.0,0.008201809270556337,https://leetcode.com/problems/is-object-empty,
HARD,Merge Operations for Minimum Travel Time,5.0,0.003177642567406347,https://leetcode.com/problems/merge-operations-for-minimum-travel-time,"Array, Dynamic Programming, Prefix Sum"
MEDIUM,Group the People Given the Group Size They Belong To,5.0,0.008751813333878186,https://leetcode.com/problems/group-the-people-given-the-group-size-they-belong-to,"Array, Hash Table, Greedy"
MEDIUM,Minimum Moves to Spread Stones Over Grid,5.0,0.0045880782789085054,https://leetcode.com/problems/minimum-moves-to-spread-stones-over-grid,"Array, Dynamic Programming, Backtracking, Bit Manipulation, Matrix, Bitmask"
HARD,Closest Node to Path in Tree,5.0,0.006256139712570493,https://leetcode.com/problems/closest-node-to-path-in-tree,"Array, Tree, Depth-First Search, Breadth-First Search"
HARD,Find Minimum Time to Finish All Jobs,5.0,0.004618263547163833,https://leetcode.com/problems/find-minimum-time-to-finish-all-jobs,"Array, Dynamic Programming, Backtracking, Bit Manipulation, Bitmask"
HARD,Minimize Malware Spread,5.0,0.004339416421024741,https://leetcode.com/problems/minimize-malware-spread,"Array, Hash Table, Depth-First Search, Breadth-First Search, Union-Find, Graph Theory"
MEDIUM,Minimum Cost to Make Arrays Identical,5.0,0.003817558621907088,https://leetcode.com/problems/minimum-cost-to-make-arrays-identical,"Array, Greedy, Sorting"
HARD,Length of the Longest Valid Substring,5.0,0.0038643754259565766,https://leetcode.com/problems/length-of-the-longest-valid-substring,"Array, Hash Table, String, Sliding Window"
MEDIUM,Find Minimum Time to Reach Last Room II,5.0,0.00672724783516446,https://leetcode.com/problems/find-minimum-time-to-reach-last-room-ii,"Array, Graph Theory, Heap (Priority Queue), Matrix, Shortest Path"
MEDIUM,Total Characters in String After Transformations I,5.0,0.004564912511155842,https://leetcode.com/problems/total-characters-in-string-after-transformations-i,"Hash Table, Math, String, Dynamic Programming, Counting"
MEDIUM,Web Crawler Multithreaded,5.0,0.005133506440324623,https://leetcode.com/problems/web-crawler-multithreaded,"Depth-First Search, Breadth-First Search, Concurrency"
HARD,Non-negative Integers without Consecutive Ones,5.0,0.004310286574315815,https://leetcode.com/problems/non-negative-integers-without-consecutive-ones,Dynamic Programming
HARD,String Compression II,5.0,0.005220616870472778,https://leetcode.com/problems/string-compression-ii,"String, Dynamic Programming"
MEDIUM,Find All Groups of Farmland,5.0,0.007547499739012423,https://leetcode.com/problems/find-all-groups-of-farmland,"Array, Depth-First Search, Breadth-First Search, Matrix"
EASY,Delete Greatest Value in Each Row,5.0,0.008046924125991197,https://leetcode.com/problems/delete-greatest-value-in-each-row,"Array, Sorting, Heap (Priority Queue), Matrix, Simulation"
MEDIUM,Longest Repeating Substring,5.0,0.00634763846120484,https://leetcode.com/problems/longest-repeating-substring,"String, Binary Search, Dynamic Programming, Rolling Hash, Suffix Array, Hash Function, Suffix Automaton, Suffix Tree"
MEDIUM,Minimum Deletions to Make String K-Special,5.0,0.006705320845675089,https://leetcode.com/problems/minimum-deletions-to-make-string-k-special,"Hash Table, String, Greedy, Sorting, Counting"
EASY,Sum of Digits in Base K,5.0,0.007920812754212667,https://leetcode.com/problems/sum-of-digits-in-base-k,Math
HARD,Earliest Second to Mark Indices II,5.0,0.002226770146714863,https://leetcode.com/problems/earliest-second-to-mark-indices-ii,"Array, Binary Search, Greedy, Heap (Priority Queue)"
MEDIUM,Reorder Data in Log Files,5.0,0.005678007237385706,https://leetcode.com/problems/reorder-data-in-log-files,"Array, String, Sorting"
MEDIUM,Shortest Path in a Hidden Grid,5.0,0.004469054550056955,https://leetcode.com/problems/shortest-path-in-a-hidden-grid,"Array, Depth-First Search, Breadth-First Search, Matrix, Interactive"
MEDIUM,Shift Distance Between Two Strings,5.0,0.0053988553031658025,https://leetcode.com/problems/shift-distance-between-two-strings,"Array, String, Prefix Sum"
MEDIUM,Maximum Length of a Concatenated String with Unique Characters,5.0,0.005488775840463407,https://leetcode.com/problems/maximum-length-of-a-concatenated-string-with-unique-characters,"Array, String, Backtracking, Bit Manipulation"
MEDIUM,3Sum With Multiplicity,5.0,0.004642843787628357,https://leetcode.com/problems/3sum-with-multiplicity,"Array, Hash Table, Two Pointers, Sorting, Counting"
HARD,Count the Number of Arrays with K Matching Adjacent Elements,5.0,0.005824228109228704,https://leetcode.com/problems/count-the-number-of-arrays-with-k-matching-adjacent-elements,"Math, Combinatorics, Fermat's Little Theorem"
MEDIUM,Card Flipping Game,5.0,0.005084921631806019,https://leetcode.com/problems/card-flipping-game,"Array, Hash Table"
HARD,Make the XOR of All Segments Equal to Zero,5.0,0.004103937703650522,https://leetcode.com/problems/make-the-xor-of-all-segments-equal-to-zero,"Array, Hash Table, Dynamic Programming, Bit Manipulation, Counting"
HARD,The Maze III,5.0,0.005257081692725258,https://leetcode.com/problems/the-maze-iii,"Array, String, Depth-First Search, Breadth-First Search, Graph Theory, Heap (Priority Queue), Matrix, Shortest Path, Dijkstra's Algorithm, Heuristic Search, A* Search"
MEDIUM,Find Maximum Area of a Triangle,5.0,0.0029904114118369466,https://leetcode.com/problems/find-maximum-area-of-a-triangle,"Array, Hash Table, Math, Greedy, Geometry, Enumeration"
HARD,Count Different Palindromic Subsequences,5.0,0.00481662492109068,https://leetcode.com/problems/count-different-palindromic-subsequences,"String, Dynamic Programming"
EASY,Maximum Value of a String in an Array,5.0,0.007442543859649123,https://leetcode.com/problems/maximum-value-of-a-string-in-an-array,"Array, String"
HARD,Count The Repetitions,5.0,0.003564549801333423,https://leetcode.com/problems/count-the-repetitions,"Two Pointers, String, Dynamic Programming"
MEDIUM,Non-decreasing Subsequences,5.0,0.006300106995170759,https://leetcode.com/problems/non-decreasing-subsequences,"Array, Hash Table, Backtracking, Bit Manipulation"
MEDIUM,Validate IP Address,5.0,0.0028461771286968614,https://leetcode.com/problems/validate-ip-address,String
EASY,Count Elements With Strictly Smaller and Greater Elements ,5.0,0.006016587447861092,https://leetcode.com/problems/count-elements-with-strictly-smaller-and-greater-elements,"Array, Sorting, Counting"
EASY,Sum of Squares of Special Elements ,5.0,0.008237770680196219,https://leetcode.com/problems/sum-of-squares-of-special-elements,"Array, Enumeration"
EASY,Distribute Candies,5.0,0.007153823767288085,https://leetcode.com/problems/distribute-candies,"Array, Hash Table"
MEDIUM,Longest Palindrome After Substring Concatenation I,5.0,0.004354451140437868,https://leetcode.com/problems/longest-palindrome-after-substring-concatenation-i,"Two Pointers, String, Dynamic Programming, Enumeration"
HARD,Maximum Frequency Stack,5.0,0.006704393934695649,https://leetcode.com/problems/maximum-frequency-stack,"Hash Table, Stack, Design, Ordered Set"
MEDIUM,Minimize Maximum Component Cost,5.0,0.004334551015206864,https://leetcode.com/problems/minimize-maximum-component-cost,"Binary Search, Union-Find, Graph Theory, Sorting"
HARD,Find the K-Sum of an Array,5.0,0.004181787445058041,https://leetcode.com/problems/find-the-k-sum-of-an-array,"Array, Sorting, Heap (Priority Queue)"
MEDIUM,Count Islands With Total Value Divisible by K,5.0,0.005553623188405798,https://leetcode.com/problems/count-islands-with-total-value-divisible-by-k,"Array, Depth-First Search, Breadth-First Search, Union-Find, Matrix"
EASY,Partition Array Into Three Parts With Equal Sum,5.0,0.004300643536193568,https://leetcode.com/problems/partition-array-into-three-parts-with-equal-sum,"Array, Greedy"
EASY,Bank Account Summary II,5.0,0.008297393493696565,https://leetcode.com/problems/bank-account-summary-ii,Database
HARD,Minimum Score After Removals on a Tree,5.0,0.007600302392137805,https://leetcode.com/problems/minimum-score-after-removals-on-a-tree,"Array, Bit Manipulation, Tree, Depth-First Search"
MEDIUM,Largest Element in an Array after Merge Operations,5.0,0.004825278901858525,https://leetcode.com/problems/largest-element-in-an-array-after-merge-operations,"Array, Greedy"
MEDIUM,Count Prime-Gap Balanced Subarrays,5.0,0.002416932718458082,https://leetcode.com/problems/count-prime-gap-balanced-subarrays,"Array, Math, Queue, Sliding Window, Number Theory, Monotonic Queue"
EASY,Increasing Decreasing String,5.0,0.007732677450507002,https://leetcode.com/problems/increasing-decreasing-string,"Hash Table, String, Counting"
MEDIUM,Convert an Array Into a 2D Array With Conditions,5.0,0.008615114104002992,https://leetcode.com/problems/convert-an-array-into-a-2d-array-with-conditions,"Array, Hash Table"
HARD,Minimum Cost to Convert String II,5.0,0.005916595668355678,https://leetcode.com/problems/minimum-cost-to-convert-string-ii,"Array, String, Dynamic Programming, Graph Theory, Trie, Shortest Path"
HARD,Check If Digits Are Equal in String After Operations II,5.0,0.0014455702408432579,https://leetcode.com/problems/check-if-digits-are-equal-in-string-after-operations-ii,"Math, String, Combinatorics, Number Theory"
HARD,Sum of Beautiful Subsequences,5.0,0.003104221018128303,https://leetcode.com/problems/sum-of-beautiful-subsequences,"Array, Math, Binary Indexed Tree, Number Theory"
MEDIUM,Minimum Operations to Reduce an Integer to 0,5.0,0.006317522853889008,https://leetcode.com/problems/minimum-operations-to-reduce-an-integer-to-0,"Dynamic Programming, Greedy, Bit Manipulation"
EASY,Actors and Directors Who Cooperated At Least Three Times,5.0,0.007131978909788788,https://leetcode.com/problems/actors-and-directors-who-cooperated-at-least-three-times,Database
MEDIUM,Minimum Deletions to Make Character Frequencies Unique,5.0,0.006153051151358865,https://leetcode.com/problems/minimum-deletions-to-make-character-frequencies-unique,"Hash Table, String, Greedy, Sorting"
MEDIUM,Maximum Total from Optimal Activation Order,5.0,0.003358946010687304,https://leetcode.com/problems/maximum-total-from-optimal-activation-order,"Array, Two Pointers, Greedy, Sorting, Heap (Priority Queue)"
EASY,Sales Analysis III,5.0,0.004812448458971414,https://leetcode.com/problems/sales-analysis-iii,Database
MEDIUM,Minimum Array Sum,5.0,0.003203446250244762,https://leetcode.com/problems/minimum-array-sum,"Array, Dynamic Programming"
MEDIUM,Solve the Equation,5.0,0.004658490466008094,https://leetcode.com/problems/solve-the-equation,"Math, String, Simulation, Linear Algebra"
HARD,Find Substring With Given Hash Value,5.0,0.002703502862408048,https://leetcode.com/problems/find-substring-with-given-hash-value,"String, Sliding Window, Rolling Hash, Hash Function"
HARD,Number of Stable Subsequences,5.0,0.0060171290884366724,https://leetcode.com/problems/number-of-stable-subsequences,"Array, Dynamic Programming"
MEDIUM,Range Sum Query - Mutable,5.0,0.004361628084359864,https://leetcode.com/problems/range-sum-query-mutable,"Array, Divide and Conquer, Design, Binary Indexed Tree, Segment Tree, Sqrt Decomposition"
EASY,Maximize Sum Of Array After K Negations,5.0,0.005425233218321558,https://leetcode.com/problems/maximize-sum-of-array-after-k-negations,"Array, Greedy, Sorting"
MEDIUM,Partition Array Into K-Distinct Groups,5.0,0.00472381274580285,https://leetcode.com/problems/partition-array-into-k-distinct-groups,"Array, Hash Table, Counting"
MEDIUM,Robot Bounded In Circle,5.0,0.005661054948638513,https://leetcode.com/problems/robot-bounded-in-circle,"Math, String, Simulation"
MEDIUM,Find Mirror Score of a String,5.0,0.0035890500778624703,https://leetcode.com/problems/find-mirror-score-of-a-string,"Hash Table, String, Stack, Simulation"
HARD,Count The Number of Winning Sequences,5.0,0.003209327517888195,https://leetcode.com/problems/count-the-number-of-winning-sequences,"String, Dynamic Programming"
EASY,Minimum Average of Smallest and Largest Elements,5.0,0.00851171977112318,https://leetcode.com/problems/minimum-average-of-smallest-and-largest-elements,"Array, Two Pointers, Sorting"
MEDIUM,Balanced K-Factor Decomposition,5.0,0.004053012945354565,https://leetcode.com/problems/balanced-k-factor-decomposition,"Math, Backtracking, Number Theory"
EASY,Find Common Elements Between Two Arrays,5.0,0.008474145908131916,https://leetcode.com/problems/find-common-elements-between-two-arrays,"Array, Hash Table"
MEDIUM,Print Zero Even Odd,5.0,0.006604952441071403,https://leetcode.com/problems/print-zero-even-odd,Concurrency
EASY,Fill Missing Data,5.0,0.007260434969803461,https://leetcode.com/problems/fill-missing-data,
MEDIUM,Implement Router,5.0,0.0039015016204072325,https://leetcode.com/problems/implement-router,"Array, Hash Table, Binary Search, Design, Queue, Ordered Set"
HARD,Path Existence Queries in a Graph II,5.0,0.006377300672989274,https://leetcode.com/problems/path-existence-queries-in-a-graph-ii,"Array, Two Pointers, Binary Search, Dynamic Programming, Greedy, Bit Manipulation, Graph Theory, Sorting"
MEDIUM,Convert to Base -2,5.0,0.006200037766727513,https://leetcode.com/problems/convert-to-base-2,Math
HARD,Maximum Area Rectangle With Point Constraints II,5.0,0.002367239831503349,https://leetcode.com/problems/maximum-area-rectangle-with-point-constraints-ii,"Array, Math, Binary Indexed Tree, Segment Tree, Geometry, Sorting"
MEDIUM,Broken Calculator,5.0,0.0056407654264088065,https://leetcode.com/problems/broken-calculator,"Math, Greedy"
EASY,Rearrange Products Table,5.0,0.008552766363050296,https://leetcode.com/problems/rearrange-products-table,Database
HARD,Longest Palindrome After Substring Concatenation II,5.0,0.0018455525036974434,https://leetcode.com/problems/longest-palindrome-after-substring-concatenation-ii,"Two Pointers, String, Dynamic Programming"
MEDIUM,Maximum Xor Product,5.0,0.00305721499182135,https://leetcode.com/problems/maximum-xor-product,"Math, Greedy, Bit Manipulation"
MEDIUM,Binary Tree Upside Down,5.0,0.006557457345778116,https://leetcode.com/problems/binary-tree-upside-down,"Tree, Depth-First Search, Binary Tree"
MEDIUM,Distinct Prime Factors of Product of Array,5.0,0.005511129562801392,https://leetcode.com/problems/distinct-prime-factors-of-product-of-array,"Array, Hash Table, Math, Number Theory, Prime Factorization, Euclidean Algorithm, Primality Test, Greatest Common Divisor, Sieve Theory, Prime Number Sieve"
EASY,Number of Arithmetic Triplets,5.0,0.008560830072418861,https://leetcode.com/problems/number-of-arithmetic-triplets,"Array, Hash Table, Two Pointers, Enumeration"
HARD,Split Array With Same Average,5.0,0.0027433967848549457,https://leetcode.com/problems/split-array-with-same-average,"Array, Hash Table, Math, Dynamic Programming, Bit Manipulation, Meet in the Middle, Bitmask"
HARD,Count Substrings Divisible By Last Digit,5.0,0.002327598566308244,https://leetcode.com/problems/count-substrings-divisible-by-last-digit,"String, Dynamic Programming"
HARD,Escape a Large Maze,5.0,0.003702965146523322,https://leetcode.com/problems/escape-a-large-maze,"Array, Hash Table, Depth-First Search, Breadth-First Search, Bidirectional Search"
EASY,Find the Largest Almost Missing Integer,5.0,0.0037512951322761765,https://leetcode.com/problems/find-the-largest-almost-missing-integer,"Array, Hash Table"
HARD,Sum of Perfect Square Ancestors,5.0,0.004127797249932597,https://leetcode.com/problems/sum-of-perfect-square-ancestors,"Array, Hash Table, Math, Tree, Depth-First Search, Counting, Number Theory"
MEDIUM,Lexicographically Smallest Permutation Greater Than Target,5.0,0.0026986941802353698,https://leetcode.com/problems/lexicographically-smallest-permutation-greater-than-target,"Hash Table, String, Greedy, Counting, Enumeration"
MEDIUM,Monotone Increasing Digits,5.0,0.004991928696587977,https://leetcode.com/problems/monotone-increasing-digits,"Math, Greedy"
MEDIUM,Candy Crush,5.0,0.007762900839484375,https://leetcode.com/problems/candy-crush,"Array, Two Pointers, Matrix, Simulation"
HARD,Number of Valid Move Combinations On Chessboard,5.0,0.0048433524173027995,https://leetcode.com/problems/number-of-valid-move-combinations-on-chessboard,"Array, String, Backtracking, Simulation"
MEDIUM,Find Minimum Cost to Remove Array Elements,5.0,0.002242028867324472,https://leetcode.com/problems/find-minimum-cost-to-remove-array-elements,"Array, Dynamic Programming"
HARD,Find Servers That Handled Most Number of Requests,5.0,0.0045643431635388745,https://leetcode.com/problems/find-servers-that-handled-most-number-of-requests,"Array, Heap (Priority Queue), Simulation, Ordered Set"
MEDIUM,Minimum Time to Complete All Deliveries,5.0,0.003572714681440444,https://leetcode.com/problems/minimum-time-to-complete-all-deliveries,"Math, Binary Search"
EASY,Decrypt String from Alphabet to Integer Mapping,5.0,0.008065524426950684,https://leetcode.com/problems/decrypt-string-from-alphabet-to-integer-mapping,String
MEDIUM,Maximum Product of Three Elements After One Replacement,5.0,0.004828924063088645,https://leetcode.com/problems/maximum-product-of-three-elements-after-one-replacement,"Array, Math, Greedy, Sorting"
MEDIUM,Partition Array into Disjoint Intervals,5.0,0.0049610497115067185,https://leetcode.com/problems/partition-array-into-disjoint-intervals,Array
EASY,Maximum Containers on a Ship,5.0,0.007484360163101155,https://leetcode.com/problems/maximum-containers-on-a-ship,Math
MEDIUM,Minimum Jumps to Reach End via Prime Teleportation,5.0,0.004451583723754136,https://leetcode.com/problems/minimum-jumps-to-reach-end-via-prime-teleportation,"Array, Hash Table, Math, Breadth-First Search, Number Theory"
MEDIUM,Minimum Moves to Make Array Complementary,5.0,0.006483752144515087,https://leetcode.com/problems/minimum-moves-to-make-array-complementary,"Array, Hash Table, Prefix Sum"
EASY,Second Largest Digit in a String,5.0,0.005511840004588779,https://leetcode.com/problems/second-largest-digit-in-a-string,"Hash Table, String"
HARD,Make Array Empty,5.0,0.002710364402446979,https://leetcode.com/problems/make-array-empty,"Array, Binary Search, Greedy, Binary Indexed Tree, Segment Tree, Sorting, Ordered Set"
MEDIUM,Maximum Area of a Piece of Cake After Horizontal and Vertical Cuts,5.0,0.004152480386127728,https://leetcode.com/problems/maximum-area-of-a-piece-of-cake-after-horizontal-and-vertical-cuts,"Array, Greedy, Sorting"
MEDIUM,Best Team With No Conflicts,5.0,0.00508197695729273,https://leetcode.com/problems/best-team-with-no-conflicts,"Array, Dynamic Programming, Sorting, Longest Increasing Subsequence"
MEDIUM,Count Number of Ways to Place Houses,5.0,0.004417228170574119,https://leetcode.com/problems/count-number-of-ways-to-place-houses,Dynamic Programming
EASY,Smallest Index With Digit Sum Equal to Index,5.0,0.008045169886742172,https://leetcode.com/problems/smallest-index-with-digit-sum-equal-to-index,"Array, Math"
EASY,Sort Even and Odd Indices Independently,5.0,0.006352726700417071,https://leetcode.com/problems/sort-even-and-odd-indices-independently,"Array, Sorting"
EASY,Binary Prefix Divisible By 5,5.0,0.005373181611911673,https://leetcode.com/problems/binary-prefix-divisible-by-5,"Array, Bit Manipulation"
EASY,Biggest Single Number,5.0,0.007193615195750295,https://leetcode.com/problems/biggest-single-number,Database
MEDIUM,Strong Friendship,5.0,0.00547029153316626,https://leetcode.com/problems/strong-friendship,Database
EASY,Count Partitions with Even Sum Difference,5.0,0.008511773466809945,https://leetcode.com/problems/count-partitions-with-even-sum-difference,"Array, Math, Prefix Sum"
EASY,Earliest Finish Time for Land and Water Rides I,5.0,0.007296778661639237,https://leetcode.com/problems/earliest-finish-time-for-land-and-water-rides-i,"Array, Two Pointers, Binary Search, Greedy, Sorting"
MEDIUM,Total Waviness of Numbers in Range I,5.0,0.008742314341216518,https://leetcode.com/problems/total-waviness-of-numbers-in-range-i,"Math, Dynamic Programming, Enumeration"
HARD,Total Waviness of Numbers in Range II,5.0,0.005663187045528037,https://leetcode.com/problems/total-waviness-of-numbers-in-range-ii,"Math, Dynamic Programming"
MEDIUM,Binary Trees With Factors,5.0,0.005319735409533019,https://leetcode.com/problems/binary-trees-with-factors,"Array, Hash Table, Dynamic Programming, Sorting"
EASY,Sum of Variable Length Subarrays,5.0,0.008594776609724047,https://leetcode.com/problems/sum-of-variable-length-subarrays,"Array, Prefix Sum"
HARD,Count the Number of Inversions,5.0,0.003156164822831489,https://leetcode.com/problems/count-the-number-of-inversions,"Array, Dynamic Programming"
HARD,Dinner Plate Stacks,5.0,0.0033934322405034297,https://leetcode.com/problems/dinner-plate-stacks,"Hash Table, Stack, Design, Heap (Priority Queue)"
MEDIUM,Count Submatrices with Top-Left Element and Sum Less Than k,5.0,0.00750216257779273,https://leetcode.com/problems/count-submatrices-with-top-left-element-and-sum-less-than-k,"Array, Matrix, Prefix Sum"
EASY,Chunk Array,5.0,0.008447253227518367,https://leetcode.com/problems/chunk-array,
HARD,Count Paths That Can Form a Palindrome in a Tree,5.0,0.005207741365157542,https://leetcode.com/problems/count-paths-that-can-form-a-palindrome-in-a-tree,"Hash Table, Bit Manipulation, Tree, Depth-First Search"
MEDIUM,Angle Between Hands of a Clock,5.0,0.006987941494851849,https://leetcode.com/problems/angle-between-hands-of-a-clock,Math
MEDIUM,Masking Personal Information,5.0,0.0056148129901055135,https://leetcode.com/problems/masking-personal-information,String
MEDIUM,K Radius Subarray Averages,5.0,0.004642266600231933,https://leetcode.com/problems/k-radius-subarray-averages,"Array, Sliding Window"
MEDIUM,Append K Integers With Minimal Sum,5.0,0.002723937027395562,https://leetcode.com/problems/append-k-integers-with-minimal-sum,"Array, Math, Greedy, Sorting"
MEDIUM,Two-Letter Card Game,5.0,0.0013184660091581544,https://leetcode.com/problems/two-letter-card-game,"Array, Hash Table, String, Counting, Enumeration"
MEDIUM,Maximize Happiness of Selected Children,5.0,0.005864039277810698,https://leetcode.com/problems/maximize-happiness-of-selected-children,"Array, Greedy, Sorting"
EASY,Buy Two Chocolates,5.0,0.006843133797643187,https://leetcode.com/problems/buy-two-chocolates,"Array, Greedy, Sorting"
MEDIUM,Maximize Active Section with Trade I,5.0,0.006095642138456787,https://leetcode.com/problems/maximize-active-section-with-trade-i,"String, Enumeration"
MEDIUM,Minimum K to Reduce Array Within Limit,5.0,0.004102295740372016,https://leetcode.com/problems/minimum-k-to-reduce-array-within-limit,"Array, Binary Search"
HARD,Find Critical and Pseudo-Critical Edges in Minimum Spanning Tree,5.0,0.006675319607394024,https://leetcode.com/problems/find-critical-and-pseudo-critical-edges-in-minimum-spanning-tree,"Union-Find, Graph Theory, Sorting, Minimum Spanning Tree, Strongly Connected Component, Prim's Algorithm, Kruskal's Algorithm, Borůvka's Algorithm"
HARD,Robot Collisions,5.0,0.006163435341823481,https://leetcode.com/problems/robot-collisions,"Array, Stack, Sorting, Simulation"
MEDIUM,Flatten Deeply Nested Array,5.0,0.006614240056275136,https://leetcode.com/problems/flatten-deeply-nested-array,
MEDIUM,Design Front Middle Back Queue,5.0,0.005839099415623991,https://leetcode.com/problems/design-front-middle-back-queue,"Array, Linked List, Design, Queue, Doubly-Linked List, Data Stream"
MEDIUM,Decode the Slanted Ciphertext,5.0,0.006761374332210344,https://leetcode.com/problems/decode-the-slanted-ciphertext,"String, Simulation"
HARD,Restore The Array,5.0,0.004673652974750377,https://leetcode.com/problems/restore-the-array,"String, Dynamic Programming"
MEDIUM,IP to CIDR,5.0,0.00538221325873398,https://leetcode.com/problems/ip-to-cidr,"String, Bit Manipulation"
EASY,Find Valid Pair of Adjacent Digits in String,5.0,0.006123317752996455,https://leetcode.com/problems/find-valid-pair-of-adjacent-digits-in-string,"Hash Table, String, Counting"
HARD,Memoize II,5.0,0.003954933008526187,https://leetcode.com/problems/memoize-ii,
EASY,Minimum Deletions for At Most K Distinct Characters,5.0,0.00732366944258111,https://leetcode.com/problems/minimum-deletions-for-at-most-k-distinct-characters,"Hash Table, String, Greedy, Sorting, Counting"
HARD,Valid Arrangement of Pairs,5.0,0.006674159583518705,https://leetcode.com/problems/valid-arrangement-of-pairs,"Array, Depth-First Search, Graph Theory, Eulerian Circuit, Eulerian Path, Semi-Eulerian Graph"
MEDIUM,Binary Tree Pruning,5.0,0.007255303942686012,https://leetcode.com/problems/binary-tree-pruning,"Tree, Depth-First Search, Binary Tree"
MEDIUM,Design Memory Allocator,5.0,0.005055725762850124,https://leetcode.com/problems/design-memory-allocator,"Array, Hash Table, Design, Simulation"
MEDIUM,Sort the Matrix Diagonally,5.0,0.008325742010545338,https://leetcode.com/problems/sort-the-matrix-diagonally,"Array, Sorting, Matrix"
MEDIUM,Count Caesar Cipher Pairs,5.0,0.005157116795115232,https://leetcode.com/problems/count-caesar-cipher-pairs,"Array, Hash Table, Math, String, Counting"
EASY,Count Residue Prefixes,5.0,0.006589847991313788,https://leetcode.com/problems/count-residue-prefixes,"Hash Table, String"
MEDIUM,K-Concatenation Maximum Sum,5.0,0.002603055761110869,https://leetcode.com/problems/k-concatenation-maximum-sum,"Array, Dynamic Programming"
HARD,Merge BSTs to Create Single BST,5.0,0.0039682992689512855,https://leetcode.com/problems/merge-bsts-to-create-single-bst,"Array, Hash Table, Tree, Depth-First Search, Binary Search Tree, Binary Tree"
EASY,Split the Array,5.0,0.0061547223804298,https://leetcode.com/problems/split-the-array,"Array, Hash Table, Counting"
MEDIUM,Find the Smallest Balanced Index,5.0,0.001954465990558671,https://leetcode.com/problems/find-the-smallest-balanced-index,"Array, Prefix Sum"
HARD,Minimum Pair Removal to Sort Array II,5.0,0.003881132989025178,https://leetcode.com/problems/minimum-pair-removal-to-sort-array-ii,"Array, Hash Table, Linked List, Heap (Priority Queue), Simulation, Doubly-Linked List, Ordered Set"
EASY,Find Words That Can Be Formed by Characters,5.0,0.007172403239229646,https://leetcode.com/problems/find-words-that-can-be-formed-by-characters,"Array, Hash Table, String, Counting"
MEDIUM,Rearrange Words in a Sentence,5.0,0.006731481294134309,https://leetcode.com/problems/rearrange-words-in-a-sentence,"String, Sorting"
MEDIUM,As Far from Land as Possible,5.0,0.005249006319210071,https://leetcode.com/problems/as-far-from-land-as-possible,"Array, Dynamic Programming, Breadth-First Search, Matrix"
EASY,Construct the Minimum Bitwise Array I,5.0,0.008496133864926904,https://leetcode.com/problems/construct-the-minimum-bitwise-array-i,"Array, Bit Manipulation"
HARD,Minimum Number of Days to Disconnect Island,5.0,0.005867372653068318,https://leetcode.com/problems/minimum-number-of-days-to-disconnect-island,"Array, Depth-First Search, Breadth-First Search, Matrix, Strongly Connected Component, Articulation Point"
MEDIUM,Number of Orders in the Backlog,5.0,0.005425394713620505,https://leetcode.com/problems/number-of-orders-in-the-backlog,"Array, Heap (Priority Queue), Simulation"
EASY,Minimum Number of Pushes to Type Word I,5.0,0.0077410090566739885,https://leetcode.com/problems/minimum-number-of-pushes-to-type-word-i,"Math, String, Greedy"
MEDIUM,Count Nice Pairs in an Array,5.0,0.004843584185493047,https://leetcode.com/problems/count-nice-pairs-in-an-array,"Array, Hash Table, Math, Counting"
HARD,Maximum Building Height,5.0,0.00669810646091745,https://leetcode.com/problems/maximum-building-height,"Array, Math, Sorting"
MEDIUM,Cache With Time Limit,5.0,0.007630870705638099,https://leetcode.com/problems/cache-with-time-limit,
HARD,Minimum Cost to Make Array Equal,5.0,0.0046892037983929874,https://leetcode.com/problems/minimum-cost-to-make-array-equal,"Array, Binary Search, Greedy, Sorting, Prefix Sum"
EASY,Sum of Root To Leaf Binary Numbers,5.0,0.007667742794381947,https://leetcode.com/problems/sum-of-root-to-leaf-binary-numbers,"Tree, Depth-First Search, Binary Tree"
MEDIUM,The Number of Beautiful Subsets,5.0,0.005099449835859494,https://leetcode.com/problems/the-number-of-beautiful-subsets,"Array, Hash Table, Math, Dynamic Programming, Backtracking, Sorting, Combinatorics"
MEDIUM,Count Sorted Vowel Strings,5.0,0.007940742696565641,https://leetcode.com/problems/count-sorted-vowel-strings,"Math, Dynamic Programming, Combinatorics"
MEDIUM,Maximum Distance Between a Pair of Values,5.0,0.006125352604181813,https://leetcode.com/problems/maximum-distance-between-a-pair-of-values,"Array, Two Pointers, Binary Search"
EASY,Reverse Degree of a String,5.0,0.008892803101948175,https://leetcode.com/problems/reverse-degree-of-a-string,"String, Simulation"
HARD,Find the Number of Ways to Place People II,5.0,0.006418405695695768,https://leetcode.com/problems/find-the-number-of-ways-to-place-people-ii,"Array, Math, Geometry, Sorting, Enumeration"
EASY,Transformed Array,5.0,0.007043360529599062,https://leetcode.com/problems/transformed-array,"Array, Simulation"
MEDIUM,Concatenation of Consecutive Binary Numbers,5.0,0.006669827287371791,https://leetcode.com/problems/concatenation-of-consecutive-binary-numbers,"Math, Bit Manipulation, Simulation"
MEDIUM,Smallest Palindromic Rearrangement I,5.0,0.0074541310220621335,https://leetcode.com/problems/smallest-palindromic-rearrangement-i,"String, Sorting, Counting Sort"
HARD,Smallest Palindromic Rearrangement II,5.0,0.004409227718775416,https://leetcode.com/problems/smallest-palindromic-rearrangement-ii,"Hash Table, Math, String, Combinatorics, Counting"
MEDIUM,Partition Array to Minimize XOR,5.0,0.004175350140056022,https://leetcode.com/problems/partition-array-to-minimize-xor,"Array, Dynamic Programming, Bit Manipulation, Prefix Sum"
EASY,Reverse Only Letters,5.0,0.00689288016582202,https://leetcode.com/problems/reverse-only-letters,"Two Pointers, String"
MEDIUM,Append Characters to String to Make Subsequence,5.0,0.007312519719820786,https://leetcode.com/problems/append-characters-to-string-to-make-subsequence,"Two Pointers, String, Greedy"
MEDIUM,Binary String With Substrings Representing 1 To N,5.0,0.005871566924395699,https://leetcode.com/problems/binary-string-with-substrings-representing-1-to-n,"Hash Table, String, Bit Manipulation, Sliding Window"
MEDIUM,Minimum Amount of Time to Collect Garbage,5.0,0.008504916663096105,https://leetcode.com/problems/minimum-amount-of-time-to-collect-garbage,"Array, String, Prefix Sum"
HARD,Maximize Spanning Tree Stability with Upgrades,5.0,0.006580014766067213,https://leetcode.com/problems/maximize-spanning-tree-stability-with-upgrades,"Binary Search, Greedy, Union-Find, Graph Theory, Minimum Spanning Tree"
HARD,Bricks Falling When Hit,5.0,0.003773593804533406,https://leetcode.com/problems/bricks-falling-when-hit,"Array, Union-Find, Matrix"
MEDIUM,Maximum Length of Pair Chain,5.0,0.006207333442523575,https://leetcode.com/problems/maximum-length-of-pair-chain,"Array, Dynamic Programming, Greedy, Sorting, Longest Increasing Subsequence"
MEDIUM,Longest Balanced Subarray I,5.0,0.006570495469511275,https://leetcode.com/problems/longest-balanced-subarray-i,"Array, Hash Table, Divide and Conquer, Segment Tree, Prefix Sum"
MEDIUM,Number of Subarrays With LCM Equal to K,5.0,0.004746953232875067,https://leetcode.com/problems/number-of-subarrays-with-lcm-equal-to-k,"Array, Math, Number Theory"
EASY,Number of Distinct Averages,5.0,0.0059120829745010674,https://leetcode.com/problems/number-of-distinct-averages,"Array, Hash Table, Two Pointers, Sorting"
MEDIUM,Longest Balanced Substring I,5.0,0.006966126951425629,https://leetcode.com/problems/longest-balanced-substring-i,"Hash Table, String, Counting, Enumeration"
EASY,Find the K-Beauty of a Number,5.0,0.006374445487808827,https://leetcode.com/problems/find-the-k-beauty-of-a-number,"Math, String, Sliding Window"
EASY,Separate the Digits in an Array,5.0,0.008575934003891008,https://leetcode.com/problems/separate-the-digits-in-an-array,"Array, Simulation"
MEDIUM,Get Biggest Three Rhombus Sums in a Grid,5.0,0.007133801097750162,https://leetcode.com/problems/get-biggest-three-rhombus-sums-in-a-grid,"Array, Math, Sorting, Heap (Priority Queue), Matrix, Prefix Sum"
EASY,Closest Binary Search Tree Value,5.0,0.004913335490049192,https://leetcode.com/problems/closest-binary-search-tree-value,"Binary Search, Tree, Depth-First Search, Binary Search Tree, Binary Tree"
EASY,Prime Number of Set Bits in Binary Representation,5.0,0.007898371484957487,https://leetcode.com/problems/prime-number-of-set-bits-in-binary-representation,"Math, Bit Manipulation, Primality Test"
MEDIUM,DNA Pattern Recognition ,5.0,0.008510323223693578,https://leetcode.com/problems/dna-pattern-recognition,Database
MEDIUM,Largest Submatrix With Rearrangements,5.0,0.008019162177085976,https://leetcode.com/problems/largest-submatrix-with-rearrangements,"Array, Greedy, Sorting, Matrix"
MEDIUM,Find COVID Recovery Patients,5.0,0.004363206321151947,https://leetcode.com/problems/find-covid-recovery-patients,Database
MEDIUM,Check If a String Contains All Binary Codes of Size K,5.0,0.0061637932999867775,https://leetcode.com/problems/check-if-a-string-contains-all-binary-codes-of-size-k,"Hash Table, String, Bit Manipulation, Rolling Hash, Hash Function, Directed Acyclic Graph"
MEDIUM,Differences Between Two Objects,5.0,0.007444548872180451,https://leetcode.com/problems/differences-between-two-objects,
MEDIUM,Longest Subsequence With Non-Zero Bitwise XOR,5.0,0.00553157894736842,https://leetcode.com/problems/longest-subsequence-with-non-zero-bitwise-xor,"Array, Bit Manipulation"
MEDIUM,H-Index II,5.0,0.003993670506102215,https://leetcode.com/problems/h-index-ii,"Array, Binary Search"
