Difficulty,Title,Frequency,Acceptance Rate,Link,Topics
EASY,Two Sum,100.0,0.00580095238786551,https://leetcode.com/problems/two-sum,"Array, Hash Table"
MEDIUM,Add Two Numbers,78.6,0.0049133031989980576,https://leetcode.com/problems/add-two-numbers,"Linked List, Math, Recursion"
HARD,Median of Two Sorted Arrays,73.9,0.004736972853624943,https://leetcode.com/problems/median-of-two-sorted-arrays,"Array, Binary Search, Divide and Conquer"
HARD,Trapping Rain Water,73.9,0.006802842740558903,https://leetcode.com/problems/trapping-rain-water,"Array, Two Pointers, Dynamic Programming, Stack, Monotonic Stack"
EASY,Longest Common Prefix,73.2,0.004818721754065003,https://leetcode.com/problems/longest-common-prefix,"Array, String, Trie"
EASY,Palindrome Number,73.2,0.006087452653515256,https://leetcode.com/problems/palindrome-number,Math
MEDIUM,Longest Substring Without Repeating Characters,72.5,0.003977943136223824,https://leetcode.com/problems/longest-substring-without-repeating-characters,"Hash Table, String, Sliding Window"
MEDIUM,3Sum,72.3,0.003969310706550047,https://leetcode.com/problems/3sum,"Array, Two Pointers, Sorting"
EASY,Best Time to Buy and Sell Stock,71.7,0.005725131018831735,https://leetcode.com/problems/best-time-to-buy-and-sell-stock,"Array, Dynamic Programming"
EASY,Merge Sorted Array,71.4,0.0055528006725092515,https://leetcode.com/problems/merge-sorted-array,"Array, Two Pointers, Sorting"
MEDIUM,Longest Consecutive Sequence,69.6,0.004720829463333571,https://leetcode.com/problems/longest-consecutive-sequence,"Array, Hash Table, Union-Find"
EASY,Merge Strings Alternately,69.5,0.008214734802222103,https://leetcode.com/problems/merge-strings-alternately,"Two Pointers, String"
MEDIUM,Longest Palindromic Substring,69.5,0.0038471108019715737,https://leetcode.com/problems/longest-palindromic-substring,"Two Pointers, String, Dynamic Programming, Manacher"
EASY,Create Hello World Function,69.4,0.008191596189026401,https://leetcode.com/problems/create-hello-world-function,
MEDIUM,Container With Most Water,68.1,0.00606482478622991,https://leetcode.com/problems/container-with-most-water,"Array, Two Pointers, Greedy"
EASY,Majority Element,66.6,0.0066486982475450675,https://leetcode.com/problems/majority-element,"Array, Hash Table, Divide and Conquer, Sorting, Counting, Boyer–Moore Majority Vote Algorithm"
EASY,Valid Parentheses,66.4,0.004472561161448614,https://leetcode.com/problems/valid-parentheses,"String, Stack, Bracket Sequences"
EASY,Recyclable and Low Fat Products,66.0,0.00886323665284793,https://leetcode.com/problems/recyclable-and-low-fat-products,Database
MEDIUM,Reverse Integer,65.6,0.003236617820255834,https://leetcode.com/problems/reverse-integer,Math
EASY,Roman to Integer,65.6,0.00670493570907236,https://leetcode.com/problems/roman-to-integer,"Hash Table, Math, String"
EASY,Remove Duplicates from Sorted Array,65.5,0.006356305681717479,https://leetcode.com/problems/remove-duplicates-from-sorted-array,"Array, Two Pointers"
MEDIUM,Subarray Sum Equals K,65.5,0.004798003185147457,https://leetcode.com/problems/subarray-sum-equals-k,"Array, Hash Table, Prefix Sum"
MEDIUM,Merge Intervals,65.4,0.005257639318283639,https://leetcode.com/problems/merge-intervals,"Array, Sorting, Quicksort"
MEDIUM,Number of Islands,65.3,0.006496039969534479,https://leetcode.com/problems/number-of-islands,"Array, Depth-First Search, Breadth-First Search, Union-Find, Matrix"
MEDIUM,Maximum Subarray,64.7,0.005373544916094741,https://leetcode.com/problems/maximum-subarray,"Array, Divide and Conquer, Dynamic Programming"
EASY,Climbing Stairs,63.5,0.005428138437253181,https://leetcode.com/problems/climbing-stairs,"Math, Dynamic Programming, Memoization"
EASY,Merge Two Sorted Lists,61.8,0.00687474806884603,https://leetcode.com/problems/merge-two-sorted-lists,"Linked List, Recursion"
MEDIUM,Generate Parentheses,61.4,0.007906613058934668,https://leetcode.com/problems/generate-parentheses,"String, Dynamic Programming, Backtracking, Bracket Sequences"
MEDIUM,Next Permutation,60.7,0.004595885374911035,https://leetcode.com/problems/next-permutation,"Array, Two Pointers"
EASY,Reverse Linked List,59.3,0.00809419704868803,https://leetcode.com/problems/reverse-linked-list,"Linked List, Recursion"
MEDIUM,Spiral Matrix,59.0,0.00576270925930614,https://leetcode.com/problems/spiral-matrix,"Array, Matrix, Simulation"
MEDIUM,Meeting Rooms II,58.8,0.005277676895072449,https://leetcode.com/problems/meeting-rooms-ii,"Array, Two Pointers, Greedy, Sorting, Heap (Priority Queue), Prefix Sum"
EASY,Concatenation of Array,58.6,0.009007575233004196,https://leetcode.com/problems/concatenation-of-array,"Array, Simulation"
EASY,Add Two Integers,58.5,0.00880908125701897,https://leetcode.com/problems/add-two-integers,Math
EASY,Move Zeroes,58.3,0.0064265438425801895,https://leetcode.com/problems/move-zeroes,"Array, Two Pointers"
MEDIUM,Decode String,58.3,0.006309032512604954,https://leetcode.com/problems/decode-string,"String, Stack, Recursion"
MEDIUM,Koko Eating Bananas,58.2,0.005039596312916795,https://leetcode.com/problems/koko-eating-bananas,"Array, Binary Search"
MEDIUM,Search in Rotated Sorted Array,57.9,0.0045462287719182275,https://leetcode.com/problems/search-in-rotated-sorted-array,"Array, Binary Search"
EASY,Remove Element,57.9,0.006237195372525857,https://leetcode.com/problems/remove-element,"Array, Two Pointers"
MEDIUM,LRU Cache,57.6,0.004786878945345611,https://leetcode.com/problems/lru-cache,"Hash Table, Linked List, Design, Doubly-Linked List"
MEDIUM,Top K Frequent Elements,57.6,0.006713894888358451,https://leetcode.com/problems/top-k-frequent-elements,"Array, Hash Table, Divide and Conquer, Sorting, Heap (Priority Queue), Bucket Sort, Counting, Quickselect"
HARD,Split Array Largest Sum,57.6,0.006119229640773564,https://leetcode.com/problems/split-array-largest-sum,"Array, Binary Search, Dynamic Programming, Greedy, Prefix Sum"
HARD,N-Queens,57.4,0.00762697634598655,https://leetcode.com/problems/n-queens,"Array, Backtracking, Algorithm X"
EASY,Valid Anagram,57.2,0.006853252750934069,https://leetcode.com/problems/valid-anagram,"Hash Table, String, Sorting"
MEDIUM,Letter Combinations of a Phone Number,57.2,0.006665995951741324,https://leetcode.com/problems/letter-combinations-of-a-phone-number,"Hash Table, String, Backtracking"
MEDIUM,House Robber,57.2,0.005350272910647792,https://leetcode.com/problems/house-robber,"Array, Dynamic Programming"
MEDIUM,4Sum,57.1,0.004145656171175596,https://leetcode.com/problems/4sum,"Array, Two Pointers, Sorting"
MEDIUM,Jump Game,57.1,0.004138483194849731,https://leetcode.com/problems/jump-game,"Array, Dynamic Programming, Greedy"
EASY,Pascal's Triangle,57.1,0.00792939553273491,https://leetcode.com/problems/pascals-triangle,"Array, Dynamic Programming"
EASY,Single Number,57.1,0.007815792011554627,https://leetcode.com/problems/single-number,"Array, Bit Manipulation"
HARD,Largest Rectangle in Histogram,57.0,0.0050663909066189896,https://leetcode.com/problems/largest-rectangle-in-histogram,"Array, Stack, Monotonic Stack, Range Minimum/Maximum Query"
MEDIUM,Rotate Array,56.6,0.0045320104908535665,https://leetcode.com/problems/rotate-array,"Array, Math, Two Pointers"
HARD,Minimum Number of Increments on Subarrays to Form a Target Array,56.5,0.007824168531981063,https://leetcode.com/problems/minimum-number-of-increments-on-subarrays-to-form-a-target-array,"Array, Dynamic Programming, Stack, Greedy, Monotonic Stack"
MEDIUM,Find Peak Element,56.5,0.004714050571489004,https://leetcode.com/problems/find-peak-element,"Array, Binary Search"
MEDIUM,Rotate Image,56.2,0.008057026987892065,https://leetcode.com/problems/rotate-image,"Array, Math, Matrix"
MEDIUM,Group Anagrams,56.2,0.007312899263058849,https://leetcode.com/problems/group-anagrams,"Array, Hash Table, String, Sorting"
EASY,Plus One,55.3,0.0050450412468024015,https://leetcode.com/problems/plus-one,"Array, Math"
EASY,Find the Index of the First Occurrence in a String,55.1,0.004716731680124558,https://leetcode.com/problems/find-the-index-of-the-first-occurrence-in-a-string,"Two Pointers, String, String Matching, Z Algorithm, Knuth–Morris–Pratt Algorithm, Boyer–Moore String-Search Algorithm"
EASY,Combine Two Tables,55.1,0.007987956471591194,https://leetcode.com/problems/combine-two-tables,Database
EASY,Happy Number,54.9,0.006011541540506757,https://leetcode.com/problems/happy-number,"Hash Table, Math, Two Pointers, Floyd's Cycle Finding Algorithm"
EASY,Search Insert Position,54.8,0.0052016621955774675,https://leetcode.com/problems/search-insert-position,"Array, Binary Search"
MEDIUM,Kth Largest Element in an Array,54.8,0.006924371183219484,https://leetcode.com/problems/kth-largest-element-in-an-array,"Array, Divide and Conquer, Sorting, Heap (Priority Queue), Quickselect"
HARD,Sliding Window Maximum,54.5,0.004910893029866308,https://leetcode.com/problems/sliding-window-maximum,"Array, Queue, Sliding Window, Heap (Priority Queue), Monotonic Queue, Range Minimum/Maximum Query"
EASY,Max Consecutive Ones,54.5,0.006591775174847295,https://leetcode.com/problems/max-consecutive-ones,Array
HARD,Viewers Turned Streamers,54.5,0.004299171062547099,https://leetcode.com/problems/viewers-turned-streamers,Database
MEDIUM,"Pow(x, n)",54.2,0.003917077259696646,https://leetcode.com/problems/powx-n,"Math, Recursion"
MEDIUM,Zigzag Conversion,53.8,0.005489174671880834,https://leetcode.com/problems/zigzag-conversion,String
MEDIUM,Longest Repeating Character Replacement,53.8,0.0060430384391572,https://leetcode.com/problems/longest-repeating-character-replacement,"Hash Table, String, Sliding Window"
MEDIUM,Single Element in a Sorted Array,53.8,0.005939548098528527,https://leetcode.com/problems/single-element-in-a-sorted-array,"Array, Binary Search"
MEDIUM,Product of Array Except Self,53.7,0.006916447516374479,https://leetcode.com/problems/product-of-array-except-self,"Array, Prefix Sum"
EASY,Add Binary,53.4,0.005848486894966196,https://leetcode.com/problems/add-binary,"Math, String, Bit Manipulation, Simulation"
EASY,Power of Two,53.4,0.005042139326860378,https://leetcode.com/problems/power-of-two,"Math, Bit Manipulation, Recursion"
MEDIUM,Sort Colors,53.2,0.007016877707390398,https://leetcode.com/problems/sort-colors,"Array, Two Pointers, Sorting, Quicksort, Bubble Sort"
HARD,Number of Visible People in a Queue,52.9,0.007346109899241716,https://leetcode.com/problems/number-of-visible-people-in-a-queue,"Array, Stack, Monotonic Stack"
HARD,Russian Doll Envelopes,52.7,0.0038122108675279222,https://leetcode.com/problems/russian-doll-envelopes,"Array, Binary Search, Dynamic Programming, Sorting, Longest Increasing Subsequence"
MEDIUM,Longest Increasing Subsequence,52.5,0.005984861364342108,https://leetcode.com/problems/longest-increasing-subsequence,"Array, Binary Search, Dynamic Programming, Longest Increasing Subsequence"
EASY,Logger Rate Limiter,52.3,0.007688314472535719,https://leetcode.com/problems/logger-rate-limiter,"Hash Table, Design, Data Stream"
EASY,Valid Palindrome,52.3,0.005407045695977512,https://leetcode.com/problems/valid-palindrome,"Two Pointers, String"
EASY,Contains Duplicate,52.3,0.006462906336887264,https://leetcode.com/problems/contains-duplicate,"Array, Hash Table, Sorting"
HARD,Regular Expression Matching,52.2,0.003157647178988473,https://leetcode.com/problems/regular-expression-matching,"String, Dynamic Programming, Recursion"
MEDIUM,Find First and Last Position of Element in Sorted Array,52.2,0.004950613165826725,https://leetcode.com/problems/find-first-and-last-position-of-element-in-sorted-array,"Array, Binary Search"
MEDIUM,Rotting Oranges,52.0,0.0059276145961708075,https://leetcode.com/problems/rotting-oranges,"Array, Breadth-First Search, Matrix"
EASY,Sqrt(x),52.0,0.0042230778998847175,https://leetcode.com/problems/sqrtx,"Math, Binary Search, Newton's Method"
EASY,Binary Search,51.8,0.006130284718143016,https://leetcode.com/problems/binary-search,"Array, Binary Search"
MEDIUM,Course Schedule,51.8,0.005204027058448488,https://leetcode.com/problems/course-schedule,"Depth-First Search, Breadth-First Search, Graph Theory, Topological Sort, Directed Acyclic Graph"
MEDIUM,Set Matrix Zeroes,51.4,0.006348234905478295,https://leetcode.com/problems/set-matrix-zeroes,"Array, Hash Table, Matrix"
MEDIUM,Maximal Square,51.4,0.005074671467678027,https://leetcode.com/problems/maximal-square,"Array, Dynamic Programming, Matrix"
HARD,Find Median from Data Stream,51.3,0.005487680250476816,https://leetcode.com/problems/find-median-from-data-stream,"Two Pointers, Design, Sorting, Heap (Priority Queue), Data Stream"
MEDIUM,Subsets,51.3,0.008271572985732438,https://leetcode.com/problems/subsets,"Array, Backtracking, Bit Manipulation"
HARD,Maximal Rectangle,51.1,0.005959549669704388,https://leetcode.com/problems/maximal-rectangle,"Array, Dynamic Programming, Stack, Matrix, Monotonic Stack"
MEDIUM,Maximum Product Subarray,51.1,0.003689222184060095,https://leetcode.com/problems/maximum-product-subarray,"Array, Dynamic Programming"
EASY,Intersection of Two Arrays,50.9,0.007820152771350486,https://leetcode.com/problems/intersection-of-two-arrays,"Array, Hash Table, Two Pointers, Binary Search, Sorting"
MEDIUM,Remove Nth Node From End of List,50.5,0.0052391570117286314,https://leetcode.com/problems/remove-nth-node-from-end-of-list,"Linked List, Two Pointers"
HARD,Basic Calculator,50.5,0.004711196476767905,https://leetcode.com/problems/basic-calculator,"Math, String, Stack, Recursion"
MEDIUM,3Sum Closest,50.3,0.004920550647540531,https://leetcode.com/problems/3sum-closest,"Array, Two Pointers, Sorting"
MEDIUM,Fruit Into Baskets,50.1,0.005215366562428964,https://leetcode.com/problems/fruit-into-baskets,"Array, Hash Table, Sliding Window"
MEDIUM,Min Stack,50.1,0.005855043610986008,https://leetcode.com/problems/min-stack,"Stack, Design"
MEDIUM,Permutations,49.7,0.008226143655033298,https://leetcode.com/problems/permutations,"Array, Backtracking"
HARD,Merge k Sorted Lists,49.5,0.0060293852368744775,https://leetcode.com/problems/merge-k-sorted-lists,"Linked List, Divide and Conquer, Heap (Priority Queue), Merge Sort, Tournament Sort"
EASY,Palindrome Linked List,49.5,0.00586079504487492,https://leetcode.com/problems/palindrome-linked-list,"Linked List, Two Pointers, Stack, Recursion"
MEDIUM,Unique Paths,49.3,0.006717319386645839,https://leetcode.com/problems/unique-paths,"Math, Dynamic Programming, Combinatorics"
HARD,First Missing Positive,49.0,0.004354286870951085,https://leetcode.com/problems/first-missing-positive,"Array, Hash Table"
EASY,Contains Duplicate II,49.0,0.0051785078955989,https://leetcode.com/problems/contains-duplicate-ii,"Array, Hash Table, Sliding Window"
MEDIUM,Two Sum II - Input Array Is Sorted,49.0,0.006568610121556577,https://leetcode.com/problems/two-sum-ii-input-array-is-sorted,"Array, Two Pointers, Binary Search"
MEDIUM,Max Consecutive Ones III,49.0,0.006827671716723629,https://leetcode.com/problems/max-consecutive-ones-iii,"Array, Binary Search, Sliding Window, Prefix Sum"
HARD,Count Number of Trapezoids II,48.8,0.003971790929007852,https://leetcode.com/problems/count-number-of-trapezoids-ii,"Array, Hash Table, Math, Geometry"
MEDIUM,Best Time to Buy and Sell Stock II,48.6,0.007150173910926223,https://leetcode.com/problems/best-time-to-buy-and-sell-stock-ii,"Array, Dynamic Programming, Greedy"
MEDIUM,Coin Change,48.6,0.004897333499992624,https://leetcode.com/problems/coin-change,"Array, Dynamic Programming, Breadth-First Search, Knapsack Problem, Complete Knapsack"
EASY,Middle of the Linked List,48.6,0.008227615067030762,https://leetcode.com/problems/middle-of-the-linked-list,"Linked List, Two Pointers"
HARD,Binary Tree Maximum Path Sum,48.1,0.00426647267349539,https://leetcode.com/problems/binary-tree-maximum-path-sum,"Dynamic Programming, Tree, Depth-First Search, Binary Tree, DP on Trees"
MEDIUM,Jump Game II,47.7,0.004335944292113706,https://leetcode.com/problems/jump-game-ii,"Array, Dynamic Programming, Greedy"
MEDIUM,Combination Sum,47.4,0.007700611045947865,https://leetcode.com/problems/combination-sum,"Array, Backtracking"
HARD,Candy,47.2,0.004904701554330701,https://leetcode.com/problems/candy,"Array, Greedy"
EASY,Linked List Cycle,47.2,0.0054906069740714636,https://leetcode.com/problems/linked-list-cycle,"Hash Table, Linked List, Two Pointers, Floyd's Cycle Finding Algorithm"
MEDIUM,Daily Temperatures,47.2,0.006905688097164086,https://leetcode.com/problems/daily-temperatures,"Array, Stack, Monotonic Stack"
MEDIUM,Partition Equal Subset Sum,47.0,0.004989071116184731,https://leetcode.com/problems/partition-equal-subset-sum,"Array, Dynamic Programming, Knapsack Problem, 0-1 Knapsack"
EASY,Find All Numbers Disappeared in an Array,47.0,0.006453701562551618,https://leetcode.com/problems/find-all-numbers-disappeared-in-an-array,"Array, Hash Table"
MEDIUM,Insert Delete GetRandom O(1),47.0,0.005548641185565938,https://leetcode.com/problems/insert-delete-getrandom-o1,"Array, Hash Table, Math, Design, Randomized"
EASY,Fibonacci Number,47.0,0.007452192442911173,https://leetcode.com/problems/fibonacci-number,"Math, Dynamic Programming, Recursion, Memoization"
EASY,Running Sum of 1d Array,47.0,0.008707016197561101,https://leetcode.com/problems/running-sum-of-1d-array,"Array, Prefix Sum"
HARD,Sudoku Solver,46.7,0.0065586247531822465,https://leetcode.com/problems/sudoku-solver,"Array, Hash Table, Backtracking, Matrix, Algorithm X, Dancing Links"
MEDIUM,Zero Array Transformation I,46.7,0.005452867650068911,https://leetcode.com/problems/zero-array-transformation-i,"Array, Prefix Sum"
EASY,Same Tree,46.5,0.006778330789941868,https://leetcode.com/problems/same-tree,"Tree, Depth-First Search, Breadth-First Search, Binary Tree"
HARD,Reverse Nodes in k-Group,46.5,0.0066965683938176625,https://leetcode.com/problems/reverse-nodes-in-k-group,"Linked List, Recursion"
MEDIUM,Valid Sudoku,46.5,0.006495074008663057,https://leetcode.com/problems/valid-sudoku,"Array, Hash Table, Matrix"
EASY,Length of Last Word,46.5,0.00595132128366304,https://leetcode.com/problems/length-of-last-word,String
MEDIUM,Reverse Words in a String,46.5,0.005753052888006745,https://leetcode.com/problems/reverse-words-in-a-string,"Two Pointers, String"
MEDIUM,Edit Distance,46.2,0.006111944121946519,https://leetcode.com/problems/edit-distance,"String, Dynamic Programming"
MEDIUM,Palindrome Partitioning,46.2,0.007450501967476261,https://leetcode.com/problems/palindrome-partitioning,"String, Dynamic Programming, Backtracking"
MEDIUM,Insert Interval,45.9,0.004581215204477095,https://leetcode.com/problems/insert-interval,Array
MEDIUM,Find the Duplicate Number,45.9,0.00647692828528442,https://leetcode.com/problems/find-the-duplicate-number,"Array, Two Pointers, Binary Search, Bit Manipulation, Pigeonhole Principle, Floyd's Cycle Finding Algorithm"
MEDIUM,Count Primes,45.9,0.0036370909892008444,https://leetcode.com/problems/count-primes,"Array, Math, Enumeration, Number Theory, Primality Test, Sieve Theory, Prime Number Sieve"
MEDIUM,Sum of Subarray Minimums,45.9,0.0038950058234631466,https://leetcode.com/problems/sum-of-subarray-minimums,"Array, Dynamic Programming, Stack, Monotonic Stack"
MEDIUM,Separate Squares I,45.9,0.0057950924796339245,https://leetcode.com/problems/separate-squares-i,"Array, Binary Search"
EASY,Isomorphic Strings,45.7,0.0048921184586472,https://leetcode.com/problems/isomorphic-strings,"Hash Table, String"
EASY,Missing Number,45.7,0.0072516587851074055,https://leetcode.com/problems/missing-number,"Array, Hash Table, Math, Binary Search, Bit Manipulation, Sorting"
MEDIUM,Rotate List,45.7,0.0043114057976821885,https://leetcode.com/problems/rotate-list,"Linked List, Two Pointers"
MEDIUM,Peak Index in a Mountain Array,45.7,0.0066703889966037025,https://leetcode.com/problems/peak-index-in-a-mountain-array,"Array, Binary Search, Ternary Search"
MEDIUM,Sort an Array,45.7,0.005579254665195933,https://leetcode.com/problems/sort-an-array,"Array, Divide and Conquer, Sorting, Heap (Priority Queue), Merge Sort, Bucket Sort, Radix Sort, Counting Sort"
MEDIUM,The Earliest Moment When Everyone Become Friends,45.4,0.0066116242364710545,https://leetcode.com/problems/the-earliest-moment-when-everyone-become-friends,"Array, Union-Find, Sorting"
MEDIUM,Remove K Digits,45.1,0.0037490788687867295,https://leetcode.com/problems/remove-k-digits,"String, Stack, Greedy, Monotonic Stack"
EASY,Reverse Vowels of a String,45.1,0.006208606376497121,https://leetcode.com/problems/reverse-vowels-of-a-string,"Two Pointers, String"
HARD,Text Justification,44.8,0.005189777954455108,https://leetcode.com/problems/text-justification,"Array, String, Simulation"
MEDIUM,Subsets II,44.8,0.0061826559340732,https://leetcode.com/problems/subsets-ii,"Array, Backtracking, Bit Manipulation"
EASY,Reverse String,44.8,0.008119736766942312,https://leetcode.com/problems/reverse-string,"Two Pointers, String"
EASY,Employees Earning More Than Their Managers,44.8,0.007374443558968662,https://leetcode.com/problems/employees-earning-more-than-their-managers,Database
MEDIUM,Capacity To Ship Packages Within D Days,44.8,0.0074508269416904615,https://leetcode.com/problems/capacity-to-ship-packages-within-d-days,"Array, Binary Search"
MEDIUM,Integer to Roman,44.6,0.007149616098868105,https://leetcode.com/problems/integer-to-roman,"Hash Table, Math, String"
MEDIUM,Second Highest Salary,44.6,0.004798842844276365,https://leetcode.com/problems/second-highest-salary,Database
MEDIUM,Word Break,44.6,0.004977890459794293,https://leetcode.com/problems/word-break,"Array, Hash Table, String, Dynamic Programming, Trie, Memoization, Brute-Force Search"
MEDIUM,Count Number of Trapezoids I,44.6,0.004808594535870921,https://leetcode.com/problems/count-number-of-trapezoids-i,"Array, Hash Table, Math, Geometry"
MEDIUM,String to Integer (atoi),44.3,0.0021567143342124933,https://leetcode.com/problems/string-to-integer-atoi,String
EASY,Next Greater Element I,44.3,0.007668402819222038,https://leetcode.com/problems/next-greater-element-i,"Array, Hash Table, Stack, Monotonic Stack"
MEDIUM,Next Greater Element II,44.3,0.0069005638853998266,https://leetcode.com/problems/next-greater-element-ii,"Array, Stack, Monotonic Stack"
EASY,Diameter of Binary Tree,44.3,0.006608643805410485,https://leetcode.com/problems/diameter-of-binary-tree,"Tree, Depth-First Search, Binary Tree, DP on Trees"
HARD,Guess the Word,44.3,0.003660275621759791,https://leetcode.com/problems/guess-the-word,"Array, Math, String, Minimax, Interactive, Game Theory"
EASY,Find Customer Referee,44.0,0.007335328305985173,https://leetcode.com/problems/find-customer-referee,Database
MEDIUM,Random Pick with Weight,44.0,0.004921200099044552,https://leetcode.com/problems/random-pick-with-weight,"Array, Math, Binary Search, Prefix Sum, Randomized"
MEDIUM,Divide Two Integers,43.7,0.0020225010435640715,https://leetcode.com/problems/divide-two-integers,"Math, Bit Manipulation"
MEDIUM,Word Search,43.7,0.004794679923611521,https://leetcode.com/problems/word-search,"Array, String, Backtracking, Depth-First Search, Matrix"
EASY,Maximum Average Subarray I,43.7,0.004890205518827249,https://leetcode.com/problems/maximum-average-subarray-i,"Array, Sliding Window"
EASY,Create a DataFrame from List,43.7,0.008087162588600835,https://leetcode.com/problems/create-a-dataframe-from-list,
EASY,Squares of a Sorted Array,43.7,0.007406493259920258,https://leetcode.com/problems/squares-of-a-sorted-array,"Array, Two Pointers, Sorting"
EASY,Article Views I,43.7,0.007681259493343184,https://leetcode.com/problems/article-views-i,Database
EASY,Check if Array Is Sorted and Rotated,43.7,0.00576111884252575,https://leetcode.com/problems/check-if-array-is-sorted-and-rotated,Array
MEDIUM,Binary Tree Level Order Traversal,43.3,0.007328993173656603,https://leetcode.com/problems/binary-tree-level-order-traversal,"Tree, Breadth-First Search, Binary Tree"
MEDIUM,Largest Number,43.3,0.004358509726091368,https://leetcode.com/problems/largest-number,"Array, String, Greedy, Sorting"
HARD,Wildcard Matching,43.0,0.0032623577019212494,https://leetcode.com/problems/wildcard-matching,"String, Dynamic Programming, Greedy, Recursion"
EASY,Invert Binary Tree,43.0,0.008036544276654518,https://leetcode.com/problems/invert-binary-tree,"Tree, Depth-First Search, Breadth-First Search, Binary Tree"
MEDIUM,String Compression,43.0,0.006060152682054325,https://leetcode.com/problems/string-compression,"Two Pointers, String"
EASY,First Unique Character in a String,42.7,0.006611194846272966,https://leetcode.com/problems/first-unique-character-in-a-string,"Hash Table, String, Queue, Counting"
MEDIUM,Move Pieces to Obtain a String,42.7,0.005660922509225092,https://leetcode.com/problems/move-pieces-to-obtain-a-string,"Two Pointers, String"
MEDIUM,Minimum Size Subarray Sum,42.7,0.005261691799188636,https://leetcode.com/problems/minimum-size-subarray-sum,"Array, Binary Search, Sliding Window, Prefix Sum"
HARD,Reverse Pairs,42.7,0.0034986555072175985,https://leetcode.com/problems/reverse-pairs,"Array, Binary Search, Divide and Conquer, Binary Indexed Tree, Segment Tree, Merge Sort, Ordered Set, Treap"
HARD,Range Module,42.7,0.0045412668477283515,https://leetcode.com/problems/range-module,"Design, Segment Tree, Ordered Set"
MEDIUM,Apply Substitutions,42.7,0.007793292265571527,https://leetcode.com/problems/apply-substitutions,"Array, Hash Table, String, Depth-First Search, Breadth-First Search, Graph Theory, Topological Sort"
MEDIUM,Search a 2D Matrix,42.4,0.005438013772610336,https://leetcode.com/problems/search-a-2d-matrix,"Array, Binary Search, Matrix"
EASY,Remove Duplicates from Sorted List,42.4,0.0057338081766602645,https://leetcode.com/problems/remove-duplicates-from-sorted-list,Linked List
MEDIUM,Number of Provinces,42.4,0.007093659168003034,https://leetcode.com/problems/number-of-provinces,"Depth-First Search, Breadth-First Search, Union-Find, Graph Theory"
EASY,Big Countries,42.4,0.006875454724567621,https://leetcode.com/problems/big-countries,Database
EASY,Power of Three,42.0,0.005147307913637493,https://leetcode.com/problems/power-of-three,"Math, Recursion"
EASY,Find the Difference,42.0,0.006061565084903575,https://leetcode.com/problems/find-the-difference,"Hash Table, String, Bit Manipulation, Sorting"
HARD,Minimum Window Substring,42.0,0.004825493507502785,https://leetcode.com/problems/minimum-window-substring,"Hash Table, String, Sliding Window"
HARD,Word Ladder,42.0,0.004632624238009764,https://leetcode.com/problems/word-ladder,"Hash Table, String, Breadth-First Search, Bidirectional Search"
MEDIUM,Sort List,42.0,0.006518684803039642,https://leetcode.com/problems/sort-list,"Linked List, Two Pointers, Divide and Conquer, Sorting, Merge Sort"
EASY,Rising Temperature,42.0,0.005193931866402386,https://leetcode.com/problems/rising-temperature,Database
MEDIUM,Lowest Common Ancestor of a Binary Tree,42.0,0.006995184319913237,https://leetcode.com/problems/lowest-common-ancestor-of-a-binary-tree,"Tree, Depth-First Search, Binary Tree, Binary Lifting, Lowest Common Ancestor"
MEDIUM,Search a 2D Matrix II,42.0,0.0057904544449880815,https://leetcode.com/problems/search-a-2d-matrix-ii,"Array, Binary Search, Divide and Conquer, Matrix"
MEDIUM,Minimum Area Rectangle,42.0,0.005549154449121788,https://leetcode.com/problems/minimum-area-rectangle,"Array, Hash Table, Math, Geometry, Sorting"
EASY,Symmetric Tree,41.7,0.006182577434567257,https://leetcode.com/problems/symmetric-tree,"Tree, Depth-First Search, Breadth-First Search, Binary Tree"
MEDIUM,Surrounded Regions,41.7,0.004606749757057064,https://leetcode.com/problems/surrounded-regions,"Array, Depth-First Search, Breadth-First Search, Union-Find, Matrix"
MEDIUM,Majority Element II,41.7,0.005667187222437231,https://leetcode.com/problems/majority-element-ii,"Array, Hash Table, Sorting, Counting, Boyer–Moore Majority Vote Algorithm"
HARD,Burst Balloons,41.7,0.006419255726010915,https://leetcode.com/problems/burst-balloons,"Array, Dynamic Programming"
MEDIUM,Permutation in String,41.7,0.004952170786372714,https://leetcode.com/problems/permutation-in-string,"Hash Table, Two Pointers, String, Sliding Window"
EASY,Unique Number of Occurrences,41.7,0.007885868985526819,https://leetcode.com/problems/unique-number-of-occurrences,"Array, Hash Table"
MEDIUM,Kth Smallest Element in a BST,41.3,0.0077214785961713705,https://leetcode.com/problems/kth-smallest-element-in-a-bst,"Tree, Depth-First Search, Binary Search Tree, Binary Tree"
MEDIUM,Remove Duplicates from Sorted Array II,41.3,0.006515577577843417,https://leetcode.com/problems/remove-duplicates-from-sorted-array-ii,"Array, Two Pointers"
EASY,Binary Tree Inorder Traversal,41.3,0.008051021205380088,https://leetcode.com/problems/binary-tree-inorder-traversal,"Stack, Tree, Depth-First Search, Binary Tree"
MEDIUM,Pacific Atlantic Water Flow,41.3,0.00613439046674663,https://leetcode.com/problems/pacific-atlantic-water-flow,"Array, Depth-First Search, Breadth-First Search, Matrix"
MEDIUM,Target Sum,41.0,0.005273123661542585,https://leetcode.com/problems/target-sum,"Array, Dynamic Programming, Backtracking, Knapsack Problem, 0-1 Knapsack"
HARD,Meeting Rooms III,41.0,0.005139435681779677,https://leetcode.com/problems/meeting-rooms-iii,"Array, Hash Table, Sorting, Heap (Priority Queue), Simulation"
HARD,Longest Valid Parentheses,40.6,0.003950329380764163,https://leetcode.com/problems/longest-valid-parentheses,"String, Dynamic Programming, Stack, Bracket Sequences"
MEDIUM,Odd Even Linked List,40.6,0.006273133708855207,https://leetcode.com/problems/odd-even-linked-list,Linked List
EASY,Greatest Common Divisor of Strings,40.6,0.005427599236099225,https://leetcode.com/problems/greatest-common-divisor-of-strings,"Math, String, Euclidean Algorithm, Greatest Common Divisor"
MEDIUM,Copy List with Random Pointer,40.2,0.00635092839345131,https://leetcode.com/problems/copy-list-with-random-pointer,"Hash Table, Linked List"
MEDIUM,Longest Common Subsequence,40.2,0.005947673653306344,https://leetcode.com/problems/longest-common-subsequence,"String, Dynamic Programming, Longest Common Subsequence"
MEDIUM,Reverse Linked List II,40.2,0.005217652139807546,https://leetcode.com/problems/reverse-linked-list-ii,Linked List
EASY,First Bad Version,40.2,0.004751368560746233,https://leetcode.com/problems/first-bad-version,"Binary Search, Interactive"
MEDIUM,Swap Adjacent in LR String,40.2,0.003835325703829251,https://leetcode.com/problems/swap-adjacent-in-lr-string,"Two Pointers, String"
MEDIUM,Delete Nodes And Return Forest,40.2,0.007248246540471741,https://leetcode.com/problems/delete-nodes-and-return-forest,"Array, Hash Table, Tree, Depth-First Search, Binary Tree"
MEDIUM,Minimum Number of Days to Make m Bouquets,40.2,0.005705241689082582,https://leetcode.com/problems/minimum-number-of-days-to-make-m-bouquets,"Array, Binary Search"
EASY,Rotate String,39.8,0.006666948713267871,https://leetcode.com/problems/rotate-string,"String, String Matching"
MEDIUM,Single Number II,39.8,0.006767225101701388,https://leetcode.com/problems/single-number-ii,"Array, Bit Manipulation"
EASY,Can Place Flowers,39.8,0.0029279909398488204,https://leetcode.com/problems/can-place-flowers,"Array, Greedy"
MEDIUM,Frequency of the Most Frequent Element,39.8,0.004512506450952909,https://leetcode.com/problems/frequency-of-the-most-frequent-element,"Array, Binary Search, Greedy, Sliding Window, Sorting, Prefix Sum"
MEDIUM,Clone Graph,39.5,0.0065980060173831834,https://leetcode.com/problems/clone-graph,"Hash Table, Depth-First Search, Breadth-First Search, Graph Theory"
MEDIUM,Largest Divisible Subset,39.5,0.005000349454190334,https://leetcode.com/problems/largest-divisible-subset,"Array, Math, Dynamic Programming, Sorting"
MEDIUM,Binary Tree Zigzag Level Order Traversal,39.5,0.006432900406312655,https://leetcode.com/problems/binary-tree-zigzag-level-order-traversal,"Tree, Breadth-First Search, Binary Tree"
EASY,Maximum Depth of Binary Tree,39.5,0.00785224673227445,https://leetcode.com/problems/maximum-depth-of-binary-tree,"Tree, Depth-First Search, Breadth-First Search, Binary Tree"
EASY,Intersection of Two Linked Lists,39.5,0.006446732931499626,https://leetcode.com/problems/intersection-of-two-linked-lists,"Hash Table, Linked List, Two Pointers"
MEDIUM,Task Scheduler,39.5,0.006363486752557674,https://leetcode.com/problems/task-scheduler,"Array, Hash Table, Greedy, Sorting, Heap (Priority Queue), Counting"
HARD,Finding MK Average,39.5,0.0038900612218314445,https://leetcode.com/problems/finding-mk-average,"Design, Queue, Heap (Priority Queue), Data Stream, Ordered Set, Treap"
EASY,Can Make Arithmetic Progression From Sequence,39.5,0.006871026015631162,https://leetcode.com/problems/can-make-arithmetic-progression-from-sequence,"Array, Sorting"
HARD,24 Game,39.0,0.005962356589998353,https://leetcode.com/problems/24-game,"Array, Math, Backtracking"
MEDIUM,Reorder List,39.0,0.006600060207369974,https://leetcode.com/problems/reorder-list,"Linked List, Two Pointers, Stack, Recursion"
EASY,Is Subsequence,39.0,0.004934151446576965,https://leetcode.com/problems/is-subsequence,"Two Pointers, String, Dynamic Programming"
EASY,Fizz Buzz,39.0,0.007580834481158632,https://leetcode.com/problems/fizz-buzz,"Math, String, Simulation"
MEDIUM,Maximum Width Ramp,39.0,0.0055930835644557265,https://leetcode.com/problems/maximum-width-ramp,"Array, Two Pointers, Stack, Monotonic Stack"
MEDIUM,Zero Array Transformation II,39.0,0.004353382812276127,https://leetcode.com/problems/zero-array-transformation-ii,"Array, Two Pointers, Binary Search, Prefix Sum"
MEDIUM,Count Good Numbers,38.6,0.005799126996277226,https://leetcode.com/problems/count-good-numbers,"Math, Recursion"
MEDIUM,Gas Station,38.6,0.004855703095776569,https://leetcode.com/problems/gas-station,"Array, Greedy"
MEDIUM,Find Minimum in Rotated Sorted Array,38.6,0.005517061320673216,https://leetcode.com/problems/find-minimum-in-rotated-sorted-array,"Array, Binary Search"
EASY,Summary Ranges,38.6,0.005461917679543697,https://leetcode.com/problems/summary-ranges,Array
HARD,Swim in Rising Water,38.6,0.006817680753988078,https://leetcode.com/problems/swim-in-rising-water,"Array, Binary Search, Depth-First Search, Breadth-First Search, Union-Find, Minimax, Heap (Priority Queue), Matrix, Dijkstra's Algorithm"
HARD,Shortest Palindrome,38.2,0.004295031470576048,https://leetcode.com/problems/shortest-palindrome,"String, Rolling Hash, String Matching, Hash Function, Manacher, Z Algorithm, Knuth–Morris–Pratt Algorithm"
EASY,Implement Stack using Queues,38.2,0.007054265097791227,https://leetcode.com/problems/implement-stack-using-queues,"Stack, Design, Queue"
EASY,Add Strings,38.2,0.005221924583832983,https://leetcode.com/problems/add-strings,"Math, String, Simulation"
EASY,Valid Palindrome II,38.2,0.004461402004882974,https://leetcode.com/problems/valid-palindrome-ii,"Two Pointers, String, Greedy"
MEDIUM,Search in Rotated Sorted Array II,38.2,0.004044598818866909,https://leetcode.com/problems/search-in-rotated-sorted-array-ii,"Array, Binary Search"
MEDIUM,Perfect Squares,38.2,0.005680477465997451,https://leetcode.com/problems/perfect-squares,"Math, Dynamic Programming, Breadth-First Search, Knapsack Problem, Complete Knapsack"
EASY,Ransom Note,38.2,0.006631434198562558,https://leetcode.com/problems/ransom-note,"Hash Table, String, Counting"
EASY,Find Missing and Repeated Values,38.2,0.00829723605895155,https://leetcode.com/problems/find-missing-and-repeated-values,"Array, Hash Table, Math, Matrix"
MEDIUM,Evaluate Reverse Polish Notation,37.8,0.005848824922720453,https://leetcode.com/problems/evaluate-reverse-polish-notation,"Array, Math, Stack"
HARD,Serialize and Deserialize Binary Tree,37.8,0.006102862820701219,https://leetcode.com/problems/serialize-and-deserialize-binary-tree,"String, Tree, Depth-First Search, Breadth-First Search, Design, Binary Tree"
MEDIUM,Find All Duplicates in an Array,37.8,0.007710563836037227,https://leetcode.com/problems/find-all-duplicates-in-an-array,"Array, Hash Table, Sorting"
MEDIUM,Coin Change II,37.8,0.005930282899238443,https://leetcode.com/problems/coin-change-ii,"Array, Dynamic Programming, Knapsack Problem, Complete Knapsack"
MEDIUM,Find K Closest Elements,37.8,0.005001268488067444,https://leetcode.com/problems/find-k-closest-elements,"Array, Two Pointers, Binary Search, Sliding Window, Sorting, Heap (Priority Queue)"
MEDIUM,Asteroid Collision,37.8,0.004876299951048237,https://leetcode.com/problems/asteroid-collision,"Array, Stack, Simulation"
MEDIUM,Group Shifted Strings,37.3,0.006783461912328056,https://leetcode.com/problems/group-shifted-strings,"Array, Hash Table, String"
HARD,Trapping Rain Water II,37.3,0.0064193145683665055,https://leetcode.com/problems/trapping-rain-water-ii,"Array, Breadth-First Search, Heap (Priority Queue), Matrix"
MEDIUM,Network Delay Time,37.3,0.006135721595157466,https://leetcode.com/problems/network-delay-time,"Depth-First Search, Breadth-First Search, Graph Theory, Heap (Priority Queue), Shortest Path, Dijkstra's Algorithm"
MEDIUM,Cheapest Flights Within K Stops,37.3,0.004241504374080934,https://leetcode.com/problems/cheapest-flights-within-k-stops,"Dynamic Programming, Depth-First Search, Breadth-First Search, Graph Theory, Heap (Priority Queue), Shortest Path"
MEDIUM,Simplify Path,37.3,0.005122124583086863,https://leetcode.com/problems/simplify-path,"String, Stack"
HARD,Longest Increasing Path in a Matrix,37.3,0.005695053990694935,https://leetcode.com/problems/longest-increasing-path-in-a-matrix,"Array, Dynamic Programming, Depth-First Search, Breadth-First Search, Graph Theory, Topological Sort, Memoization, Matrix, Directed Acyclic Graph"
MEDIUM,Contiguous Array,37.3,0.005208313127416178,https://leetcode.com/problems/contiguous-array,"Array, Hash Table, Prefix Sum"
MEDIUM,Reorganize String,37.3,0.0057449190216939,https://leetcode.com/problems/reorganize-string,"Hash Table, String, Greedy, Sorting, Heap (Priority Queue), Counting"
MEDIUM,Count Square Submatrices with All Ones,37.3,0.008080449604791276,https://leetcode.com/problems/count-square-submatrices-with-all-ones,"Array, Dynamic Programming, Matrix"
EASY,Kth Missing Positive Number,37.3,0.006382791190476023,https://leetcode.com/problems/kth-missing-positive-number,"Array, Binary Search"
MEDIUM,Path With Minimum Effort,37.3,0.00638977436323885,https://leetcode.com/problems/path-with-minimum-effort,"Array, Binary Search, Depth-First Search, Breadth-First Search, Union-Find, Heap (Priority Queue), Matrix, Dijkstra's Algorithm"
EASY,Average Time of Process per Machine,37.3,0.0066932476908874204,https://leetcode.com/problems/average-time-of-process-per-machine,Database
EASY,Counter,36.8,0.008244050041307157,https://leetcode.com/problems/counter,
MEDIUM,Construct Binary Tree from Preorder and Inorder Traversal,36.8,0.006938056579561445,https://leetcode.com/problems/construct-binary-tree-from-preorder-and-inorder-traversal,"Array, Hash Table, Divide and Conquer, Tree, Binary Tree"
EASY,Employee Bonus,36.8,0.007791273898089464,https://leetcode.com/problems/employee-bonus,Database
MEDIUM,Accounts Merge,36.8,0.006188994327914749,https://leetcode.com/problems/accounts-merge,"Array, Hash Table, String, Depth-First Search, Breadth-First Search, Union-Find, Sorting"
MEDIUM,Evaluate Division,36.3,0.006450717441791638,https://leetcode.com/problems/evaluate-division,"Array, String, Depth-First Search, Breadth-First Search, Union-Find, Graph Theory, Shortest Path, Bellman–Ford Algorithm, Floyd–Warshall Algorithm"
MEDIUM,Binary Subarrays With Sum,36.3,0.0069661061179929415,https://leetcode.com/problems/binary-subarrays-with-sum,"Array, Hash Table, Sliding Window, Prefix Sum"
MEDIUM,Swap Nodes in Pairs,36.3,0.007010510609884263,https://leetcode.com/problems/swap-nodes-in-pairs,"Linked List, Recursion"
MEDIUM,Implement Trie (Prefix Tree),36.3,0.006991485915704174,https://leetcode.com/problems/implement-trie-prefix-tree,"Hash Table, String, Design, Trie"
MEDIUM,Course Schedule II,36.3,0.0056087981873676395,https://leetcode.com/problems/course-schedule-ii,"Depth-First Search, Breadth-First Search, Graph Theory, Topological Sort"
MEDIUM,Rearrange Array Elements by Sign,36.3,0.008480480911626374,https://leetcode.com/problems/rearrange-array-elements-by-sign,"Array, Two Pointers, Simulation"
MEDIUM,Delete Node in a Linked List,36.3,0.008429261642154438,https://leetcode.com/problems/delete-node-in-a-linked-list,Linked List
HARD,Expression Add Operators,36.3,0.004366082036364787,https://leetcode.com/problems/expression-add-operators,"Math, String, Backtracking"
EASY,Assign Cookies,36.3,0.0055416771175616575,https://leetcode.com/problems/assign-cookies,"Array, Two Pointers, Greedy, Sorting, Quicksort"
MEDIUM,Predict the Winner,36.3,0.005988094964953137,https://leetcode.com/problems/predict-the-winner,"Array, Math, Dynamic Programming, Recursion, Minimax, Game Theory, Zero-Sum Game"
MEDIUM,01 Matrix,36.3,0.005472594162412098,https://leetcode.com/problems/01-matrix,"Array, Dynamic Programming, Breadth-First Search, Matrix"
MEDIUM,Online Stock Span,36.3,0.006962038339597288,https://leetcode.com/problems/online-stock-span,"Stack, Design, Monotonic Stack, Data Stream"
MEDIUM,Minimum Path Sum,35.8,0.006874285022092097,https://leetcode.com/problems/minimum-path-sum,"Array, Dynamic Programming, Matrix"
HARD,Number of Islands II,35.8,0.004070941634580775,https://leetcode.com/problems/number-of-islands-ii,"Array, Hash Table, Union-Find"
HARD,Odd Even Jump,35.8,0.004146605166338682,https://leetcode.com/problems/odd-even-jump,"Array, Dynamic Programming, Stack, Sorting, Monotonic Stack, Ordered Set"
HARD,Lexicographically Smallest Beautiful String,35.8,0.0038647032996723964,https://leetcode.com/problems/lexicographically-smallest-beautiful-string,"String, Greedy"
HARD,Permutation Sequence,35.8,0.005400041095601716,https://leetcode.com/problems/permutation-sequence,"Math, Recursion"
MEDIUM,House Robber II,35.8,0.004540398609332016,https://leetcode.com/problems/house-robber-ii,"Array, Dynamic Programming"
EASY,Implement Queue using Stacks,35.8,0.007023141605675195,https://leetcode.com/problems/implement-queue-using-stacks,"Stack, Design, Queue"
EASY,Add Digits,35.8,0.0069233119092149695,https://leetcode.com/problems/add-digits,"Math, Simulation, Number Theory"
MEDIUM,Sum of Two Integers,35.8,0.005587486586676313,https://leetcode.com/problems/sum-of-two-integers,"Math, Bit Manipulation"
HARD,LFU Cache,35.8,0.005002935001290914,https://leetcode.com/problems/lfu-cache,"Hash Table, Linked List, Design, Doubly-Linked List"
HARD,Shortest Path in a Grid with Obstacles Elimination,35.8,0.004663196154145178,https://leetcode.com/problems/shortest-path-in-a-grid-with-obstacles-elimination,"Array, Breadth-First Search, Matrix"
EASY,Set Mismatch,35.3,0.0043369375281786145,https://leetcode.com/problems/set-mismatch,"Array, Hash Table, Bit Manipulation, Sorting"
MEDIUM,Find All Possible Recipes from Given Supplies,35.3,0.005707434391023154,https://leetcode.com/problems/find-all-possible-recipes-from-given-supplies,"Array, Hash Table, String, Graph Theory, Topological Sort, Directed Acyclic Graph"
HARD,Substring with Concatenation of All Words,35.3,0.0035003393350875244,https://leetcode.com/problems/substring-with-concatenation-of-all-words,"Hash Table, String, Sliding Window"
MEDIUM,Validate Binary Search Tree,35.3,0.003620631103723719,https://leetcode.com/problems/validate-binary-search-tree,"Tree, Depth-First Search, Binary Search Tree, Binary Tree"
EASY,Range Sum Query - Immutable,35.3,0.007316412237677077,https://leetcode.com/problems/range-sum-query-immutable,"Array, Design, Prefix Sum"
MEDIUM,Maximum XOR of Two Numbers in an Array,35.3,0.005371108428795918,https://leetcode.com/problems/maximum-xor-of-two-numbers-in-an-array,"Array, Hash Table, Bit Manipulation, Trie"
MEDIUM,Number of Matching Subsequences,35.3,0.005058392370230723,https://leetcode.com/problems/number-of-matching-subsequences,"Array, Hash Table, String, Binary Search, Dynamic Programming, Trie, Sorting"
HARD,Race Car,35.3,0.004502465888541838,https://leetcode.com/problems/race-car,"Dynamic Programming, Heuristic Search, A* Search"
MEDIUM,Maximum Swap,34.8,0.005209218883519646,https://leetcode.com/problems/maximum-swap,"Math, Greedy"
MEDIUM,Multiply Strings,34.8,0.004462399969068332,https://leetcode.com/problems/multiply-strings,"Math, String, Simulation"
MEDIUM,Linked List Cycle II,34.8,0.0058884830426313,https://leetcode.com/problems/linked-list-cycle-ii,"Hash Table, Linked List, Two Pointers, Floyd's Cycle Finding Algorithm"
HARD,Alien Dictionary,34.8,0.0037286509580722444,https://leetcode.com/problems/alien-dictionary,"Array, String, Depth-First Search, Breadth-First Search, Graph Theory, Topological Sort, Directed Acyclic Graph"
EASY,Repeated Substring Pattern,34.8,0.004865482308431229,https://leetcode.com/problems/repeated-substring-pattern,"String, String Matching, Z Algorithm, Knuth–Morris–Pratt Algorithm"
MEDIUM,Domino and Tromino Tiling,34.8,0.005126150668903393,https://leetcode.com/problems/domino-and-tromino-tiling,Dynamic Programming
EASY,Backspace String Compare,34.8,0.005017271607417883,https://leetcode.com/problems/backspace-string-compare,"Two Pointers, String, Stack, Simulation"
MEDIUM,Minimum Area Rectangle II,34.8,0.005601330297219559,https://leetcode.com/problems/minimum-area-rectangle-ii,"Array, Hash Table, Math, Geometry"
HARD,Vertical Order Traversal of a Binary Tree,34.8,0.005452686319665057,https://leetcode.com/problems/vertical-order-traversal-of-a-binary-tree,"Hash Table, Tree, Depth-First Search, Breadth-First Search, Sorting, Binary Tree"
EASY,Average Selling Price,34.8,0.003774809876183741,https://leetcode.com/problems/average-selling-price,Database
HARD,Word Search II,34.2,0.003878746126117074,https://leetcode.com/problems/word-search-ii,"Array, String, Backtracking, Trie, Matrix"
MEDIUM,Exclusive Time of Functions,34.2,0.006626042210744203,https://leetcode.com/problems/exclusive-time-of-functions,"Array, Stack"
HARD,Partition Array Into Two Arrays to Minimize Sum Difference,34.2,0.002437998466532429,https://leetcode.com/problems/partition-array-into-two-arrays-to-minimize-sum-difference,"Array, Two Pointers, Binary Search, Dynamic Programming, Bit Manipulation, Meet in the Middle, Sorting, Ordered Set, Bitmask"
HARD,Minimum Time to Finish the Race,34.2,0.004358735068259386,https://leetcode.com/problems/minimum-time-to-finish-the-race,"Array, Dynamic Programming"
MEDIUM,H-Index,34.2,0.00417833369377559,https://leetcode.com/problems/h-index,"Array, Sorting, Counting Sort"
MEDIUM,Design Hit Counter,34.2,0.0069742501301509755,https://leetcode.com/problems/design-hit-counter,"Array, Binary Search, Design, Queue, Data Stream"
MEDIUM,Managers with at Least 5 Direct Reports,34.2,0.004939573974786263,https://leetcode.com/problems/managers-with-at-least-5-direct-reports,Database
MEDIUM,Shortest Path in Binary Matrix,34.2,0.005205251478221059,https://leetcode.com/problems/shortest-path-in-binary-matrix,"Array, Breadth-First Search, Matrix"
EASY,Shuffle the Array,34.2,0.008869452785624421,https://leetcode.com/problems/shuffle-the-array,Array
HARD,Next Special Palindrome Number,34.2,0.002792589038905261,https://leetcode.com/problems/next-special-palindrome-number,"Backtracking, Bit Manipulation"
MEDIUM,Binary Tree Right Side View,33.7,0.00709796330836447,https://leetcode.com/problems/binary-tree-right-side-view,"Tree, Depth-First Search, Breadth-First Search, Binary Tree"
MEDIUM,Combination Sum IV,33.7,0.005526437103611885,https://leetcode.com/problems/combination-sum-iv,"Array, Dynamic Programming"
EASY,Min Cost Climbing Stairs,33.7,0.006863486747985426,https://leetcode.com/problems/min-cost-climbing-stairs,"Array, Dynamic Programming"
HARD,Bus Routes,33.7,0.004749635960401232,https://leetcode.com/problems/bus-routes,"Array, Hash Table, Breadth-First Search"
EASY,Rank Transform of an Array,33.7,0.0073975143936408465,https://leetcode.com/problems/rank-transform-of-an-array,"Array, Hash Table, Sorting"
EASY,Balanced Binary Tree,33.7,0.0059007369954272495,https://leetcode.com/problems/balanced-binary-tree,"Tree, Depth-First Search, Binary Tree"
MEDIUM,Triangle,33.7,0.005991266512882046,https://leetcode.com/problems/triangle,"Array, Dynamic Programming"
MEDIUM,Diagonal Traverse,33.7,0.006736861636601283,https://leetcode.com/problems/diagonal-traverse,"Array, Matrix, Simulation"
MEDIUM,Redundant Connection,33.7,0.006808046845934029,https://leetcode.com/problems/redundant-connection,"Depth-First Search, Breadth-First Search, Union-Find, Graph Theory"
EASY,Kth Largest Element in a Stream,33.7,0.00614727483367839,https://leetcode.com/problems/kth-largest-element-in-a-stream,"Tree, Design, Binary Search Tree, Heap (Priority Queue), Binary Tree, Data Stream"
MEDIUM,Find And Replace in String,33.7,0.005074184325053409,https://leetcode.com/problems/find-and-replace-in-string,"Array, Hash Table, String, Sorting"
HARD,Subarrays with K Different Integers,33.7,0.006886164041538308,https://leetcode.com/problems/subarrays-with-k-different-integers,"Array, Hash Table, Sliding Window, Counting"
EASY,Remove Outermost Parentheses,33.7,0.008739018481955935,https://leetcode.com/problems/remove-outermost-parentheses,"String, Stack, Bracket Sequences"
MEDIUM,Snapshot Array,33.7,0.003680448806713807,https://leetcode.com/problems/snapshot-array,"Array, Hash Table, Binary Search, Design, Persistent Data Structure"
EASY,Score of a String,33.7,0.009120956962074718,https://leetcode.com/problems/score-of-a-string,String
EASY,Find Pivot Index,33.7,0.00635985002576889,https://leetcode.com/problems/find-pivot-index,"Array, Prefix Sum"
MEDIUM,Best Time to Buy and Sell Stock with Cooldown,33.1,0.006260498962419256,https://leetcode.com/problems/best-time-to-buy-and-sell-stock-with-cooldown,"Array, Dynamic Programming"
HARD,Count of Smaller Numbers After Self,33.1,0.004392837515135026,https://leetcode.com/problems/count-of-smaller-numbers-after-self,"Array, Binary Search, Divide and Conquer, Binary Indexed Tree, Segment Tree, Merge Sort, Ordered Set, Treap"
HARD,Reconstruct Itinerary,33.1,0.004489976528531302,https://leetcode.com/problems/reconstruct-itinerary,"Array, String, Depth-First Search, Graph Theory, Sorting, Heap (Priority Queue), Eulerian Circuit, Eulerian Path, Semi-Eulerian Graph"
EASY,Moving Average from Data Stream,33.1,0.008022841921995209,https://leetcode.com/problems/moving-average-from-data-stream,"Array, Design, Queue, Data Stream"
EASY,Reverse String II,33.1,0.005434653355373628,https://leetcode.com/problems/reverse-string-ii,"Two Pointers, String"
MEDIUM,Shortest Unsorted Continuous Subarray,33.1,0.003853243604157498,https://leetcode.com/problems/shortest-unsorted-continuous-subarray,"Array, Two Pointers, Stack, Greedy, Sorting, Monotonic Stack"
EASY,Richest Customer Wealth,33.1,0.008880489425622862,https://leetcode.com/problems/richest-customer-wealth,"Array, Matrix"
MEDIUM,Find the Safest Path in a Grid,33.1,0.0057349690108531625,https://leetcode.com/problems/find-the-safest-path-in-a-grid,"Array, Binary Search, Breadth-First Search, Union-Find, Heap (Priority Queue), Matrix"
MEDIUM,Find Longest Special Substring That Occurs Thrice I,33.1,0.006184150929443628,https://leetcode.com/problems/find-longest-special-substring-that-occurs-thrice-i,"Hash Table, String, Binary Search, Sliding Window, Counting"
MEDIUM,Count and Say,33.1,0.006361991233455548,https://leetcode.com/problems/count-and-say,String
MEDIUM,Combination Sum II,33.1,0.005997286479259606,https://leetcode.com/problems/combination-sum-ii,"Array, Backtracking"
MEDIUM,Remove Duplicate Letters,33.1,0.005427931288657423,https://leetcode.com/problems/remove-duplicate-letters,"String, Stack, Greedy, Monotonic Stack"
MEDIUM,Find K Pairs with Smallest Sums,33.1,0.0042260520882202715,https://leetcode.com/problems/find-k-pairs-with-smallest-sums,"Array, Heap (Priority Queue)"
MEDIUM,Max Area of Island,33.1,0.007418586501005358,https://leetcode.com/problems/max-area-of-island,"Array, Depth-First Search, Breadth-First Search, Union-Find, Matrix"
MEDIUM,Find Eventual Safe States,33.1,0.007142284878253171,https://leetcode.com/problems/find-eventual-safe-states,"Depth-First Search, Breadth-First Search, Graph Theory, Topological Sort, Kosaraju's Algorithm, Tarjan's SCC Algorithm"
MEDIUM,Subarray Sums Divisible by K,33.1,0.005664313184377947,https://leetcode.com/problems/subarray-sums-divisible-by-k,"Array, Hash Table, Prefix Sum"
EASY,Customer Who Visited but Did Not Make Any Transactions,33.1,0.006830264189571809,https://leetcode.com/problems/customer-who-visited-but-did-not-make-any-transactions,Database
MEDIUM,Single-Threaded CPU,33.1,0.004802590215706442,https://leetcode.com/problems/single-threaded-cpu,"Array, Sorting, Heap (Priority Queue)"
EASY,Ugly Number,33.1,0.004405789548889244,https://leetcode.com/problems/ugly-number,Math
EASY,Find X-Sum of All K-Long Subarrays I,33.1,0.007608921405424023,https://leetcode.com/problems/find-x-sum-of-all-k-long-subarrays-i,"Array, Hash Table, Sliding Window, Heap (Priority Queue)"
MEDIUM,Combinations,32.4,0.007502149996819767,https://leetcode.com/problems/combinations,Backtracking
MEDIUM,Flatten Binary Tree to Linked List,32.4,0.007132468822762421,https://leetcode.com/problems/flatten-binary-tree-to-linked-list,"Linked List, Stack, Tree, Depth-First Search, Binary Tree"
EASY,Binary Tree Paths,32.4,0.0069176512010268995,https://leetcode.com/problems/binary-tree-paths,"String, Backtracking, Tree, Depth-First Search, Binary Tree"
MEDIUM,Number of Closed Islands,32.4,0.006725073529241612,https://leetcode.com/problems/number-of-closed-islands,"Array, Depth-First Search, Breadth-First Search, Union-Find, Matrix"
MEDIUM,The Latest Time to Catch a Bus,32.4,0.003019492669910021,https://leetcode.com/problems/the-latest-time-to-catch-a-bus,"Array, Two Pointers, Binary Search, Sorting"
MEDIUM,Count Days Without Meetings,32.4,0.004820938700828144,https://leetcode.com/problems/count-days-without-meetings,"Array, Sorting"
EASY,Convert Sorted Array to Binary Search Tree,32.4,0.00759846029580821,https://leetcode.com/problems/convert-sorted-array-to-binary-search-tree,"Array, Divide and Conquer, Tree, Binary Search Tree, Binary Tree"
MEDIUM,Non-overlapping Intervals,32.4,0.0057569947376100794,https://leetcode.com/problems/non-overlapping-intervals,"Array, Dynamic Programming, Greedy, Sorting"
MEDIUM,Sort Characters By Frequency,32.4,0.007571027026751469,https://leetcode.com/problems/sort-characters-by-frequency,"Hash Table, String, Sorting, Heap (Priority Queue), Bucket Sort, Counting"
MEDIUM,Soup Servings,32.4,0.005956834979676534,https://leetcode.com/problems/soup-servings,"Math, Dynamic Programming, Probability and Statistics"
MEDIUM,Monthly Transactions I,32.4,0.005968982337830442,https://leetcode.com/problems/monthly-transactions-i,Database
MEDIUM,Design a Stack With Increment Operation,32.4,0.00799142835064109,https://leetcode.com/problems/design-a-stack-with-increment-operation,"Array, Stack, Design"
EASY,Replace Employee ID With The Unique Identifier,32.4,0.008375602624571418,https://leetcode.com/problems/replace-employee-id-with-the-unique-identifier,Database
MEDIUM,Maximum Points You Can Obtain from Cards,32.4,0.005824679145499095,https://leetcode.com/problems/maximum-points-you-can-obtain-from-cards,"Array, Sliding Window, Prefix Sum"
EASY,Type of Triangle,32.4,0.004395658217213035,https://leetcode.com/problems/type-of-triangle,"Array, Math, Sorting, Polygons"
MEDIUM,Path Existence Queries in a Graph I,32.4,0.007023023486210232,https://leetcode.com/problems/path-existence-queries-in-a-graph-i,"Array, Hash Table, Binary Search, Union-Find, Graph Theory"
MEDIUM,Linked List Random Node,31.8,0.006511475481467726,https://leetcode.com/problems/linked-list-random-node,"Linked List, Math, Reservoir Sampling, Randomized"
MEDIUM,Sequence Reconstruction,31.8,0.0031076290348093904,https://leetcode.com/problems/sequence-reconstruction,"Array, Graph Theory, Topological Sort, Directed Acyclic Graph"
MEDIUM,Top K Frequent Words,31.8,0.00605013191444806,https://leetcode.com/problems/top-k-frequent-words,"Array, Hash Table, String, Trie, Sorting, Heap (Priority Queue), Bucket Sort, Counting"
MEDIUM,Champagne Tower,31.8,0.006397998985499641,https://leetcode.com/problems/champagne-tower,Dynamic Programming
HARD,Sum of Distances in Tree,31.8,0.006575362902106636,https://leetcode.com/problems/sum-of-distances-in-tree,"Dynamic Programming, Tree, Depth-First Search, Graph Theory, DP on Trees"
MEDIUM,Minimum Number of Operations to Move All Balls to Each Box,31.8,0.009014115204981837,https://leetcode.com/problems/minimum-number-of-operations-to-move-all-balls-to-each-box,"Array, String, Prefix Sum"
HARD,Minimum Weighted Subgraph With the Required Paths,31.8,0.004322765575355712,https://leetcode.com/problems/minimum-weighted-subgraph-with-the-required-paths,"Graph Theory, Heap (Priority Queue), Shortest Path"
MEDIUM,Unique Paths II,31.8,0.004494320132220292,https://leetcode.com/problems/unique-paths-ii,"Array, Dynamic Programming, Matrix"
MEDIUM,Recover Binary Search Tree,31.8,0.006067044879007175,https://leetcode.com/problems/recover-binary-search-tree,"Tree, Depth-First Search, Binary Search Tree, Binary Tree"
EASY,Excel Sheet Column Title,31.8,0.004729631691212344,https://leetcode.com/problems/excel-sheet-column-title,"Math, String"
EASY,Remove Linked List Elements,31.8,0.005521369090250542,https://leetcode.com/problems/remove-linked-list-elements,"Linked List, Recursion"
MEDIUM,Nth Digit,31.8,0.0038775919986541413,https://leetcode.com/problems/nth-digit,"Math, Binary Search"
MEDIUM,Find All Anagrams in a String,31.8,0.005432473980204756,https://leetcode.com/problems/find-all-anagrams-in-a-string,"Hash Table, String, Sliding Window"
MEDIUM,Delete Node in a BST,31.8,0.005525728981883206,https://leetcode.com/problems/delete-node-in-a-bst,"Tree, Binary Search Tree, Binary Tree"
MEDIUM,Palindromic Substrings,31.8,0.007312519405862714,https://leetcode.com/problems/palindromic-substrings,"Two Pointers, String, Dynamic Programming"
EASY,Flood Fill,31.8,0.0068787420756046035,https://leetcode.com/problems/flood-fill,"Array, Depth-First Search, Breadth-First Search, Matrix"
MEDIUM,Continuous Subarrays,31.8,0.005798537435586542,https://leetcode.com/problems/continuous-subarrays,"Array, Queue, Sliding Window, Heap (Priority Queue), Ordered Set, Monotonic Queue"
MEDIUM,Car Fleet,31.8,0.005556900880152747,https://leetcode.com/problems/car-fleet,"Array, Stack, Sorting, Monotonic Stack"
EASY,Transpose Matrix,31.8,0.007706203248532104,https://leetcode.com/problems/transpose-matrix,"Array, Matrix, Simulation"
EASY,Students and Examinations,31.8,0.0061772537769755895,https://leetcode.com/problems/students-and-examinations,Database
MEDIUM,Maximum Good Subarray Sum,31.8,0.0022378640465363867,https://leetcode.com/problems/maximum-good-subarray-sum,"Array, Hash Table, Prefix Sum"
MEDIUM,Maximum Number of Events That Can Be Attended,31.8,0.0039056367849819103,https://leetcode.com/problems/maximum-number-of-events-that-can-be-attended,"Array, Greedy, Sorting, Heap (Priority Queue)"
MEDIUM,Inverse Coin Change,31.8,0.0052012832908499606,https://leetcode.com/problems/inverse-coin-change,"Array, Dynamic Programming"
MEDIUM,Remove Duplicates from Sorted List II,31.1,0.005235401340323313,https://leetcode.com/problems/remove-duplicates-from-sorted-list-ii,"Linked List, Two Pointers"
MEDIUM,Fraction to Recurring Decimal,31.1,0.0031256555608260234,https://leetcode.com/problems/fraction-to-recurring-decimal,"Hash Table, Math, String"
HARD,The Skyline Problem,31.1,0.0045773495018944,https://leetcode.com/problems/the-skyline-problem,"Array, Divide and Conquer, Binary Indexed Tree, Segment Tree, Sweep Line, Sorting, Heap (Priority Queue), Ordered Set"
MEDIUM,Maximum Candies Allocated to K Children,31.1,0.004989240976804236,https://leetcode.com/problems/maximum-candies-allocated-to-k-children,"Array, Binary Search"
HARD,Minimum Cost to Make at Least One Valid Path in a Grid,31.1,0.007112786447781475,https://leetcode.com/problems/minimum-cost-to-make-at-least-one-valid-path-in-a-grid,"Array, Breadth-First Search, Graph Theory, Heap (Priority Queue), Matrix, Shortest Path, 0-1 BFS, Dijkstra's Algorithm"
MEDIUM,Detect Squares,31.1,0.005289923339798651,https://leetcode.com/problems/detect-squares,"Array, Hash Table, Design, Counting, Data Stream"
MEDIUM,Detonate the Maximum Bombs,31.1,0.005037999667469388,https://leetcode.com/problems/detonate-the-maximum-bombs,"Array, Math, Depth-First Search, Breadth-First Search, Graph Theory, Geometry"
HARD,Height of Binary Tree After Subtree Removal Queries,31.1,0.005493374806239475,https://leetcode.com/problems/height-of-binary-tree-after-subtree-removal-queries,"Array, Tree, Depth-First Search, Breadth-First Search, Binary Tree"
MEDIUM,Partition List,31.1,0.00618415496793849,https://leetcode.com/problems/partition-list,"Linked List, Two Pointers"
HARD,Best Time to Buy and Sell Stock III,31.1,0.005451237643269908,https://leetcode.com/problems/best-time-to-buy-and-sell-stock-iii,"Array, Dynamic Programming"
EASY,Number of 1 Bits,31.1,0.007736181861502956,https://leetcode.com/problems/number-of-1-bits,"Divide and Conquer, Bit Manipulation"
EASY,Longest Palindrome,31.1,0.0056173830777073415,https://leetcode.com/problems/longest-palindrome,"Hash Table, String, Greedy"
EASY,Flipping an Image,31.1,0.008395051414529736,https://leetcode.com/problems/flipping-an-image,"Array, Two Pointers, Bit Manipulation, Matrix, Simulation"
MEDIUM,Time Based Key-Value Store,31.1,0.0050128819781672515,https://leetcode.com/problems/time-based-key-value-store,"Hash Table, String, Binary Search, Design"
MEDIUM,Subarray Product Less Than K,30.4,0.0054858410115825275,https://leetcode.com/problems/subarray-product-less-than-k,"Array, Binary Search, Sliding Window, Prefix Sum"
MEDIUM,Keys and Rooms,30.4,0.0076144582332880505,https://leetcode.com/problems/keys-and-rooms,"Depth-First Search, Breadth-First Search, Graph Theory"
MEDIUM,Minimum Add to Make Parentheses Valid,30.4,0.00742756782798007,https://leetcode.com/problems/minimum-add-to-make-parentheses-valid,"String, Stack, Greedy, Bracket Sequences"
HARD,Stone Game III,30.4,0.006793160225533994,https://leetcode.com/problems/stone-game-iii,"Array, Math, Dynamic Programming, Minimax, Game Theory, Zero-Sum Game"
MEDIUM,Longest Continuous Subarray With Absolute Diff Less Than or Equal to Limit,30.4,0.005791905883182969,https://leetcode.com/problems/longest-continuous-subarray-with-absolute-diff-less-than-or-equal-to-limit,"Array, Queue, Sliding Window, Heap (Priority Queue), Ordered Set, Monotonic Queue"
EASY,Find the Highest Altitude,30.4,0.008464382296499894,https://leetcode.com/problems/find-the-highest-altitude,"Array, Prefix Sum"
MEDIUM,Find Original Array From Doubled Array,30.4,0.0040906324081232195,https://leetcode.com/problems/find-original-array-from-doubled-array,"Array, Hash Table, Greedy, Sorting"
MEDIUM,Design a Number Container System,30.4,0.005705810372065359,https://leetcode.com/problems/design-a-number-container-system,"Hash Table, Design, Heap (Priority Queue), Ordered Set"
HARD,Time Taken to Cross the Door,30.4,0.005047625621203755,https://leetcode.com/problems/time-taken-to-cross-the-door,"Array, Queue, Simulation"
MEDIUM,Permutations II,30.4,0.006400891548867574,https://leetcode.com/problems/permutations-ii,"Array, Backtracking, Sorting"
MEDIUM,Decode Ways,30.4,0.0038445766693530796,https://leetcode.com/problems/decode-ways,"String, Dynamic Programming"
MEDIUM,Consecutive Numbers,30.4,0.004908367093946094,https://leetcode.com/problems/consecutive-numbers,Database
MEDIUM,Encode and Decode Strings,30.4,0.005185191253965341,https://leetcode.com/problems/encode-and-decode-strings,"Array, String, Design"
MEDIUM,Minimum Height Trees,30.4,0.0042749895684703505,https://leetcode.com/problems/minimum-height-trees,"Depth-First Search, Breadth-First Search, Graph Theory, Topological Sort"
EASY,Third Maximum Number,30.4,0.004016706407962791,https://leetcode.com/problems/third-maximum-number,"Array, Sorting"
EASY,Triangle Judgement,30.4,0.007509359384745661,https://leetcode.com/problems/triangle-judgement,Database
MEDIUM,Find Duplicate Subtrees,30.4,0.0060831469439362055,https://leetcode.com/problems/find-duplicate-subtrees,"Hash Table, Tree, Depth-First Search, Binary Tree"
MEDIUM,Maximum Width of Binary Tree,30.4,0.0045975176388122815,https://leetcode.com/problems/maximum-width-of-binary-tree,"Tree, Depth-First Search, Breadth-First Search, Binary Tree"
HARD,Minimum Interval to Include Each Query,30.4,0.005493214645379833,https://leetcode.com/problems/minimum-interval-to-include-each-query,"Array, Binary Search, Sweep Line, Sorting, Heap (Priority Queue)"
MEDIUM,Range Sum Query 2D - Immutable,30.4,0.005883561643835617,https://leetcode.com/problems/range-sum-query-2d-immutable,"Array, Design, Matrix, Prefix Sum"
EASY,Customers Who Never Order,30.4,0.00722275127650319,https://leetcode.com/problems/customers-who-never-order,Database
MEDIUM,Basic Calculator II,29.7,0.004708552166112491,https://leetcode.com/problems/basic-calculator-ii,"Math, String, Stack"
MEDIUM,Android Unlock Patterns,29.7,0.005390725197140353,https://leetcode.com/problems/android-unlock-patterns,"Dynamic Programming, Backtracking, Bit Manipulation, Bitmask"
MEDIUM,Path Sum III,29.7,0.004658919882808834,https://leetcode.com/problems/path-sum-iii,"Tree, Depth-First Search, Binary Tree"
MEDIUM,Repeated String Match,29.7,0.0039640183428138465,https://leetcode.com/problems/repeated-string-match,"String, String Matching, Z Algorithm, Knuth–Morris–Pratt Algorithm, Boyer–Moore String-Search Algorithm"
HARD,Shortest Path Visiting All Nodes,29.7,0.006625993165849298,https://leetcode.com/problems/shortest-path-visiting-all-nodes,"Dynamic Programming, Bit Manipulation, Breadth-First Search, Graph Theory, Bitmask"
MEDIUM,All Nodes Distance K in Binary Tree,29.7,0.006800091542377422,https://leetcode.com/problems/all-nodes-distance-k-in-binary-tree,"Hash Table, Tree, Depth-First Search, Breadth-First Search, Binary Tree"
MEDIUM,Minimum Falling Path Sum,29.7,0.006084636106596612,https://leetcode.com/problems/minimum-falling-path-sum,"Array, Dynamic Programming, Matrix"
HARD,Longest Duplicate Substring,29.7,0.0031370244794347896,https://leetcode.com/problems/longest-duplicate-substring,"String, Binary Search, Sliding Window, Rolling Hash, Suffix Array, Hash Function, Suffix Automaton, Suffix Tree, Z Algorithm, Boyer–Moore String-Search Algorithm"
EASY,Find the Difference of Two Arrays,29.7,0.00815940415035145,https://leetcode.com/problems/find-the-difference-of-two-arrays,"Array, Hash Table"
MEDIUM,Number of Substrings Containing All Three Characters,29.7,0.007440032102495217,https://leetcode.com/problems/number-of-substrings-containing-all-three-characters,"Hash Table, String, Sliding Window"
EASY,Check If N and Its Double Exist,29.7,0.00419730635647233,https://leetcode.com/problems/check-if-n-and-its-double-exist,"Array, Hash Table, Two Pointers, Binary Search, Sorting"
EASY,Maximum Score After Splitting a String,29.7,0.00650630694543691,https://leetcode.com/problems/maximum-score-after-splitting-a-string,"String, Prefix Sum"
EASY,Build Array from Permutation,29.7,0.009109476530070458,https://leetcode.com/problems/build-array-from-permutation,"Array, Simulation"
MEDIUM,Unique Length-3 Palindromic Subsequences,29.7,0.007376138759597406,https://leetcode.com/problems/unique-length-3-palindromic-subsequences,"Hash Table, String, Bit Manipulation, Prefix Sum"
EASY,Array Prototype Last,29.7,0.007466238111085811,https://leetcode.com/problems/array-prototype-last,
HARD,Word Ladder II,29.7,0.002796268911781358,https://leetcode.com/problems/word-ladder-ii,"Hash Table, String, Backtracking, Breadth-First Search, Bidirectional Search"
HARD,Word Break II,29.7,0.0056024252519363705,https://leetcode.com/problems/word-break-ii,"Array, Hash Table, String, Dynamic Programming, Backtracking, Trie, Memoization"
MEDIUM,Increasing Triplet Subsequence,29.7,0.003958464896064079,https://leetcode.com/problems/increasing-triplet-subsequence,"Array, Greedy, Longest Increasing Subsequence"
HARD,Making A Large Island,29.7,0.005708577773167518,https://leetcode.com/problems/making-a-large-island,"Array, Depth-First Search, Breadth-First Search, Union-Find, Matrix"
MEDIUM,New 21 Game,29.7,0.005194910510984189,https://leetcode.com/problems/new-21-game,"Math, Dynamic Programming, Sliding Window, Probability and Statistics"
HARD,Shortest Common Supersequence ,29.7,0.006226732603996745,https://leetcode.com/problems/shortest-common-supersequence,"String, Dynamic Programming, Longest Common Subsequence"
MEDIUM,Car Pooling,29.7,0.0056475468946238306,https://leetcode.com/problems/car-pooling,"Array, Sorting, Heap (Priority Queue), Simulation, Prefix Sum"
MEDIUM,Stone Game,29.7,0.007691628213383378,https://leetcode.com/problems/stone-game,"Array, Math, Dynamic Programming, Minimax, Game Theory, Zero-Sum Game"
HARD,K-th Smallest in Lexicographical Order,29.7,0.004649765683562257,https://leetcode.com/problems/k-th-smallest-in-lexicographical-order,Trie
HARD,Number of Digit One,28.9,0.003957957082968072,https://leetcode.com/problems/number-of-digit-one,"Math, Dynamic Programming, Recursion"
MEDIUM,Graph Valid Tree,28.9,0.005010948593484462,https://leetcode.com/problems/graph-valid-tree,"Depth-First Search, Breadth-First Search, Union-Find, Graph Theory"
MEDIUM,Binary Tree Vertical Order Traversal,28.9,0.00578860007591215,https://leetcode.com/problems/binary-tree-vertical-order-traversal,"Hash Table, Tree, Depth-First Search, Breadth-First Search, Sorting, Binary Tree"
HARD,Sliding Window Median,28.9,0.003908052854820207,https://leetcode.com/problems/sliding-window-median,"Array, Hash Table, Sliding Window, Heap (Priority Queue), Treap"
EASY,Minimum Absolute Difference in BST,28.9,0.005966354787755665,https://leetcode.com/problems/minimum-absolute-difference-in-bst,"Tree, Depth-First Search, Breadth-First Search, Binary Search Tree, Binary Tree"
MEDIUM,Sum of Square Numbers,28.9,0.0036997587784899154,https://leetcode.com/problems/sum-of-square-numbers,"Math, Two Pointers, Binary Search"
MEDIUM,Valid Parenthesis String,28.9,0.004040380274685337,https://leetcode.com/problems/valid-parenthesis-string,"String, Dynamic Programming, Stack, Greedy, Bracket Sequences"
MEDIUM,K-th Symbol in Grammar,28.9,0.0048611700449347735,https://leetcode.com/problems/k-th-symbol-in-grammar,"Math, Bit Manipulation, Recursion"
EASY,Largest Triangle Area,28.9,0.0072122556012577995,https://leetcode.com/problems/largest-triangle-area,"Array, Math, Geometry, Polygons"
MEDIUM,Boats to Save People,28.9,0.00622977650975766,https://leetcode.com/problems/boats-to-save-people,"Array, Two Pointers, Greedy, Sorting, Timsort"
HARD,Find in Mountain Array,28.9,0.004194301268315283,https://leetcode.com/problems/find-in-mountain-array,"Array, Binary Search, Interactive, Ternary Search"
MEDIUM,Remove Sub-Folders from the Filesystem,28.9,0.007860429223690901,https://leetcode.com/problems/remove-sub-folders-from-the-filesystem,"Array, String, Depth-First Search, Trie"
MEDIUM,Delete Nodes From Linked List Present in Array,28.9,0.006925558585283512,https://leetcode.com/problems/delete-nodes-from-linked-list-present-in-array,"Array, Hash Table, Linked List"
HARD,Integer to English Words,28.9,0.003516291731184657,https://leetcode.com/problems/integer-to-english-words,"Math, String, Recursion"
MEDIUM,Flatten Nested List Iterator,28.9,0.006582862080460586,https://leetcode.com/problems/flatten-nested-list-iterator,"Stack, Tree, Depth-First Search, Design, Queue, Iterator"
EASY,Intersection of Two Arrays II,28.9,0.006021533798842773,https://leetcode.com/problems/intersection-of-two-arrays-ii,"Array, Hash Table, Two Pointers, Binary Search, Sorting"
MEDIUM,Longest Palindromic Subsequence,28.9,0.006580390915743384,https://leetcode.com/problems/longest-palindromic-subsequence,"String, Dynamic Programming"
EASY,Two Sum IV - Input is a BST,28.9,0.006361461104037718,https://leetcode.com/problems/two-sum-iv-input-is-a-bst,"Hash Table, Two Pointers, Tree, Depth-First Search, Breadth-First Search, Binary Search Tree, Binary Tree"
HARD,Shortest Subarray with Sum at Least K,28.9,0.0033014980575212334,https://leetcode.com/problems/shortest-subarray-with-sum-at-least-k,"Array, Binary Search, Queue, Sliding Window, Heap (Priority Queue), Prefix Sum, Monotonic Queue"
EASY,Remove All Adjacent Duplicates In String,28.9,0.007386812796909187,https://leetcode.com/problems/remove-all-adjacent-duplicates-in-string,"String, Stack"
EASY,Duplicate Zeros,28.9,0.00539463447972073,https://leetcode.com/problems/duplicate-zeros,"Array, Two Pointers"
MEDIUM,Longest Arithmetic Subsequence of Given Difference,28.9,0.005434097055357797,https://leetcode.com/problems/longest-arithmetic-subsequence-of-given-difference,"Array, Hash Table, Dynamic Programming"
MEDIUM,Divide Array in Sets of K Consecutive Numbers,28.9,0.00594855954438955,https://leetcode.com/problems/divide-array-in-sets-of-k-consecutive-numbers,"Array, Hash Table, Greedy, Sorting"
EASY,How Many Numbers Are Smaller Than the Current Number,28.9,0.00874811379613038,https://leetcode.com/problems/how-many-numbers-are-smaller-than-the-current-number,"Array, Hash Table, Sorting, Counting Sort"
EASY,Number of Good Pairs,28.9,0.008991139771804152,https://leetcode.com/problems/number-of-good-pairs,"Array, Hash Table, Math, Counting"
MEDIUM,Sum of Beauty of All Substrings,28.9,0.007467354533737392,https://leetcode.com/problems/sum-of-beauty-of-all-substrings,"Hash Table, String, Counting"
MEDIUM,Maximum Frequency of an Element After Performing Operations I,28.9,0.004018042419344269,https://leetcode.com/problems/maximum-frequency-of-an-element-after-performing-operations-i,"Array, Binary Search, Sliding Window, Sorting, Prefix Sum"
EASY,Maximum Product of Three Numbers,28.9,0.004822240409935236,https://leetcode.com/problems/maximum-product-of-three-numbers,"Array, Math, Sorting"
MEDIUM,Longest Non-Decreasing Subarray After Replacing at Most One Element,28.9,0.002270164938409075,https://leetcode.com/problems/longest-non-decreasing-subarray-after-replacing-at-most-one-element,"Array, Dynamic Programming"
MEDIUM,Spiral Matrix II,28.1,0.007566156069210246,https://leetcode.com/problems/spiral-matrix-ii,"Array, Matrix, Simulation"
MEDIUM,Rank Scores,28.1,0.006854013268306483,https://leetcode.com/problems/rank-scores,Database
MEDIUM,Wiggle Sort II,28.1,0.0038041109376960864,https://leetcode.com/problems/wiggle-sort-ii,"Array, Divide and Conquer, Greedy, Sorting, Quickselect"
MEDIUM,House Robber III,28.1,0.005622325754279849,https://leetcode.com/problems/house-robber-iii,"Dynamic Programming, Tree, Depth-First Search, Binary Tree, DP on Trees"
MEDIUM,Count Numbers with Unique Digits,28.1,0.005609810434797511,https://leetcode.com/problems/count-numbers-with-unique-digits,"Math, Dynamic Programming, Backtracking"
EASY,Detect Capital,28.1,0.005694319929970818,https://leetcode.com/problems/detect-capital,String
MEDIUM,Max Chunks To Make Sorted,28.1,0.006424605297486185,https://leetcode.com/problems/max-chunks-to-make-sorted,"Array, Stack, Greedy, Sorting, Monotonic Stack"
MEDIUM,Minimum Domino Rotations For Equal Row,28.1,0.005649741310925314,https://leetcode.com/problems/minimum-domino-rotations-for-equal-row,"Array, Greedy"
MEDIUM,Longest Arithmetic Subsequence,28.1,0.0050144418683204925,https://leetcode.com/problems/longest-arithmetic-subsequence,"Array, Hash Table, Binary Search, Dynamic Programming"
MEDIUM,Maximum Level Sum of a Binary Tree,28.1,0.00700309474012209,https://leetcode.com/problems/maximum-level-sum-of-a-binary-tree,"Tree, Depth-First Search, Breadth-First Search, Binary Tree"
MEDIUM,Smallest Subsequence of Distinct Characters,28.1,0.007056504215069009,https://leetcode.com/problems/smallest-subsequence-of-distinct-characters,"String, Stack, Greedy, Monotonic Stack"
MEDIUM,Find the Smallest Divisor Given a Threshold,28.1,0.006660774386597979,https://leetcode.com/problems/find-the-smallest-divisor-given-a-threshold,"Array, Binary Search"
MEDIUM,Product of the Last K Numbers,28.1,0.006303289476787794,https://leetcode.com/problems/product-of-the-last-k-numbers,"Array, Math, Design, Data Stream, Prefix Sum"
MEDIUM,Sender With Largest Word Count,28.1,0.006010493661675156,https://leetcode.com/problems/sender-with-largest-word-count,"Array, Hash Table, String, Counting"
HARD,Design a Text Editor,28.1,0.005142492225677476,https://leetcode.com/problems/design-a-text-editor,"Linked List, String, Stack, Design, Simulation, Doubly-Linked List"
MEDIUM,Maximum Beauty of an Array After Applying Operation,28.1,0.0058351565038449035,https://leetcode.com/problems/maximum-beauty-of-an-array-after-applying-operation,"Array, Binary Search, Sliding Window, Sorting"
MEDIUM,Interleaving String,28.1,0.004457143226392884,https://leetcode.com/problems/interleaving-string,"String, Dynamic Programming"
EASY,Pascal's Triangle II,28.1,0.006789263971561984,https://leetcode.com/problems/pascals-triangle-ii,"Array, Dynamic Programming"
MEDIUM,Binary Search Tree Iterator,28.1,0.007688333531150866,https://leetcode.com/problems/binary-search-tree-iterator,"Stack, Tree, Design, Binary Search Tree, Binary Tree, Iterator"
MEDIUM,Queue Reconstruction by Height,28.1,0.007495330075164057,https://leetcode.com/problems/queue-reconstruction-by-height,"Array, Binary Indexed Tree, Segment Tree, Sorting"
EASY,Island Perimeter,28.1,0.0074320729982405905,https://leetcode.com/problems/island-perimeter,"Array, Depth-First Search, Breadth-First Search, Matrix"
MEDIUM,Minimum Time Difference,28.1,0.006268180680812973,https://leetcode.com/problems/minimum-time-difference,"Array, Math, String, Sorting"
EASY,Jewels and Stones,28.1,0.008963481211046563,https://leetcode.com/problems/jewels-and-stones,"Hash Table, String"
MEDIUM,Is Graph Bipartite?,28.1,0.005977211296992278,https://leetcode.com/problems/is-graph-bipartite,"Depth-First Search, Breadth-First Search, Union-Find, Graph Theory, Graph Coloring, Bipartite Graph"
MEDIUM,Design Linked List,28.1,0.0030677020143627448,https://leetcode.com/problems/design-linked-list,"Linked List, Design"
MEDIUM,Snakes and Ladders,28.1,0.004823408880972916,https://leetcode.com/problems/snakes-and-ladders,"Array, Breadth-First Search, Matrix"
EASY,Number of Recent Calls,28.1,0.007889251229126988,https://leetcode.com/problems/number-of-recent-calls,"Design, Queue, Data Stream"
MEDIUM,K Closest Points to Origin,28.1,0.006928833972906746,https://leetcode.com/problems/k-closest-points-to-origin,"Array, Math, Divide and Conquer, Geometry, Sorting, Heap (Priority Queue), Quickselect, K-D Tree"
EASY,Kids With the Greatest Number of Candies,28.1,0.008800513520519127,https://leetcode.com/problems/kids-with-the-greatest-number-of-candies,Array
EASY,Water Bottles,28.1,0.007256279117522492,https://leetcode.com/problems/water-bottles,"Math, Simulation"
MEDIUM,Lexicographical Numbers,28.1,0.007635230516257136,https://leetcode.com/problems/lexicographical-numbers,"Depth-First Search, Trie"
MEDIUM,Nth Highest Salary,28.1,0.003990543520935797,https://leetcode.com/problems/nth-highest-salary,Database
HARD,Sum of Good Subsequences,28.1,0.0030915138222747103,https://leetcode.com/problems/sum-of-good-subsequences,"Array, Hash Table, Dynamic Programming"
EASY,Find Numbers with Even Number of Digits,28.1,0.00799489916797904,https://leetcode.com/problems/find-numbers-with-even-number-of-digits,"Array, Math"
MEDIUM,Zero Array Transformation III,28.1,0.005473813881458539,https://leetcode.com/problems/zero-array-transformation-iii,"Array, Two Pointers, Greedy, Sorting, Heap (Priority Queue), Prefix Sum"
MEDIUM,Lowest Common Ancestor of a Binary Search Tree,27.2,0.007119576128496311,https://leetcode.com/problems/lowest-common-ancestor-of-a-binary-search-tree,"Tree, Depth-First Search, Binary Search Tree, Binary Tree, Binary Lifting, Lowest Common Ancestor"
EASY,Robot Return to Origin,27.2,0.007817544079912742,https://leetcode.com/problems/robot-return-to-origin,"String, Simulation"
MEDIUM,Rotated Digits,27.2,0.006408531015426862,https://leetcode.com/problems/rotated-digits,"Math, Dynamic Programming"
MEDIUM,Smallest Integer Divisible by K,27.2,0.005416481240350965,https://leetcode.com/problems/smallest-integer-divisible-by-k,"Hash Table, Math, Pigeonhole Principle"
HARD,Kth Ancestor of a Tree Node,27.2,0.0039424346790273715,https://leetcode.com/problems/kth-ancestor-of-a-tree-node,"Binary Search, Dynamic Programming, Bit Manipulation, Tree, Depth-First Search, Breadth-First Search, Design, Binary Lifting"
MEDIUM,Longest Subarray of 1's After Deleting One Element,27.2,0.007148314463155756,https://leetcode.com/problems/longest-subarray-of-1s-after-deleting-one-element,"Array, Dynamic Programming, Sliding Window"
MEDIUM,Number of Subsequences That Satisfy the Given Sum Condition,27.2,0.004901924250576553,https://leetcode.com/problems/number-of-subsequences-that-satisfy-the-given-sum-condition,"Array, Two Pointers, Binary Search, Sorting"
MEDIUM,Minimum Operations to Reduce X to Zero,27.2,0.004080892181307975,https://leetcode.com/problems/minimum-operations-to-reduce-x-to-zero,"Array, Hash Table, Binary Search, Sliding Window, Prefix Sum"
HARD,Painting a Grid With Three Different Colors,27.2,0.007693910096680951,https://leetcode.com/problems/painting-a-grid-with-three-different-colors,"Dynamic Programming, Graph Coloring"
EASY,To Be Or Not To Be,27.2,0.006341081580114793,https://leetcode.com/problems/to-be-or-not-to-be,
MEDIUM,Sum Root to Leaf Numbers,27.2,0.00702732022190099,https://leetcode.com/problems/sum-root-to-leaf-numbers,"Tree, Depth-First Search, Binary Tree"
EASY,Binary Tree Preorder Traversal,27.2,0.007647322363605984,https://leetcode.com/problems/binary-tree-preorder-traversal,"Stack, Tree, Depth-First Search, Binary Tree"
MEDIUM,Delete the Middle Node of a Linked List,27.2,0.006091391508187643,https://leetcode.com/problems/delete-the-middle-node-of-a-linked-list,"Linked List, Two Pointers"
MEDIUM,Count Complete Tree Nodes,27.2,0.007287327531110193,https://leetcode.com/problems/count-complete-tree-nodes,"Binary Search, Bit Manipulation, Tree, Binary Tree"
EASY,Valid Perfect Square,27.2,0.004513246984053394,https://leetcode.com/problems/valid-perfect-square,"Math, Binary Search"
MEDIUM,My Calendar I,27.2,0.005837575397267739,https://leetcode.com/problems/my-calendar-i,"Array, Binary Search, Design, Segment Tree, Ordered Set"
MEDIUM,Number of Enclaves,27.2,0.007218199101824774,https://leetcode.com/problems/number-of-enclaves,"Array, Depth-First Search, Breadth-First Search, Union-Find, Matrix"
MEDIUM,Product Price at a Given Date,27.2,0.005835672361420383,https://leetcode.com/problems/product-price-at-a-given-date,Database
MEDIUM,The kth Factor of n,27.2,0.00706858330179279,https://leetcode.com/problems/the-kth-factor-of-n,"Math, Number Theory, Prime Factorization"
MEDIUM,Minimum Difference Between Largest and Smallest Value in Three Moves,27.2,0.005919792735937073,https://leetcode.com/problems/minimum-difference-between-largest-and-smallest-value-in-three-moves,"Array, Greedy, Sorting"
MEDIUM,Maximum Score From Removing Substrings,27.2,0.006641197407061561,https://leetcode.com/problems/maximum-score-from-removing-substrings,"String, Stack, Greedy"
MEDIUM,Check if Grid can be Cut into Sections,27.2,0.006803171353063023,https://leetcode.com/problems/check-if-grid-can-be-cut-into-sections,"Array, Sorting"
MEDIUM,Reschedule Meetings for Maximum Free Time I,27.2,0.00538588152794281,https://leetcode.com/problems/reschedule-meetings-for-maximum-free-time-i,"Array, Greedy, Sliding Window"
EASY,Longest Harmonious Subsequence,27.2,0.006499193414162623,https://leetcode.com/problems/longest-harmonious-subsequence,"Array, Hash Table, Sliding Window, Sorting, Counting"
EASY,Missing Ranges,26.3,0.0035684017852665364,https://leetcode.com/problems/missing-ranges,Array
HARD,Best Time to Buy and Sell Stock IV,26.3,0.005104109660612889,https://leetcode.com/problems/best-time-to-buy-and-sell-stock-iv,"Array, Dynamic Programming"
MEDIUM,Walls and Gates,26.3,0.006414178334561533,https://leetcode.com/problems/walls-and-gates,"Array, Breadth-First Search, Matrix"
EASY,Power of Four,26.3,0.005247287251444982,https://leetcode.com/problems/power-of-four,"Math, Bit Manipulation, Recursion"
MEDIUM,Find Leaves of Binary Tree,26.3,0.008134901242393862,https://leetcode.com/problems/find-leaves-of-binary-tree,"Tree, Depth-First Search, Binary Tree, DP on Trees"
HARD,Frog Jump,26.3,0.004754533149282335,https://leetcode.com/problems/frog-jump,"Array, Dynamic Programming"
EASY,Valid Word Abbreviation,26.3,0.0037047809064440955,https://leetcode.com/problems/valid-word-abbreviation,"Two Pointers, String"
HARD,Optimal Account Balancing,26.3,0.0050616817453808475,https://leetcode.com/problems/optimal-account-balancing,"Array, Dynamic Programming, Backtracking, Bit Manipulation, Bitmask"
MEDIUM,Ones and Zeroes,26.3,0.005368338997664385,https://leetcode.com/problems/ones-and-zeroes,"Array, String, Dynamic Programming, Knapsack Problem, 0-1 Knapsack"
HARD,Student Attendance Record II,26.3,0.005686376324712754,https://leetcode.com/problems/student-attendance-record-ii,Dynamic Programming
HARD,Maximum Sum of 3 Non-Overlapping Subarrays,26.3,0.005999105525447425,https://leetcode.com/problems/maximum-sum-of-3-non-overlapping-subarrays,"Array, Dynamic Programming, Sliding Window, Prefix Sum"
MEDIUM,My Calendar II,26.3,0.006343408495137368,https://leetcode.com/problems/my-calendar-ii,"Array, Binary Search, Design, Segment Tree, Prefix Sum, Ordered Set"
MEDIUM,Expressive Words,26.3,0.004699460756968744,https://leetcode.com/problems/expressive-words,"Array, Two Pointers, String"
HARD,Robot Room Cleaner,26.3,0.007802244466866529,https://leetcode.com/problems/robot-room-cleaner,"Backtracking, Interactive"
MEDIUM,Bag of Tokens,26.3,0.005985302340442528,https://leetcode.com/problems/bag-of-tokens,"Array, Two Pointers, Greedy, Sorting"
MEDIUM,Tuple with Same Product,26.3,0.0070065499367315855,https://leetcode.com/problems/tuple-with-same-product,"Array, Hash Table, Counting"
MEDIUM,Count Submatrices With All Ones,26.3,0.007100133222236345,https://leetcode.com/problems/count-submatrices-with-all-ones,"Array, Dynamic Programming, Stack, Matrix, Monotonic Stack"
EASY,Make The String Great,26.3,0.00686631589250842,https://leetcode.com/problems/make-the-string-great,"String, Stack"
EASY,Convert 1D Array Into 2D Array,26.3,0.007241320605873142,https://leetcode.com/problems/convert-1d-array-into-2d-array,"Array, Matrix, Simulation"
MEDIUM,Check if Word Can Be Placed In Crossword,26.3,0.005084201672016892,https://leetcode.com/problems/check-if-word-can-be-placed-in-crossword,"Array, Matrix, Enumeration"
HARD,Maximum Score of a Node Sequence,26.3,0.00403933996284559,https://leetcode.com/problems/maximum-score-of-a-node-sequence,"Array, Graph Theory, Sorting, Enumeration"
EASY,First Letter to Appear Twice,26.3,0.007514036731502159,https://leetcode.com/problems/first-letter-to-appear-twice,"Hash Table, String, Bit Manipulation, Counting"
MEDIUM,Divide Array Into Arrays With Max Difference,26.3,0.00790788890120856,https://leetcode.com/problems/divide-array-into-arrays-with-max-difference,"Array, Greedy, Sorting"
HARD,Max Points on a Line,26.3,0.0031255370500333783,https://leetcode.com/problems/max-points-on-a-line,"Array, Hash Table, Math, Geometry, Euclidean Algorithm, Greatest Common Divisor"
EASY,Duplicate Emails,26.3,0.007419646720956766,https://leetcode.com/problems/duplicate-emails,Database
EASY,Reverse Bits,26.3,0.006912620267796699,https://leetcode.com/problems/reverse-bits,"Divide and Conquer, Bit Manipulation"
EASY,Delete Duplicate Emails,26.3,0.00665797964520309,https://leetcode.com/problems/delete-duplicate-emails,Database
MEDIUM,Longest Absolute File Path,26.3,0.004979223626685687,https://leetcode.com/problems/longest-absolute-file-path,"String, Stack, Depth-First Search"
MEDIUM,132 Pattern,26.3,0.0035032694454801504,https://leetcode.com/problems/132-pattern,"Array, Binary Search, Stack, Monotonic Stack, Ordered Set"
MEDIUM,Heaters,26.3,0.004245259231155341,https://leetcode.com/problems/heaters,"Array, Two Pointers, Binary Search, Sorting"
HARD,Design Search Autocomplete System,26.3,0.0050057343632813976,https://leetcode.com/problems/design-search-autocomplete-system,"String, Depth-First Search, Design, Trie, Sorting, Heap (Priority Queue), Data Stream"
MEDIUM,RLE Iterator,26.3,0.00595314006556534,https://leetcode.com/problems/rle-iterator,"Array, Design, Counting, Iterator"
MEDIUM,Maximum Sum Circular Subarray,26.3,0.005115689349996809,https://leetcode.com/problems/maximum-sum-circular-subarray,"Array, Divide and Conquer, Dynamic Programming, Queue, Monotonic Queue"
MEDIUM,Interval List Intersections,26.3,0.007314295421180019,https://leetcode.com/problems/interval-list-intersections,"Array, Two Pointers, Sweep Line"
EASY,User Activity for the Past 30 Days I,26.3,0.005139127221555735,https://leetcode.com/problems/user-activity-for-the-past-30-days-i,Database
EASY,Queries Quality and Percentage,26.3,0.00544200373384204,https://leetcode.com/problems/queries-quality-and-percentage,Database
MEDIUM,Count Number of Nice Subarrays,26.3,0.007563641154728967,https://leetcode.com/problems/count-number-of-nice-subarrays,"Array, Hash Table, Math, Sliding Window, Prefix Sum"
HARD,Minimum Cost to Cut a Stick,26.3,0.006340008958667511,https://leetcode.com/problems/minimum-cost-to-cut-a-stick,"Array, Dynamic Programming, Sorting"
MEDIUM,Find the Length of the Longest Common Prefix,26.3,0.006226152649412633,https://leetcode.com/problems/find-the-length-of-the-longest-common-prefix,"Array, Hash Table, String, Trie"
HARD,All O`one Data Structure,26.3,0.004446828603783362,https://leetcode.com/problems/all-oone-data-structure,"Hash Table, Linked List, Design, Doubly-Linked List"
EASY,Project Employees I,26.3,0.006719156219890948,https://leetcode.com/problems/project-employees-i,Database
EASY,Adjacent Increasing Subarrays Detection I,26.3,0.004799532029673573,https://leetcode.com/problems/adjacent-increasing-subarrays-detection-i,Array
EASY,Invalid Tweets,26.3,0.008521900011625026,https://leetcode.com/problems/invalid-tweets,Database
MEDIUM,Count Special Subsequences,26.3,0.002994702320887992,https://leetcode.com/problems/count-special-subsequences,"Array, Hash Table, Math, Enumeration"
MEDIUM,Maximum Number of Distinct Elements After Operations,26.3,0.005211416227408702,https://leetcode.com/problems/maximum-number-of-distinct-elements-after-operations,"Array, Greedy, Sorting"
EASY,Word Pattern,25.4,0.004451279324154498,https://leetcode.com/problems/word-pattern,"Hash Table, String"
HARD,Shortest Distance from All Buildings,25.4,0.004498036504592978,https://leetcode.com/problems/shortest-distance-from-all-buildings,"Array, Breadth-First Search, Matrix"
HARD,Create Maximum Number,25.4,0.0036487927819738963,https://leetcode.com/problems/create-maximum-number,"Array, Two Pointers, Stack, Greedy, Monotonic Stack"
MEDIUM,Kth Smallest Element in a Sorted Matrix,25.4,0.0064961521050248975,https://leetcode.com/problems/kth-smallest-element-in-a-sorted-matrix,"Array, Binary Search, Sorting, Heap (Priority Queue), Matrix"
EASY,Find Mode in Binary Search Tree,25.4,0.0059254776193958,https://leetcode.com/problems/find-mode-in-binary-search-tree,"Tree, Depth-First Search, Binary Search Tree, Binary Tree"
MEDIUM,Delete Operation for Two Strings,25.4,0.0066143362562978945,https://leetcode.com/problems/delete-operation-for-two-strings,"String, Dynamic Programming, Longest Common Subsequence"
EASY,Largest Number At Least Twice of Others,25.4,0.005300863346347684,https://leetcode.com/problems/largest-number-at-least-twice-of-others,"Array, Sorting"
MEDIUM,Longest Mountain in Array,25.4,0.004245321358987334,https://leetcode.com/problems/longest-mountain-in-array,"Array, Two Pointers, Dynamic Programming, Enumeration"
MEDIUM,Rank Teams by Votes,25.4,0.005999555461835259,https://leetcode.com/problems/rank-teams-by-votes,"Array, Hash Table, String, Sorting, Counting"
MEDIUM,Build an Array With Stack Operations,25.4,0.008086503890234237,https://leetcode.com/problems/build-an-array-with-stack-operations,"Array, Stack, Simulation"
MEDIUM,Find the Most Competitive Subsequence,25.4,0.005342716818399616,https://leetcode.com/problems/find-the-most-competitive-subsequence,"Array, Stack, Greedy, Monotonic Stack"
MEDIUM,Minimum Number of Flips to Make the Binary String Alternating,25.4,0.005369416196166641,https://leetcode.com/problems/minimum-number-of-flips-to-make-the-binary-string-alternating,"String, Dynamic Programming, Sliding Window"
MEDIUM,Stock Price Fluctuation ,25.4,0.004925273628977333,https://leetcode.com/problems/stock-price-fluctuation,"Hash Table, Design, Heap (Priority Queue), Data Stream, Ordered Set"
EASY,Find All K-Distant Indices in an Array,25.4,0.007721987820339618,https://leetcode.com/problems/find-all-k-distant-indices-in-an-array,"Array, Two Pointers"
HARD,Maximum Number of K-Divisible Components,25.4,0.0073901830868380565,https://leetcode.com/problems/maximum-number-of-k-divisible-components,"Tree, Depth-First Search"
MEDIUM,Convert Sorted List to Binary Search Tree,25.4,0.006719566823465599,https://leetcode.com/problems/convert-sorted-list-to-binary-search-tree,"Linked List, Divide and Conquer, Tree, Binary Search Tree, Binary Tree"
EASY,Path Sum,25.4,0.005551581280788177,https://leetcode.com/problems/path-sum,"Tree, Depth-First Search, Breadth-First Search, Binary Tree"
HARD,Distinct Subsequences,25.4,0.005239527371856532,https://leetcode.com/problems/distinct-subsequences,"String, Dynamic Programming"
MEDIUM,Number of Ways to Build Sturdy Brick Wall,25.4,0.0049533478365965675,https://leetcode.com/problems/number-of-ways-to-build-sturdy-brick-wall,"Array, Dynamic Programming, Bit Manipulation, Bitmask"
MEDIUM,Bulls and Cows,25.4,0.005288296429669015,https://leetcode.com/problems/bulls-and-cows,"Hash Table, String, Counting"
MEDIUM,Maximum Product of Word Lengths,25.4,0.0061478815190614865,https://leetcode.com/problems/maximum-product-of-word-lengths,"Array, String, Bit Manipulation"
EASY,Counting Bits,25.4,0.008077756255229405,https://leetcode.com/problems/counting-bits,"Dynamic Programming, Bit Manipulation"
HARD,Longest Increasing Subsequence II,25.4,0.0026487822743087347,https://leetcode.com/problems/longest-increasing-subsequence-ii,"Array, Divide and Conquer, Dynamic Programming, Binary Indexed Tree, Segment Tree, Queue, Monotonic Queue"
MEDIUM,Maximum Sum of Distinct Subarrays With Length K,25.4,0.004343599277957783,https://leetcode.com/problems/maximum-sum-of-distinct-subarrays-with-length-k,"Array, Hash Table, Sliding Window"
EASY,Relative Ranks,25.4,0.007508491614744873,https://leetcode.com/problems/relative-ranks,"Array, Sorting, Heap (Priority Queue)"
EASY,Toeplitz Matrix,25.4,0.006983907418094353,https://leetcode.com/problems/toeplitz-matrix,"Array, Matrix"
EASY,Search in a Binary Search Tree,25.4,0.008306605002312974,https://leetcode.com/problems/search-in-a-binary-search-tree,"Tree, Binary Search Tree, Binary Tree"
MEDIUM,Design Circular Queue,25.4,0.005521268409152651,https://leetcode.com/problems/design-circular-queue,"Array, Linked List, Design, Queue"
EASY,Sort Array By Parity,25.4,0.007662666545153677,https://leetcode.com/problems/sort-array-by-parity,"Array, Two Pointers, Sorting"
MEDIUM,Shortest Bridge,25.4,0.00597095395782115,https://leetcode.com/problems/shortest-bridge,"Array, Depth-First Search, Breadth-First Search, Matrix"
EASY,Defanging an IP Address,25.4,0.009013100057632584,https://leetcode.com/problems/defanging-an-ip-address,String
EASY,N-th Tribonacci Number,25.4,0.006307437852573694,https://leetcode.com/problems/n-th-tribonacci-number,"Math, Dynamic Programming, Memoization"
MEDIUM,Path with Maximum Probability,25.4,0.006572414354908237,https://leetcode.com/problems/path-with-maximum-probability,"Array, Graph Theory, Heap (Priority Queue), Shortest Path, Dijkstra's Algorithm"
EASY,Nim Game,25.4,0.006032970967254606,https://leetcode.com/problems/nim-game,"Math, Brainteaser, Minimax, Game Theory, Nim Game, Impartial Game"
MEDIUM,Find the Prefix Common Array of Two Arrays,25.4,0.0088291562015711,https://leetcode.com/problems/find-the-prefix-common-array-of-two-arrays,"Array, Hash Table, Bit Manipulation"
EASY,Special Array I,25.4,0.0081638532619134,https://leetcode.com/problems/special-array-i,Array
MEDIUM,Count Number of Bad Pairs,25.4,0.005412454935426459,https://leetcode.com/problems/count-number-of-bad-pairs,"Array, Hash Table, Math, Counting"
MEDIUM,Path With Maximum Minimum Value,25.4,0.005476939359608849,https://leetcode.com/problems/path-with-maximum-minimum-value,"Array, Binary Search, Depth-First Search, Breadth-First Search, Union-Find, Heap (Priority Queue), Matrix, Dijkstra's Algorithm"
EASY,Minimum Depth of Binary Tree,24.4,0.005358045117644223,https://leetcode.com/problems/minimum-depth-of-binary-tree,"Tree, Depth-First Search, Breadth-First Search, Binary Tree"
MEDIUM,Populating Next Right Pointers in Each Node,24.4,0.006763882575069541,https://leetcode.com/problems/populating-next-right-pointers-in-each-node,"Linked List, Tree, Depth-First Search, Breadth-First Search, Binary Tree"
HARD,Find Minimum in Rotated Sorted Array II,24.4,0.004688570040789392,https://leetcode.com/problems/find-minimum-in-rotated-sorted-array-ii,"Array, Binary Search"
MEDIUM,Sort Transformed Array,24.4,0.005828517672355866,https://leetcode.com/problems/sort-transformed-array,"Array, Math, Two Pointers, Sorting"
EASY,Binary Watch,24.4,0.006608524875042547,https://leetcode.com/problems/binary-watch,"Backtracking, Bit Manipulation"
MEDIUM,Insert into a Binary Search Tree,24.4,0.0073613868965598465,https://leetcode.com/problems/insert-into-a-binary-search-tree,"Tree, Binary Search Tree, Binary Tree"
MEDIUM,Magic Squares In Grid,24.4,0.0055225896677716275,https://leetcode.com/problems/magic-squares-in-grid,"Array, Hash Table, Math, Matrix"
MEDIUM,Construct Binary Tree from Preorder and Postorder Traversal,24.4,0.007806948766747606,https://leetcode.com/problems/construct-binary-tree-from-preorder-and-postorder-traversal,"Array, Hash Table, Divide and Conquer, Tree, Binary Tree"
EASY,X of a Kind in a Deck of Cards,24.4,0.0030472146789535383,https://leetcode.com/problems/x-of-a-kind-in-a-deck-of-cards,"Array, Hash Table, Math, Counting, Number Theory, Euclidean Algorithm, Greatest Common Divisor"
EASY,Unique Email Addresses,24.4,0.006796216417420244,https://leetcode.com/problems/unique-email-addresses,"Array, Hash Table, String"
MEDIUM,Knight Dialer,24.4,0.006210608296690475,https://leetcode.com/problems/knight-dialer,Dynamic Programming
MEDIUM,Matrix Block Sum,24.4,0.007686693160861321,https://leetcode.com/problems/matrix-block-sum,"Array, Matrix, Prefix Sum"
MEDIUM,Minimum Remove to Make Valid Parentheses,24.4,0.007157022820809079,https://leetcode.com/problems/minimum-remove-to-make-valid-parentheses,"String, Stack"
MEDIUM,Count Servers that Communicate,24.4,0.007357582936677044,https://leetcode.com/problems/count-servers-that-communicate,"Array, Depth-First Search, Breadth-First Search, Union-Find, Matrix, Counting"
MEDIUM,Maximum Side Length of a Square with Sum Less than or Equal to Threshold,24.4,0.0065460701280635,https://leetcode.com/problems/maximum-side-length-of-a-square-with-sum-less-than-or-equal-to-threshold,"Array, Binary Search, Matrix, Prefix Sum"
HARD,Parallel Courses II,24.4,0.0031335129310344828,https://leetcode.com/problems/parallel-courses-ii,"Dynamic Programming, Bit Manipulation, Graph Theory, Bitmask, Directed Acyclic Graph"
MEDIUM,Minimize Hamming Distance After Swap Operations,24.4,0.0069671608071531785,https://leetcode.com/problems/minimize-hamming-distance-after-swap-operations,"Array, Depth-First Search, Union-Find"
MEDIUM,Largest Submatrix With Rearrangements,24.4,0.008019162177085976,https://leetcode.com/problems/largest-submatrix-with-rearrangements,"Array, Greedy, Sorting, Matrix"
MEDIUM,Evaluate the Bracket Pairs of a String,24.4,0.006974063400576369,https://leetcode.com/problems/evaluate-the-bracket-pairs-of-a-string,"Array, Hash Table, String"
MEDIUM,Describe the Painting,24.4,0.005293034673212642,https://leetcode.com/problems/describe-the-painting,"Array, Hash Table, Sorting, Prefix Sum"
EASY,Find Target Indices After Sorting Array,24.4,0.007828358846260595,https://leetcode.com/problems/find-target-indices-after-sorting-array,"Array, Binary Search, Sorting"
HARD,Find All People With Secret,24.4,0.004837393081351576,https://leetcode.com/problems/find-all-people-with-secret,"Depth-First Search, Breadth-First Search, Union-Find, Graph Theory, Sorting"
EASY,Counting Words With a Given Prefix,24.4,0.008439975674032029,https://leetcode.com/problems/counting-words-with-a-given-prefix,"Array, String, String Matching"
MEDIUM,Words Within Two Edits of Dictionary,24.4,0.007328777524677297,https://leetcode.com/problems/words-within-two-edits-of-dictionary,"Array, String, Trie"
EASY,Merge Two 2D Arrays by Summing Values,24.4,0.008165816555479105,https://leetcode.com/problems/merge-two-2d-arrays-by-summing-values,"Array, Hash Table, Two Pointers"
MEDIUM,Find the Number of Ways to Place People I,24.4,0.006404018630432272,https://leetcode.com/problems/find-the-number-of-ways-to-place-people-i,"Array, Math, Geometry, Sorting, Enumeration"
MEDIUM,Maximum Number of Points with Cost,24.4,0.004160627910042993,https://leetcode.com/problems/maximum-number-of-points-with-cost,"Array, Dynamic Programming, Matrix"
MEDIUM,Restore IP Addresses,24.4,0.0056793954174424585,https://leetcode.com/problems/restore-ip-addresses,"String, Backtracking"
HARD,Dungeon Game,24.4,0.004200809393825798,https://leetcode.com/problems/dungeon-game,"Array, Dynamic Programming, Matrix"
MEDIUM,Design Add and Search Words Data Structure,24.4,0.004888521290747413,https://leetcode.com/problems/design-add-and-search-words-data-structure,"String, Depth-First Search, Design, Trie"
HARD,Palindrome Pairs,24.4,0.00374957717295181,https://leetcode.com/problems/palindrome-pairs,"Array, Hash Table, String, Trie, Hash Function"
MEDIUM,Continuous Subarray Sum,24.4,0.0031594465505080183,https://leetcode.com/problems/continuous-subarray-sum,"Array, Hash Table, Math, Prefix Sum, Pigeonhole Principle"
EASY,Buddy Strings,24.4,0.003417313986063894,https://leetcode.com/problems/buddy-strings,"Hash Table, String"
EASY,Valid Mountain Array,24.4,0.0035673313684241236,https://leetcode.com/problems/valid-mountain-array,Array
MEDIUM,Construct Binary Search Tree from Preorder Traversal,24.4,0.00845468677178529,https://leetcode.com/problems/construct-binary-search-tree-from-preorder-traversal,"Array, Stack, Tree, Binary Search Tree, Monotonic Stack, Binary Tree"
MEDIUM,Game Play Analysis IV,24.4,0.004211059615850688,https://leetcode.com/problems/game-play-analysis-iv,Database
MEDIUM,Immediate Food Delivery II,24.4,0.005673674211793541,https://leetcode.com/problems/immediate-food-delivery-ii,Database
MEDIUM,Time Needed to Inform All Employees,24.4,0.006057793233117019,https://leetcode.com/problems/time-needed-to-inform-all-employees,"Tree, Depth-First Search, Breadth-First Search"
MEDIUM,Exchange Seats,24.4,0.007465753009767547,https://leetcode.com/problems/exchange-seats,Database
MEDIUM,Number of Ways to Arrive at Destination,24.4,0.003771502673296424,https://leetcode.com/problems/number-of-ways-to-arrive-at-destination,"Dynamic Programming, Graph Theory, Topological Sort, Shortest Path, Dijkstra's Algorithm"
EASY,Lemonade Change,24.4,0.005939441164607092,https://leetcode.com/problems/lemonade-change,"Array, Greedy"
HARD,Maximum Frequency of an Element After Performing Operations II,24.4,0.0053618487894086945,https://leetcode.com/problems/maximum-frequency-of-an-element-after-performing-operations-ii,"Array, Binary Search, Sliding Window, Sorting, Prefix Sum"
EASY,Percentage of Users Attended a Contest,24.4,0.00609598010093431,https://leetcode.com/problems/percentage-of-users-attended-a-contest,Database
EASY,Find N Unique Integers Sum up to Zero,24.4,0.007844300645937071,https://leetcode.com/problems/find-n-unique-integers-sum-up-to-zero,"Array, Math"
HARD,Count Non-Decreasing Subarrays After K Operations,24.4,0.002494628276751182,https://leetcode.com/problems/count-non-decreasing-subarrays-after-k-operations,"Array, Stack, Segment Tree, Queue, Sliding Window, Monotonic Stack, Monotonic Queue"
EASY,Maximum Product of Two Elements in an Array,24.4,0.008495612950535912,https://leetcode.com/problems/maximum-product-of-two-elements-in-an-array,"Array, Sorting, Heap (Priority Queue)"
MEDIUM,The k-th Lexicographical String of All Happy Strings of Length n,24.4,0.008707962253204714,https://leetcode.com/problems/the-k-th-lexicographical-string-of-all-happy-strings-of-length-n,"String, Backtracking"
EASY,Minimum Pair Removal to Sort Array I,24.4,0.006525191872634628,https://leetcode.com/problems/minimum-pair-removal-to-sort-array-i,"Array, Hash Table, Linked List, Heap (Priority Queue), Simulation, Doubly-Linked List, Ordered Set"
MEDIUM,Fill a Special Grid,24.4,0.007097087693154945,https://leetcode.com/problems/fill-a-special-grid,"Array, Divide and Conquer, Matrix"
MEDIUM,Game of Life,23.3,0.0072942863994359675,https://leetcode.com/problems/game-of-life,"Array, Matrix, Simulation"
MEDIUM,Bulb Switcher,23.3,0.005632887322715141,https://leetcode.com/problems/bulb-switcher,"Math, Brainteaser"
HARD,Count of Range Sum,23.3,0.00396135774266334,https://leetcode.com/problems/count-of-range-sum,"Array, Binary Search, Divide and Conquer, Binary Indexed Tree, Segment Tree, Merge Sort, Ordered Set, Treap"
EASY,Guess Number Higher or Lower,23.3,0.005813604506936386,https://leetcode.com/problems/guess-number-higher-or-lower,"Binary Search, Interactive"
HARD,Cracking the Safe,23.3,0.005867173339269247,https://leetcode.com/problems/cracking-the-safe,"String, Depth-First Search, Graph Theory, Eulerian Circuit, Eulerian Path, Eulerian Graph"
MEDIUM,Pyramid Transition Matrix,23.3,0.00606010025860791,https://leetcode.com/problems/pyramid-transition-matrix,"Hash Table, String, Backtracking, Bit Manipulation"
MEDIUM,Push Dominoes,23.3,0.006306387639520351,https://leetcode.com/problems/push-dominoes,"Two Pointers, String, Dynamic Programming"
MEDIUM,Maximize Distance to Closest Person,23.3,0.004997681957791178,https://leetcode.com/problems/maximize-distance-to-closest-person,Array
MEDIUM,Word Subsets,23.3,0.005598963228444801,https://leetcode.com/problems/word-subsets,"Array, Hash Table, String"
MEDIUM,Flip String to Monotone Increasing,23.3,0.00619362235315883,https://leetcode.com/problems/flip-string-to-monotone-increasing,"String, Dynamic Programming"
EASY,Delete Columns to Make Sorted,23.3,0.007816383905085423,https://leetcode.com/problems/delete-columns-to-make-sorted,"Array, String, Longest Increasing Subsequence"
MEDIUM,Flip Equivalent Binary Trees,23.3,0.006949717784513473,https://leetcode.com/problems/flip-equivalent-binary-trees,"Tree, Depth-First Search, Binary Tree"
MEDIUM,Longest String Chain,23.3,0.006339625465577489,https://leetcode.com/problems/longest-string-chain,"Array, Hash Table, Two Pointers, String, Dynamic Programming, Sorting"
MEDIUM,Minimum Knight Moves,23.3,0.0042057051162411535,https://leetcode.com/problems/minimum-knight-moves,"Breadth-First Search, Heuristic Search, Bidirectional Search, A* Search"
HARD,Tiling a Rectangle with the Fewest Squares,23.3,0.005528043482495958,https://leetcode.com/problems/tiling-a-rectangle-with-the-fewest-squares,Backtracking
MEDIUM,Sort Integers by The Power Value,23.3,0.007173463839042958,https://leetcode.com/problems/sort-integers-by-the-power-value,"Dynamic Programming, Memoization, Sorting"
MEDIUM,Check If a String Contains All Binary Codes of Size K,23.3,0.0061637932999867775,https://leetcode.com/problems/check-if-a-string-contains-all-binary-codes-of-size-k,"Hash Table, String, Bit Manipulation, Rolling Hash, Hash Function, Directed Acyclic Graph"
HARD,The Earliest and Latest Rounds Where Players Compete,23.3,0.007205348527317006,https://leetcode.com/problems/the-earliest-and-latest-rounds-where-players-compete,"Dynamic Programming, Memoization"
HARD,Last Day Where You Can Still Cross,23.3,0.006875345099081781,https://leetcode.com/problems/last-day-where-you-can-still-cross,"Array, Binary Search, Depth-First Search, Breadth-First Search, Union-Find, Matrix"
MEDIUM,Count the Number of Fair Pairs,23.3,0.005258401012368579,https://leetcode.com/problems/count-the-number-of-fair-pairs,"Array, Two Pointers, Binary Search, Sorting"
MEDIUM,Confirmation Rate,23.3,0.006254278253453735,https://leetcode.com/problems/confirmation-rate,Database
EASY,Find if Path Exists in Graph,23.3,0.005570835299032538,https://leetcode.com/problems/find-if-path-exists-in-graph,"Depth-First Search, Breadth-First Search, Union-Find, Graph Theory"
MEDIUM,Unique Binary Search Trees II,23.3,0.006312665814254715,https://leetcode.com/problems/unique-binary-search-trees-ii,"Dynamic Programming, Backtracking, Tree, Binary Search Tree, Binary Tree"
MEDIUM,Unique Binary Search Trees,23.3,0.006408384209483035,https://leetcode.com/problems/unique-binary-search-trees,"Math, Dynamic Programming, Tree, Binary Search Tree, Binary Tree"
MEDIUM,Construct Binary Tree from Inorder and Postorder Traversal,23.3,0.006939173685439881,https://leetcode.com/problems/construct-binary-tree-from-inorder-and-postorder-traversal,"Array, Hash Table, Divide and Conquer, Tree, Binary Tree"
HARD,Number of Flowers in Full Bloom,23.3,0.005810274651104301,https://leetcode.com/problems/number-of-flowers-in-full-bloom,"Array, Hash Table, Binary Search, Sorting, Prefix Sum, Ordered Set"
MEDIUM,Range Sum Query 2D - Mutable,23.3,0.00457360133283173,https://leetcode.com/problems/range-sum-query-2d-mutable,"Array, Design, Binary Indexed Tree, Segment Tree, Matrix, Sqrt Decomposition"
HARD,Minimum Obstacle Removal to Reach Corner,23.3,0.007101042083948395,https://leetcode.com/problems/minimum-obstacle-removal-to-reach-corner,"Array, Breadth-First Search, Graph Theory, Heap (Priority Queue), Matrix, Shortest Path, 0-1 BFS, Dijkstra's Algorithm"
MEDIUM,Hand of Straights,23.3,0.005832089461823645,https://leetcode.com/problems/hand-of-straights,"Array, Hash Table, Greedy, Sorting"
MEDIUM,Smallest String Starting From Leaf,23.3,0.006137958216240001,https://leetcode.com/problems/smallest-string-starting-from-leaf,"String, Backtracking, Tree, Depth-First Search, Binary Tree"
HARD,Minimum Cost to Merge Stones,23.3,0.004673503895861126,https://leetcode.com/problems/minimum-cost-to-merge-stones,"Array, Dynamic Programming, Prefix Sum"
EASY,Last Stone Weight,23.3,0.006673538302498124,https://leetcode.com/problems/last-stone-weight,"Array, Heap (Priority Queue)"
EASY,Clear Digits,23.3,0.008269975759497972,https://leetcode.com/problems/clear-digits,"String, Stack, Simulation"
MEDIUM,Find the Maximum Length of Valid Subsequence I,23.3,0.0054904631110227,https://leetcode.com/problems/find-the-maximum-length-of-valid-subsequence-i,"Array, Dynamic Programming"
HARD,Cherry Pickup II,23.3,0.007259671612355816,https://leetcode.com/problems/cherry-pickup-ii,"Array, Dynamic Programming, Matrix"
EASY,Special Positions in a Binary Matrix,23.3,0.007273245495030157,https://leetcode.com/problems/special-positions-in-a-binary-matrix,"Array, Matrix"
MEDIUM,Furthest Building You Can Reach,23.3,0.0051097251012649884,https://leetcode.com/problems/furthest-building-you-can-reach,"Array, Greedy, Heap (Priority Queue)"
MEDIUM,Remove All Occurrences of a Substring,23.3,0.007865711721173793,https://leetcode.com/problems/remove-all-occurrences-of-a-substring,"String, Stack, Simulation"
MEDIUM,Find the Maximum Number of Elements in Subset,23.3,0.004225061014489567,https://leetcode.com/problems/find-the-maximum-number-of-elements-in-subset,"Array, Hash Table, Enumeration"
HARD,Smallest Range Covering Elements from K Lists,23.3,0.007032804009378925,https://leetcode.com/problems/smallest-range-covering-elements-from-k-lists,"Array, Hash Table, Greedy, Sliding Window, Sorting, Heap (Priority Queue)"
HARD,Check if DFS Strings Are Palindromes,23.3,0.0020845604893520615,https://leetcode.com/problems/check-if-dfs-strings-are-palindromes,"Array, Hash Table, String, Tree, Depth-First Search, Hash Function"
MEDIUM,Adjacent Increasing Subarrays Detection II,23.3,0.005889767288651204,https://leetcode.com/problems/adjacent-increasing-subarrays-detection-ii,"Array, Binary Search"
MEDIUM,Maximum Matrix Sum,23.3,0.006750693658860543,https://leetcode.com/problems/maximum-matrix-sum,"Array, Greedy, Matrix"
MEDIUM,Two Best Non-Overlapping Events,23.3,0.006394904324073161,https://leetcode.com/problems/two-best-non-overlapping-events,"Array, Binary Search, Dynamic Programming, Sorting, Heap (Priority Queue)"
MEDIUM,Design Twitter,23.3,0.004537913883895734,https://leetcode.com/problems/design-twitter,"Hash Table, Linked List, Design, Heap (Priority Queue)"
MEDIUM,House Robber IV,23.3,0.0064572015593247715,https://leetcode.com/problems/house-robber-iv,"Array, Binary Search, Dynamic Programming, Greedy"
MEDIUM,Reschedule Meetings for Maximum Free Time II,23.3,0.006007367106293795,https://leetcode.com/problems/reschedule-meetings-for-maximum-free-time-ii,"Array, Greedy, Enumeration"
MEDIUM,Check if Number is a Sum of Powers of Three,23.3,0.007939983603656312,https://leetcode.com/problems/check-if-number-is-a-sum-of-powers-of-three,Math
HARD,Palindrome Partitioning II,23.3,0.003774279700434258,https://leetcode.com/problems/palindrome-partitioning-ii,"String, Dynamic Programming"
EASY,Find Missing Elements,23.3,0.008856731643773092,https://leetcode.com/problems/find-missing-elements,"Array, Hash Table, Sorting"
MEDIUM,Factorial Trailing Zeroes,22.1,0.004722448315155461,https://leetcode.com/problems/factorial-trailing-zeroes,Math
MEDIUM,Wiggle Sort,22.1,0.006850289254783829,https://leetcode.com/problems/wiggle-sort,"Array, Greedy, Sorting"
MEDIUM,Number of Connected Components in an Undirected Graph,22.1,0.006510126751072976,https://leetcode.com/problems/number-of-connected-components-in-an-undirected-graph,"Depth-First Search, Breadth-First Search, Union-Find, Graph Theory"
HARD,Max Sum of Rectangle No Larger Than K,22.1,0.004590309790342031,https://leetcode.com/problems/max-sum-of-rectangle-no-larger-than-k,"Array, Binary Search, Matrix, Prefix Sum, Ordered Set"
MEDIUM,UTF-8 Validation,22.1,0.004654122426010434,https://leetcode.com/problems/utf-8-validation,"Array, Bit Manipulation"
MEDIUM,Integer Replacement,22.1,0.003789100184412647,https://leetcode.com/problems/integer-replacement,"Dynamic Programming, Greedy, Bit Manipulation, Memoization"
MEDIUM,The Maze,22.1,0.006051052807248266,https://leetcode.com/problems/the-maze,"Array, Depth-First Search, Breadth-First Search, Matrix"
MEDIUM,Longest Word in Dictionary through Deleting,22.1,0.005295072164311723,https://leetcode.com/problems/longest-word-in-dictionary-through-deleting,"Array, Two Pointers, String, Sorting"
EASY,Student Attendance Record I,22.1,0.0050429352068696335,https://leetcode.com/problems/student-attendance-record-i,String
MEDIUM,Implement Magic Dictionary,22.1,0.005810329263077873,https://leetcode.com/problems/implement-magic-dictionary,"Hash Table, String, Depth-First Search, Design, Trie"
MEDIUM,Escape The Ghosts,22.1,0.0064097853565091775,https://leetcode.com/problems/escape-the-ghosts,"Array, Math"
MEDIUM,Insert into a Sorted Circular Linked List,22.1,0.0038583034184292487,https://leetcode.com/problems/insert-into-a-sorted-circular-linked-list,Linked List
HARD,Similar String Groups,22.1,0.005653306451302611,https://leetcode.com/problems/similar-string-groups,"Array, Hash Table, String, Depth-First Search, Breadth-First Search, Union-Find"
MEDIUM,Online Election,22.1,0.00530768928426376,https://leetcode.com/problems/online-election,"Array, Hash Table, Binary Search, Design"
HARD,Cat and Mouse,22.1,0.0035919742166864565,https://leetcode.com/problems/cat-and-mouse,"Math, Dynamic Programming, Graph Theory, Topological Sort, Memoization, Minimax, Game Theory, Zero-Sum Game"
MEDIUM,Beautiful Array,22.1,0.00703475212397486,https://leetcode.com/problems/beautiful-array,"Array, Math, Divide and Conquer"
HARD,Largest Component Size by Common Factor,22.1,0.004372238394361881,https://leetcode.com/problems/largest-component-size-by-common-factor,"Array, Hash Table, Math, Union-Find, Number Theory, Prime Factorization"
MEDIUM,Delete Columns to Make Sorted II,22.1,0.004972490318656072,https://leetcode.com/problems/delete-columns-to-make-sorted-ii,"Array, String, Greedy"
HARD,Stream of Characters,22.1,0.005275907294036954,https://leetcode.com/problems/stream-of-characters,"Array, String, Design, Trie, Data Stream, Aho–Corasick Algorithm"
MEDIUM,Filling Bookcase Shelves,22.1,0.006864969469075265,https://leetcode.com/problems/filling-bookcase-shelves,"Array, Dynamic Programming"
MEDIUM,Remove Interval,22.1,0.006734448640719124,https://leetcode.com/problems/remove-interval,Array
EASY,Print in Order,22.1,0.007331487223227562,https://leetcode.com/problems/print-in-order,Concurrency
HARD,Rank Transform of a Matrix,22.1,0.004253785791926623,https://leetcode.com/problems/rank-transform-of-a-matrix,"Array, Union-Find, Graph Theory, Topological Sort, Sorting, Matrix"
HARD,Minimum Distance to Type a Word Using Two Fingers,22.1,0.007230577937633034,https://leetcode.com/problems/minimum-distance-to-type-a-word-using-two-fingers,"String, Dynamic Programming"
HARD,Jump Game IV,22.1,0.005107222178072051,https://leetcode.com/problems/jump-game-iv,"Array, Hash Table, Breadth-First Search"
HARD,Number of Ways of Cutting a Pizza,22.1,0.006161190543824763,https://leetcode.com/problems/number-of-ways-of-cutting-a-pizza,"Array, Dynamic Programming, Memoization, Matrix, Prefix Sum"
MEDIUM,Number of Good Ways to Split a String,22.1,0.006852463610349158,https://leetcode.com/problems/number-of-good-ways-to-split-a-string,"Hash Table, String, Dynamic Programming, Bit Manipulation, Prefix Sum"
MEDIUM,Minimum Number of Vertices to Reach All Nodes,22.1,0.00817438646396608,https://leetcode.com/problems/minimum-number-of-vertices-to-reach-all-nodes,"Graph Theory, Directed Acyclic Graph"
MEDIUM,Split a String Into the Max Number of Unique Substrings,22.1,0.00687469291899372,https://leetcode.com/problems/split-a-string-into-the-max-number-of-unique-substrings,"Hash Table, String, Backtracking"
EASY,Special Array With X Elements Greater Than or Equal X,22.1,0.006691737920340902,https://leetcode.com/problems/special-array-with-x-elements-greater-than-or-equal-x,"Array, Binary Search, Sorting"
MEDIUM,Arithmetic Subarrays,22.1,0.008372521779096247,https://leetcode.com/problems/arithmetic-subarrays,"Array, Hash Table, Sorting"
HARD,Checking Existence of Edge Length Limited Paths,22.1,0.006359254403690524,https://leetcode.com/problems/checking-existence-of-edge-length-limited-paths,"Array, Two Pointers, Union-Find, Graph Theory, Sorting"
HARD,Maximum XOR With an Element From Array,22.1,0.005924148518792289,https://leetcode.com/problems/maximum-xor-with-an-element-from-array,"Array, Bit Manipulation, Trie"
MEDIUM,Sentence Similarity III,22.1,0.00483951194091538,https://leetcode.com/problems/sentence-similarity-iii,"Array, Two Pointers, String"
MEDIUM,Jump Game VII,22.1,0.003564422214524005,https://leetcode.com/problems/jump-game-vii,"String, Dynamic Programming, Sliding Window, Prefix Sum"
EASY,Final Value of Variable After Performing Operations,22.1,0.009060135830200364,https://leetcode.com/problems/final-value-of-variable-after-performing-operations,"Array, String, Simulation"
MEDIUM,Number of Zero-Filled Subarrays,22.1,0.007005534711689417,https://leetcode.com/problems/number-of-zero-filled-subarrays,"Array, Math"
HARD,Number of Good Paths,22.1,0.005654773304467297,https://leetcode.com/problems/number-of-good-paths,"Array, Hash Table, Tree, Union-Find, Graph Theory, Sorting"
MEDIUM,Frog Jump II,22.1,0.006258511169795161,https://leetcode.com/problems/frog-jump-ii,"Array, Binary Search, Greedy"
MEDIUM,Check if There is a Path With Equal Number of 0's And 1's,22.1,0.005202042488810439,https://leetcode.com/problems/check-if-there-is-a-path-with-equal-number-of-0s-and-1s,"Array, Dynamic Programming, Matrix"
MEDIUM,Find the Punishment Number of an Integer,22.1,0.008160802790836186,https://leetcode.com/problems/find-the-punishment-number-of-an-integer,"Math, Backtracking"
MEDIUM,Repeated DNA Sequences,22.1,0.0053823211304013015,https://leetcode.com/problems/repeated-dna-sequences,"Hash Table, String, Bit Manipulation, Sliding Window, Rolling Hash, Hash Function, Z Algorithm, Boyer–Moore String-Search Algorithm"
MEDIUM,Longest Substring with At Least K Repeating Characters,22.1,0.004656568185611751,https://leetcode.com/problems/longest-substring-with-at-least-k-repeating-characters,"Hash Table, String, Divide and Conquer, Sliding Window"
EASY,Not Boring Movies,22.1,0.00751754717553115,https://leetcode.com/problems/not-boring-movies,Database
HARD,Number of Atoms,22.1,0.006524292368185456,https://leetcode.com/problems/number-of-atoms,"Hash Table, String, Stack, Sorting"
HARD,Employee Free Time,22.1,0.007297685168666722,https://leetcode.com/problems/employee-free-time,"Array, Sweep Line, Sorting, Heap (Priority Queue)"
HARD,Shortest Path to Get All Keys,22.1,0.005493674337441379,https://leetcode.com/problems/shortest-path-to-get-all-keys,"Array, Bit Manipulation, Breadth-First Search, Matrix"
HARD,Critical Connections in a Network,22.1,0.006037226010522467,https://leetcode.com/problems/critical-connections-in-a-network,"Depth-First Search, Graph Theory, Biconnected Component, Bridge (Graph)"
MEDIUM,Path with Maximum Gold,22.1,0.00685668617351063,https://leetcode.com/problems/path-with-maximum-gold,"Array, Backtracking, Matrix"
MEDIUM,Search Suggestions System,22.1,0.006523515132638292,https://leetcode.com/problems/search-suggestions-system,"Array, String, Binary Search, Trie, Sorting, Heap (Priority Queue)"
MEDIUM,Convert Object to JSON String,22.1,0.007794464236777199,https://leetcode.com/problems/convert-object-to-json-string,
MEDIUM,Corporate Flight Bookings,22.1,0.00685207593693992,https://leetcode.com/problems/corporate-flight-bookings,"Array, Prefix Sum"
EASY,Largest Odd Number in String,22.1,0.006797933607989474,https://leetcode.com/problems/largest-odd-number-in-string,"Math, String, Greedy"
EASY,Finding 3-Digit Even Numbers,22.1,0.007862036050343758,https://leetcode.com/problems/finding-3-digit-even-numbers,"Array, Hash Table, Recursion, Sorting, Enumeration"
MEDIUM,Design Task Manager,22.1,0.0048733342067829605,https://leetcode.com/problems/design-task-manager,"Hash Table, Design, Heap (Priority Queue), Ordered Set"
EASY,Self Dividing Numbers,22.1,0.008113448431193679,https://leetcode.com/problems/self-dividing-numbers,Math
MEDIUM,Longest Palindromic Subsequence After at Most K Operations,22.1,0.0037624436513899327,https://leetcode.com/problems/longest-palindromic-subsequence-after-at-most-k-operations,"String, Dynamic Programming"
EASY,Find the K-th Character in String Game I,22.1,0.008156667401037328,https://leetcode.com/problems/find-the-k-th-character-in-string-game-i,"Math, Bit Manipulation, Recursion, Simulation"
MEDIUM,Solving Questions With Brainpower,22.1,0.006020150443245811,https://leetcode.com/problems/solving-questions-with-brainpower,"Array, Dynamic Programming"
MEDIUM,Maximum Erasure Value,22.1,0.006439824082117395,https://leetcode.com/problems/maximum-erasure-value,"Array, Hash Table, Sliding Window"
EASY,Fruits Into Baskets II,22.1,0.007037840802521592,https://leetcode.com/problems/fruits-into-baskets-ii,"Array, Binary Search, Segment Tree, Simulation, Ordered Set"
EASY,Divide an Array Into Subarrays With Minimum Cost I,22.1,0.008061686807865594,https://leetcode.com/problems/divide-an-array-into-subarrays-with-minimum-cost-i,"Array, Sorting, Enumeration"
HARD,Longest Balanced Subarray II,22.1,0.003380345768880801,https://leetcode.com/problems/longest-balanced-subarray-ii,"Array, Hash Table, Divide and Conquer, Segment Tree, Prefix Sum"
HARD,N-Queens II,20.9,0.0079193746239949,https://leetcode.com/problems/n-queens-ii,"Backtracking, Algorithm X"
HARD,Scramble String,20.9,0.0045364392300115035,https://leetcode.com/problems/scramble-string,"String, Dynamic Programming"
EASY,Binary Tree Postorder Traversal,20.9,0.007882980691009539,https://leetcode.com/problems/binary-tree-postorder-traversal,"Stack, Tree, Depth-First Search, Binary Tree"
MEDIUM,3Sum Smaller,20.9,0.005138337968330907,https://leetcode.com/problems/3sum-smaller,"Array, Two Pointers, Binary Search, Sorting"
MEDIUM,Paint Fence,20.9,0.0048497922245821405,https://leetcode.com/problems/paint-fence,Dynamic Programming
MEDIUM,Verify Preorder Serialization of a Binary Tree,20.9,0.004771684725812662,https://leetcode.com/problems/verify-preorder-serialization-of-a-binary-tree,"String, Stack, Tree, Binary Tree"
HARD,Perfect Rectangle,20.9,0.003888214285714286,https://leetcode.com/problems/perfect-rectangle,"Array, Hash Table, Math, Geometry, Sweep Line"
MEDIUM,Sentence Screen Fitting,20.9,0.003640707005722412,https://leetcode.com/problems/sentence-screen-fitting,"Array, String, Dynamic Programming"
MEDIUM,Magical String,20.9,0.00561118234978492,https://leetcode.com/problems/magical-string,"Two Pointers, String"
HARD,Freedom Trail,20.9,0.005948143081168363,https://leetcode.com/problems/freedom-trail,"String, Dynamic Programming, Depth-First Search, Breadth-First Search"
MEDIUM,Encode and Decode TinyURL,20.9,0.008660179620316994,https://leetcode.com/problems/encode-and-decode-tinyurl,"Hash Table, String, Design, Hash Function"
EASY,Subtree of Another Tree,20.9,0.005204668931959788,https://leetcode.com/problems/subtree-of-another-tree,"Tree, Depth-First Search, String Matching, Binary Tree, Hash Function"
MEDIUM,Non-decreasing Array,20.9,0.0025562762206484957,https://leetcode.com/problems/non-decreasing-array,Array
MEDIUM,Sentence Similarity II,20.9,0.0051401384083044985,https://leetcode.com/problems/sentence-similarity-ii,"Array, Hash Table, String, Depth-First Search, Breadth-First Search, Union-Find"
HARD,Max Chunks To Make Sorted II,20.9,0.00550601872492198,https://leetcode.com/problems/max-chunks-to-make-sorted-ii,"Array, Stack, Greedy, Sorting, Monotonic Stack"
HARD,Basic Calculator III,20.9,0.005349668972398636,https://leetcode.com/problems/basic-calculator-iii,"Math, String, Stack, Recursion"
HARD,Minimize Max Distance to Gas Station,20.9,0.005403121765881735,https://leetcode.com/problems/minimize-max-distance-to-gas-station,"Array, Binary Search"
MEDIUM,Image Overlap,20.9,0.006416213249331806,https://leetcode.com/problems/image-overlap,"Array, Matrix"
MEDIUM,Exam Room,20.9,0.00437427773227569,https://leetcode.com/problems/exam-room,"Design, Heap (Priority Queue), Ordered Set"
MEDIUM,All Possible Full Binary Trees,20.9,0.008277571673303608,https://leetcode.com/problems/all-possible-full-binary-trees,"Dynamic Programming, Tree, Recursion, Memoization, Binary Tree"
EASY,DI String Match,20.9,0.008126414896328392,https://leetcode.com/problems/di-string-match,"Array, Two Pointers, String, Greedy"
MEDIUM,Most Stones Removed with Same Row or Column,20.9,0.006338935842550087,https://leetcode.com/problems/most-stones-removed-with-same-row-or-column,"Hash Table, Depth-First Search, Union-Find, Graph Theory, Bipartite Graph"
MEDIUM,Minimum Cost For Tickets,20.9,0.006747677199840635,https://leetcode.com/problems/minimum-cost-for-tickets,"Array, Dynamic Programming"
MEDIUM,Campus Bikes,20.9,0.005908594591360537,https://leetcode.com/problems/campus-bikes,"Array, Sorting, Heap (Priority Queue)"
MEDIUM,Video Stitching,20.9,0.0052900657409998796,https://leetcode.com/problems/video-stitching,"Array, Dynamic Programming, Greedy"
EASY,Divisor Game,20.9,0.0072438001198595935,https://leetcode.com/problems/divisor-game,"Math, Dynamic Programming, Brainteaser, Game Theory, Impartial Game"
MEDIUM,Letter Tile Possibilities,20.9,0.008352934436299865,https://leetcode.com/problems/letter-tile-possibilities,"Hash Table, String, Backtracking, Counting"
EASY,Decompress Run-Length Encoded List,20.9,0.008626934311789331,https://leetcode.com/problems/decompress-run-length-encoded-list,Array
MEDIUM,Watering Plants,20.9,0.008004389385263252,https://leetcode.com/problems/watering-plants,"Array, Simulation"
EASY,Count Negative Numbers in a Sorted Matrix,20.9,0.007972194710815077,https://leetcode.com/problems/count-negative-numbers-in-a-sorted-matrix,"Array, Binary Search, Matrix"
MEDIUM,Min Cost to Connect All Points,20.9,0.007156196620140975,https://leetcode.com/problems/min-cost-to-connect-all-points,"Array, Union-Find, Graph Theory, Minimum Spanning Tree, Prim's Algorithm, Kruskal's Algorithm, Borůvka's Algorithm"
HARD,Cat and Mouse II,20.9,0.004032555528826878,https://leetcode.com/problems/cat-and-mouse-ii,"Array, Math, Dynamic Programming, Graph Theory, Topological Sort, Memoization, Minimax, Matrix, Game Theory, Zero-Sum Game"
EASY,Latest Time by Replacing Hidden Digits,20.9,0.004400252304026352,https://leetcode.com/problems/latest-time-by-replacing-hidden-digits,"String, Greedy"
MEDIUM,Number of Restricted Paths From First to Last Node,20.9,0.0041725498106187945,https://leetcode.com/problems/number-of-restricted-paths-from-first-to-last-node,"Dynamic Programming, Graph Theory, Topological Sort, Heap (Priority Queue), Shortest Path, Dijkstra's Algorithm"
HARD,Maximum Score of a Good Subarray,20.9,0.006420593656295563,https://leetcode.com/problems/maximum-score-of-a-good-subarray,"Array, Two Pointers, Binary Search, Stack, Monotonic Stack, Cartesian Tree"
HARD,Largest Color Value in a Directed Graph,20.9,0.005718224356286481,https://leetcode.com/problems/largest-color-value-in-a-directed-graph,"Hash Table, String, Dynamic Programming, Graph Theory, Topological Sort, Memoization, Counting, Directed Acyclic Graph"
MEDIUM,Eliminate Maximum Number of Monsters,20.9,0.0051243724650424025,https://leetcode.com/problems/eliminate-maximum-number-of-monsters,"Array, Greedy, Sorting"
MEDIUM,The Number of Weak Characters in the Game,20.9,0.004465125913650756,https://leetcode.com/problems/the-number-of-weak-characters-in-the-game,"Array, Stack, Greedy, Sorting, Monotonic Stack"
HARD,Parallel Courses III,20.9,0.006681151694317452,https://leetcode.com/problems/parallel-courses-iii,"Array, Dynamic Programming, Graph Theory, Topological Sort, Directed Acyclic Graph"
EASY,Maximum Number of Words Found in Sentences,20.9,0.008672725869856387,https://leetcode.com/problems/maximum-number-of-words-found-in-sentences,"Array, String"
MEDIUM,Destroying Asteroids,20.9,0.005983410747683242,https://leetcode.com/problems/destroying-asteroids,"Array, Greedy, Sorting"
MEDIUM,Find All Lonely Numbers in the Array,20.9,0.006380690917410203,https://leetcode.com/problems/find-all-lonely-numbers-in-the-array,"Array, Hash Table, Counting"
HARD,Build a Matrix With Conditions,20.9,0.00793561403254133,https://leetcode.com/problems/build-a-matrix-with-conditions,"Array, Graph Theory, Topological Sort, Matrix, Directed Acyclic Graph"
HARD,Paths in Matrix Whose Sum Is Divisible by K,20.9,0.005871016741705644,https://leetcode.com/problems/paths-in-matrix-whose-sum-is-divisible-by-k,"Array, Dynamic Programming, Matrix"
MEDIUM,Closest Nodes Queries in a Binary Search Tree,20.9,0.004486025682529406,https://leetcode.com/problems/closest-nodes-queries-in-a-binary-search-tree,"Array, Binary Search, Tree, Depth-First Search, Binary Search Tree, Binary Tree"
MEDIUM,Disconnect Path in a Binary Matrix by at Most One Flip,20.9,0.002813549194787458,https://leetcode.com/problems/disconnect-path-in-a-binary-matrix-by-at-most-one-flip,"Array, Dynamic Programming, Depth-First Search, Breadth-First Search, Matrix"
EASY,Sleep,20.9,0.008731601088839396,https://leetcode.com/problems/sleep,
MEDIUM,Find the Largest Area of Square Inside Two Rectangles,20.9,0.006676540515258993,https://leetcode.com/problems/find-the-largest-area-of-square-inside-two-rectangles,"Array, Math, Geometry"
MEDIUM,Find the Maximum Length of Valid Subsequence II,20.9,0.005704318697347332,https://leetcode.com/problems/find-the-maximum-length-of-valid-subsequence-ii,"Array, Dynamic Programming"
EASY,Employees Whose Manager Left the Company,20.9,0.004886657510629283,https://leetcode.com/problems/employees-whose-manager-left-the-company,Database
EASY,Valid Phone Numbers,20.9,0.0030570971138576264,https://leetcode.com/problems/valid-phone-numbers,Shell
MEDIUM,Different Ways to Add Parentheses,20.9,0.007353062481284993,https://leetcode.com/problems/different-ways-to-add-parentheses,"Math, String, Dynamic Programming, Recursion, Memoization, Bracket Sequences"
MEDIUM,Binary Tree Longest Consecutive Sequence,20.9,0.005483578077881211,https://leetcode.com/problems/binary-tree-longest-consecutive-sequence,"Tree, Depth-First Search, Binary Tree, DP on Trees"
HARD,Smallest Rectangle Enclosing Black Pixels,20.9,0.006097360171414699,https://leetcode.com/problems/smallest-rectangle-enclosing-black-pixels,"Array, Binary Search, Depth-First Search, Breadth-First Search, Matrix"
HARD,Patching Array,20.9,0.005458058316117783,https://leetcode.com/problems/patching-array,"Array, Greedy"
MEDIUM,Integer Break,20.9,0.006263130598838341,https://leetcode.com/problems/integer-break,"Math, Dynamic Programming"
HARD,Count Subarrays With Score Less Than K,20.9,0.006221383759589243,https://leetcode.com/problems/count-subarrays-with-score-less-than-k,"Array, Binary Search, Sliding Window, Prefix Sum"
MEDIUM,Water and Jug Problem,20.9,0.004620419040671594,https://leetcode.com/problems/water-and-jug-problem,"Math, Depth-First Search, Breadth-First Search, Bézout's Lemma, Euclidean Algorithm, Greatest Common Divisor, Extended Euclidean Algorithm"
EASY,Evaluate Boolean Binary Tree,20.9,0.008237839955830231,https://leetcode.com/problems/evaluate-boolean-binary-tree,"Tree, Depth-First Search, Binary Tree"
EASY,Largest Local Values in a Matrix,20.9,0.008770818086829982,https://leetcode.com/problems/largest-local-values-in-a-matrix,"Array, Matrix"
MEDIUM,Longest Nice Subarray,20.9,0.0064783830476641095,https://leetcode.com/problems/longest-nice-subarray,"Array, Bit Manipulation, Sliding Window"
EASY,License Key Formatting,20.9,0.0046430475870718,https://leetcode.com/problems/license-key-formatting,String
MEDIUM,Next Closest Time,20.9,0.004702309585410488,https://leetcode.com/problems/next-closest-time,"Hash Table, String, Backtracking, Enumeration"
HARD,Redundant Connection II,20.9,0.003650765220572543,https://leetcode.com/problems/redundant-connection-ii,"Depth-First Search, Breadth-First Search, Union-Find, Graph Theory"
MEDIUM,Random Point in Non-overlapping Rectangles,20.9,0.004042456043717115,https://leetcode.com/problems/random-point-in-non-overlapping-rectangles,"Array, Math, Binary Search, Reservoir Sampling, Prefix Sum, Ordered Set, Randomized"
EASY,Monotonic Array,20.9,0.006258844913320885,https://leetcode.com/problems/monotonic-array,Array
EASY,Range Sum of BST,20.9,0.008762711118846212,https://leetcode.com/problems/range-sum-of-bst,"Tree, Depth-First Search, Binary Search Tree, Binary Tree"
MEDIUM,Distribute Coins in Binary Tree,20.9,0.007733381510142222,https://leetcode.com/problems/distribute-coins-in-binary-tree,"Tree, Depth-First Search, Binary Tree, DP on Trees"
MEDIUM,Parallel Courses,20.9,0.006236235088581333,https://leetcode.com/problems/parallel-courses,"Graph Theory, Topological Sort, Directed Acyclic Graph"
HARD,Maximum Profit in Job Scheduling,20.9,0.005481201000329917,https://leetcode.com/problems/maximum-profit-in-job-scheduling,"Array, Binary Search, Dynamic Programming, Sorting"
EASY,Convert Binary Number in a Linked List to Integer,20.9,0.008239744042841557,https://leetcode.com/problems/convert-binary-number-in-a-linked-list-to-integer,"Linked List, Math"
MEDIUM,Avoid Flood in The City,20.9,0.003896325342534569,https://leetcode.com/problems/avoid-flood-in-the-city,"Array, Hash Table, Binary Search, Greedy, Heap (Priority Queue)"
EASY,Number of Students Unable to Eat Lunch,20.9,0.007993640725021501,https://leetcode.com/problems/number-of-students-unable-to-eat-lunch,"Array, Stack, Queue, Simulation"
HARD,Car Fleet II,20.9,0.005830550007552743,https://leetcode.com/problems/car-fleet-ii,"Array, Math, Stack, Heap (Priority Queue), Monotonic Stack"
EASY,Final Prices With a Special Discount in a Shop,20.9,0.008429688445708752,https://leetcode.com/problems/final-prices-with-a-special-discount-in-a-shop,"Array, Stack, Monotonic Stack"
EASY,Return Length of Arguments Passed,20.9,0.009444673097663631,https://leetcode.com/problems/return-length-of-arguments-passed,
MEDIUM,Swapping Nodes in a Linked List,20.9,0.006968920541091262,https://leetcode.com/problems/swapping-nodes-in-a-linked-list,"Linked List, Two Pointers"
MEDIUM,Last Stone Weight II,20.9,0.0060565921166440126,https://leetcode.com/problems/last-stone-weight-ii,"Array, Dynamic Programming, Knapsack Problem, 0-1 Knapsack"
MEDIUM,Alternating Groups II,20.9,0.005995004071166195,https://leetcode.com/problems/alternating-groups-ii,"Array, Sliding Window"
MEDIUM,Maximum Area Rectangle With Point Constraints I,20.9,0.0052378738571207195,https://leetcode.com/problems/maximum-area-rectangle-with-point-constraints-i,"Array, Math, Binary Indexed Tree, Segment Tree, Geometry, Sorting, Enumeration"
EASY,Perfect Number,20.9,0.004987720727552762,https://leetcode.com/problems/perfect-number,Math
MEDIUM,Partition Array According to Given Pivot,20.9,0.009075467840051591,https://leetcode.com/problems/partition-array-according-to-given-pivot,"Array, Two Pointers, Simulation"
HARD,Separate Squares II,20.9,0.0059225150841537,https://leetcode.com/problems/separate-squares-ii,"Array, Binary Search, Segment Tree, Sweep Line"
MEDIUM,Maximum Absolute Sum of Any Subarray,20.9,0.0070754901960784315,https://leetcode.com/problems/maximum-absolute-sum-of-any-subarray,"Array, Dynamic Programming"
MEDIUM,Find the Minimum Amount of Time to Brew Potions,20.9,0.006269069446727022,https://leetcode.com/problems/find-the-minimum-amount-of-time-to-brew-potions,"Array, Simulation, Prefix Sum"
EASY,Number of Equivalent Domino Pairs,20.9,0.0060749556701151985,https://leetcode.com/problems/number-of-equivalent-domino-pairs,"Array, Hash Table, Counting"
HARD,Maximize Subarray GCD Score,20.9,0.0025707353344030055,https://leetcode.com/problems/maximize-subarray-gcd-score,"Array, Math, Enumeration, Number Theory"
MEDIUM,Partition String ,20.9,0.005934974793599767,https://leetcode.com/problems/partition-string,"Hash Table, String, Trie, Simulation"
MEDIUM,Department Highest Salary,20.9,0.005908838288047336,https://leetcode.com/problems/department-highest-salary,Database
EASY,Left and Right Sum Differences,20.9,0.008967584112315201,https://leetcode.com/problems/left-and-right-sum-differences,"Array, Prefix Sum"
MEDIUM,Best Time to Buy and Sell Stock with Transaction Fee,20.9,0.007248233424460566,https://leetcode.com/problems/best-time-to-buy-and-sell-stock-with-transaction-fee,"Array, Dynamic Programming, Greedy"
MEDIUM,Reordered Power of 2,20.9,0.0065871811916571495,https://leetcode.com/problems/reordered-power-of-2,"Hash Table, Math, Sorting, Counting, Enumeration"
EASY,Smallest Missing Integer Greater Than Sequential Prefix Sum,20.9,0.004997048437818635,https://leetcode.com/problems/smallest-missing-integer-greater-than-sequential-prefix-sum,"Array, Hash Table, Sorting"
HARD,Number of Stable Subsequences,20.9,0.0060171290884366724,https://leetcode.com/problems/number-of-stable-subsequences,"Array, Dynamic Programming"
MEDIUM,Minimum Cost Path with Edge Reversals,20.9,0.006152084971108217,https://leetcode.com/problems/minimum-cost-path-with-edge-reversals,"Graph Theory, Heap (Priority Queue), Shortest Path"
MEDIUM,Insertion Sort List,19.5,0.005993785609329717,https://leetcode.com/problems/insertion-sort-list,"Linked List, Sorting"
HARD,Read N Characters Given read4 II - Call Multiple Times,19.5,0.004334779377755175,https://leetcode.com/problems/read-n-characters-given-read4-ii-call-multiple-times,"Array, Simulation, Interactive"
MEDIUM,Longest Substring with At Most Two Distinct Characters,19.5,0.00571497735348932,https://leetcode.com/problems/longest-substring-with-at-most-two-distinct-characters,"Hash Table, String, Sliding Window"
MEDIUM,Design Snake Game,19.5,0.004008079329759114,https://leetcode.com/problems/design-snake-game,"Array, Hash Table, Design, Queue, Simulation"
MEDIUM,Line Reflection,19.5,0.0036398348492844494,https://leetcode.com/problems/line-reflection,"Array, Hash Table, Math"
HARD,Rearrange String k Distance Apart,19.5,0.003998638624474744,https://leetcode.com/problems/rearrange-string-k-distance-apart,"Hash Table, String, Greedy, Sorting, Heap (Priority Queue), Counting"
MEDIUM,Range Addition,19.5,0.007308701741980228,https://leetcode.com/problems/range-addition,"Array, Prefix Sum"
HARD,Smallest Good Base,19.5,0.004711459593221281,https://leetcode.com/problems/smallest-good-base,"Math, Binary Search"
MEDIUM,Max Consecutive Ones II,19.5,0.005211819769472581,https://leetcode.com/problems/max-consecutive-ones-ii,"Array, Dynamic Programming, Sliding Window"
HARD,IPO,19.5,0.005372769376044631,https://leetcode.com/problems/ipo,"Array, Greedy, Sorting, Heap (Priority Queue)"
MEDIUM,The Maze II,19.5,0.0055199115044247795,https://leetcode.com/problems/the-maze-ii,"Array, Depth-First Search, Breadth-First Search, Graph Theory, Heap (Priority Queue), Matrix, Shortest Path, Dijkstra's Algorithm, Heuristic Search, A* Search"
MEDIUM,All Paths from Source Lead to Destination,19.5,0.003730988615880393,https://leetcode.com/problems/all-paths-from-source-lead-to-destination,"Graph Theory, Topological Sort, Kosaraju's Algorithm, Tarjan's SCC Algorithm"
MEDIUM,Output Contest Matches,19.5,0.007753191949794417,https://leetcode.com/problems/output-contest-matches,"String, Recursion, Simulation"
MEDIUM,Next Greater Element III,19.5,0.0035555144694796813,https://leetcode.com/problems/next-greater-element-iii,"Math, Two Pointers, String"
EASY,Design Compressed String Iterator,19.5,0.004047081036023822,https://leetcode.com/problems/design-compressed-string-iterator,"Array, String, Design, Iterator"
MEDIUM,Shopping Offers,19.5,0.0052710622932178475,https://leetcode.com/problems/shopping-offers,"Array, Dynamic Programming, Backtracking, Bit Manipulation, Memoization, Bitmask, Knapsack Problem, Complete Knapsack"
MEDIUM,Partition to K Equal Sum Subsets,19.5,0.003882664276647606,https://leetcode.com/problems/partition-to-k-equal-sum-subsets,"Array, Dynamic Programming, Backtracking, Bit Manipulation, Memoization, Bitmask"
HARD,Minimum Window Subsequence,19.5,0.00438490652194912,https://leetcode.com/problems/minimum-window-subsequence,"String, Dynamic Programming, Sliding Window"
HARD,My Calendar III,19.5,0.007215178982946689,https://leetcode.com/problems/my-calendar-iii,"Binary Search, Design, Segment Tree, Prefix Sum, Ordered Set"
EASY,Sentence Similarity,19.5,0.004488278214947102,https://leetcode.com/problems/sentence-similarity,"Array, Hash Table, String"
MEDIUM,Flatten a Multilevel Doubly Linked List,19.5,0.006329515925918782,https://leetcode.com/problems/flatten-a-multilevel-doubly-linked-list,"Linked List, Depth-First Search, Doubly-Linked List"
MEDIUM,Search in a Sorted Array of Unknown Size,19.5,0.007314523754759896,https://leetcode.com/problems/search-in-a-sorted-array-of-unknown-size,"Array, Binary Search, Interactive"
EASY,Minimum Distance Between BST Nodes,19.5,0.006176320286318296,https://leetcode.com/problems/minimum-distance-between-bst-nodes,"Tree, Depth-First Search, Breadth-First Search, Binary Search Tree, Binary Tree"
HARD,Bricks Falling When Hit,19.5,0.003773593804533406,https://leetcode.com/problems/bricks-falling-when-hit,"Array, Union-Find, Matrix"
MEDIUM,Largest Sum of Averages,19.5,0.005537797010352424,https://leetcode.com/problems/largest-sum-of-averages,"Array, Dynamic Programming, Prefix Sum"
MEDIUM,Linked List Components,19.5,0.005816584143013344,https://leetcode.com/problems/linked-list-components,"Array, Hash Table, Linked List"
HARD,K-Similar Strings,19.5,0.004122844043373844,https://leetcode.com/problems/k-similar-strings,"Hash Table, String, Breadth-First Search"
HARD,Minimum Number of Refueling Stops,19.5,0.004177347167735317,https://leetcode.com/problems/minimum-number-of-refueling-stops,"Array, Dynamic Programming, Greedy, Heap (Priority Queue)"
HARD,Delete Columns to Make Sorted III,19.5,0.007262787748357096,https://leetcode.com/problems/delete-columns-to-make-sorted-iii,"Array, String, Dynamic Programming"
EASY,Find the Town Judge,19.5,0.0051045975560212046,https://leetcode.com/problems/find-the-town-judge,"Array, Hash Table, Graph Theory"
HARD,Numbers With Repeated Digits,19.5,0.00483701225560244,https://leetcode.com/problems/numbers-with-repeated-digits,"Math, Dynamic Programming"
MEDIUM,Best Sightseeing Pair,19.5,0.006270116888531939,https://leetcode.com/problems/best-sightseeing-pair,"Array, Dynamic Programming"
MEDIUM,Binary String With Substrings Representing 1 To N,19.5,0.005871566924395699,https://leetcode.com/problems/binary-string-with-substrings-representing-1-to-n,"Hash Table, String, Bit Manipulation, Sliding Window"
EASY,Valid Boomerang,19.5,0.004009742359860283,https://leetcode.com/problems/valid-boomerang,"Array, Math, Geometry"
MEDIUM,Partition Array for Maximum Sum,19.5,0.0077542166577360475,https://leetcode.com/problems/partition-array-for-maximum-sum,"Array, Dynamic Programming"
EASY,Single-Row Keyboard,19.5,0.008782093969663337,https://leetcode.com/problems/single-row-keyboard,"Hash Table, String"
EASY,Product Sales Analysis I,19.5,0.00861023588520821,https://leetcode.com/problems/product-sales-analysis-i,Database
HARD,Minimum Falling Path Sum II,19.5,0.006297976765048226,https://leetcode.com/problems/minimum-falling-path-sum-ii,"Array, Dynamic Programming, Matrix"
MEDIUM,Sum of Mutated Array Closest to Target,19.5,0.004660338393536466,https://leetcode.com/problems/sum-of-mutated-array-closest-to-target,"Array, Binary Search, Sorting"
MEDIUM,Alphabet Board Path,19.5,0.005195918402228812,https://leetcode.com/problems/alphabet-board-path,"Hash Table, String"
EASY,Number of Steps to Reduce a Number to Zero,19.5,0.00858909162445286,https://leetcode.com/problems/number-of-steps-to-reduce-a-number-to-zero,"Math, Bit Manipulation"
HARD,Pizza With 3n Slices,19.5,0.005425753840318605,https://leetcode.com/problems/pizza-with-3n-slices,"Array, Dynamic Programming, Greedy, Heap (Priority Queue)"
HARD,Longest Happy Prefix,19.5,0.005374430111913923,https://leetcode.com/problems/longest-happy-prefix,"String, Rolling Hash, String Matching, Hash Function, Z Algorithm, Knuth–Morris–Pratt Algorithm"
HARD,Max Value of Equation,19.5,0.004518133739269629,https://leetcode.com/problems/max-value-of-equation,"Array, Queue, Sliding Window, Heap (Priority Queue), Monotonic Queue"
MEDIUM,Last Moment Before All Ants Fall Out of a Plank,19.5,0.006808676906494207,https://leetcode.com/problems/last-moment-before-all-ants-fall-out-of-a-plank,"Array, Brainteaser, Simulation"
HARD,Minimum Number of Days to Eat N Oranges,19.5,0.0036411968053403267,https://leetcode.com/problems/minimum-number-of-days-to-eat-n-oranges,"Dynamic Programming, Memoization"
MEDIUM,Maximum Non Negative Product in a Matrix,19.5,0.005172935267350294,https://leetcode.com/problems/maximum-non-negative-product-in-a-matrix,"Array, Dynamic Programming, Matrix"
MEDIUM,Max Number of K-Sum Pairs,19.5,0.005731392267421346,https://leetcode.com/problems/max-number-of-k-sum-pairs,"Array, Hash Table, Two Pointers, Sorting"
HARD,Minimum Adjacent Swaps for K Consecutive Ones,19.5,0.00425446365809082,https://leetcode.com/problems/minimum-adjacent-swaps-for-k-consecutive-ones,"Array, Greedy, Sliding Window, Prefix Sum"
MEDIUM,Queries on Number of Points Inside a Circle,19.5,0.008686971205585644,https://leetcode.com/problems/queries-on-number-of-points-inside-a-circle,"Array, Math, Geometry"
MEDIUM,Merge Triplets to Form Target Triplet,19.5,0.006934473425992818,https://leetcode.com/problems/merge-triplets-to-form-target-triplet,"Array, Greedy"
MEDIUM,Number of Wonderful Substrings,19.5,0.0066582201500101365,https://leetcode.com/problems/number-of-wonderful-substrings,"Hash Table, String, Bit Manipulation, Prefix Sum"
MEDIUM,Cutting Ribbons,19.5,0.00530532742467667,https://leetcode.com/problems/cutting-ribbons,"Array, Binary Search"
MEDIUM,Find a Peak Element II,19.5,0.005553027497515605,https://leetcode.com/problems/find-a-peak-element-ii,"Array, Binary Search, Matrix"
MEDIUM,Binary Searchable Numbers in an Unsorted Array,19.5,0.0063329383886255915,https://leetcode.com/problems/binary-searchable-numbers-in-an-unsorted-array,"Array, Binary Search, Stack, Monotonic Stack"
HARD,Number of Unique Good Subsequences,19.5,0.00525935110560033,https://leetcode.com/problems/number-of-unique-good-subsequences,"String, Dynamic Programming"
HARD,Count Fertile Pyramids in a Land,19.5,0.006662323246947541,https://leetcode.com/problems/count-fertile-pyramids-in-a-land,"Array, Dynamic Programming, Matrix"
MEDIUM,Maximum Split of Positive Even Integers,19.5,0.005989600426649163,https://leetcode.com/problems/maximum-split-of-positive-even-integers,"Math, Backtracking, Greedy"
MEDIUM,Create Binary Tree From Descriptions,19.5,0.008391473709674418,https://leetcode.com/problems/create-binary-tree-from-descriptions,"Array, Hash Table, Tree, Binary Tree"
EASY,Most Frequent Number Following Key In an Array,19.5,0.005965704474250481,https://leetcode.com/problems/most-frequent-number-following-key-in-an-array,"Array, Hash Table, Counting"
EASY,Check if Number Has Equal Digit Count and Digit Value,19.5,0.007322853370726627,https://leetcode.com/problems/check-if-number-has-equal-digit-count-and-digit-value,"Hash Table, String, Counting"
MEDIUM,Longest Binary Subsequence Less Than or Equal to K,19.5,0.005273529342750546,https://leetcode.com/problems/longest-binary-subsequence-less-than-or-equal-to-k,"String, Dynamic Programming, Greedy, Memoization"
HARD,Sum of Prefix Scores of Strings,19.5,0.006086967252766781,https://leetcode.com/problems/sum-of-prefix-scores-of-strings,"Array, String, Trie, Counting"
MEDIUM,Longest Uploaded Prefix,19.5,0.005539720875352593,https://leetcode.com/problems/longest-uploaded-prefix,"Hash Table, Binary Search, Union-Find, Design, Binary Indexed Tree, Segment Tree, Heap (Priority Queue), Ordered Set"
MEDIUM,Count Number of Distinct Integers After Reverse Operations,19.5,0.008177173221909348,https://leetcode.com/problems/count-number-of-distinct-integers-after-reverse-operations,"Array, Hash Table, Math, Counting"
EASY,Determine if Two Events Have Conflict,19.5,0.005353414287967198,https://leetcode.com/problems/determine-if-two-events-have-conflict,"Array, String"
MEDIUM,Prime Subtraction Operation,19.5,0.005542074972779592,https://leetcode.com/problems/prime-subtraction-operation,"Array, Math, Binary Search, Greedy, Number Theory"
HARD,String Transformation,19.5,0.002704022150976392,https://leetcode.com/problems/string-transformation,"Math, String, Dynamic Programming, String Matching"
HARD,Count K-Subsequences of a String With Maximum Beauty,19.5,0.0030255468688304508,https://leetcode.com/problems/count-k-subsequences-of-a-string-with-maximum-beauty,"Hash Table, Math, String, Greedy, Sorting, Combinatorics, Fermat's Little Theorem"
MEDIUM,Find Champion II,19.5,0.007044089860401632,https://leetcode.com/problems/find-champion-ii,Graph Theory
MEDIUM,Maximum Number That Sum of the Prices Is Less Than or Equal to K,19.5,0.0039253714415334005,https://leetcode.com/problems/maximum-number-that-sum-of-the-prices-is-less-than-or-equal-to-k,"Math, Binary Search, Dynamic Programming, Bit Manipulation"
HARD,Find the Number of Ways to Place People II,19.5,0.006418405695695768,https://leetcode.com/problems/find-the-number-of-ways-to-place-people-ii,"Array, Math, Geometry, Sorting, Enumeration"
HARD,Longest Common Suffix Queries,19.5,0.0052627835398184305,https://leetcode.com/problems/longest-common-suffix-queries,"Array, String, Trie"
HARD,Maximum Number of Ways to Partition an Array,19.5,0.003601284572680426,https://leetcode.com/problems/maximum-number-of-ways-to-partition-an-array,"Array, Hash Table, Counting, Enumeration, Prefix Sum"
MEDIUM,Path Sum II,19.5,0.0062741842856079075,https://leetcode.com/problems/path-sum-ii,"Backtracking, Tree, Depth-First Search, Binary Tree"
EASY,Time Needed to Buy Tickets,19.5,0.007315093461733833,https://leetcode.com/problems/time-needed-to-buy-tickets,"Array, Queue, Simulation"
MEDIUM,Step-By-Step Directions From a Binary Tree Node to Another,19.5,0.005646683688205461,https://leetcode.com/problems/step-by-step-directions-from-a-binary-tree-node-to-another,"String, Tree, Depth-First Search, Binary Tree, Binary Lifting, Lowest Common Ancestor"
MEDIUM,Sum of Subarray Ranges,19.5,0.006179228763765127,https://leetcode.com/problems/sum-of-subarray-ranges,"Array, Stack, Monotonic Stack"
EASY,Meeting Rooms,19.5,0.00595268052055917,https://leetcode.com/problems/meeting-rooms,"Array, Sorting, Quicksort"
EASY,Closest Binary Search Tree Value,19.5,0.004913335490049192,https://leetcode.com/problems/closest-binary-search-tree-value,"Binary Search, Tree, Depth-First Search, Binary Search Tree, Binary Tree"
EASY,Root Equals Sum of Children,19.5,0.008513233900472912,https://leetcode.com/problems/root-equals-sum-of-children,"Tree, Binary Tree"
MEDIUM,Guess Number Higher or Lower II,19.5,0.005330881177035023,https://leetcode.com/problems/guess-number-higher-or-lower-ii,"Math, Dynamic Programming, Minimax, Game Theory"
MEDIUM,Number of Boomerangs,19.5,0.005793295058146415,https://leetcode.com/problems/number-of-boomerangs,"Array, Hash Table, Math"
MEDIUM,Longest Uncommon Subsequence II,19.5,0.004546057247314319,https://leetcode.com/problems/longest-uncommon-subsequence-ii,"Array, Hash Table, Two Pointers, String, Sorting"
MEDIUM,Beautiful Arrangement,19.5,0.006492713991275868,https://leetcode.com/problems/beautiful-arrangement,"Array, Dynamic Programming, Backtracking, Bit Manipulation, Bitmask"
EASY,Array Partition,19.5,0.008207983996433386,https://leetcode.com/problems/array-partition,"Array, Greedy, Sorting, Counting Sort"
HARD,Erect the Fence,19.5,0.00533224885669562,https://leetcode.com/problems/erect-the-fence,"Array, Math, Geometry, Convex Hull, Polygons"
MEDIUM,Valid Triangle Number,19.5,0.005713971529713038,https://leetcode.com/problems/valid-triangle-number,"Array, Two Pointers, Binary Search, Greedy, Sorting"
MEDIUM,Split Array into Consecutive Subsequences,19.5,0.005244852751781575,https://leetcode.com/problems/split-array-into-consecutive-subsequences,"Array, Hash Table, Greedy, Heap (Priority Queue)"
MEDIUM,Minimize the Maximum Difference of Pairs,19.5,0.005103456200153792,https://leetcode.com/problems/minimize-the-maximum-difference-of-pairs,"Array, Binary Search, Dynamic Programming, Greedy, Sorting"
EASY,Apply Transform Over Each Element in Array,19.5,0.008618023053252478,https://leetcode.com/problems/apply-transform-over-each-element-in-array,
EASY,Find the Maximum Achievable Number,19.5,0.009163888724123614,https://leetcode.com/problems/find-the-maximum-achievable-number,Math
HARD,Couples Holding Hands,19.5,0.005965833618623759,https://leetcode.com/problems/couples-holding-hands,"Greedy, Depth-First Search, Breadth-First Search, Union-Find, Graph Theory"
HARD,Reaching Points,19.5,0.003458673010051953,https://leetcode.com/problems/reaching-points,"Math, Euclidean Algorithm, Greatest Common Divisor"
MEDIUM,Rabbits in Forest,19.5,0.005803383457517577,https://leetcode.com/problems/rabbits-in-forest,"Array, Hash Table, Math, Greedy"
EASY,Design HashMap,19.5,0.006675580197036817,https://leetcode.com/problems/design-hashmap,"Array, Hash Table, Linked List, Design, Hash Function"
HARD,Profitable Schemes,19.5,0.004859284977775707,https://leetcode.com/problems/profitable-schemes,"Array, Dynamic Programming, Knapsack Problem, 0-1 Knapsack"
HARD,Super Egg Drop,19.5,0.0030751492643245953,https://leetcode.com/problems/super-egg-drop,"Math, Binary Search, Dynamic Programming"
EASY,Reverse Only Letters,19.5,0.00689288016582202,https://leetcode.com/problems/reverse-only-letters,"Two Pointers, String"
MEDIUM,Reveal Cards In Increasing Order,19.5,0.0083777411870369,https://leetcode.com/problems/reveal-cards-in-increasing-order,"Array, Queue, Sorting, Simulation"
HARD,Unique Paths III,19.5,0.008294724168801903,https://leetcode.com/problems/unique-paths-iii,"Array, Backtracking, Bit Manipulation, Matrix, Hamiltonian Path"
HARD,Parsing A Boolean Expression,19.5,0.006979832451459678,https://leetcode.com/problems/parsing-a-boolean-expression,"String, Stack, Recursion"
MEDIUM,All Ancestors of a Node in a Directed Acyclic Graph,19.5,0.006229980901968451,https://leetcode.com/problems/all-ancestors-of-a-node-in-a-directed-acyclic-graph,"Depth-First Search, Breadth-First Search, Graph Theory, Topological Sort, Directed Acyclic Graph"
MEDIUM,Determine if Two Strings Are Close,19.5,0.005440482497920504,https://leetcode.com/problems/determine-if-two-strings-are-close,"Hash Table, String, Sorting, Counting"
MEDIUM,Find the City With the Smallest Number of Neighbors at a Threshold Distance,19.5,0.007362799491677773,https://leetcode.com/problems/find-the-city-with-the-smallest-number-of-neighbors-at-a-threshold-distance,"Dynamic Programming, Graph Theory, Shortest Path, Dijkstra's Algorithm, Bellman–Ford Algorithm, Floyd–Warshall Algorithm"
EASY,The Number of Employees Which Report to Each Employee,19.5,0.00537321514725356,https://leetcode.com/problems/the-number-of-employees-which-report-to-each-employee,Database
MEDIUM,Binary Tree Nodes,19.5,0.007817736772735832,https://leetcode.com/problems/binary-tree-nodes,Database
EASY,Calculate Compressed Mean,19.5,0.008596888260254598,https://leetcode.com/problems/calculate-compressed-mean,Database
HARD,Find the Maximum Sequence Value of Array,19.5,0.002193630398186003,https://leetcode.com/problems/find-the-maximum-sequence-value-of-array,"Array, Dynamic Programming, Bit Manipulation"
HARD,Top Three Wineries ,19.5,0.005416493416493417,https://leetcode.com/problems/top-three-wineries,Database
EASY,Find Expensive Cities,19.5,0.0077161258360168425,https://leetcode.com/problems/find-expensive-cities,Database
MEDIUM,Class Performance,19.5,0.008856741573033707,https://leetcode.com/problems/class-performance,Database
EASY,Loan Types,19.5,0.006428501034788607,https://leetcode.com/problems/loan-types,Database
MEDIUM,Partition Labels,19.5,0.008200887958439025,https://leetcode.com/problems/partition-labels,"Hash Table, Two Pointers, String, Greedy"
HARD,Find Beautiful Indices in the Given Array II,19.5,0.0028403187226716635,https://leetcode.com/problems/find-beautiful-indices-in-the-given-array-ii,"Two Pointers, String, Binary Search, Rolling Hash, String Matching, Hash Function, Z Algorithm, Knuth–Morris–Pratt Algorithm, Boyer–Moore String-Search Algorithm"
MEDIUM,Investments in 2016,19.5,0.005165464250102645,https://leetcode.com/problems/investments-in-2016,Database
EASY,Ant on the Boundary,19.5,0.007432675044883303,https://leetcode.com/problems/ant-on-the-boundary,"Array, Simulation, Prefix Sum"
MEDIUM,Add Two Numbers II,19.5,0.006294723223206956,https://leetcode.com/problems/add-two-numbers-ii,"Linked List, Math, Stack"
EASY,Minimum Absolute Difference,19.5,0.007518442569249718,https://leetcode.com/problems/minimum-absolute-difference,"Array, Sorting"
MEDIUM,Shifting Letters II,19.5,0.005383652801489989,https://leetcode.com/problems/shifting-letters-ii,"Array, String, Prefix Sum"
EASY,Divisible and Non-divisible Sums Difference,19.5,0.009109324834935985,https://leetcode.com/problems/divisible-and-non-divisible-sums-difference,Math
MEDIUM,Minimum Time to Repair Cars,19.5,0.005947501571809228,https://leetcode.com/problems/minimum-time-to-repair-cars,"Array, Binary Search"
EASY,Count Good Triplets,19.5,0.008554780919803459,https://leetcode.com/problems/count-good-triplets,"Array, Enumeration"
HARD,Find the Count of Monotonic Pairs I,19.5,0.004785049655542632,https://leetcode.com/problems/find-the-count-of-monotonic-pairs-i,"Array, Math, Dynamic Programming, Combinatorics, Prefix Sum"
HARD,Kth Smallest Product of Two Sorted Arrays,19.5,0.004871780227311669,https://leetcode.com/problems/kth-smallest-product-of-two-sorted-arrays,"Array, Binary Search"
MEDIUM,Count Cells in Overlapping Horizontal and Vertical Substrings,19.5,0.0027277103462503864,https://leetcode.com/problems/count-cells-in-overlapping-horizontal-and-vertical-substrings,"Array, String, Rolling Hash, String Matching, Matrix, Hash Function"
MEDIUM,Subdomain Visit Count,19.5,0.007720529663707416,https://leetcode.com/problems/subdomain-visit-count,"Array, Hash Table, String, Counting"
MEDIUM,Count Caesar Cipher Pairs,19.5,0.005157116795115232,https://leetcode.com/problems/count-caesar-cipher-pairs,"Array, Hash Table, Math, String, Counting"
EASY,Smallest Divisible Digit Product I,19.5,0.007305354392339481,https://leetcode.com/problems/smallest-divisible-digit-product-i,"Math, Enumeration"
HARD,Valid Number,18.0,0.0023440163677049667,https://leetcode.com/problems/valid-number,String
MEDIUM,Flatten 2D Vector,18.0,0.005052829206122981,https://leetcode.com/problems/flatten-2d-vector,"Array, Two Pointers, Design, Iterator"
HARD,Closest Binary Search Tree Value II,18.0,0.0061284802495970405,https://leetcode.com/problems/closest-binary-search-tree-value-ii,"Two Pointers, Stack, Tree, Depth-First Search, Binary Search Tree, Heap (Priority Queue), Binary Tree"
MEDIUM,Peeking Iterator,18.0,0.0061835015806953175,https://leetcode.com/problems/peeking-iterator,"Array, Design, Iterator"
MEDIUM,Super Ugly Number,18.0,0.004645823169456796,https://leetcode.com/problems/super-ugly-number,"Array, Math, Dynamic Programming"
MEDIUM,Longest Substring with At Most K Distinct Characters,18.0,0.005009995005595468,https://leetcode.com/problems/longest-substring-with-at-most-k-distinct-characters,"Hash Table, String, Sliding Window"
MEDIUM,Design Tic-Tac-Toe,18.0,0.005875690354305425,https://leetcode.com/problems/design-tic-tac-toe,"Array, Hash Table, Design, Matrix, Simulation"
MEDIUM,Plus One Linked List,18.0,0.006121949200480125,https://leetcode.com/problems/plus-one-linked-list,"Linked List, Math"
MEDIUM,Minimum Number of Arrows to Burst Balloons,18.0,0.0061803025329715475,https://leetcode.com/problems/minimum-number-of-arrows-to-burst-balloons,"Array, Greedy, Sorting"
HARD,Word Abbreviation,18.0,0.006282726355380241,https://leetcode.com/problems/word-abbreviation,"Array, String, Greedy, Trie, Sorting"
MEDIUM,Boundary of Binary Tree,18.0,0.004818242670596554,https://leetcode.com/problems/boundary-of-binary-tree,"Tree, Depth-First Search, Binary Tree"
MEDIUM,Longest Line of Consecutive One in Matrix,18.0,0.00506169016178183,https://leetcode.com/problems/longest-line-of-consecutive-one-in-matrix,"Array, Dynamic Programming, Matrix"
MEDIUM,2 Keys Keyboard,18.0,0.00594557541075623,https://leetcode.com/problems/2-keys-keyboard,"Math, Dynamic Programming"
MEDIUM,Beautiful Arrangement II,18.0,0.006135077348761162,https://leetcode.com/problems/beautiful-arrangement-ii,"Array, Math"
HARD,Kth Smallest Number in Multiplication Table,18.0,0.0054680359061197,https://leetcode.com/problems/kth-smallest-number-in-multiplication-table,"Math, Binary Search"
MEDIUM,Number of Longest Increasing Subsequence,18.0,0.005256578546142029,https://leetcode.com/problems/number-of-longest-increasing-subsequence,"Array, Dynamic Programming, Binary Indexed Tree, Segment Tree, Longest Increasing Subsequence"
EASY,Baseball Game,18.0,0.008099063283542113,https://leetcode.com/problems/baseball-game,"Array, Stack, Simulation"
HARD,K Empty Slots,18.0,0.0038007226860579946,https://leetcode.com/problems/k-empty-slots,"Array, Binary Indexed Tree, Segment Tree, Queue, Sliding Window, Heap (Priority Queue), Ordered Set, Monotonic Queue"
HARD,Find K-th Smallest Pair Distance,18.0,0.004675850995504175,https://leetcode.com/problems/find-k-th-smallest-pair-distance,"Array, Two Pointers, Binary Search, Sorting"
EASY,Shortest Completing Word,18.0,0.0063623507401089525,https://leetcode.com/problems/shortest-completing-word,"Array, Hash Table, String"
EASY,Find Anagram Mappings,18.0,0.008395621128572062,https://leetcode.com/problems/find-anagram-mappings,"Array, Hash Table"
MEDIUM,Construct Quad Tree,18.0,0.007861745646084299,https://leetcode.com/problems/construct-quad-tree,"Array, Divide and Conquer, Tree, Matrix"
EASY,Positions of Large Groups,18.0,0.005424383622433664,https://leetcode.com/problems/positions-of-large-groups,String
HARD,Minimum Cost to Hire K Workers,18.0,0.006374153936910084,https://leetcode.com/problems/minimum-cost-to-hire-k-workers,"Array, Greedy, Sorting, Heap (Priority Queue)"
HARD,Super Palindromes,18.0,0.004027074605275727,https://leetcode.com/problems/super-palindromes,"Math, String, Enumeration"
EASY,Confusing Number,18.0,0.004988459368428251,https://leetcode.com/problems/confusing-number,Math
HARD,Recover a Tree From Preorder Traversal,18.0,0.008321478954586342,https://leetcode.com/problems/recover-a-tree-from-preorder-traversal,"String, Tree, Depth-First Search, Binary Tree"
MEDIUM,Minimum Cost to Connect Sticks,18.0,0.007204760234694168,https://leetcode.com/problems/minimum-cost-to-connect-sticks,"Array, Greedy, Heap (Priority Queue)"
HARD,Brace Expansion II,18.0,0.00638998128325377,https://leetcode.com/problems/brace-expansion-ii,"Hash Table, String, Backtracking, Stack, Breadth-First Search, Sorting"
HARD,Divide Chocolate,18.0,0.006065837821513062,https://leetcode.com/problems/divide-chocolate,"Array, Binary Search"
EASY,Element Appearing More Than 25% In Sorted Array,18.0,0.0061337301935501755,https://leetcode.com/problems/element-appearing-more-than-25-in-sorted-array,Array
HARD,Distinct Echo Substrings,18.0,0.00535538718260948,https://leetcode.com/problems/distinct-echo-substrings,"String, Trie, Rolling Hash, Suffix Array, Hash Function, Suffix Automaton, Suffix Tree"
HARD,Longest Chunked Palindrome Decomposition,18.0,0.005899780409661975,https://leetcode.com/problems/longest-chunked-palindrome-decomposition,"Two Pointers, String, Dynamic Programming, Greedy, Rolling Hash, Hash Function"
MEDIUM,Deepest Leaves Sum,18.0,0.00865860255321982,https://leetcode.com/problems/deepest-leaves-sum,"Tree, Depth-First Search, Breadth-First Search, Binary Tree"
MEDIUM,Where Will the Ball Fall,18.0,0.007238736435701281,https://leetcode.com/problems/where-will-the-ball-fall,"Array, Matrix, Simulation"
HARD,Maximum Value of K Coins From Piles,18.0,0.006049668473267764,https://leetcode.com/problems/maximum-value-of-k-coins-from-piles,"Array, Dynamic Programming, Prefix Sum"
HARD,Number of Ways to Stay in the Same Place After Some Steps,18.0,0.005016966020567746,https://leetcode.com/problems/number-of-ways-to-stay-in-the-same-place-after-some-steps,Dynamic Programming
MEDIUM,Find the Minimum Number of Fibonacci Numbers Whose Sum Is K,18.0,0.006476461514546389,https://leetcode.com/problems/find-the-minimum-number-of-fibonacci-numbers-whose-sum-is-k,"Math, Greedy"
MEDIUM,Simplified Fractions,18.0,0.007012354758052655,https://leetcode.com/problems/simplified-fractions,"Math, String, Number Theory, Euclidean Algorithm, Greatest Common Divisor"
HARD,Form Largest Integer With Digits That Add up to Target,18.0,0.004996722251813005,https://leetcode.com/problems/form-largest-integer-with-digits-that-add-up-to-target,"Array, Dynamic Programming, Knapsack Problem, Complete Knapsack"
MEDIUM,Find Two Non-overlapping Sub-arrays Each With Target Sum,18.0,0.0037005950475842114,https://leetcode.com/problems/find-two-non-overlapping-sub-arrays-each-with-target-sum,"Array, Hash Table, Binary Search, Dynamic Programming, Sliding Window"
MEDIUM,Range Sum of Sorted Subarray Sums,18.0,0.006301124905209268,https://leetcode.com/problems/range-sum-of-sorted-subarray-sums,"Array, Two Pointers, Binary Search, Sorting, Prefix Sum"
MEDIUM,Find Root of N-Ary Tree,18.0,0.00785508217469801,https://leetcode.com/problems/find-root-of-n-ary-tree,"Hash Table, Bit Manipulation, Tree, Depth-First Search"
MEDIUM,Number of Good Leaf Nodes Pairs,18.0,0.0071757391738053785,https://leetcode.com/problems/number-of-good-leaf-nodes-pairs,"Tree, Depth-First Search, Binary Tree, DP on Trees"
MEDIUM,Magnetic Force Between Two Balls,18.0,0.0072546853200709735,https://leetcode.com/problems/magnetic-force-between-two-balls,"Array, Binary Search, Sorting"
HARD,Number of Ways to Reorder Array to Get Same BST,18.0,0.005418766882368285,https://leetcode.com/problems/number-of-ways-to-reorder-array-to-get-same-bst,"Array, Math, Divide and Conquer, Dynamic Programming, Tree, Union-Find, Binary Search Tree, Memoization, Combinatorics, Binary Tree, Fermat's Little Theorem"
HARD,Strange Printer II,18.0,0.006106600041640641,https://leetcode.com/problems/strange-printer-ii,"Array, Graph Theory, Topological Sort, Matrix, Directed Acyclic Graph"
EASY,Rearrange Spaces Between Words,18.0,0.004433894766473528,https://leetcode.com/problems/rearrange-spaces-between-words,String
HARD,Minimum Cost to Connect Two Groups of Points,18.0,0.005058480668350495,https://leetcode.com/problems/minimum-cost-to-connect-two-groups-of-points,"Array, Dynamic Programming, Bit Manipulation, Matrix, Bitmask, Bipartite Graph, Successive Shortest Path Algorithm, Matching (Graph), Minimum-Cost Flow, Flow Network"
MEDIUM,Throne Inheritance,18.0,0.0067805665191129315,https://leetcode.com/problems/throne-inheritance,"Hash Table, Tree, Depth-First Search, Design"
HARD,Fancy Sequence,18.0,0.004164375625427924,https://leetcode.com/problems/fancy-sequence,"Math, Design, Segment Tree, Number Theory, Fermat's Little Theorem"
HARD,Number of Ways to Form a Target String Given a Dictionary,18.0,0.005632848200118486,https://leetcode.com/problems/number-of-ways-to-form-a-target-string-given-a-dictionary,"Array, String, Dynamic Programming"
HARD,Distribute Repeating Integers,18.0,0.004107472408178035,https://leetcode.com/problems/distribute-repeating-integers,"Array, Hash Table, Dynamic Programming, Backtracking, Bit Manipulation, Counting, Bitmask"
HARD,Minimum Operations to Make a Subsequence,18.0,0.005001459427904261,https://leetcode.com/problems/minimum-operations-to-make-a-subsequence,"Array, Hash Table, Binary Search, Greedy, Longest Increasing Subsequence"
HARD,Maximum Number of Events That Can Be Attended II,18.0,0.006339545130020121,https://leetcode.com/problems/maximum-number-of-events-that-can-be-attended-ii,"Array, Binary Search, Dynamic Programming, Sorting"
MEDIUM,Find Kth Largest XOR Coordinate Value,18.0,0.0064634934744838175,https://leetcode.com/problems/find-kth-largest-xor-coordinate-value,"Array, Divide and Conquer, Bit Manipulation, Sorting, Heap (Priority Queue), Matrix, Prefix Sum, Quickselect"
MEDIUM,Map of Highest Peak,18.0,0.00761781852563844,https://leetcode.com/problems/map-of-highest-peak,"Array, Breadth-First Search, Matrix"
HARD,Maximum Score from Performing Multiplication Operations,18.0,0.004357060994991484,https://leetcode.com/problems/maximum-score-from-performing-multiplication-operations,"Array, Dynamic Programming"
HARD,Maximum Number of Groups Getting Fresh Donuts,18.0,0.0041621748300913995,https://leetcode.com/problems/maximum-number-of-groups-getting-fresh-donuts,"Array, Dynamic Programming, Bit Manipulation, Memoization, Bitmask"
MEDIUM,Minimum Path Cost in a Hidden Grid,18.0,0.005908716257984752,https://leetcode.com/problems/minimum-path-cost-in-a-hidden-grid,"Array, Depth-First Search, Breadth-First Search, Graph Theory, Heap (Priority Queue), Matrix, Interactive, Shortest Path"
MEDIUM,Kth Smallest Subarray Sum,18.0,0.005330779944289693,https://leetcode.com/problems/kth-smallest-subarray-sum,"Array, Binary Search, Sliding Window"
MEDIUM,Operations on Tree,18.0,0.0045780126997418185,https://leetcode.com/problems/operations-on-tree,"Array, Hash Table, Tree, Depth-First Search, Breadth-First Search, Design"
MEDIUM,Find Unique Binary String,18.0,0.00812298834373715,https://leetcode.com/problems/find-unique-binary-string,"Array, Hash Table, String, Backtracking"
MEDIUM,Minimum Operations to Convert Number,18.0,0.005222954371079117,https://leetcode.com/problems/minimum-operations-to-convert-number,"Array, Breadth-First Search"
MEDIUM,Minimum Cost to Set Cooking Time,18.0,0.0045075366508362585,https://leetcode.com/problems/minimum-cost-to-set-cooking-time,"Math, Enumeration"
HARD,Minimum Time to Remove All Cars Containing Illegal Goods,18.0,0.004213203376740965,https://leetcode.com/problems/minimum-time-to-remove-all-cars-containing-illegal-goods,"String, Dynamic Programming"
HARD,Maximum AND Sum of Array,18.0,0.005099764463816769,https://leetcode.com/problems/maximum-and-sum-of-array,"Array, Dynamic Programming, Bit Manipulation, Bitmask"
EASY,Count Prefixes of a Given String,18.0,0.007434589853198931,https://leetcode.com/problems/count-prefixes-of-a-given-string,"Array, String"
EASY,Count Asterisks,18.0,0.008349031729419688,https://leetcode.com/problems/count-asterisks,String
EASY,Merge Similar Items,18.0,0.00776574142984463,https://leetcode.com/problems/merge-similar-items,"Array, Hash Table, Sorting, Ordered Set"
MEDIUM,Finding the Number of Visible Mountains,18.0,0.003747170010003685,https://leetcode.com/problems/finding-the-number-of-visible-mountains,"Array, Stack, Sorting, Monotonic Stack"
HARD,Number of Pairs Satisfying Inequality,18.0,0.004781332895138384,https://leetcode.com/problems/number-of-pairs-satisfying-inequality,"Array, Binary Search, Divide and Conquer, Binary Indexed Tree, Segment Tree, Merge Sort, Ordered Set"
HARD,Number of Beautiful Partitions,18.0,0.003332694197445054,https://leetcode.com/problems/number-of-beautiful-partitions,"String, Dynamic Programming, Prefix Sum"
MEDIUM,Make Number of Distinct Characters Equal,18.0,0.002784719822541271,https://leetcode.com/problems/make-number-of-distinct-characters-equal,"Hash Table, String, Counting"
MEDIUM,Increment Submatrices by One,18.0,0.00738285607411712,https://leetcode.com/problems/increment-submatrices-by-one,"Array, Matrix, Prefix Sum"
HARD,Sum of Imbalance Numbers of All Subarrays,18.0,0.004383461868037703,https://leetcode.com/problems/sum-of-imbalance-numbers-of-all-subarrays,"Array, Hash Table, Enumeration"
MEDIUM,Minimum Absolute Difference Between Elements With Constraint,18.0,0.0038007509255288422,https://leetcode.com/problems/minimum-absolute-difference-between-elements-with-constraint,"Array, Binary Search, Ordered Set"
MEDIUM,Find Longest Special Substring That Occurs Thrice II,18.0,0.003943453799942787,https://leetcode.com/problems/find-longest-special-substring-that-occurs-thrice-ii,"Hash Table, String, Binary Search, Sliding Window, Counting"
MEDIUM,Minimum Number of Operations to Make Word K-Periodic,18.0,0.006101428301768074,https://leetcode.com/problems/minimum-number-of-operations-to-make-word-k-periodic,"Hash Table, String, Counting"
MEDIUM,Sum of Digit Differences of All Pairs,18.0,0.004292932136121823,https://leetcode.com/problems/sum-of-digit-differences-of-all-pairs,"Array, Hash Table, Math, Counting"
MEDIUM,Maximum Twin Sum of a Linked List,18.0,0.008326445715893268,https://leetcode.com/problems/maximum-twin-sum-of-a-linked-list,"Linked List, Two Pointers, Stack"
MEDIUM,Rectangle Area,18.0,0.005009191145751518,https://leetcode.com/problems/rectangle-area,"Math, Geometry"
MEDIUM,Strobogrammatic Number II,18.0,0.005354472463501491,https://leetcode.com/problems/strobogrammatic-number-ii,"Array, String, Recursion"
MEDIUM,Single Number III,18.0,0.00701445114960406,https://leetcode.com/problems/single-number-iii,"Array, Bit Manipulation"
MEDIUM,Minimum Consecutive Cards to Pick Up,18.0,0.005400817960768815,https://leetcode.com/problems/minimum-consecutive-cards-to-pick-up,"Array, Hash Table, Sliding Window"
MEDIUM,Design Phone Directory,18.0,0.005321893701811808,https://leetcode.com/problems/design-phone-directory,"Array, Hash Table, Linked List, Design, Queue"
MEDIUM,Strictly Palindromic Number,18.0,0.009038301705445072,https://leetcode.com/problems/strictly-palindromic-number,"Math, Two Pointers, Brainteaser"
EASY,Arranging Coins,18.0,0.0048503700938677145,https://leetcode.com/problems/arranging-coins,"Math, Binary Search"
EASY,Number of Valid Clock Times,18.0,0.004826657567966074,https://leetcode.com/problems/number-of-valid-clock-times,"String, Enumeration"
MEDIUM,Add Bold Tag in String,18.0,0.005148832416585635,https://leetcode.com/problems/add-bold-tag-in-string,"Array, Hash Table, String, Trie, String Matching, Aho–Corasick Algorithm"
MEDIUM,Maximum Length of Repeated Subarray,18.0,0.005153876045361006,https://leetcode.com/problems/maximum-length-of-repeated-subarray,"Array, Binary Search, Dynamic Programming, Sliding Window, Rolling Hash, Hash Function"
HARD,Cherry Pickup,18.0,0.0040270487618501005,https://leetcode.com/problems/cherry-pickup,"Array, Dynamic Programming, Matrix"
EASY,Counter II,18.0,0.008123832442794793,https://leetcode.com/problems/counter-ii,
HARD,Serialize and Deserialize N-ary Tree,18.0,0.0068937815924279945,https://leetcode.com/problems/serialize-and-deserialize-n-ary-tree,"String, Tree, Depth-First Search, Breadth-First Search"
EASY,Design HashSet,18.0,0.006836048700320157,https://leetcode.com/problems/design-hashset,"Array, Hash Table, Linked List, Design, Hash Function"
EASY,Fair Candy Swap,18.0,0.006547633690516674,https://leetcode.com/problems/fair-candy-swap,"Array, Hash Table, Binary Search, Sorting"
EASY,Find Common Characters,18.0,0.0074801277214917,https://leetcode.com/problems/find-common-characters,"Array, Hash Table, String"
MEDIUM,Maximum Length of Semi-Decreasing Subarrays,18.0,0.007003754331921448,https://leetcode.com/problems/maximum-length-of-semi-decreasing-subarrays,"Array, Stack, Sorting, Monotonic Stack"
MEDIUM,Last Person to Fit in the Bus,18.0,0.006973226243280447,https://leetcode.com/problems/last-person-to-fit-in-the-bus,Database
EASY,Subtract the Product and Sum of Digits of an Integer,18.0,0.008660759755260497,https://leetcode.com/problems/subtract-the-product-and-sum-of-digits-of-an-integer,Math
MEDIUM,Check If Array Pairs Are Divisible by k,18.0,0.0046209412956125465,https://leetcode.com/problems/check-if-array-pairs-are-divisible-by-k,"Array, Hash Table, Counting"
EASY,Shuffle String,18.0,0.008548685124442096,https://leetcode.com/problems/shuffle-string,"Array, String"
EASY,Matrix Diagonal Sum,18.0,0.008458162571884458,https://leetcode.com/problems/matrix-diagonal-sum,"Array, Matrix"
MEDIUM,Find Valid Matrix Given Row and Column Sums,18.0,0.008256660303132572,https://leetcode.com/problems/find-valid-matrix-given-row-and-column-sums,"Array, Greedy, Matrix, Flow Network"
EASY,Maximum Nesting Depth of the Parentheses,18.0,0.008504440517617907,https://leetcode.com/problems/maximum-nesting-depth-of-the-parentheses,"String, Stack, Bracket Sequences"
MEDIUM,Split Two Strings to Make Palindrome,18.0,0.003267583354773544,https://leetcode.com/problems/split-two-strings-to-make-palindrome,"Two Pointers, String"
EASY,Fix Names in a Table,18.0,0.0060643913278053685,https://leetcode.com/problems/fix-names-in-a-table,Database
EASY,Calculate Money in Leetcode Bank,18.0,0.008251361913156135,https://leetcode.com/problems/calculate-money-in-leetcode-bank,Math
EASY,Check if the Sentence Is Pangram,18.0,0.008430241646018107,https://leetcode.com/problems/check-if-the-sentence-is-pangram,"Hash Table, String"
EASY,Find Smallest Letter Greater Than Target,18.0,0.00595370019232332,https://leetcode.com/problems/find-smallest-letter-greater-than-target,"Array, Binary Search"
MEDIUM,Minimum Deletions to Make String Balanced,18.0,0.006815859339201876,https://leetcode.com/problems/minimum-deletions-to-make-string-balanced,"String, Dynamic Programming, Stack"
EASY,Excel Sheet Column Number,18.0,0.006827420363854645,https://leetcode.com/problems/excel-sheet-column-number,"Math, String"
EASY,Replace Elements with Greatest Element on Right Side,18.0,0.007253617613471451,https://leetcode.com/problems/replace-elements-with-greatest-element-on-right-side,Array
MEDIUM,Stone Game II,18.0,0.007573684950885547,https://leetcode.com/problems/stone-game-ii,"Array, Math, Dynamic Programming, Minimax, Prefix Sum, Game Theory, Zero-Sum Game"
MEDIUM,Minimum Genetic Mutation,18.0,0.0057061993362396935,https://leetcode.com/problems/minimum-genetic-mutation,"Hash Table, String, Breadth-First Search, Bidirectional Search"
HARD,Maximum Employees to Be Invited to a Meeting,18.0,0.006176909602709942,https://leetcode.com/problems/maximum-employees-to-be-invited-to-a-meeting,"Array, Dynamic Programming, Depth-First Search, Graph Theory, Topological Sort, Kosaraju's Algorithm, Tarjan's SCC Algorithm"
EASY,Count Hills and Valleys in an Array,18.0,0.00691227607815577,https://leetcode.com/problems/count-hills-and-valleys-in-an-array,Array
EASY,Defuse the Bomb,18.0,0.00794615259205531,https://leetcode.com/problems/defuse-the-bomb,"Array, Sliding Window"
MEDIUM,Combination Sum III,18.0,0.00736339116275295,https://leetcode.com/problems/combination-sum-iii,"Array, Backtracking"
MEDIUM,Bitwise ORs of Subarrays,18.0,0.0056961455594127285,https://leetcode.com/problems/bitwise-ors-of-subarrays,"Array, Dynamic Programming, Bit Manipulation"
MEDIUM,Minimum Limit of Balls in a Bag,18.0,0.0065968288285314656,https://leetcode.com/problems/minimum-limit-of-balls-in-a-bag,"Array, Binary Search"
EASY,Count Binary Substrings,18.0,0.0070533933233594415,https://leetcode.com/problems/count-binary-substrings,"Two Pointers, String"
MEDIUM,Minimum Operations to Make Binary Array Elements Equal to One I,18.0,0.008026135235339836,https://leetcode.com/problems/minimum-operations-to-make-binary-array-elements-equal-to-one-i,"Array, Bit Manipulation, Queue, Sliding Window, Prefix Sum"
HARD,Special Binary String,18.0,0.007943574057109139,https://leetcode.com/problems/special-binary-string,"String, Divide and Conquer, Sorting"
MEDIUM,Minimum Number of Flips to Make Binary Grid Palindromic II,18.0,0.0025553040231939316,https://leetcode.com/problems/minimum-number-of-flips-to-make-binary-grid-palindromic-ii,"Array, Two Pointers, Matrix"
MEDIUM,Maximum Value of an Ordered Triplet II,18.0,0.005625126980012471,https://leetcode.com/problems/maximum-value-of-an-ordered-triplet-ii,"Array, Prefix Sum"
EASY,Longest Continuous Increasing Subsequence,18.0,0.005233019563091903,https://leetcode.com/problems/longest-continuous-increasing-subsequence,Array
EASY,Find Words Containing Character,18.0,0.009041332473412428,https://leetcode.com/problems/find-words-containing-character,"Array, String"
EASY,Count Odd Numbers in an Interval Range,18.0,0.005476911763454866,https://leetcode.com/problems/count-odd-numbers-in-an-interval-range,Math
MEDIUM,Best Time to Buy and Sell Stock V,18.0,0.0060574493136522885,https://leetcode.com/problems/best-time-to-buy-and-sell-stock-v,"Array, Dynamic Programming"
HARD,Find the Original Typed String II,18.0,0.004544575392629651,https://leetcode.com/problems/find-the-original-typed-string-ii,"String, Dynamic Programming, Prefix Sum"
MEDIUM,Range Product Queries of Powers,18.0,0.006120184318642893,https://leetcode.com/problems/range-product-queries-of-powers,"Array, Bit Manipulation, Prefix Sum"
MEDIUM,Number of People Aware of a Secret,18.0,0.006061813760697001,https://leetcode.com/problems/number-of-people-aware-of-a-secret,"Dynamic Programming, Queue, Simulation"
HARD,Maximize Alternating Sum Using Swaps,18.0,0.006256459330143541,https://leetcode.com/problems/maximize-alternating-sum-using-swaps,"Array, Greedy, Union-Find, Sorting"
MEDIUM,Split Array With Minimum Difference,18.0,0.0033590761574204563,https://leetcode.com/problems/split-array-with-minimum-difference,"Array, Prefix Sum"
MEDIUM,Maximum Product of Splitted Binary Tree,18.0,0.005577105635653199,https://leetcode.com/problems/maximum-product-of-splitted-binary-tree,"Tree, Depth-First Search, Binary Tree"
EASY,Minimum Number of Pushes to Type Word I,18.0,0.0077410090566739885,https://leetcode.com/problems/minimum-number-of-pushes-to-type-word-i,"Math, String, Greedy"
EASY,Trionic Array I,18.0,0.004951499259823099,https://leetcode.com/problems/trionic-array-i,Array
MEDIUM,Minimum Bitwise OR From Grid,18.0,0.00275656657793332,https://leetcode.com/problems/minimum-bitwise-or-from-grid,"Array, Greedy, Bit Manipulation, Matrix"
MEDIUM,Bitwise AND of Numbers Range,16.4,0.004902150032034625,https://leetcode.com/problems/bitwise-and-of-numbers-range,Bit Manipulation
EASY,Strobogrammatic Number,16.4,0.00474989761760621,https://leetcode.com/problems/strobogrammatic-number,"Hash Table, Two Pointers, String"
EASY,Palindrome Permutation,16.4,0.006869682902338577,https://leetcode.com/problems/palindrome-permutation,"Hash Table, String, Bit Manipulation"
MEDIUM,Zigzag Iterator,16.4,0.006713600037144299,https://leetcode.com/problems/zigzag-iterator,"Array, Design, Queue, Iterator"
MEDIUM,Unique Word Abbreviation,16.4,0.002800790215862203,https://leetcode.com/problems/unique-word-abbreviation,"Array, Hash Table, String, Design"
EASY,Flip Game,16.4,0.006507301737267775,https://leetcode.com/problems/flip-game,String
MEDIUM,Flip Game II,16.4,0.005235930439545392,https://leetcode.com/problems/flip-game-ii,"Math, Dynamic Programming, Backtracking, Memoization, Minimax, Game Theory, Sprague–Grundy Theorem, Impartial Game"
HARD,Remove Invalid Parentheses,16.4,0.0050095290590042064,https://leetcode.com/problems/remove-invalid-parentheses,"String, Backtracking, Breadth-First Search"
MEDIUM,Generalized Abbreviation,16.4,0.006091552323990461,https://leetcode.com/problems/generalized-abbreviation,"String, Backtracking, Bit Manipulation"
MEDIUM,Bomb Enemy,16.4,0.005285049077488541,https://leetcode.com/problems/bomb-enemy,"Array, Dynamic Programming, Matrix"
HARD,Minimum Unique Word Abbreviation,16.4,0.004055345461978741,https://leetcode.com/problems/minimum-unique-word-abbreviation,"Array, String, Backtracking, Bit Manipulation"
EASY,Valid Word Square,16.4,0.004292748273398429,https://leetcode.com/problems/valid-word-square,"Array, Matrix"
HARD,Word Squares,16.4,0.005474449227322753,https://leetcode.com/problems/word-squares,"Array, String, Backtracking, Trie"
MEDIUM,Convex Polygon,16.4,0.0040267332148229175,https://leetcode.com/problems/convex-polygon,"Array, Math, Geometry, Polygons"
HARD,Encode String with Shortest Length,16.4,0.005057682058998715,https://leetcode.com/problems/encode-string-with-shortest-length,"String, Dynamic Programming"
MEDIUM,Find Permutation,16.4,0.006674135723431498,https://leetcode.com/problems/find-permutation,"Array, String, Stack, Greedy"
MEDIUM,Count Subarrays With More Ones Than Zeros,16.4,0.004969776609724048,https://leetcode.com/problems/count-subarrays-with-more-ones-than-zeros,"Array, Hash Table, Binary Search, Divide and Conquer, Binary Indexed Tree, Segment Tree, Merge Sort, Ordered Set"
EASY,Longest Uncommon Subsequence I,16.4,0.006254527455432554,https://leetcode.com/problems/longest-uncommon-subsequence-i,String
MEDIUM,Lonely Pixel I,16.4,0.006269768875984429,https://leetcode.com/problems/lonely-pixel-i,"Array, Hash Table, Matrix"
MEDIUM,Lonely Pixel II,16.4,0.0048868198225550715,https://leetcode.com/problems/lonely-pixel-ii,"Array, Hash Table, Matrix"
MEDIUM,Binary Tree Longest Consecutive Sequence II,16.4,0.005017455300278342,https://leetcode.com/problems/binary-tree-longest-consecutive-sequence-ii,"Tree, Depth-First Search, Binary Tree, DP on Trees"
EASY,Reverse Words in a String III,16.4,0.00841215588263049,https://leetcode.com/problems/reverse-words-in-a-string-iii,"Two Pointers, String"
HARD,Maximum Vacation Days,16.4,0.004679958145343669,https://leetcode.com/problems/maximum-vacation-days,"Array, Dynamic Programming, Matrix"
HARD,Median Employee Salary,16.4,0.006580455066295631,https://leetcode.com/problems/median-employee-salary,Database
HARD,Maximum Average Subarray II,16.4,0.003785335474140028,https://leetcode.com/problems/maximum-average-subarray-ii,"Array, Binary Search, Prefix Sum"
MEDIUM,4 Keys Keyboard,16.4,0.005647777674389752,https://leetcode.com/problems/4-keys-keyboard,"Math, Dynamic Programming"
HARD,Coin Path,16.4,0.003437555341295921,https://leetcode.com/problems/coin-path,"Array, Dynamic Programming"
MEDIUM,Longest Univalue Path,16.4,0.004433913064915904,https://leetcode.com/problems/longest-univalue-path,"Tree, Depth-First Search, Binary Tree, DP on Trees"
MEDIUM,Employee Importance,16.4,0.006971830607263069,https://leetcode.com/problems/employee-importance,"Array, Hash Table, Tree, Depth-First Search, Breadth-First Search"
MEDIUM,Bold Words in String,16.4,0.005349291646311676,https://leetcode.com/problems/bold-words-in-string,"Array, Hash Table, String, Trie, String Matching, Aho–Corasick Algorithm"
HARD,Transform to Chessboard,16.4,0.005164680831785439,https://leetcode.com/problems/transform-to-chessboard,"Array, Math, Bit Manipulation, Matrix"
EASY,Similar RGB Color,16.4,0.0067970571095571095,https://leetcode.com/problems/similar-rgb-color,"Math, String, Enumeration"
MEDIUM,Ambiguous Coordinates,16.4,0.005638420724094881,https://leetcode.com/problems/ambiguous-coordinates,"String, Backtracking, Enumeration"
HARD,Random Pick with Blacklist,16.4,0.003537532244472606,https://leetcode.com/problems/random-pick-with-blacklist,"Array, Hash Table, Math, Binary Search, Sorting, Randomized"
MEDIUM,Random Flip Matrix,16.4,0.0046678752513950655,https://leetcode.com/problems/random-flip-matrix,"Hash Table, Math, Reservoir Sampling, Randomized"
MEDIUM,Complete Binary Tree Inserter,16.4,0.0065193807317584715,https://leetcode.com/problems/complete-binary-tree-inserter,"Tree, Breadth-First Search, Design, Binary Tree"
MEDIUM,Array of Doubled Pairs,16.4,0.003996992202005199,https://leetcode.com/problems/array-of-doubled-pairs,"Array, Hash Table, Greedy, Sorting"
MEDIUM,Shortest Way to Form String,16.4,0.006175896962133368,https://leetcode.com/problems/shortest-way-to-form-string,"Two Pointers, String, Binary Search, Greedy"
MEDIUM,Campus Bikes II,16.4,0.005584477092596173,https://leetcode.com/problems/campus-bikes-ii,"Array, Dynamic Programming, Backtracking, Bit Manipulation, Bitmask, Hungarian Algorithm, Bipartite Graph, Successive Shortest Path Algorithm, Matching (Graph), Minimum-Cost Flow, Flow Network"
MEDIUM,Brace Expansion,16.4,0.006686883556602384,https://leetcode.com/problems/brace-expansion,"String, Backtracking, Stack, Breadth-First Search, Sorting"
HARD,Confusing Number II,16.4,0.00471448633723698,https://leetcode.com/problems/confusing-number-ii,"Math, Backtracking"
MEDIUM,Camelcase Matching,16.4,0.006591062508437964,https://leetcode.com/problems/camelcase-matching,"Array, Two Pointers, String, Trie, String Matching"
HARD,Divide Array Into Increasing Sequences,16.4,0.006539311930662421,https://leetcode.com/problems/divide-array-into-increasing-sequences,"Array, Counting"
HARD,String Transforms Into Another String,16.4,0.003462115315246901,https://leetcode.com/problems/string-transforms-into-another-string,"Hash Table, String, Graph Theory"
MEDIUM,Shortest Distance to Target Color,16.4,0.005654232951839201,https://leetcode.com/problems/shortest-distance-to-target-color,"Array, Binary Search, Dynamic Programming"
HARD,Optimize Water Distribution in a Village,16.4,0.006560018959592368,https://leetcode.com/problems/optimize-water-distribution-in-a-village,"Union-Find, Graph Theory, Heap (Priority Queue), Minimum Spanning Tree, Prim's Algorithm, Kruskal's Algorithm, Borůvka's Algorithm"
HARD,Number of Submatrices That Sum to Target,16.4,0.007468097139479604,https://leetcode.com/problems/number-of-submatrices-that-sum-to-target,"Array, Hash Table, Matrix, Prefix Sum"
EASY,Occurrences After Bigram,16.4,0.006403844714877522,https://leetcode.com/problems/occurrences-after-bigram,String
HARD,Minimum Time to Build Blocks,16.4,0.004921349595349367,https://leetcode.com/problems/minimum-time-to-build-blocks,"Array, Math, Greedy, Heap (Priority Queue)"
MEDIUM,Largest Values From Labels,16.4,0.006459199488302295,https://leetcode.com/problems/largest-values-from-labels,"Array, Hash Table, Greedy, Sorting, Counting"
MEDIUM,Tree Diameter,16.4,0.006125671756376354,https://leetcode.com/problems/tree-diameter,"Tree, Depth-First Search, Breadth-First Search, Graph Theory, Topological Sort, DP on Trees"
EASY,Mean of Array After Removing Some Elements,16.4,0.007214457792234128,https://leetcode.com/problems/mean-of-array-after-removing-some-elements,"Array, Sorting"
MEDIUM,Iterator for Combination,16.4,0.0072727666842967754,https://leetcode.com/problems/iterator-for-combination,"String, Backtracking, Design, Iterator"
MEDIUM,Sequential Digits,16.4,0.0068642383022618925,https://leetcode.com/problems/sequential-digits,Enumeration
MEDIUM,Decrease Elements To Make Array Zigzag,16.4,0.0049599926423250255,https://leetcode.com/problems/decrease-elements-to-make-array-zigzag,"Array, Greedy"
MEDIUM,Binary Tree Coloring Game,16.4,0.00530952514541136,https://leetcode.com/problems/binary-tree-coloring-game,"Tree, Depth-First Search, Binary Tree"
MEDIUM,Compare Strings by Frequency of the Smallest Character,16.4,0.006356093425628634,https://leetcode.com/problems/compare-strings-by-frequency-of-the-smallest-character,"Array, Hash Table, String, Binary Search, Sorting"
EASY,Distance Between Bus Stops,16.4,0.005678855160676354,https://leetcode.com/problems/distance-between-bus-stops,Array
HARD,Design Skiplist,16.4,0.0059775390923834885,https://leetcode.com/problems/design-skiplist,"Linked List, Design"
MEDIUM,Maximum Font to Fit a Sentence in a Screen,16.4,0.006187108835243437,https://leetcode.com/problems/maximum-font-to-fit-a-sentence-in-a-screen,"Array, String, Binary Search, Interactive"
MEDIUM,Find Elements in a Contaminated Binary Tree,16.4,0.008413988550239079,https://leetcode.com/problems/find-elements-in-a-contaminated-binary-tree,"Hash Table, Tree, Depth-First Search, Breadth-First Search, Design, Binary Tree"
MEDIUM,Minimum Path Cost in a Grid,16.4,0.006842155612244898,https://leetcode.com/problems/minimum-path-cost-in-a-grid,"Array, Dynamic Programming, Matrix"
MEDIUM,All People Report to the Given Manager,16.4,0.00838011789463321,https://leetcode.com/problems/all-people-report-to-the-given-manager,Database
HARD,Minimum Number of Taps to Open to Water a Garden,16.4,0.005106341685817617,https://leetcode.com/problems/minimum-number-of-taps-to-open-to-water-a-garden,"Array, Dynamic Programming, Greedy"
MEDIUM,Circle and Rectangle Overlapping,16.4,0.005041549043775595,https://leetcode.com/problems/circle-and-rectangle-overlapping,"Math, Geometry"
MEDIUM,Diagonal Traverse II,16.4,0.0058344710776800325,https://leetcode.com/problems/diagonal-traverse-ii,"Array, Sorting, Heap (Priority Queue)"
MEDIUM,People Whose List of Favorite Companies Is Not a Subset of Another List,16.4,0.006079674362738556,https://leetcode.com/problems/people-whose-list-of-favorite-companies-is-not-a-subset-of-another-list,"Array, Hash Table, String"
MEDIUM,The k Strongest Values in an Array,16.4,0.006286450822496459,https://leetcode.com/problems/the-k-strongest-values-in-an-array,"Array, Two Pointers, Sorting"
MEDIUM,Number of Substrings With Only 1s,16.4,0.005735682171004447,https://leetcode.com/problems/number-of-substrings-with-only-1s,"Math, String"
MEDIUM,Maximum Number of Non-Overlapping Subarrays With Sum Equals Target,16.4,0.00492565326002194,https://leetcode.com/problems/maximum-number-of-non-overlapping-subarrays-with-sum-equals-target,"Array, Hash Table, Greedy, Prefix Sum"
HARD,Move Sub-Tree of N-Ary Tree,16.4,0.0059843885516045105,https://leetcode.com/problems/move-sub-tree-of-n-ary-tree,"Tree, Depth-First Search"
MEDIUM,Guess the Majority in a Hidden Array,16.4,0.006902047162477326,https://leetcode.com/problems/guess-the-majority-in-a-hidden-array,"Array, Math, Interactive, Boyer–Moore Majority Vote Algorithm"
MEDIUM,Find Latest Group of Size M,16.4,0.004406011314070209,https://leetcode.com/problems/find-latest-group-of-size-m,"Array, Hash Table, Binary Search, Simulation"
HARD,The Most Similar Path in a Graph,16.4,0.00594616963517182,https://leetcode.com/problems/the-most-similar-path-in-a-graph,"Array, String, Dynamic Programming, Graph Theory"
MEDIUM,Put Boxes Into the Warehouse I,16.4,0.006795081704067546,https://leetcode.com/problems/put-boxes-into-the-warehouse-i,"Array, Greedy, Sorting"
HARD,Check If String Is Transformable With Substring Sort Operations,16.4,0.005170564173805665,https://leetcode.com/problems/check-if-string-is-transformable-with-substring-sort-operations,"String, Greedy, Sorting"
MEDIUM,Put Boxes Into the Warehouse II,16.4,0.006653954568064997,https://leetcode.com/problems/put-boxes-into-the-warehouse-ii,"Array, Greedy, Sorting"
MEDIUM,Find Nearest Right Node in Binary Tree,16.4,0.007510711735301118,https://leetcode.com/problems/find-nearest-right-node-in-binary-tree,"Tree, Breadth-First Search, Binary Tree"
MEDIUM,Check If Two Expression Trees are Equivalent,16.4,0.007181759063566899,https://leetcode.com/problems/check-if-two-expression-trees-are-equivalent,"Hash Table, Tree, Depth-First Search, Binary Tree, Counting"
MEDIUM,Correct a Binary Tree,16.4,0.007414731835534138,https://leetcode.com/problems/correct-a-binary-tree,"Hash Table, Tree, Depth-First Search, Breadth-First Search, Binary Tree"
MEDIUM,Change the Root of a Binary Tree,16.4,0.007444335698556398,https://leetcode.com/problems/change-the-root-of-a-binary-tree,"Tree, Depth-First Search, Binary Tree"
HARD,Count Ways to Distribute Candies,16.4,0.006404494382022472,https://leetcode.com/problems/count-ways-to-distribute-candies,Dynamic Programming
EASY,Largest Subarray Length K,16.4,0.0065967858869018835,https://leetcode.com/problems/largest-subarray-length-k,"Array, Greedy"
MEDIUM,Change Minimum Characters to Satisfy One of Three Conditions,16.4,0.003824567675052505,https://leetcode.com/problems/change-minimum-characters-to-satisfy-one-of-three-conditions,"Hash Table, String, Counting, Prefix Sum"
HARD,Checking Existence of Edge Length Limited Paths II,16.4,0.005115104533709185,https://leetcode.com/problems/checking-existence-of-edge-length-limited-paths-ii,"Depth-First Search, Union-Find, Graph Theory, Design, Sorting, Heap (Priority Queue), Minimum Spanning Tree"
HARD,Tree of Coprimes,16.4,0.00447653858726338,https://leetcode.com/problems/tree-of-coprimes,"Array, Math, Tree, Depth-First Search, Number Theory"
MEDIUM,Maximum Score From Removing Stones,16.4,0.006868950570154915,https://leetcode.com/problems/maximum-score-from-removing-stones,"Math, Greedy, Heap (Priority Queue)"
MEDIUM,Closest Dessert Cost,16.4,0.00489341871134083,https://leetcode.com/problems/closest-dessert-cost,"Array, Dynamic Programming, Backtracking, Knapsack Problem, Mixed Knapsack"
MEDIUM,Design Most Recently Used Queue,16.4,0.007831842275009115,https://leetcode.com/problems/design-most-recently-used-queue,"Array, Linked List, Divide and Conquer, Design, Simulation, Doubly-Linked List, Sqrt Decomposition, Treap, Splay Tree"
HARD,Find the Subtasks That Did Not Execute,16.4,0.0078504889644776,https://leetcode.com/problems/find-the-subtasks-that-did-not-execute,Database
MEDIUM,Minimum Number of Operations to Reinitialize a Permutation,16.4,0.007274946505530273,https://leetcode.com/problems/minimum-number-of-operations-to-reinitialize-a-permutation,"Array, Math, Simulation"
MEDIUM,Count Pairs of Equal Substrings With Minimum Difference,16.4,0.006412906478447189,https://leetcode.com/problems/count-pairs-of-equal-substrings-with-minimum-difference,"Hash Table, String, Greedy"
EASY,Find Customers With Positive Revenue this Year,16.4,0.00876222318913596,https://leetcode.com/problems/find-customers-with-positive-revenue-this-year,Database
MEDIUM,Minimum Adjacent Swaps to Reach the Kth Smallest Number,16.4,0.00718058089649391,https://leetcode.com/problems/minimum-adjacent-swaps-to-reach-the-kth-smallest-number,"Two Pointers, String, Greedy"
HARD,Number of Ways to Rearrange Sticks With K Sticks Visible,16.4,0.006237683539412674,https://leetcode.com/problems/number-of-ways-to-rearrange-sticks-with-k-sticks-visible,"Math, Dynamic Programming, Combinatorics"
MEDIUM,Minimum Speed to Arrive on Time,16.4,0.004809035197711177,https://leetcode.com/problems/minimum-speed-to-arrive-on-time,"Array, Binary Search"
HARD,Minimum Cost to Change the Final Value of Expression,16.4,0.00499779288425885,https://leetcode.com/problems/minimum-cost-to-change-the-final-value-of-expression,"Math, String, Dynamic Programming, Stack"
MEDIUM,Longest Word With All Prefixes,16.4,0.007307881883765739,https://leetcode.com/problems/longest-word-with-all-prefixes,"Array, String, Depth-First Search, Trie"
HARD,Minimum Skips to Arrive at Meeting On Time,16.4,0.0039021981796324916,https://leetcode.com/problems/minimum-skips-to-arrive-at-meeting-on-time,"Array, Dynamic Programming"
MEDIUM,Minimize Product Sum of Two Arrays,16.4,0.008970259703993295,https://leetcode.com/problems/minimize-product-sum-of-two-arrays,"Array, Greedy, Sorting"
MEDIUM,Minimum Absolute Difference Queries,16.4,0.004610127467497377,https://leetcode.com/problems/minimum-absolute-difference-queries,"Array, Prefix Sum"
MEDIUM,Longest Common Subsequence Between Sorted Arrays,16.4,0.008097074895531985,https://leetcode.com/problems/longest-common-subsequence-between-sorted-arrays,"Array, Hash Table, Counting"
HARD,Erect the Fence II,16.4,0.005148662041625372,https://leetcode.com/problems/erect-the-fence-ii,"Array, Math, Geometry, Minimum Enclosing Circle"
HARD,Process Restricted Friend Requests,16.4,0.006150491925411399,https://leetcode.com/problems/process-restricted-friend-requests,"Union-Find, Graph Theory"
MEDIUM,Paths in Maze That Lead to Same Room,16.4,0.00564873949579832,https://leetcode.com/problems/paths-in-maze-that-lead-to-same-room,Graph Theory
MEDIUM,Watering Plants II,16.4,0.004897483011053752,https://leetcode.com/problems/watering-plants-ii,"Array, Two Pointers, Simulation"
HARD,Recover the Original Array,16.4,0.004186554090922145,https://leetcode.com/problems/recover-the-original-array,"Array, Hash Table, Two Pointers, Sorting, Enumeration"
MEDIUM,Count Words Obtained After Adding a Letter,16.4,0.004419039071631325,https://leetcode.com/problems/count-words-obtained-after-adding-a-letter,"Array, Hash Table, String, Bit Manipulation, Sorting"
MEDIUM,All Divisions With the Highest Score of a Binary Array,16.4,0.00657258343121675,https://leetcode.com/problems/all-divisions-with-the-highest-score-of-a-binary-array,Array
MEDIUM,Remove All Ones With Row and Column Flips,16.4,0.007620284666433811,https://leetcode.com/problems/remove-all-ones-with-row-and-column-flips,"Array, Math, Bit Manipulation, Matrix"
HARD,Minimum White Tiles After Covering With Carpets,16.4,0.003929730983302411,https://leetcode.com/problems/minimum-white-tiles-after-covering-with-carpets,"String, Dynamic Programming, Prefix Sum"
MEDIUM,Remove All Ones With Row and Column Flips II,16.4,0.006691329479768785,https://leetcode.com/problems/remove-all-ones-with-row-and-column-flips-ii,"Array, Bit Manipulation, Breadth-First Search, Matrix"
EASY,Minimum Number of Operations to Convert Time,16.4,0.006647596988998263,https://leetcode.com/problems/minimum-number-of-operations-to-convert-time,"String, Greedy"
HARD, Check if There Is a Valid Parentheses String Path,16.4,0.004063702518383053,https://leetcode.com/problems/check-if-there-is-a-valid-parentheses-string-path,"Array, Dynamic Programming, Matrix, Bracket Sequences"
MEDIUM,Design an ATM Machine,16.4,0.004593550059503471,https://leetcode.com/problems/design-an-atm-machine,"Array, Greedy, Design"
MEDIUM,Maximum White Tiles Covered by a Carpet,16.4,0.003633846686277903,https://leetcode.com/problems/maximum-white-tiles-covered-by-a-carpet,"Array, Binary Search, Greedy, Sliding Window, Sorting, Prefix Sum"
MEDIUM,Minimum Lines to Represent a Line Chart,16.4,0.002732304870459533,https://leetcode.com/problems/minimum-lines-to-represent-a-line-chart,"Array, Math, Geometry, Sorting, Number Theory"
HARD,Booking Concert Tickets in Groups,16.4,0.002005113504299992,https://leetcode.com/problems/booking-concert-tickets-in-groups,"Binary Search, Design, Binary Indexed Tree, Segment Tree"
MEDIUM,Count Positions on Street With Required Brightness,16.4,0.006328439497987213,https://leetcode.com/problems/count-positions-on-street-with-required-brightness,"Array, Prefix Sum"
HARD,Design Video Sharing Platform,16.4,0.006440157825515125,https://leetcode.com/problems/design-video-sharing-platform,"Hash Table, Design, Heap (Priority Queue)"
HARD,Minimum Flips in Binary Tree to Get Result,16.4,0.0056636228498619665,https://leetcode.com/problems/minimum-flips-in-binary-tree-to-get-result,"Dynamic Programming, Tree, Depth-First Search, Binary Tree"
HARD,Subarray With Elements Greater Than Varying Threshold,16.4,0.004589472143623768,https://leetcode.com/problems/subarray-with-elements-greater-than-varying-threshold,"Array, Stack, Union-Find, Monotonic Stack"
HARD,Shortest Impossible Sequence of Rolls,16.4,0.006922831858407079,https://leetcode.com/problems/shortest-impossible-sequence-of-rolls,"Array, Hash Table, Greedy"
HARD,Sort Array by Moving Items to Empty Space,16.4,0.004593796159527326,https://leetcode.com/problems/sort-array-by-moving-items-to-empty-space,"Array, Hash Table, Sorting"
HARD,Minimize Maximum Value in a Grid,16.4,0.006975663111840307,https://leetcode.com/problems/minimize-maximum-value-in-a-grid,"Array, Union-Find, Graph Theory, Topological Sort, Sorting, Matrix"
HARD,Count Subarrays With Median K,16.4,0.004931693379168713,https://leetcode.com/problems/count-subarrays-with-median-k,"Array, Hash Table, Prefix Sum"
EASY,Extract Kth Character From The Rope Tree,16.4,0.007322823462576339,https://leetcode.com/problems/extract-kth-character-from-the-rope-tree,"Tree, Depth-First Search, Binary Tree"
EASY,Count Houses in a Circular Street,16.4,0.008605282646260183,https://leetcode.com/problems/count-houses-in-a-circular-street,"Array, Interactive"
MEDIUM,Count Pairs of Points With Distance k,16.4,0.0033344415683108125,https://leetcode.com/problems/count-pairs-of-points-with-distance-k,"Array, Hash Table, Bit Manipulation"
MEDIUM,Determine if a Cell Is Reachable at a Given Time,16.4,0.0037628949411201216,https://leetcode.com/problems/determine-if-a-cell-is-reachable-at-a-given-time,Math
MEDIUM,Minimum Increment Operations to Make Array Beautiful,16.4,0.0034706993592614954,https://leetcode.com/problems/minimum-increment-operations-to-make-array-beautiful,"Array, Dynamic Programming"
EASY,Find Champion I,16.4,0.007315028406469557,https://leetcode.com/problems/find-champion-i,"Array, Matrix"
MEDIUM,Maximum Score After Applying Operations on a Tree,16.4,0.004765315941409174,https://leetcode.com/problems/maximum-score-after-applying-operations-on-a-tree,"Dynamic Programming, Tree, Depth-First Search, DP on Trees"
HARD,Count the Number of Good Partitions,16.4,0.005037474181174387,https://leetcode.com/problems/count-the-number-of-good-partitions,"Array, Hash Table, Math, Combinatorics"
MEDIUM,Number of Equal Numbers Blocks,16.4,0.006254023273087398,https://leetcode.com/problems/number-of-equal-numbers-blocks,"Array, Binary Search, Interactive"
MEDIUM,Minimum Cost to Make Array Equalindromic,16.4,0.002351089756980712,https://leetcode.com/problems/minimum-cost-to-make-array-equalindromic,"Array, Math, Binary Search, Greedy, Sorting"
HARD,Maximize Consecutive Elements in an Array After Modification,16.4,0.0033756359525155457,https://leetcode.com/problems/maximize-consecutive-elements-in-an-array-after-modification,"Array, Dynamic Programming, Sorting"
MEDIUM,Most Frequent Prime,16.4,0.004637551078253065,https://leetcode.com/problems/most-frequent-prime,"Array, Hash Table, Math, Matrix, Counting, Enumeration, Number Theory, Primality Test, Sieve Theory, Prime Number Sieve"
EASY,Latest Time You Can Obtain After Replacing Characters,16.4,0.003555243516127146,https://leetcode.com/problems/latest-time-you-can-obtain-after-replacing-characters,"String, Enumeration"
HARD,Minimum Sum of Values by Dividing Array,16.4,0.002816260042205028,https://leetcode.com/problems/minimum-sum-of-values-by-dividing-array,"Array, Binary Search, Dynamic Programming, Bit Manipulation, Segment Tree, Queue"
EASY,Smallest Index With Equal Value,16.4,0.007355628135946227,https://leetcode.com/problems/smallest-index-with-equal-value,Array
MEDIUM,Compare Version Numbers,16.4,0.004686017136318197,https://leetcode.com/problems/compare-version-numbers,"Two Pointers, String"
EASY,Rings and Rods,16.4,0.008156581019926825,https://leetcode.com/problems/rings-and-rods,"Hash Table, String"
HARD,Maximum Running Time of N Computers,16.4,0.005637855381633987,https://leetcode.com/problems/maximum-running-time-of-n-computers,"Array, Binary Search, Greedy, Sorting"
HARD,Amount of New Area Painted Each Day,16.4,0.005569324682689261,https://leetcode.com/problems/amount-of-new-area-painted-each-day,"Array, Segment Tree, Ordered Set"
MEDIUM,Ugly Number II,16.4,0.004976032891737942,https://leetcode.com/problems/ugly-number-ii,"Hash Table, Math, Dynamic Programming, Heap (Priority Queue)"
EASY,Largest 3-Same-Digit Number in String,16.4,0.007266042166856903,https://leetcode.com/problems/largest-3-same-digit-number-in-string,String
EASY,Convert a Number to Hexadecimal,16.4,0.005473479095892075,https://leetcode.com/problems/convert-a-number-to-hexadecimal,"Math, String, Bit Manipulation"
EASY,Number of Unique Subjects Taught by Each Teacher,16.4,0.008926157034128707,https://leetcode.com/problems/number-of-unique-subjects-taught-by-each-teacher,Database
EASY,Number of Common Factors,16.4,0.008041506457655527,https://leetcode.com/problems/number-of-common-factors,"Math, Enumeration, Number Theory, Euclidean Algorithm, Greatest Common Divisor"
EASY,Keyboard Row,16.4,0.007427276582438434,https://leetcode.com/problems/keyboard-row,"Array, Hash Table, String"
MEDIUM,K-diff Pairs in an Array,16.4,0.0046237907485070645,https://leetcode.com/problems/k-diff-pairs-in-an-array,"Array, Hash Table, Two Pointers, Binary Search, Sorting"
MEDIUM,Delete and Earn,16.4,0.005747832037080489,https://leetcode.com/problems/delete-and-earn,"Array, Hash Table, Dynamic Programming"
HARD,Find the Shortest Superstring,16.4,0.004569844789356984,https://leetcode.com/problems/find-the-shortest-superstring,"Array, String, Dynamic Programming, Bit Manipulation, Bitmask, Hamiltonian Path"
HARD,Minimum Number of K Consecutive Bit Flips,16.4,0.006240371506475801,https://leetcode.com/problems/minimum-number-of-k-consecutive-bit-flips,"Array, Bit Manipulation, Queue, Sliding Window, Prefix Sum, Brute-Force Search"
MEDIUM,Product Sales Analysis III,16.4,0.004641110019000224,https://leetcode.com/problems/product-sales-analysis-iii,Database
EASY,Relative Sort Array,16.4,0.007538589530040575,https://leetcode.com/problems/relative-sort-array,"Array, Hash Table, Sorting, Counting Sort, Quicksort, Bubble Sort"
MEDIUM,Number of Dice Rolls With Target Sum,16.4,0.006255759270714747,https://leetcode.com/problems/number-of-dice-rolls-with-target-sum,Dynamic Programming
MEDIUM,Find Positive Integer Solution for a Given Equation,16.4,0.007014248169391231,https://leetcode.com/problems/find-positive-integer-solution-for-a-given-equation,"Math, Two Pointers, Binary Search, Interactive"
MEDIUM,Maximize Total Cost of Alternating Subarrays,16.4,0.0029804728802501628,https://leetcode.com/problems/maximize-total-cost-of-alternating-subarrays,"Array, Dynamic Programming"
HARD,Maximum Sum BST in Binary Tree,16.4,0.004863393207776307,https://leetcode.com/problems/maximum-sum-bst-in-binary-tree,"Dynamic Programming, Tree, Depth-First Search, Binary Search Tree, Binary Tree, DP on Trees"
HARD,Frog Position After T Seconds,16.4,0.003878083511686008,https://leetcode.com/problems/frog-position-after-t-seconds,"Tree, Depth-First Search, Breadth-First Search, Graph Theory"
EASY,Replace All Digits with Characters,16.4,0.00828870683397283,https://leetcode.com/problems/replace-all-digits-with-characters,String
MEDIUM,Count the Number of Substrings With Dominant Ones,16.4,0.004199969522648481,https://leetcode.com/problems/count-the-number-of-substrings-with-dominant-ones,"String, Enumeration"
EASY,Find Followers Count,16.4,0.00696091430354146,https://leetcode.com/problems/find-followers-count,Database
MEDIUM,Minimum Moves to Equal Array Elements,16.4,0.005901813995165458,https://leetcode.com/problems/minimum-moves-to-equal-array-elements,"Array, Math"
MEDIUM,Additive Number,16.4,0.003428211138067629,https://leetcode.com/problems/additive-number,"String, Backtracking"
MEDIUM,Split Linked List in Parts,16.4,0.007069242656625373,https://leetcode.com/problems/split-linked-list-in-parts,Linked List
MEDIUM,Make Sum Divisible by P,16.4,0.004259493888233199,https://leetcode.com/problems/make-sum-divisible-by-p,"Array, Hash Table, Prefix Sum"
HARD,Sorted GCD Pair Queries,16.4,0.00581872852233677,https://leetcode.com/problems/sorted-gcd-pair-queries,"Array, Hash Table, Math, Binary Search, Combinatorics, Counting, Number Theory, Prefix Sum, Euclidean Algorithm, Greatest Common Divisor"
MEDIUM,Minimum Number of Swaps to Make the String Balanced,16.4,0.007804381096665481,https://leetcode.com/problems/minimum-number-of-swaps-to-make-the-string-balanced,"Two Pointers, String, Stack, Greedy, Bracket Sequences"
HARD,Remove Boxes,16.4,0.004964726764037846,https://leetcode.com/problems/remove-boxes,"Array, Dynamic Programming, Memoization"
MEDIUM,Meeting Scheduler,16.4,0.005520939734422881,https://leetcode.com/problems/meeting-scheduler,"Array, Two Pointers, Sorting"
MEDIUM,Longest Happy String,16.4,0.00655384955649198,https://leetcode.com/problems/longest-happy-string,"String, Greedy, Heap (Priority Queue)"
MEDIUM,Find Minimum Time to Reach Last Room I,16.4,0.005548441370285554,https://leetcode.com/problems/find-minimum-time-to-reach-last-room-i,"Array, Graph Theory, Heap (Priority Queue), Matrix, Shortest Path"
MEDIUM,Maximum Gap,16.4,0.00528245519522236,https://leetcode.com/problems/maximum-gap,"Array, Sorting, Bucket Sort, Radix Sort, Pigeonhole Principle"
MEDIUM,Lowest Common Ancestor of a Binary Tree III,16.4,0.008301668507055951,https://leetcode.com/problems/lowest-common-ancestor-of-a-binary-tree-iii,"Hash Table, Two Pointers, Tree, Binary Tree, Binary Lifting, Lowest Common Ancestor"
MEDIUM,Rotating the Box,16.4,0.008246587940096348,https://leetcode.com/problems/rotating-the-box,"Array, Two Pointers, Matrix"
MEDIUM,Smallest String With Swaps,16.4,0.006093183157878079,https://leetcode.com/problems/smallest-string-with-swaps,"Array, Hash Table, String, Depth-First Search, Breadth-First Search, Union-Find, Sorting"
MEDIUM,Count the Number of Good Subarrays,16.4,0.0065732672397810325,https://leetcode.com/problems/count-the-number-of-good-subarrays,"Array, Hash Table, Sliding Window"
MEDIUM,Shortest Subarray to be Removed to Make Array Sorted,16.4,0.0051308723133302436,https://leetcode.com/problems/shortest-subarray-to-be-removed-to-make-array-sorted,"Array, Two Pointers, Binary Search, Stack, Monotonic Stack"
MEDIUM,Movie Rating,16.4,0.0044163183176083734,https://leetcode.com/problems/movie-rating,Database
MEDIUM,Nested List Weight Sum,16.4,0.008598194742742628,https://leetcode.com/problems/nested-list-weight-sum,"Depth-First Search, Breadth-First Search"
HARD,Insert Delete GetRandom O(1) - Duplicates allowed,16.4,0.003689525730978801,https://leetcode.com/problems/insert-delete-getrandom-o1-duplicates-allowed,"Array, Hash Table, Math, Design, Randomized"
HARD,Minimum Cost Walk in Weighted Graph,16.4,0.006799191883590957,https://leetcode.com/problems/minimum-cost-walk-in-weighted-graph,"Array, Bit Manipulation, Union-Find, Graph Theory"
MEDIUM,Ways to Express an Integer as Sum of Powers,16.4,0.004979696939685055,https://leetcode.com/problems/ways-to-express-an-integer-as-sum-of-powers,Dynamic Programming
EASY,Largest Perimeter Triangle,16.4,0.006243549306855599,https://leetcode.com/problems/largest-perimeter-triangle,"Array, Math, Greedy, Sorting, Quicksort, Polygons"
MEDIUM,Minimum Increments to Equalize Leaf Paths,16.4,0.004093101025032108,https://leetcode.com/problems/minimum-increments-to-equalize-leaf-paths,"Array, Dynamic Programming, Tree, Depth-First Search"
EASY,N-Repeated Element in Size 2N Array,16.4,0.007998966661588294,https://leetcode.com/problems/n-repeated-element-in-size-2n-array,"Array, Hash Table, Pigeonhole Principle"
EASY,Game Play Analysis I,16.4,0.007660564763850124,https://leetcode.com/problems/game-play-analysis-i,Database
HARD,Maximize Subarrays After Removing One Conflicting Pair,16.4,0.006407459496572574,https://leetcode.com/problems/maximize-subarrays-after-removing-one-conflicting-pair,"Array, Segment Tree, Enumeration, Prefix Sum"
MEDIUM,Smallest Subarrays With Maximum Bitwise OR,16.4,0.006192491766158913,https://leetcode.com/problems/smallest-subarrays-with-maximum-bitwise-or,"Array, Binary Search, Bit Manipulation, Sliding Window"
HARD,Rearranging Fruits,16.4,0.005725804127692192,https://leetcode.com/problems/rearranging-fruits,"Array, Hash Table, Greedy, Sort"
HARD,Threshold Majority Queries,16.4,0.00220249835634451,https://leetcode.com/problems/threshold-majority-queries,"Array, Hash Table, Binary Search, Divide and Conquer, Counting, Prefix Sum"
EASY,Binary Number with Alternating Bits,16.4,0.007000405932444768,https://leetcode.com/problems/binary-number-with-alternating-bits,Bit Manipulation
EASY,Convert Integer to the Sum of Two No-Zero Integers,16.4,0.0059154800617071575,https://leetcode.com/problems/convert-integer-to-the-sum-of-two-no-zero-integers,Math
MEDIUM,Minimum Sensors to Cover Grid,16.4,0.006888077581289218,https://leetcode.com/problems/minimum-sensors-to-cover-grid,Math
MEDIUM,Twisted Mirror Path Count,16.4,0.004752966558791801,https://leetcode.com/problems/twisted-mirror-path-count,"Array, Dynamic Programming, Matrix"
MEDIUM,Next Greater Numerically Balanced Number,16.4,0.006305807934924052,https://leetcode.com/problems/next-greater-numerically-balanced-number,"Hash Table, Math, Backtracking, Counting, Enumeration"
MEDIUM,Minimum Number of Operations to Make All Array Elements Equal to 1,16.4,0.005473317145308821,https://leetcode.com/problems/minimum-number-of-operations-to-make-all-array-elements-equal-to-1,"Array, Math, Number Theory, Euclidean Algorithm, Greatest Common Divisor"
MEDIUM,Concatenate Non-Zero Digits and Multiply by Sum II,16.4,0.004266334813220324,https://leetcode.com/problems/concatenate-non-zero-digits-and-multiply-by-sum-ii,"Math, String, Prefix Sum"
MEDIUM,Largest Prime from Consecutive Prime Sum,16.4,0.003936690387711195,https://leetcode.com/problems/largest-prime-from-consecutive-prime-sum,"Array, Math, Number Theory"
EASY,Count Square Sum Triples,16.4,0.007717136338806594,https://leetcode.com/problems/count-square-sum-triples,"Math, Enumeration"
EASY,GCD of Odd and Even Sums,16.4,0.008985153137926706,https://leetcode.com/problems/gcd-of-odd-and-even-sums,"Math, Number Theory"
MEDIUM,Power Update After K-th Largest Insertion I,16.4,0.006806167400881057,https://leetcode.com/problems/power-update-after-k-th-largest-insertion-i,"Array, Hash Table, Math, Segment Tree, Sorting, Heap (Priority Queue)"
MEDIUM,Earliest Finish Time for Land and Water Rides II,16.4,0.00641389209816896,https://leetcode.com/problems/earliest-finish-time-for-land-and-water-rides-ii,"Array, Two Pointers, Binary Search, Greedy, Sorting"
MEDIUM,Angle Between Hands of a Clock,16.4,0.006987941494851849,https://leetcode.com/problems/angle-between-hands-of-a-clock,Math
MEDIUM,Filter Occupied Intervals,16.4,0.004590209274453766,https://leetcode.com/problems/filter-occupied-intervals,"Array, Sorting"
MEDIUM,Remove Covered Intervals,16.4,0.006017011116577376,https://leetcode.com/problems/remove-covered-intervals,"Array, Sorting"
HARD,Department Top Three Salaries,14.6,0.006139898936478745,https://leetcode.com/problems/department-top-three-salaries,Database
MEDIUM,Shuffle an Array,14.6,0.005993314131670247,https://leetcode.com/problems/shuffle-an-array,"Array, Math, Design, Randomized"
EASY,Sum of Left Leaves,14.6,0.0063030782792477666,https://leetcode.com/problems/sum-of-left-leaves,"Tree, Depth-First Search, Breadth-First Search, Binary Tree"
MEDIUM,Battleships in a Board,14.6,0.007773019837965717,https://leetcode.com/problems/battleships-in-a-board,"Array, Depth-First Search, Matrix"
EASY,Complement of Base 10 Integer,14.6,0.006341189100054505,https://leetcode.com/problems/complement-of-base-10-integer,Bit Manipulation
EASY,Minimum Time Visiting All Points,14.6,0.008484570804381468,https://leetcode.com/problems/minimum-time-visiting-all-points,"Array, Math, Geometry"
MEDIUM,Maximum Number of Vowels in a Substring of Given Length,14.6,0.006268546869570349,https://leetcode.com/problems/maximum-number-of-vowels-in-a-substring-of-given-length,"String, Sliding Window"
MEDIUM,Design Browser History,14.6,0.007844315176229428,https://leetcode.com/problems/design-browser-history,"Array, Linked List, Stack, Design, Doubly-Linked List, Data Stream"
EASY,Find Greatest Common Divisor of Array,14.6,0.00834808307553467,https://leetcode.com/problems/find-greatest-common-divisor-of-array,"Array, Math, Number Theory, Euclidean Algorithm, Greatest Common Divisor"
EASY,Maximum Difference Between Increasing Elements,14.6,0.006665402006593982,https://leetcode.com/problems/maximum-difference-between-increasing-elements,Array
MEDIUM,Extra Characters in a String,14.6,0.005716240105392349,https://leetcode.com/problems/extra-characters-in-a-string,"Array, Hash Table, String, Dynamic Programming, Trie"
MEDIUM,Arithmetic Slices,14.6,0.006487880165585892,https://leetcode.com/problems/arithmetic-slices,"Array, Dynamic Programming, Sliding Window"
EASY,Base 7,14.6,0.005509097056135035,https://leetcode.com/problems/base-7,"Math, String"
MEDIUM,Maximum Subsequence Score,14.6,0.005493629331189995,https://leetcode.com/problems/maximum-subsequence-score,"Array, Greedy, Sorting, Heap (Priority Queue)"
MEDIUM,Implement Rand10() Using Rand7(),14.6,0.00466316200962627,https://leetcode.com/problems/implement-rand10-using-rand7,"Math, Rejection Sampling, Randomized, Probability and Statistics"
MEDIUM,Satisfiability of Equality Equations,14.6,0.005211120031167728,https://leetcode.com/problems/satisfiability-of-equality-equations,"Array, String, Union-Find, Graph Theory"
EASY,Sort Array by Increasing Frequency,14.6,0.008100681253185376,https://leetcode.com/problems/sort-array-by-increasing-frequency,"Array, Hash Table, Sorting"
EASY,Primary Department for Each Employee,14.6,0.007513946874695196,https://leetcode.com/problems/primary-department-for-each-employee,Database
EASY,Sorting the Sentence,14.6,0.008418733948964537,https://leetcode.com/problems/sorting-the-sentence,"String, Sorting, Bubble Sort"
EASY,Maximum Population Year,14.6,0.006452244613389247,https://leetcode.com/problems/maximum-population-year,"Array, Counting, Prefix Sum"
MEDIUM,Design Circular Deque,14.6,0.006487396273680914,https://leetcode.com/problems/design-circular-deque,"Array, Linked List, Design, Queue"
MEDIUM,Maximum Number of Operations to Move Ones to the End,14.6,0.006691201779236941,https://leetcode.com/problems/maximum-number-of-operations-to-move-ones-to-the-end,"String, Greedy, Counting"
MEDIUM,Reach a Number,14.6,0.004554043273008655,https://leetcode.com/problems/reach-a-number,"Math, Binary Search"
MEDIUM,Dota2 Senate,14.6,0.0050374701960257,https://leetcode.com/problems/dota2-senate,"String, Greedy, Queue"
MEDIUM,Populating Next Right Pointers in Each Node II,14.6,0.0058037931279903,https://leetcode.com/problems/populating-next-right-pointers-in-each-node-ii,"Linked List, Tree, Depth-First Search, Breadth-First Search, Binary Tree"
EASY,Count the Number of Consistent Strings,14.6,0.008852757286049819,https://leetcode.com/problems/count-the-number-of-consistent-strings,"Array, Hash Table, String, Bit Manipulation, Counting"
MEDIUM,XOR Queries of a Subarray,14.6,0.007798768253746709,https://leetcode.com/problems/xor-queries-of-a-subarray,"Array, Bit Manipulation, Prefix Sum"
MEDIUM,Remove Nodes From Linked List,14.6,0.007515562626630635,https://leetcode.com/problems/remove-nodes-from-linked-list,"Linked List, Stack, Recursion, Monotonic Stack"
MEDIUM,Find a Safe Walk Through a Grid,14.6,0.005535278033943277,https://leetcode.com/problems/find-a-safe-walk-through-a-grid,"Array, Breadth-First Search, Graph Theory, Heap (Priority Queue), Matrix, Shortest Path"
HARD,Minimum Time to Visit a Cell In a Grid,14.6,0.005612150398221894,https://leetcode.com/problems/minimum-time-to-visit-a-cell-in-a-grid,"Array, Breadth-First Search, Graph Theory, Heap (Priority Queue), Matrix, Shortest Path"
MEDIUM,Find Kth Bit in Nth Binary String,14.6,0.00737185282314345,https://leetcode.com/problems/find-kth-bit-in-nth-binary-string,"String, Recursion, Simulation"
MEDIUM,Count Number of Maximum Bitwise-OR Subsets,14.6,0.008947216115018544,https://leetcode.com/problems/count-number-of-maximum-bitwise-or-subsets,"Array, Backtracking, Bit Manipulation, Enumeration"
EASY,Delete Characters to Make Fancy String,14.6,0.007398855317335754,https://leetcode.com/problems/delete-characters-to-make-fancy-string,String
EASY,Smallest Even Multiple,14.6,0.008853462007191138,https://leetcode.com/problems/smallest-even-multiple,"Math, Number Theory"
EASY,Shortest Distance to a Character,14.6,0.0072946897591928015,https://leetcode.com/problems/shortest-distance-to-a-character,"Array, Two Pointers, String"
EASY,Minimum Value to Get Positive Step by Step Sum,14.6,0.006482903734876381,https://leetcode.com/problems/minimum-value-to-get-positive-step-by-step-sum,"Array, Prefix Sum"
EASY,Take Gifts From the Richest Pile,14.6,0.007545797984669459,https://leetcode.com/problems/take-gifts-from-the-richest-pile,"Array, Heap (Priority Queue), Simulation"
MEDIUM,Maximum Average Pass Ratio,14.6,0.0074086944337408474,https://leetcode.com/problems/maximum-average-pass-ratio,"Array, Greedy, Heap (Priority Queue)"
MEDIUM,Number of Ways to Split Array,14.6,0.005579291991696311,https://leetcode.com/problems/number-of-ways-to-split-array,"Array, Prefix Sum"
MEDIUM,Detect Cycles in 2D Grid,14.6,0.006350756212362429,https://leetcode.com/problems/detect-cycles-in-2d-grid,"Array, Depth-First Search, Breadth-First Search, Union-Find, Matrix"
EASY,Day of the Year,14.6,0.005026305476633682,https://leetcode.com/problems/day-of-the-year,"Math, String"
EASY,String Matching in an Array,14.6,0.006982394838161003,https://leetcode.com/problems/string-matching-in-an-array,"Array, String, String Matching"
MEDIUM,Minimize the Maximum Edge Weight of Graph,14.6,0.004473416067929458,https://leetcode.com/problems/minimize-the-maximum-edge-weight-of-graph,"Binary Search, Depth-First Search, Breadth-First Search, Graph Theory, Shortest Path"
MEDIUM,Super Pow,14.6,0.0037342331622071873,https://leetcode.com/problems/super-pow,"Math, Divide and Conquer, Euler's Totient Function, Euler's Theorem"
EASY,Degree of an Array,14.6,0.0058602424860898505,https://leetcode.com/problems/degree-of-an-array,"Array, Hash Table"
MEDIUM,Minimum Time to Complete Trips,14.6,0.003998103465928205,https://leetcode.com/problems/minimum-time-to-complete-trips,"Array, Binary Search"
MEDIUM,Construct the Lexicographically Largest Valid Sequence,14.6,0.00726551750496866,https://leetcode.com/problems/construct-the-lexicographically-largest-valid-sequence,"Array, Backtracking"
EASY,Hamming Distance,14.6,0.0077003824029638936,https://leetcode.com/problems/hamming-distance,Bit Manipulation
MEDIUM,Minimum Score of a Path Between Two Cities,14.6,0.006624039939783489,https://leetcode.com/problems/minimum-score-of-a-path-between-two-cities,"Depth-First Search, Breadth-First Search, Union-Find, Graph Theory"
EASY,Apply Operations to an Array,14.6,0.007475133293916356,https://leetcode.com/problems/apply-operations-to-an-array,"Array, Two Pointers, Simulation"
EASY,Minimum Recolors to Get K Consecutive Black Blocks,14.6,0.006893891692102655,https://leetcode.com/problems/minimum-recolors-to-get-k-consecutive-black-blocks,"String, Sliding Window"
EASY,Maximum Units on a Truck,14.6,0.007516387875924586,https://leetcode.com/problems/maximum-units-on-a-truck,"Array, Greedy, Sorting"
HARD,Find the Minimum Cost Array Permutation,14.6,0.0026344713883355085,https://leetcode.com/problems/find-the-minimum-cost-array-permutation,"Array, Dynamic Programming, Bit Manipulation, Bitmask"
MEDIUM,Count the Number of Square-Free Subsets,14.6,0.0026892935982339955,https://leetcode.com/problems/count-the-number-of-square-free-subsets,"Array, Math, Dynamic Programming, Bit Manipulation, Number Theory, Bitmask"
MEDIUM,Walking Robot Simulation II,14.6,0.00431493203180111,https://leetcode.com/problems/walking-robot-simulation-ii,"Design, Simulation"
MEDIUM,Lowest Common Ancestor of Deepest Leaves,14.6,0.007952316463836945,https://leetcode.com/problems/lowest-common-ancestor-of-deepest-leaves,"Hash Table, Tree, Depth-First Search, Breadth-First Search, Binary Tree, Binary Lifting, Lowest Common Ancestor, DP on Trees"
HARD,Count the Number of Powerful Integers,14.6,0.004625014686875808,https://leetcode.com/problems/count-the-number-of-powerful-integers,"Math, String, Dynamic Programming"
EASY,Count Equal and Divisible Pairs in an Array,14.6,0.008376987968469092,https://leetcode.com/problems/count-equal-and-divisible-pairs-in-an-array,Array
EASY,Count Largest Group,14.6,0.007467390579457144,https://leetcode.com/problems/count-largest-group,"Hash Table, Math, Counting"
EASY,Smallest Number With All Set Bits,14.6,0.008012740399744651,https://leetcode.com/problems/smallest-number-with-all-set-bits,"Math, Bit Manipulation"
HARD,Get the Maximum Score,14.6,0.004138303970236744,https://leetcode.com/problems/get-the-maximum-score,"Array, Two Pointers, Dynamic Programming, Greedy"
HARD,Count Number of Balanced Permutations,14.6,0.004902645415708183,https://leetcode.com/problems/count-number-of-balanced-permutations,"Math, String, Dynamic Programming, Combinatorics"
MEDIUM,Minimum Equal Sum of Two Arrays After Replacing Zeros,14.6,0.005007307784677668,https://leetcode.com/problems/minimum-equal-sum-of-two-arrays-after-replacing-zeros,"Array, Greedy"
MEDIUM,Maximum Subarray Sum With Length Divisible by K,14.6,0.004956067865271077,https://leetcode.com/problems/maximum-subarray-sum-with-length-divisible-by-k,"Array, Hash Table, Prefix Sum"
EASY,Maximum Product of Two Digits,14.6,0.007570867683165562,https://leetcode.com/problems/maximum-product-of-two-digits,"Math, Sorting"
MEDIUM,Distribute Candies Among Children II,14.6,0.005564238069997744,https://leetcode.com/problems/distribute-candies-among-children-ii,"Math, Combinatorics, Enumeration"
MEDIUM,Find the Lexicographically Largest String From the Box I,14.6,0.004093887655174925,https://leetcode.com/problems/find-the-lexicographically-largest-string-from-the-box-i,"Two Pointers, String, Enumeration"
MEDIUM,Rotate Function,14.6,0.005414665949167977,https://leetcode.com/problems/rotate-function,"Array, Math, Dynamic Programming"
HARD,Sum of k-Mirror Numbers,14.6,0.006355062616464997,https://leetcode.com/problems/sum-of-k-mirror-numbers,"Math, Enumeration"
HARD,Trips and Users,14.6,0.003893514492407374,https://leetcode.com/problems/trips-and-users,Database
MEDIUM,Fruits Into Baskets III,14.6,0.00394602438120777,https://leetcode.com/problems/fruits-into-baskets-iii,"Array, Binary Search, Segment Tree, Ordered Set"
HARD,Paint House III,14.6,0.006128360812189423,https://leetcode.com/problems/paint-house-iii,"Array, Dynamic Programming"
MEDIUM,Find the Minimum Area to Cover All Ones I,14.6,0.0077978730296831755,https://leetcode.com/problems/find-the-minimum-area-to-cover-all-ones-i,"Array, Matrix"
EASY,Binary Gap,14.6,0.007439950659989676,https://leetcode.com/problems/binary-gap,Bit Manipulation
HARD,Path Existence Queries in a Graph II,14.6,0.006377300672989274,https://leetcode.com/problems/path-existence-queries-in-a-graph-ii,"Array, Two Pointers, Binary Search, Dynamic Programming, Greedy, Bit Manipulation, Graph Theory, Sorting"
EASY,Check If All 1's Are at Least Length K Places Away,14.6,0.006430575488789026,https://leetcode.com/problems/check-if-all-1s-are-at-least-length-k-places-away,Array
EASY,Minimum Operations to Make Array Sum Divisible by K,14.6,0.009231883170292075,https://leetcode.com/problems/minimum-operations-to-make-array-sum-divisible-by-k,"Array, Math"
MEDIUM,Minimize Maximum Pair Sum in Array,14.6,0.008326405791070485,https://leetcode.com/problems/minimize-maximum-pair-sum-in-array,"Array, Two Pointers, Greedy, Sorting"
MEDIUM,Find All Possible Stable Binary Arrays I,14.6,0.005344553243574052,https://leetcode.com/problems/find-all-possible-stable-binary-arrays-i,"Dynamic Programming, Prefix Sum"
MEDIUM,Maximum Path Score in a Grid,14.6,0.005348463835476092,https://leetcode.com/problems/maximum-path-score-in-a-grid,"Array, Dynamic Programming, Matrix"
HARD,Block Placement Queries,14.6,0.004141530323533029,https://leetcode.com/problems/block-placement-queries,"Array, Binary Search, Binary Indexed Tree, Segment Tree, Ordered Set"
HARD,Number of ZigZag Arrays I,14.6,0.0050357112025553215,https://leetcode.com/problems/number-of-zigzag-arrays-i,"Dynamic Programming, Prefix Sum"
MEDIUM,Smallest Palindromic Rearrangement I,14.6,0.0074541310220621335,https://leetcode.com/problems/smallest-palindromic-rearrangement-i,"String, Sorting, Counting Sort"
MEDIUM,Find the Lexicographically Smallest Valid Sequence,14.6,0.005782093693309145,https://leetcode.com/problems/find-the-lexicographically-smallest-valid-sequence,"Two Pointers, String, Dynamic Programming, Greedy"
MEDIUM,Gray Code,12.6,0.006578965384139192,https://leetcode.com/problems/gray-code,"Math, Backtracking, Bit Manipulation"
MEDIUM,Find Largest Value in Each Tree Row,12.6,0.00663701804457956,https://leetcode.com/problems/find-largest-value-in-each-tree-row,"Tree, Depth-First Search, Breadth-First Search, Binary Tree"
MEDIUM,Valid Square,12.6,0.004544193839758506,https://leetcode.com/problems/valid-square,"Math, Geometry"
MEDIUM,Validate Stack Sequences,12.6,0.0070670364979540275,https://leetcode.com/problems/validate-stack-sequences,"Array, Stack, Simulation"
MEDIUM,Minimum Number of Steps to Make Two Strings Anagram,12.6,0.008258009607201073,https://leetcode.com/problems/minimum-number-of-steps-to-make-two-strings-anagram,"Hash Table, String, Counting"
EASY,Find Users With Valid E-Mails,12.6,0.003539775356901278,https://leetcode.com/problems/find-users-with-valid-e-mails,Database
MEDIUM,Maximum Value at a Given Index in a Bounded Array,12.6,0.0038843747998548285,https://leetcode.com/problems/maximum-value-at-a-given-index-in-a-bounded-array,"Math, Binary Search, Greedy"
EASY,Minimum Difference Between Highest and Lowest of K Scores,12.6,0.006639351212237589,https://leetcode.com/problems/minimum-difference-between-highest-and-lowest-of-k-scores,"Array, Sliding Window, Sorting"
MEDIUM,Minimized Maximum of Products Distributed to Any Store,12.6,0.006322572453417135,https://leetcode.com/problems/minimized-maximum-of-products-distributed-to-any-store,"Array, Binary Search, Greedy"
MEDIUM,Check if a Parentheses String Can Be Valid,12.6,0.004524706277560944,https://leetcode.com/problems/check-if-a-parentheses-string-can-be-valid,"String, Stack, Greedy, Bracket Sequences"
MEDIUM,Longest Palindrome by Concatenating Two Letter Words,12.6,0.005345248500557581,https://leetcode.com/problems/longest-palindrome-by-concatenating-two-letter-words,"Array, Hash Table, String, Greedy, Counting"
HARD,Minimum Replacements to Sort the Array,12.6,0.005310344827586206,https://leetcode.com/problems/minimum-replacements-to-sort-the-array,"Array, Math, Greedy"
HARD,Count Subarrays With Fixed Bounds,12.6,0.006917437440700361,https://leetcode.com/problems/count-subarrays-with-fixed-bounds,"Array, Queue, Sliding Window, Monotonic Queue"
HARD,Count Palindromic Subsequences,12.6,0.004186745946693399,https://leetcode.com/problems/count-palindromic-subsequences,"String, Dynamic Programming"
EASY,Minimum Common Value,12.6,0.006071805477653164,https://leetcode.com/problems/minimum-common-value,"Array, Hash Table, Two Pointers, Binary Search"
EASY,Add Two Promises,12.6,0.009169820301162371,https://leetcode.com/problems/add-two-promises,
EASY,Get the Size of a DataFrame,12.6,0.00847625356623235,https://leetcode.com/problems/get-the-size-of-a-dataframe,
MEDIUM,Length of Longest Subarray With at Most K Frequency,12.6,0.006050592720742577,https://leetcode.com/problems/length-of-longest-subarray-with-at-most-k-frequency,"Array, Hash Table, Sliding Window"
MEDIUM,Find the Minimum and Maximum Number of Nodes Between Critical Points,12.6,0.006944661593622082,https://leetcode.com/problems/find-the-minimum-and-maximum-number-of-nodes-between-critical-points,Linked List
HARD,Contains Duplicate III,12.6,0.0025087585635270807,https://leetcode.com/problems/contains-duplicate-iii,"Array, Sliding Window, Sorting, Bucket Sort, Ordered Set"
HARD,Design In-Memory File System,12.6,0.004831368860605818,https://leetcode.com/problems/design-in-memory-file-system,"Hash Table, String, Design, Trie, Sorting"
EASY,Merge Two Binary Trees,12.6,0.007914596999620434,https://leetcode.com/problems/merge-two-binary-trees,"Tree, Depth-First Search, Breadth-First Search, Binary Tree"
MEDIUM,Print Binary Tree,12.6,0.006686662727293127,https://leetcode.com/problems/print-binary-tree,"Tree, Depth-First Search, Breadth-First Search, Binary Tree"
MEDIUM,Open the Lock,12.6,0.0061504407369465655,https://leetcode.com/problems/open-the-lock,"Array, Hash Table, String, Breadth-First Search, Bidirectional Search"
HARD,Painting the Walls,12.6,0.0049200218683314815,https://leetcode.com/problems/painting-the-walls,"Array, Dynamic Programming"
HARD,Nth Magical Number,12.6,0.0037018432472407103,https://leetcode.com/problems/nth-magical-number,"Math, Binary Search, Least Common Multiple, Inclusion-Exclusion Principle"
EASY,Sort Array By Parity II,12.6,0.007134577421644803,https://leetcode.com/problems/sort-array-by-parity-ii,"Array, Two Pointers, Sorting"
EASY,Long Pressed Name,12.6,0.0033074600483625084,https://leetcode.com/problems/long-pressed-name,"Two Pointers, String"
MEDIUM,Design File System,12.6,0.006517900483302497,https://leetcode.com/problems/design-file-system,"Hash Table, String, Design, Trie"
MEDIUM,Number of Steps to Reduce a Number in Binary Representation to One,12.6,0.006374802235557344,https://leetcode.com/problems/number-of-steps-to-reduce-a-number-in-binary-representation-to-one,"String, Bit Manipulation, Simulation"
EASY,Sum of All Subset XOR Totals,12.6,0.009012143661028222,https://leetcode.com/problems/sum-of-all-subset-xor-totals,"Array, Math, Backtracking, Bit Manipulation, Combinatorics, Enumeration"
EASY,To Lower Case,12.6,0.008510460652381958,https://leetcode.com/problems/to-lower-case,String
HARD,Second Minimum Time to Reach Destination,12.6,0.006234758511480602,https://leetcode.com/problems/second-minimum-time-to-reach-destination,"Breadth-First Search, Graph Theory, Shortest Path, Dijkstra's Algorithm, K Shortest Path"
MEDIUM,Remove All Adjacent Duplicates in String II,12.6,0.006175710558084819,https://leetcode.com/problems/remove-all-adjacent-duplicates-in-string-ii,"String, Stack"
MEDIUM,Maximum Distance in Arrays,12.6,0.004560794332580571,https://leetcode.com/problems/maximum-distance-in-arrays,"Array, Greedy"
MEDIUM,Minimum Moves to Equal Array Elements II,12.6,0.006229382674978284,https://leetcode.com/problems/minimum-moves-to-equal-array-elements-ii,"Array, Math, Sorting"
MEDIUM,Customers Who Bought All Products,12.6,0.006439292299524325,https://leetcode.com/problems/customers-who-bought-all-products,Database
MEDIUM,Fraction Addition and Subtraction,12.6,0.006656669888377206,https://leetcode.com/problems/fraction-addition-and-subtraction,"Math, String, Simulation, Euclidean Algorithm, Greatest Common Divisor"
EASY,Count Elements With Maximum Frequency,12.6,0.007972785788458414,https://leetcode.com/problems/count-elements-with-maximum-frequency,"Array, Hash Table, Counting"
EASY,Customer Placing the Largest Number of Orders,12.6,0.006465147168026164,https://leetcode.com/problems/customer-placing-the-largest-number-of-orders,Database
EASY,Reverse Prefix of Word,12.6,0.00865036923309799,https://leetcode.com/problems/reverse-prefix-of-word,"Two Pointers, String, Stack"
HARD,Divide Nodes Into the Maximum Number of Groups,12.6,0.006685905039997566,https://leetcode.com/problems/divide-nodes-into-the-maximum-number-of-groups,"Depth-First Search, Breadth-First Search, Union-Find, Graph Theory"
EASY,Group Sold Products By The Date,12.6,0.007817986479620639,https://leetcode.com/problems/group-sold-products-by-the-date,Database
HARD,Maximum Sum of Subsequence With Non-adjacent Elements,12.6,0.0015752989911137834,https://leetcode.com/problems/maximum-sum-of-subsequence-with-non-adjacent-elements,"Array, Divide and Conquer, Dynamic Programming, Segment Tree"
MEDIUM,Smallest Number in Infinite Set,12.6,0.007066448966310677,https://leetcode.com/problems/smallest-number-in-infinite-set,"Hash Table, Design, Heap (Priority Queue), Ordered Set"
EASY,Sort Integers by The Number of 1 Bits,12.6,0.008243396967458481,https://leetcode.com/problems/sort-integers-by-the-number-of-1-bits,"Array, Bit Manipulation, Sorting, Counting"
MEDIUM,Cousins in Binary Tree II,12.6,0.007595497875272769,https://leetcode.com/problems/cousins-in-binary-tree-ii,"Hash Table, Tree, Depth-First Search, Breadth-First Search, Binary Tree"
MEDIUM,String Compression III,12.6,0.006714583319812832,https://leetcode.com/problems/string-compression-iii,String
MEDIUM,Take K of Each Character From Left and Right,12.6,0.005148154936461388,https://leetcode.com/problems/take-k-of-each-character-from-left-and-right,"Hash Table, String, Sliding Window"
MEDIUM,Next Greater Node In Linked List,12.6,0.006468809849521204,https://leetcode.com/problems/next-greater-node-in-linked-list,"Array, Linked List, Stack, Monotonic Stack"
MEDIUM,Prime Palindrome,12.6,0.002851039697542533,https://leetcode.com/problems/prime-palindrome,"Math, Number Theory, Primality Test"
MEDIUM,Identify the Largest Outlier in an Array,12.6,0.0036484741109405533,https://leetcode.com/problems/identify-the-largest-outlier-in-an-array,"Array, Hash Table, Counting, Enumeration"
MEDIUM,Adding Spaces to a String,12.6,0.007185659714216276,https://leetcode.com/problems/adding-spaces-to-a-string,"Array, Two Pointers, String, Simulation"
MEDIUM,Construct String With Repeat Limit,12.6,0.007078096186862798,https://leetcode.com/problems/construct-string-with-repeat-limit,"Hash Table, String, Greedy, Heap (Priority Queue), Counting"
EASY,Classes With at Least 5 Students,12.6,0.00646300764175609,https://leetcode.com/problems/classes-with-at-least-5-students,Database
MEDIUM,Reverse Odd Levels of Binary Tree,12.6,0.008669438576987215,https://leetcode.com/problems/reverse-odd-levels-of-binary-tree,"Tree, Depth-First Search, Breadth-First Search, Binary Tree"
HARD,Minimum Insertion Steps to Make a String Palindrome,12.6,0.007436526429341963,https://leetcode.com/problems/minimum-insertion-steps-to-make-a-string-palindrome,"String, Dynamic Programming"
EASY,Find Center of Star Graph,12.6,0.008660212087891608,https://leetcode.com/problems/find-center-of-star-graph,Graph Theory
MEDIUM,First Completely Painted Row or Column,12.6,0.006385790374813662,https://leetcode.com/problems/first-completely-painted-row-or-column,"Array, Hash Table, Matrix"
EASY,Maximum Ascending Subarray Sum,12.6,0.0066284610165643805,https://leetcode.com/problems/maximum-ascending-subarray-sum,Array
MEDIUM,Find the Number of Distinct Colors Among the Balls,12.6,0.005407187996159374,https://leetcode.com/problems/find-the-number-of-distinct-colors-among-the-balls,"Array, Hash Table, Simulation"
MEDIUM,Max Sum of a Pair With Equal Sum of Digits,12.6,0.00659284807151409,https://leetcode.com/problems/max-sum-of-a-pair-with-equal-sum-of-digits,"Array, Hash Table, Sorting, Heap (Priority Queue)"
HARD,Jump Game V,12.6,0.007579585814269299,https://leetcode.com/problems/jump-game-v,"Array, Dynamic Programming, Sorting"
MEDIUM,Number of Sub-arrays With Odd Sum,12.6,0.0055609569401619185,https://leetcode.com/problems/number-of-sub-arrays-with-odd-sum,"Array, Math, Dynamic Programming, Prefix Sum"
EASY,Two Furthest Houses With Different Colors,12.6,0.007169847279749956,https://leetcode.com/problems/two-furthest-houses-with-different-colors,"Array, Greedy"
HARD,Design Excel Sum Formula,12.6,0.003949952042762768,https://leetcode.com/problems/design-excel-sum-formula,"Array, Hash Table, String, Graph Theory, Design, Topological Sort, Matrix"
MEDIUM,Simple Bank System,12.6,0.0069569251305521326,https://leetcode.com/problems/simple-bank-system,"Array, Hash Table, Design, Simulation"
MEDIUM,Merge In Between Linked Lists,12.6,0.008312766796484836,https://leetcode.com/problems/merge-in-between-linked-lists,Linked List
EASY,Calculate Special Bonus,12.6,0.0057126905227449405,https://leetcode.com/problems/calculate-special-bonus,Database
HARD,Put Marbles in Bags,12.6,0.00720510524582102,https://leetcode.com/problems/put-marbles-in-bags,"Array, Greedy, Sorting, Heap (Priority Queue)"
HARD,Find the Count of Good Integers,12.6,0.006925609387970719,https://leetcode.com/problems/find-the-count-of-good-integers,"Hash Table, Math, Combinatorics, Enumeration"
EASY,Count Vowel Substrings of a String,12.6,0.007342379995375887,https://leetcode.com/problems/count-vowel-substrings-of-a-string,"Hash Table, String"
HARD,Count the Number of Ideal Arrays,12.6,0.005690617034578945,https://leetcode.com/problems/count-the-number-of-ideal-arrays,"Math, Dynamic Programming, Combinatorics, Number Theory, Prime Factorization, Fermat's Little Theorem"
MEDIUM,Count Complete Subarrays in an Array,12.6,0.007610780451722774,https://leetcode.com/problems/count-complete-subarrays-in-an-array,"Array, Hash Table, Sliding Window"
EASY,Count Operations to Obtain Zero,12.6,0.00797711163914783,https://leetcode.com/problems/count-operations-to-obtain-zero,"Math, Simulation"
HARD,Maximum Students Taking Exam,12.6,0.005436213902348928,https://leetcode.com/problems/maximum-students-taking-exam,"Array, Dynamic Programming, Bit Manipulation, Matrix, Bitmask, Maximum Flow, Maximum Matching, Bipartite Graph, Edmonds–Karp Algorithm, MPM Algorithm, Push-Relabel Algorithm, Minimum Cut, Matching (Graph), Flow Network, Dinic's Algorithm"
HARD,Longest Subsequence Repeated k Times,12.6,0.007092635724971124,https://leetcode.com/problems/longest-subsequence-repeated-k-times,"Hash Table, Two Pointers, String, Backtracking, Counting, Enumeration"
EASY,Find the Original Typed String I,12.6,0.007209982192679532,https://leetcode.com/problems/find-the-original-typed-string-i,String
EASY,Find Lucky Integer in an Array,12.6,0.007561452163197023,https://leetcode.com/problems/find-lucky-integer-in-an-array,"Array, Hash Table, Counting"
HARD,Maximum Fruits Harvested After at Most K Steps,12.6,0.006098323525529239,https://leetcode.com/problems/maximum-fruits-harvested-after-at-most-k-steps,"Array, Binary Search, Sliding Window, Prefix Sum"
MEDIUM,Reorder Routes to Make All Paths Lead to the City Zero,12.6,0.0066090023414214615,https://leetcode.com/problems/reorder-routes-to-make-all-paths-lead-to-the-city-zero,"Depth-First Search, Breadth-First Search, Graph Theory"
EASY,Maximum 69 Number,12.6,0.008457796795235157,https://leetcode.com/problems/maximum-69-number,"Math, Greedy"
HARD,Minimum Operations to Make Array Elements Zero,12.6,0.006006522115696006,https://leetcode.com/problems/minimum-operations-to-make-array-elements-zero,"Array, Math, Bit Manipulation"
MEDIUM,Minimum Operations to Make the Integer Zero,12.6,0.005801490925062023,https://leetcode.com/problems/minimum-operations-to-make-the-integer-zero,"Bit Manipulation, Brainteaser, Enumeration"
EASY,The Two Sneaky Numbers of Digitville,12.6,0.008961170115425543,https://leetcode.com/problems/the-two-sneaky-numbers-of-digitville,"Array, Hash Table, Math"
EASY,Find Resultant Array After Removing Anagrams,12.6,0.006995591460046993,https://leetcode.com/problems/find-resultant-array-after-removing-anagrams,"Array, Hash Table, String, Sorting"
EASY,Reshape the Matrix,12.6,0.00654199969637811,https://leetcode.com/problems/reshape-the-matrix,"Array, Matrix, Simulation"
MEDIUM,Find and Replace Pattern,12.6,0.007709773020956233,https://leetcode.com/problems/find-and-replace-pattern,"Array, Hash Table, String"
EASY,Keep Multiplying Found Values by Two,12.6,0.00749698556694629,https://leetcode.com/problems/keep-multiplying-found-values-by-two,"Array, Hash Table, Sorting, Simulation"
HARD,Set Intersection Size At Least Two,12.6,0.005812802984673142,https://leetcode.com/problems/set-intersection-size-at-least-two,"Array, Greedy, Sorting"
MEDIUM,Count Covered Buildings,12.6,0.00586938956223366,https://leetcode.com/problems/count-covered-buildings,"Array, Hash Table, Sorting"
MEDIUM,Maximize Active Section with Trade I,12.6,0.006095642138456787,https://leetcode.com/problems/maximize-active-section-with-trade-i,"String, Enumeration"
MEDIUM,Four Divisors,12.6,0.005652986792647637,https://leetcode.com/problems/four-divisors,"Array, Math, Prime Factorization, Sieve Theory"
HARD,Max Dot Product of Two Subsequences,12.6,0.006937159513076167,https://leetcode.com/problems/max-dot-product-of-two-subsequences,"Array, Dynamic Programming, Longest Common Subsequence"
EASY,Design Parking System,12.6,0.008718926924374789,https://leetcode.com/problems/design-parking-system,"Design, Simulation, Counting"
HARD,Smallest Divisible Digit Product II,12.6,0.004524143379085613,https://leetcode.com/problems/smallest-divisible-digit-product-ii,"Math, String, Backtracking, Greedy, Number Theory"
HARD,Trionic Array II,12.6,0.00473564469063752,https://leetcode.com/problems/trionic-array-ii,"Array, Dynamic Programming"
HARD,Maximum Score From Grid Operations,12.6,0.006421845093785888,https://leetcode.com/problems/maximum-score-from-grid-operations,"Array, Dynamic Programming, Matrix, Prefix Sum"
HARD,Minimum Initial Energy to Finish Tasks,12.6,0.00765127008926934,https://leetcode.com/problems/minimum-initial-energy-to-finish-tasks,"Array, Greedy, Sorting"
MEDIUM,Binary Tree Level Order Traversal II,10.5,0.006885798140274116,https://leetcode.com/problems/binary-tree-level-order-traversal-ii,"Tree, Breadth-First Search, Binary Tree"
MEDIUM,Range Sum Query - Mutable,10.5,0.004361628084359864,https://leetcode.com/problems/range-sum-query-mutable,"Array, Divide and Conquer, Design, Binary Indexed Tree, Segment Tree, Sqrt Decomposition"
MEDIUM,4Sum II,10.5,0.005813047868056447,https://leetcode.com/problems/4sum-ii,"Array, Hash Table"
MEDIUM,Brick Wall,10.5,0.005606223364071898,https://leetcode.com/problems/brick-wall,"Array, Hash Table"
MEDIUM,Knight Probability in Chessboard,10.5,0.0057255589917952245,https://leetcode.com/problems/knight-probability-in-chessboard,Dynamic Programming
EASY,Most Common Word,10.5,0.004532132544922479,https://leetcode.com/problems/most-common-word,"Array, Hash Table, String, Counting"
EASY,Leaf-Similar Trees,10.5,0.007033065726754212,https://leetcode.com/problems/leaf-similar-trees,"Tree, Depth-First Search, Binary Tree"
EASY,Increasing Order Search Tree,10.5,0.007908710728457535,https://leetcode.com/problems/increasing-order-search-tree,"Stack, Tree, Depth-First Search, Binary Search Tree, Binary Tree"
MEDIUM,Check Completeness of a Binary Tree,10.5,0.00594532343127758,https://leetcode.com/problems/check-completeness-of-a-binary-tree,"Tree, Breadth-First Search, Binary Tree"
MEDIUM,Minimum Score Triangulation of Polygon,10.5,0.006761840841932567,https://leetcode.com/problems/minimum-score-triangulation-of-polygon,"Array, Dynamic Programming, Triangulation, Polygons"
MEDIUM,Minimum Cost Tree From Leaf Values,10.5,0.006795047544443719,https://leetcode.com/problems/minimum-cost-tree-from-leaf-values,"Array, Dynamic Programming, Stack, Greedy, Monotonic Stack, Cartesian Tree"
EASY,Path Crossing,10.5,0.006266452197270201,https://leetcode.com/problems/path-crossing,"Hash Table, String"
HARD,Maximum Number of Visible Points,10.5,0.0038392677877858473,https://leetcode.com/problems/maximum-number-of-visible-points,"Array, Math, Geometry, Sliding Window, Sorting"
HARD,Minimum Number of Operations to Make Array Continuous,10.5,0.005176202584074462,https://leetcode.com/problems/minimum-number-of-operations-to-make-array-continuous,"Array, Hash Table, Binary Search, Sliding Window"
MEDIUM,Maximize the Confusion of an Exam,10.5,0.007044007067428197,https://leetcode.com/problems/maximize-the-confusion-of-an-exam,"String, Binary Search, Sliding Window, Prefix Sum"
HARD,Escape the Spreading Fire,10.5,0.0039049604284237464,https://leetcode.com/problems/escape-the-spreading-fire,"Array, Binary Search, Breadth-First Search, Matrix"
EASY,Find Closest Number to Zero,10.5,0.004811771483520529,https://leetcode.com/problems/find-closest-number-to-zero,Array
MEDIUM,Removing Stars From a String,10.5,0.007978274883657462,https://leetcode.com/problems/removing-stars-from-a-string,"String, Stack, Simulation"
MEDIUM,Minimum Penalty for a Shop,10.5,0.0071243242281974675,https://leetcode.com/problems/minimum-penalty-for-a-shop,"String, Prefix Sum"
EASY,  Count Symmetric Integers,10.5,0.008317319796954315,https://leetcode.com/problems/count-symmetric-integers,"Math, Enumeration"
MEDIUM,Equal Row and Column Pairs,10.5,0.007127415901911762,https://leetcode.com/problems/equal-row-and-column-pairs,"Array, Hash Table, Matrix, Simulation"
MEDIUM,Elimination Game,10.5,0.004661208402746739,https://leetcode.com/problems/elimination-game,"Math, Recursion"
HARD,Strong Password Checker,10.5,0.0016265791262282858,https://leetcode.com/problems/strong-password-checker,"String, Greedy, Heap (Priority Queue)"
EASY,Remove Letter To Equalize Frequency,10.5,0.001956832171103714,https://leetcode.com/problems/remove-letter-to-equalize-frequency,"Hash Table, String, Counting"
EASY,Function Composition,10.5,0.008678120581443845,https://leetcode.com/problems/function-composition,
EASY,Allow One Function Call,10.5,0.008660153108337555,https://leetcode.com/problems/allow-one-function-call,
EASY,Count Pairs Whose Sum is Less than Target,10.5,0.00876507068531151,https://leetcode.com/problems/count-pairs-whose-sum-is-less-than-target,"Array, Two Pointers, Binary Search, Sorting"
MEDIUM,Possible Bipartition,10.5,0.005296184536981158,https://leetcode.com/problems/possible-bipartition,"Depth-First Search, Breadth-First Search, Union-Find, Graph Theory, Graph Coloring, Bipartite Graph"
EASY,Verifying an Alien Dictionary,10.5,0.005609905580519492,https://leetcode.com/problems/verifying-an-alien-dictionary,"Array, Hash Table, String"
MEDIUM,Regions Cut By Slashes,10.5,0.007754371032379332,https://leetcode.com/problems/regions-cut-by-slashes,"Array, Hash Table, Depth-First Search, Breadth-First Search, Union-Find, Matrix, Planar Graph"
HARD,Binary Tree Cameras,10.5,0.004807813330861584,https://leetcode.com/problems/binary-tree-cameras,"Dynamic Programming, Tree, Depth-First Search, Binary Tree, DP on Trees"
MEDIUM,Balance a Binary Search Tree,10.5,0.008628134964960779,https://leetcode.com/problems/balance-a-binary-search-tree,"Divide and Conquer, Greedy, Tree, Depth-First Search, Binary Search Tree, Binary Tree"
MEDIUM,Generate Binary Strings Without Adjacent Zeros,10.5,0.00886455783534482,https://leetcode.com/problems/generate-binary-strings-without-adjacent-zeros,"String, Backtracking, Bit Manipulation"
MEDIUM,Delete Leaves With a Given Value,10.5,0.00772027984248666,https://leetcode.com/problems/delete-leaves-with-a-given-value,"Tree, Depth-First Search, Binary Tree"
MEDIUM,Count Good Nodes in Binary Tree,10.5,0.007394898531511319,https://leetcode.com/problems/count-good-nodes-in-binary-tree,"Tree, Depth-First Search, Breadth-First Search, Binary Tree"
MEDIUM,Jump Game VI,10.5,0.004656777937841619,https://leetcode.com/problems/jump-game-vi,"Array, Dynamic Programming, Queue, Heap (Priority Queue), Monotonic Queue"
MEDIUM,Find the Winner of the Circular Game,10.5,0.008232477761962207,https://leetcode.com/problems/find-the-winner-of-the-circular-game,"Array, Math, Recursion, Queue, Simulation"
EASY,Cousins in Binary Tree,10.5,0.0059670790733491194,https://leetcode.com/problems/cousins-in-binary-tree,"Tree, Depth-First Search, Breadth-First Search, Binary Tree"
MEDIUM,Spiral Matrix III,10.5,0.008458228502903899,https://leetcode.com/problems/spiral-matrix-iii,"Array, Matrix, Simulation"
MEDIUM,Minimum Swaps to Make Strings Equal,10.5,0.006555732348690045,https://leetcode.com/problems/minimum-swaps-to-make-strings-equal,"Math, String, Greedy"
MEDIUM,Reach End of Array With Max Score,10.5,0.0033779398930337684,https://leetcode.com/problems/reach-end-of-array-with-max-score,"Array, Greedy"
MEDIUM,Number of Distinct Islands,10.5,0.006293684389514852,https://leetcode.com/problems/number-of-distinct-islands,"Array, Hash Table, Depth-First Search, Breadth-First Search, Union-Find, Sorting, Matrix, Hash Function"
MEDIUM,Longest Subarray With Maximum Bitwise AND,10.5,0.00653569793289387,https://leetcode.com/problems/longest-subarray-with-maximum-bitwise-and,"Array, Bit Manipulation, Brainteaser"
EASY,Uncommon Words from Two Sentences,10.5,0.00758187576869075,https://leetcode.com/problems/uncommon-words-from-two-sentences,"Hash Table, String, Counting"
MEDIUM,Taking Maximum Energy From the Mystic Dungeon,10.5,0.006088439543346957,https://leetcode.com/problems/taking-maximum-energy-from-the-mystic-dungeon,"Array, Dynamic Programming, Prefix Sum"
HARD,Maximum Height by Stacking Cuboids ,10.5,0.006250536976529244,https://leetcode.com/problems/maximum-height-by-stacking-cuboids,"Array, Dynamic Programming, Sorting"
EASY,Minimum String Length After Removing Substrings,10.5,0.0077224925160926505,https://leetcode.com/problems/minimum-string-length-after-removing-substrings,"String, Stack, Simulation"
MEDIUM,Score of Parentheses,10.5,0.006350352472274206,https://leetcode.com/problems/score-of-parentheses,"String, Stack, Bracket Sequences"
MEDIUM,The Number of the Smallest Unoccupied Chair,10.5,0.006031911107413416,https://leetcode.com/problems/the-number-of-the-smallest-unoccupied-chair,"Array, Hash Table, Heap (Priority Queue)"
MEDIUM,Divide Intervals Into Minimum Number of Groups,10.5,0.006358811774984645,https://leetcode.com/problems/divide-intervals-into-minimum-number-of-groups,"Array, Two Pointers, Greedy, Sorting, Heap (Priority Queue), Prefix Sum"
HARD,Minimum Total Distance Traveled,10.5,0.006314507239261531,https://leetcode.com/problems/minimum-total-distance-traveled,"Array, Dynamic Programming, Sorting"
MEDIUM,Minimum Number of Changes to Make Binary String Beautiful,10.5,0.007625334424330462,https://leetcode.com/problems/minimum-number-of-changes-to-make-binary-string-beautiful,String
EASY,Determine Whether Matrix Can Be Obtained By Rotation,10.5,0.00685029344335865,https://leetcode.com/problems/determine-whether-matrix-can-be-obtained-by-rotation,"Array, Matrix"
MEDIUM,Minimum Array End,10.5,0.005529706461013506,https://leetcode.com/problems/minimum-array-end,Bit Manipulation
MEDIUM,Nested List Weight Sum II,10.5,0.006704579704627294,https://leetcode.com/problems/nested-list-weight-sum-ii,"Stack, Depth-First Search, Breadth-First Search"
MEDIUM,Flip Columns For Maximum Number of Equal Rows,10.5,0.007850657022932157,https://leetcode.com/problems/flip-columns-for-maximum-number-of-equal-rows,"Array, Hash Table, Matrix"
MEDIUM,Count Unguarded Cells in the Grid,10.5,0.0069157652042638705,https://leetcode.com/problems/count-unguarded-cells-in-the-grid,"Array, Matrix, Simulation"
MEDIUM,Reconstruct Original Digits from English,10.5,0.005323361808682748,https://leetcode.com/problems/reconstruct-original-digits-from-english,"Hash Table, Math, String"
EASY,Sort By,10.5,0.008302832959727913,https://leetcode.com/problems/sort-by,
HARD,Find Minimum Diameter After Merging Two Trees,10.5,0.005674410024265989,https://leetcode.com/problems/find-minimum-diameter-after-merging-two-trees,"Tree, Depth-First Search, Breadth-First Search, Graph Theory"
MEDIUM,Word Frequency,10.5,0.002979886014905743,https://leetcode.com/problems/word-frequency,Shell
HARD,Maximize Subarray Sum After Removing All Occurrences of One Element,10.5,0.0022931526390870187,https://leetcode.com/problems/maximize-subarray-sum-after-removing-all-occurrences-of-one-element,"Array, Hash Table, Divide and Conquer, Dynamic Programming, Segment Tree, Prefix Sum"
MEDIUM,Minimize XOR,10.5,0.006224922805469784,https://leetcode.com/problems/minimize-xor,"Greedy, Bit Manipulation"
EASY,Average of Levels in Binary Tree,10.5,0.007513812101304526,https://leetcode.com/problems/average-of-levels-in-binary-tree,"Tree, Depth-First Search, Breadth-First Search, Binary Tree"
MEDIUM,Maximum Total Damage With Spell Casting,10.5,0.004500454797730636,https://leetcode.com/problems/maximum-total-damage-with-spell-casting,"Array, Hash Table, Two Pointers, Binary Search, Dynamic Programming, Sorting, Counting"
EASY,Univalued Binary Tree,10.5,0.007329122095879384,https://leetcode.com/problems/univalued-binary-tree,"Tree, Depth-First Search, Breadth-First Search, Binary Tree"
EASY,Minimum Number Game,10.5,0.008575223201621596,https://leetcode.com/problems/minimum-number-game,"Array, Sorting, Heap (Priority Queue), Simulation"
MEDIUM,Sum of Distances,10.5,0.005029290414679155,https://leetcode.com/problems/sum-of-distances,"Array, Hash Table, Prefix Sum"
MEDIUM,Length of Longest Fibonacci Subsequence,10.5,0.005757462290519264,https://leetcode.com/problems/length-of-longest-fibonacci-subsequence,"Array, Hash Table, Dynamic Programming"
HARD,Find the Occurrence of First Almost Equal Substring,10.5,0.001620058123594889,https://leetcode.com/problems/find-the-occurrence-of-first-almost-equal-substring,"String, String Matching, Knuth–Morris–Pratt Algorithm"
HARD,Apply Operations to Maximize Score,10.5,0.0053656405524800084,https://leetcode.com/problems/apply-operations-to-maximize-score,"Array, Math, Stack, Greedy, Sorting, Monotonic Stack, Number Theory"
EASY,Three Divisors,10.5,0.006471577050217272,https://leetcode.com/problems/three-divisors,"Math, Enumeration, Number Theory, Prime Factorization, Sieve Theory"
EASY,Tenth Line,10.5,0.003740332584888292,https://leetcode.com/problems/tenth-line,Shell
EASY,Minimum Operations to Make Array Values Equal to K,10.5,0.007321668386756889,https://leetcode.com/problems/minimum-operations-to-make-array-values-equal-to-k,"Array, Hash Table"
HARD,Count Good Triplets in an Array,10.5,0.006528320711820606,https://leetcode.com/problems/count-good-triplets-in-an-array,"Array, Binary Search, Divide and Conquer, Binary Indexed Tree, Segment Tree, Merge Sort, Ordered Set"
EASY,Reformat Department Table,10.5,0.007641273405082739,https://leetcode.com/problems/reformat-department-table,Database
MEDIUM,Process Tasks Using Servers,10.5,0.004206894795804053,https://leetcode.com/problems/process-tasks-using-servers,"Array, Heap (Priority Queue)"
EASY,Patients With a Condition,10.5,0.003916640515559638,https://leetcode.com/problems/patients-with-a-condition,Database
MEDIUM,Custom Sort String,10.5,0.007232251380451601,https://leetcode.com/problems/custom-sort-string,"Hash Table, String, Sorting"
EASY,Available Captures for Rook,10.5,0.007207192687587779,https://leetcode.com/problems/available-captures-for-rook,"Array, Matrix, Simulation"
MEDIUM,Count Subarrays Where Max Element Appears at Least K Times,10.5,0.0062316575047379145,https://leetcode.com/problems/count-subarrays-where-max-element-appears-at-least-k-times,"Array, Sliding Window"
EASY,Construct the Rectangle,10.5,0.006486523339848189,https://leetcode.com/problems/construct-the-rectangle,Math
EASY,Find Most Frequent Vowel and Consonant,10.5,0.008925682426117503,https://leetcode.com/problems/find-most-frequent-vowel-and-consonant,"Hash Table, String, Counting"
MEDIUM,Can I Win,10.5,0.00316774134732184,https://leetcode.com/problems/can-i-win,"Math, Dynamic Programming, Bit Manipulation, Memoization, Game Theory, Bitmask"
MEDIUM,Maximize the Number of Target Nodes After Connecting Trees I,10.5,0.006944748224924508,https://leetcode.com/problems/maximize-the-number-of-target-nodes-after-connecting-trees-i,"Tree, Depth-First Search, Breadth-First Search"
MEDIUM,Lexicographically Minimum String After Removing Stars,10.5,0.005086538421213761,https://leetcode.com/problems/lexicographically-minimum-string-after-removing-stars,"Hash Table, String, Stack, Greedy, Heap (Priority Queue)"
HARD,Maximum Difference Between Even and Odd Frequency II,10.5,0.0048367925839334905,https://leetcode.com/problems/maximum-difference-between-even-and-odd-frequency-ii,"String, Sliding Window, Enumeration, Prefix Sum"
EASY,Find the Pivot Integer,10.5,0.008373707792554747,https://leetcode.com/problems/find-the-pivot-integer,"Math, Prefix Sum"
EASY,Find Subsequence of Length K With the Largest Sum,10.5,0.005728507767531101,https://leetcode.com/problems/find-subsequence-of-length-k-with-the-largest-sum,"Array, Hash Table, Sorting, Heap (Priority Queue)"
HARD,Find the K-th Character in String Game II,10.5,0.004842964584660796,https://leetcode.com/problems/find-the-k-th-character-in-string-game-ii,"Math, Bit Manipulation, Recursion"
MEDIUM,Matchsticks to Square,10.5,0.004219612960974536,https://leetcode.com/problems/matchsticks-to-square,"Array, Dynamic Programming, Backtracking, Bit Manipulation, Bitmask"
EASY,Valid Word,10.5,0.005084752246113829,https://leetcode.com/problems/valid-word,String
EASY,Add to Array-Form of Integer,10.5,0.0045662471870073626,https://leetcode.com/problems/add-to-array-form-of-integer,"Array, Math"
HARD,Minimum Difference in Sums After Removal of Elements,10.5,0.00695772519322223,https://leetcode.com/problems/minimum-difference-in-sums-after-removal-of-elements,"Array, Dynamic Programming, Heap (Priority Queue)"
MEDIUM,Count Partitions With Max-Min Difference at Most K,10.5,0.005837589554970628,https://leetcode.com/problems/count-partitions-with-max-min-difference-at-most-k,"Array, Dynamic Programming, Queue, Sliding Window, Prefix Sum, Monotonic Queue"
EASY,Maximum Unique Subarray Sum After Deletion,10.5,0.004055295795955873,https://leetcode.com/problems/maximum-unique-subarray-sum-after-deletion,"Array, Hash Table, Greedy"
MEDIUM,Letter Case Permutation,10.5,0.007603362851876176,https://leetcode.com/problems/letter-case-permutation,"String, Backtracking, Bit Manipulation"
MEDIUM,Transpose File,10.5,0.003313336787282196,https://leetcode.com/problems/transpose-file,Shell
EASY,Largest Number After Digit Swaps by Parity,10.5,0.006557294671604846,https://leetcode.com/problems/largest-number-after-digit-swaps-by-parity,"Sorting, Heap (Priority Queue)"
MEDIUM,Invalid Transactions,10.5,0.003249842207510103,https://leetcode.com/problems/invalid-transactions,"Array, Hash Table, String, Sorting"
MEDIUM,Sort Matrix by Diagonals,10.5,0.008469399116675533,https://leetcode.com/problems/sort-matrix-by-diagonals,"Array, Sorting, Matrix"
MEDIUM,Alice and Bob Playing Flower Game,10.5,0.005990653169794592,https://leetcode.com/problems/alice-and-bob-playing-flower-game,Math
EASY,Find Common Elements Between Two Arrays,10.5,0.008474145908131916,https://leetcode.com/problems/find-common-elements-between-two-arrays,"Array, Hash Table"
MEDIUM,Minimum Number of People to Teach,10.5,0.0067254493774770805,https://leetcode.com/problems/minimum-number-of-people-to-teach,"Array, Hash Table, Greedy"
HARD,Replace Non-Coprime Numbers in Array,10.5,0.0057644869090457875,https://leetcode.com/problems/replace-non-coprime-numbers-in-array,"Array, Math, Stack, Number Theory, Least Common Multiple, Greatest Common Divisor"
EASY,Maximum Number of Words You Can Type,10.5,0.008293671488622959,https://leetcode.com/problems/maximum-number-of-words-you-can-type,"Hash Table, String"
HARD,Minimum Moves to Move a Box to Their Target Location,10.5,0.005003019870749532,https://leetcode.com/problems/minimum-moves-to-move-a-box-to-their-target-location,"Array, Breadth-First Search, Heap (Priority Queue), Matrix"
MEDIUM,Successful Pairs of Spells and Potions,10.5,0.00498110765401369,https://leetcode.com/problems/successful-pairs-of-spells-and-potions,"Array, Two Pointers, Binary Search, Sorting"
MEDIUM,Power Grid Maintenance,10.5,0.00559088687500368,https://leetcode.com/problems/power-grid-maintenance,"Array, Hash Table, Depth-First Search, Breadth-First Search, Union-Find, Graph Theory, Heap (Priority Queue), Ordered Set"
HARD,Maximize the Minimum Powered City,10.5,0.0061400301994754825,https://leetcode.com/problems/maximize-the-minimum-powered-city,"Array, Binary Search, Greedy, Queue, Sliding Window, Prefix Sum"
MEDIUM,Minimum Operations to Convert All Elements to Zero,10.5,0.005308139293324391,https://leetcode.com/problems/minimum-operations-to-convert-all-elements-to-zero,"Array, Hash Table, Stack, Greedy, Monotonic Stack"
EASY,Count of Matches in Tournament,10.5,0.008655234313309789,https://leetcode.com/problems/count-of-matches-in-tournament,"Math, Simulation"
EASY,1-bit and 2-bit Characters,10.5,0.004969540237070006,https://leetcode.com/problems/1-bit-and-2-bit-characters,Array
MEDIUM,Greatest Sum Divisible by Three,10.5,0.005700181505379252,https://leetcode.com/problems/greatest-sum-divisible-by-three,"Array, Dynamic Programming, Greedy, Sorting"
HARD,Process String with Special Operations II,10.5,0.003982298652427102,https://leetcode.com/problems/process-string-with-special-operations-ii,"String, Simulation"
MEDIUM,Count Special Triplets,10.5,0.004709149199680186,https://leetcode.com/problems/count-special-triplets,"Array, Hash Table, Counting"
MEDIUM,Count the Number of Computer Unlocking Permutations,10.5,0.0058951629876320055,https://leetcode.com/problems/count-the-number-of-computer-unlocking-permutations,"Array, Math, Brainteaser, Combinatorics"
MEDIUM,Number of Smooth Descent Periods of a Stock,10.5,0.0067654416541124765,https://leetcode.com/problems/number-of-smooth-descent-periods-of-a-stock,"Array, Math, Two Pointers, Dynamic Programming, Sliding Window"
HARD,Number of Ways to Paint N × 3 Grid,10.5,0.008055706339339391,https://leetcode.com/problems/number-of-ways-to-paint-n-3-grid,"Dynamic Programming, Graph Coloring"
HARD,Tallest Billboard,10.5,0.005187379895880647,https://leetcode.com/problems/tallest-billboard,"Array, Dynamic Programming, Meet in the Middle, Knapsack Problem, 0-1 Knapsack"
MEDIUM,Minimum ASCII Delete Sum for Two Strings,10.5,0.007112932032786639,https://leetcode.com/problems/minimum-ascii-delete-sum-for-two-strings,"String, Dynamic Programming, Longest Common Subsequence"
MEDIUM,Maximum Square Area by Removing Fences From a Field,10.5,0.004941037207983726,https://leetcode.com/problems/maximum-square-area-by-removing-fences-from-a-field,"Array, Hash Table, Enumeration"
MEDIUM,Find Players With Zero or One Losses,10.5,0.007238360622847399,https://leetcode.com/problems/find-players-with-zero-or-one-losses,"Array, Hash Table, Sorting, Counting"
MEDIUM,Minimum Removals to Balance Array,10.5,0.004783522069231759,https://leetcode.com/problems/minimum-removals-to-balance-array,"Array, Binary Search, Sliding Window, Sorting"
MEDIUM,Restaurant Growth,10.5,0.005958074011862455,https://leetcode.com/problems/restaurant-growth,Database
MEDIUM,Longest Balanced Substring II,10.5,0.004188189558408848,https://leetcode.com/problems/longest-balanced-substring-ii,"Hash Table, String, Prefix Sum"
EASY,Rearrange Products Table,10.5,0.008552766363050296,https://leetcode.com/problems/rearrange-products-table,Database
MEDIUM,Jump Game IX,10.5,0.004633796745338937,https://leetcode.com/problems/jump-game-ix,"Array, Dynamic Programming"
MEDIUM,Minimum Jumps to Reach End via Prime Teleportation,10.5,0.004451583723754136,https://leetcode.com/problems/minimum-jumps-to-reach-end-via-prime-teleportation,"Array, Hash Table, Math, Breadth-First Search, Number Theory"
MEDIUM,Minimum Moves to Make Array Complementary,10.5,0.006483752144515087,https://leetcode.com/problems/minimum-moves-to-make-array-complementary,"Array, Hash Table, Prefix Sum"
EASY,Check if Array is Good,10.5,0.005732660789747577,https://leetcode.com/problems/check-if-array-is-good,"Array, Hash Table, Sorting"
MEDIUM,Count the Number of Special Characters II,10.5,0.006049983185543107,https://leetcode.com/problems/count-the-number-of-special-characters-ii,"Hash Table, String"
EASY,Earliest Finish Time for Land and Water Rides I,10.5,0.007296778661639237,https://leetcode.com/problems/earliest-finish-time-for-land-and-water-rides-i,"Array, Two Pointers, Binary Search, Greedy, Sorting"
HARD,Number of Ways to Assign Edge Weights II,10.5,0.007188049574908686,https://leetcode.com/problems/number-of-ways-to-assign-edge-weights-ii,"Array, Math, Dynamic Programming, Bit Manipulation, Tree, Depth-First Search"
MEDIUM,Number of Sub-arrays of Size K and Average Greater than or Equal to Threshold,10.5,0.007390667420627442,https://leetcode.com/problems/number-of-sub-arrays-of-size-k-and-average-greater-than-or-equal-to-threshold,"Array, Sliding Window"
MEDIUM,Count Subarrays With Majority Element I,10.5,0.007566326026585294,https://leetcode.com/problems/count-subarrays-with-majority-element-i,"Array, Hash Table, Divide and Conquer, Segment Tree, Merge Sort, Counting, Prefix Sum"
EASY,Concatenate Non-Zero Digits and Multiply by Sum I,10.5,0.006614353891336271,https://leetcode.com/problems/concatenate-non-zero-digits-and-multiply-by-sum-i,Math
HARD,Maximize Active Section with Trade II,10.5,0.006465984412957692,https://leetcode.com/problems/maximize-active-section-with-trade-ii,"Array, String, Binary Search, Segment Tree"
HARD,Smallest Palindromic Rearrangement II,10.5,0.004409227718775416,https://leetcode.com/problems/smallest-palindromic-rearrangement-ii,"Hash Table, Math, String, Combinatorics, Counting"
HARD,Data Stream as Disjoint Intervals,8.1,0.006049038276385888,https://leetcode.com/problems/data-stream-as-disjoint-intervals,"Hash Table, Binary Search, Union-Find, Design, Data Stream, Ordered Set"
MEDIUM,Find Right Interval,8.1,0.005636831244953498,https://leetcode.com/problems/find-right-interval,"Array, Binary Search, Sorting"
EASY,Teemo Attacking,8.1,0.005801684112676335,https://leetcode.com/problems/teemo-attacking,"Array, Simulation"
HARD,Find the Closest Palindrome,8.1,0.003207208639465825,https://leetcode.com/problems/find-the-closest-palindrome,"Math, String"
HARD,K Inverse Pairs Array,8.1,0.004900914921551219,https://leetcode.com/problems/k-inverse-pairs-array,Dynamic Programming
HARD,Max Stack,8.1,0.004599698831436495,https://leetcode.com/problems/max-stack,"Linked List, Stack, Design, Doubly-Linked List, Ordered Set"
EASY,Number of Days Between Two Dates,8.1,0.005330759770429079,https://leetcode.com/problems/number-of-days-between-two-dates,"Math, String"
HARD,Constrained Subsequence Sum,8.1,0.005646162111738902,https://leetcode.com/problems/constrained-subsequence-sum,"Array, Dynamic Programming, Queue, Sliding Window, Heap (Priority Queue), Monotonic Queue"
EASY,Three Consecutive Odds,8.1,0.006932610297510883,https://leetcode.com/problems/three-consecutive-odds,Array
HARD,Find Critical and Pseudo-Critical Edges in Minimum Spanning Tree,8.1,0.006675319607394024,https://leetcode.com/problems/find-critical-and-pseudo-critical-edges-in-minimum-spanning-tree,"Union-Find, Graph Theory, Sorting, Minimum Spanning Tree, Strongly Connected Component, Prim's Algorithm, Kruskal's Algorithm, Borůvka's Algorithm"
HARD,Delete Duplicate Folders in System,8.1,0.007722590674734099,https://leetcode.com/problems/delete-duplicate-folders-in-system,"Array, Hash Table, String, Depth-First Search, Trie, Sorting, Hash Function"
EASY,Count Number of Pairs With Absolute Difference K,8.1,0.008544714605966546,https://leetcode.com/problems/count-number-of-pairs-with-absolute-difference-k,"Array, Hash Table, Counting"
EASY,Most Frequent Even Element,8.1,0.005408271784057977,https://leetcode.com/problems/most-frequent-even-element,"Array, Hash Table, Counting"
EASY,Remove Digit From Number to Maximize Result,8.1,0.004876850166182045,https://leetcode.com/problems/remove-digit-from-number-to-maximize-result,"String, Greedy, Enumeration"
MEDIUM,Design a Food Rating System,8.1,0.005288384409042685,https://leetcode.com/problems/design-a-food-rating-system,"Array, Hash Table, String, Design, Heap (Priority Queue), Ordered Set"
MEDIUM,Amount of Time for Binary Tree to Be Infected,8.1,0.0065872288329177795,https://leetcode.com/problems/amount-of-time-for-binary-tree-to-be-infected,"Hash Table, Tree, Depth-First Search, Breadth-First Search, Binary Tree"
EASY,Count the Digits That Divide a Number,8.1,0.008612064030705746,https://leetcode.com/problems/count-the-digits-that-divide-a-number,Math
MEDIUM,Check if Object Instance of Class,8.1,0.0030172684458398746,https://leetcode.com/problems/check-if-object-instance-of-class,
MEDIUM,Max Increase to Keep City Skyline,8.1,0.008642547098044483,https://leetcode.com/problems/max-increase-to-keep-city-skyline,"Array, Greedy, Matrix"
MEDIUM,Sort Vowels in a String,8.1,0.008348176719925155,https://leetcode.com/problems/sort-vowels-in-a-string,"String, Sorting"
MEDIUM,Most Profit Assigning Work,8.1,0.005631316893047863,https://leetcode.com/problems/most-profit-assigning-work,"Array, Two Pointers, Binary Search, Greedy, Sorting"
HARD,Rectangle Area II,8.1,0.005658832392644099,https://leetcode.com/problems/rectangle-area-ii,"Array, Segment Tree, Sweep Line, Ordered Set"
EASY,Height Checker,8.1,0.008194261670484915,https://leetcode.com/problems/height-checker,"Array, Sorting, Counting Sort, Bubble Sort"
HARD,Check If It Is a Good Array,8.1,0.006576073593010977,https://leetcode.com/problems/check-if-it-is-a-good-array,"Array, Math, Number Theory, Bézout's Lemma, Euclidean Algorithm, Greatest Common Divisor, Extended Euclidean Algorithm"
EASY,Widest Vertical Area Between Two Points Containing No Points,8.1,0.00871239654018519,https://leetcode.com/problems/widest-vertical-area-between-two-points-containing-no-points,"Array, Sorting"
MEDIUM,Seat Reservation Manager,8.1,0.00673763209617571,https://leetcode.com/problems/seat-reservation-manager,"Design, Heap (Priority Queue)"
MEDIUM,Egg Drop With 2 Eggs and N Floors,8.1,0.007471123207647371,https://leetcode.com/problems/egg-drop-with-2-eggs-and-n-floors,"Math, Dynamic Programming"
MEDIUM,Nearest Exit from Entrance in Maze,8.1,0.004903764164288496,https://leetcode.com/problems/nearest-exit-from-entrance-in-maze,"Array, Breadth-First Search, Matrix"
EASY,Longest Nice Substring,8.1,0.006466821152853167,https://leetcode.com/problems/longest-nice-substring,"Hash Table, String, Divide and Conquer, Bit Manipulation, Sliding Window"
EASY,Minimum Bit Flips to Convert Number,8.1,0.008794671003143654,https://leetcode.com/problems/minimum-bit-flips-to-convert-number,Bit Manipulation
HARD,Basic Calculator IV,8.1,0.004986395532006301,https://leetcode.com/problems/basic-calculator-iv,"Hash Table, Math, String, Stack, Recursion"
EASY,Number Complement,8.1,0.0070531261105215935,https://leetcode.com/problems/number-complement,Bit Manipulation
MEDIUM,Count Sub Islands,8.1,0.007308719403770726,https://leetcode.com/problems/count-sub-islands,"Array, Depth-First Search, Breadth-First Search, Union-Find, Matrix"
MEDIUM,Find the Student that Will Replace the Chalk,8.1,0.005318946333385085,https://leetcode.com/problems/find-the-student-that-will-replace-the-chalk,"Array, Binary Search, Simulation, Prefix Sum"
EASY,Find Minimum Operations to Make All Elements Divisible by Three,8.1,0.009062720741245124,https://leetcode.com/problems/find-minimum-operations-to-make-all-elements-divisible-by-three,"Array, Math"
EASY,Sort the People,8.1,0.008480914464489493,https://leetcode.com/problems/sort-the-people,"Array, Hash Table, String, Sorting"
EASY,Count the Number of Special Characters I,8.1,0.007733637401982086,https://leetcode.com/problems/count-the-number-of-special-characters-i,"Hash Table, String"
MEDIUM,Find the Longest Substring Containing Vowels in Even Counts,8.1,0.007557476549567776,https://leetcode.com/problems/find-the-longest-substring-containing-vowels-in-even-counts,"Hash Table, String, Bit Manipulation, Prefix Sum"
EASY,Find Winner on a Tic Tac Toe Game,8.1,0.005468769609196556,https://leetcode.com/problems/find-winner-on-a-tic-tac-toe-game,"Array, Hash Table, Matrix, Simulation"
MEDIUM,Pairs of Songs With Total Durations Divisible by 60,8.1,0.005352883952557965,https://leetcode.com/problems/pairs-of-songs-with-total-durations-divisible-by-60,"Array, Hash Table, Counting"
MEDIUM,Maximum Subarray Sum with One Deletion,8.1,0.004915435666880754,https://leetcode.com/problems/maximum-subarray-sum-with-one-deletion,"Array, Dynamic Programming"
MEDIUM,Tweet Counts Per Frequency,8.1,0.004649963820549928,https://leetcode.com/problems/tweet-counts-per-frequency,"Hash Table, String, Binary Search, Design, Sorting, Ordered Set"
MEDIUM,Separate Black and White Balls,8.1,0.006382013780261982,https://leetcode.com/problems/separate-black-and-white-balls,"Two Pointers, String, Greedy"
HARD,Sort Items by Groups Respecting Dependencies,8.1,0.006602288848954885,https://leetcode.com/problems/sort-items-by-groups-respecting-dependencies,"Depth-First Search, Breadth-First Search, Graph Theory, Topological Sort, Directed Acyclic Graph"
MEDIUM,Two City Scheduling,8.1,0.006885736389310913,https://leetcode.com/problems/two-city-scheduling,"Array, Greedy, Sorting, Hungarian Algorithm, Successive Shortest Path Algorithm"
HARD,Best Meeting Point,8.1,0.006143219217419532,https://leetcode.com/problems/best-meeting-point,"Array, Math, Sorting, Matrix"
HARD,Total Characters in String After Transformations II,8.1,0.005764701639226011,https://leetcode.com/problems/total-characters-in-string-after-transformations-ii,"Hash Table, Math, String, Dynamic Programming, Counting"
MEDIUM,Largest Combination With Bitwise AND Greater Than Zero,8.1,0.00807306553825184,https://leetcode.com/problems/largest-combination-with-bitwise-and-greater-than-zero,"Array, Hash Table, Bit Manipulation, Counting"
MEDIUM,Shortest Subarray With OR at Least K II,8.1,0.005010917953691959,https://leetcode.com/problems/shortest-subarray-with-or-at-least-k-ii,"Array, Bit Manipulation, Sliding Window"
MEDIUM,Most Beautiful Item for Each Query,8.1,0.006204684755391112,https://leetcode.com/problems/most-beautiful-item-for-each-query,"Array, Binary Search, Sorting"
MEDIUM,Find the Power of K-Size Subarrays I,8.1,0.006209770341725199,https://leetcode.com/problems/find-the-power-of-k-size-subarrays-i,"Array, Sliding Window"
MEDIUM,Shortest Distance After Road Addition Queries I,8.1,0.006193564910153351,https://leetcode.com/problems/shortest-distance-after-road-addition-queries-i,"Array, Breadth-First Search, Graph Theory"
EASY,Find the Middle Index in Array,8.1,0.007034860444914454,https://leetcode.com/problems/find-the-middle-index-in-array,"Array, Prefix Sum"
MEDIUM,Find Score of an Array After Marking All Elements,8.1,0.006456289518952693,https://leetcode.com/problems/find-score-of-an-array-after-marking-all-elements,"Array, Hash Table, Sorting, Heap (Priority Queue), Simulation"
MEDIUM,Minimum Number of Operations to Sort a Binary Tree by Level,8.1,0.007422767990160962,https://leetcode.com/problems/minimum-number-of-operations-to-sort-a-binary-tree-by-level,"Tree, Breadth-First Search, Binary Tree"
EASY,Number of Segments in a String,8.1,0.003765800303447016,https://leetcode.com/problems/number-of-segments-in-a-string,String
EASY,Row With Maximum Ones,8.1,0.007454293810654383,https://leetcode.com/problems/row-with-maximum-ones,"Array, Matrix"
MEDIUM,Convert BST to Greater Tree,8.1,0.007186448950352572,https://leetcode.com/problems/convert-bst-to-greater-tree,"Tree, Depth-First Search, Binary Search Tree, Binary Tree"
MEDIUM,Analyze User Website Visit Pattern,8.1,0.004433230876026659,https://leetcode.com/problems/analyze-user-website-visit-pattern,"Array, Hash Table, String, Sorting"
EASY,Max Pair Sum in an Array,8.1,0.006121219133570527,https://leetcode.com/problems/max-pair-sum-in-an-array,"Array, Hash Table"
MEDIUM,Grid Game,8.1,0.006087752399581101,https://leetcode.com/problems/grid-game,"Array, Matrix, Prefix Sum"
MEDIUM,Count Univalue Subtrees,8.1,0.005757135832533309,https://leetcode.com/problems/count-univalue-subtrees,"Tree, Depth-First Search, Binary Tree, DP on Trees"
MEDIUM,Course Schedule IV,8.1,0.006018946453846046,https://leetcode.com/problems/course-schedule-iv,"Depth-First Search, Breadth-First Search, Graph Theory, Topological Sort"
MEDIUM,Count of Interesting Subarrays,8.1,0.005779595973328554,https://leetcode.com/problems/count-of-interesting-subarrays,"Array, Hash Table, Prefix Sum"
MEDIUM,Maximum Frequency After Subarray Operation,8.1,0.003159882202061464,https://leetcode.com/problems/maximum-frequency-after-subarray-operation,"Array, Hash Table, Dynamic Programming, Greedy, Enumeration, Prefix Sum"
EASY,Longest Strictly Increasing or Strictly Decreasing Subarray,8.1,0.006493006296092202,https://leetcode.com/problems/longest-strictly-increasing-or-strictly-decreasing-subarray,Array
EASY,Check if One String Swap Can Make Strings Equal,8.1,0.004953737213556182,https://leetcode.com/problems/check-if-one-string-swap-can-make-strings-equal,"Hash Table, String, Counting"
EASY,Minimum Operations to Make the Array Increasing,8.1,0.008235287396379052,https://leetcode.com/problems/minimum-operations-to-make-the-array-increasing,"Array, Greedy"
EASY,Sum of Unique Elements,8.1,0.008021881131917812,https://leetcode.com/problems/sum-of-unique-elements,"Array, Hash Table, Counting"
MEDIUM,Count Total Number of Colored Cells,8.1,0.006621364990789046,https://leetcode.com/problems/count-total-number-of-colored-cells,Math
EASY,Find Indices of Stable Mountains,8.1,0.008723963482002675,https://leetcode.com/problems/find-indices-of-stable-mountains,Array
MEDIUM,Maximum Alternating Subsequence Sum,8.1,0.005925340577025971,https://leetcode.com/problems/maximum-alternating-subsequence-sum,"Array, Dynamic Programming"
HARD,Parse Lisp Expression,8.1,0.005394257396880922,https://leetcode.com/problems/parse-lisp-expression,"Hash Table, String, Stack, Recursion"
EASY,Divide Array Into Equal Pairs,8.1,0.007922890909885207,https://leetcode.com/problems/divide-array-into-equal-pairs,"Array, Hash Table, Bit Manipulation, Counting"
MEDIUM,Count the Number of Complete Components,8.1,0.008081815581195768,https://leetcode.com/problems/count-the-number-of-complete-components,"Depth-First Search, Breadth-First Search, Union-Find, Graph Theory"
EASY,Maximum Repeating Substring,8.1,0.004218992310242671,https://leetcode.com/problems/maximum-repeating-substring,"String, Dynamic Programming, String Matching"
MEDIUM,Minimum Operations to Make a Uni-Value Grid,8.1,0.0070759769386680785,https://leetcode.com/problems/minimum-operations-to-make-a-uni-value-grid,"Array, Math, Sorting, Matrix"
MEDIUM,Minimum Index of a Valid Split,8.1,0.007552614222328816,https://leetcode.com/problems/minimum-index-of-a-valid-split,"Array, Hash Table, Sorting"
HARD,Maximum Number of Points From Grid Queries,8.1,0.005923648977749266,https://leetcode.com/problems/maximum-number-of-points-from-grid-queries,"Array, Two Pointers, Breadth-First Search, Union-Find, Sorting, Heap (Priority Queue), Matrix"
EASY,Minimum Cuts to Divide a Circle,8.1,0.005660200380751219,https://leetcode.com/problems/minimum-cuts-to-divide-a-circle,"Math, Geometry"
HARD,Find the String with LCP,8.1,0.0063156098892528465,https://leetcode.com/problems/find-the-string-with-lcp,"Array, String, Dynamic Programming, Greedy, Union-Find, Matrix"
EASY,Filter Elements from Array,8.1,0.008553563356938377,https://leetcode.com/problems/filter-elements-from-array,
MEDIUM,Mirror Reflection,8.1,0.006253941643715324,https://leetcode.com/problems/mirror-reflection,"Math, Geometry, Number Theory, Least Common Multiple, Greatest Common Divisor"
MEDIUM,Serialize and Deserialize BST,8.1,0.005992560862787839,https://leetcode.com/problems/serialize-and-deserialize-bst,"String, Tree, Depth-First Search, Breadth-First Search, Design, Binary Search Tree, Binary Tree"
MEDIUM,Shifting Letters,8.1,0.0046459881930688215,https://leetcode.com/problems/shifting-letters,"Array, String, Prefix Sum"
EASY,Check if Matrix Is X-Matrix,8.1,0.006692659204292961,https://leetcode.com/problems/check-if-matrix-is-x-matrix,"Array, Matrix"
MEDIUM,Make Array Non-decreasing,8.1,0.005775787728026533,https://leetcode.com/problems/make-array-non-decreasing,"Array, Stack, Greedy, Monotonic Stack"
MEDIUM,Count the Hidden Sequences,8.1,0.0056686478792536575,https://leetcode.com/problems/count-the-hidden-sequences,"Array, Prefix Sum"
MEDIUM,All Paths From Source to Target,8.1,0.00837710368289477,https://leetcode.com/problems/all-paths-from-source-to-target,"Backtracking, Depth-First Search, Breadth-First Search, Graph Theory, Directed Acyclic Graph"
MEDIUM,Minimum Swaps to Sort by Digit Sum,8.1,0.0050793470868283844,https://leetcode.com/problems/minimum-swaps-to-sort-by-digit-sum,"Array, Hash Table, Sorting"
EASY,The Latest Login in 2020,8.1,0.007706951819316319,https://leetcode.com/problems/the-latest-login-in-2020,Database
MEDIUM,String Without AAA or BBB,8.1,0.004557481621327841,https://leetcode.com/problems/string-without-aaa-or-bbb,"String, Greedy"
HARD,Maximize the Number of Target Nodes After Connecting Trees II,8.1,0.007311240177656303,https://leetcode.com/problems/maximize-the-number-of-target-nodes-after-connecting-trees-ii,"Tree, Depth-First Search, Breadth-First Search"
MEDIUM,Lexicographically Smallest Equivalent String,8.1,0.008108227127852068,https://leetcode.com/problems/lexicographically-smallest-equivalent-string,"String, Union-Find"
MEDIUM,3Sum With Multiplicity,8.1,0.004642843787628357,https://leetcode.com/problems/3sum-with-multiplicity,"Array, Hash Table, Two Pointers, Sorting, Counting"
EASY,Maximum Difference Between Even and Odd Frequency I,8.1,0.006075554987094849,https://leetcode.com/problems/maximum-difference-between-even-and-odd-frequency-i,"Hash Table, String, Counting"
EASY,Maximum Difference Between Adjacent Elements in a Circular Array,8.1,0.007561469842924009,https://leetcode.com/problems/maximum-difference-between-adjacent-elements-in-a-circular-array,Array
MEDIUM,Max Difference You Can Get From Changing an Integer,8.1,0.004863295991316072,https://leetcode.com/problems/max-difference-you-can-get-from-changing-an-integer,"Math, Greedy"
EASY,Unique 3-Digit Even Numbers,8.1,0.007041918846008695,https://leetcode.com/problems/unique-3-digit-even-numbers,"Array, Hash Table, Recursion, Enumeration"
HARD,Find Weighted Median Node in Tree,8.1,0.0026431453811757003,https://leetcode.com/problems/find-weighted-median-node-in-tree,"Array, Binary Search, Dynamic Programming, Bit Manipulation, Tree, Depth-First Search"
HARD,Number of Squareful Arrays,8.1,0.005178507852367577,https://leetcode.com/problems/number-of-squareful-arrays,"Array, Hash Table, Math, Dynamic Programming, Backtracking, Bit Manipulation, Bitmask"
HARD,Closest Subsequence Sum,8.1,0.004477573243453461,https://leetcode.com/problems/closest-subsequence-sum,"Array, Two Pointers, Dynamic Programming, Bit Manipulation, Meet in the Middle, Sorting, Bitmask"
MEDIUM,Validate IP Address,8.1,0.0028461771286968614,https://leetcode.com/problems/validate-ip-address,String
MEDIUM,Finding Pairs With a Certain Sum,8.1,0.006154399134007348,https://leetcode.com/problems/finding-pairs-with-a-certain-sum,"Array, Hash Table, Design"
MEDIUM,Maximum Nesting Depth of Two Valid Parentheses Strings,8.1,0.0072142606759180985,https://leetcode.com/problems/maximum-nesting-depth-of-two-valid-parentheses-strings,"String, Stack, Bracket Sequences"
EASY,Decode the Message,8.1,0.008593744970763371,https://leetcode.com/problems/decode-the-message,"Hash Table, String"
EASY,Maximum Subarray With Equal Products,8.1,0.0047281663054427785,https://leetcode.com/problems/maximum-subarray-with-equal-products,"Array, Math, Sliding Window, Enumeration, Number Theory"
MEDIUM,Vowel Spellchecker,8.1,0.006145180774872724,https://leetcode.com/problems/vowel-spellchecker,"Array, Hash Table, String"
MEDIUM,Friend Requests II: Who Has the Most Friends,8.1,0.006340529247910863,https://leetcode.com/problems/friend-requests-ii-who-has-the-most-friends,Database
MEDIUM,Subsequence Sum After Capping Elements,8.1,0.0025548526046574238,https://leetcode.com/problems/subsequence-sum-after-capping-elements,"Array, Two Pointers, Dynamic Programming, Sorting"
MEDIUM,Design Spreadsheet,8.1,0.0073532535496235295,https://leetcode.com/problems/design-spreadsheet,"Array, Hash Table, String, Design, Matrix"
HARD,Find Minimum Time to Finish All Jobs,8.1,0.004618263547163833,https://leetcode.com/problems/find-minimum-time-to-finish-all-jobs,"Array, Dynamic Programming, Backtracking, Bit Manipulation, Bitmask"
HARD,Minimum Cost to Reach Destination in Time,8.1,0.0042231260093748765,https://leetcode.com/problems/minimum-cost-to-reach-destination-in-time,"Array, Dynamic Programming, Graph Theory, Dijkstra's Algorithm"
EASY,Check If Digits Are Equal in String After Operations I,8.1,0.00822763149352155,https://leetcode.com/problems/check-if-digits-are-equal-in-string-after-operations-i,"Math, String, Simulation, Combinatorics, Number Theory"
EASY,Make Array Elements Equal to Zero,8.1,0.006814142625623845,https://leetcode.com/problems/make-array-elements-equal-to-zero,"Array, Simulation, Prefix Sum"
MEDIUM,Largest Magic Square,8.1,0.007520118191797555,https://leetcode.com/problems/largest-magic-square,"Array, Matrix, Prefix Sum"
HARD,Find X-Sum of All K-Long Subarrays II,8.1,0.004124015073655361,https://leetcode.com/problems/find-x-sum-of-all-k-long-subarrays-ii,"Array, Hash Table, Sliding Window, Heap (Priority Queue)"
HARD,Minimum One Bit Operations to Make Integers Zero,8.1,0.00782056825986315,https://leetcode.com/problems/minimum-one-bit-operations-to-make-integers-zero,"Math, Dynamic Programming, Bit Manipulation, Recursion, Memoization"
EASY,Actors and Directors Who Cooperated At Least Three Times,8.1,0.007131978909788788,https://leetcode.com/problems/actors-and-directors-who-cooperated-at-least-three-times,Database
EASY,Count Partitions with Even Sum Difference,8.1,0.008511773466809945,https://leetcode.com/problems/count-partitions-with-even-sum-difference,"Array, Math, Prefix Sum"
MEDIUM,Trim a Binary Search Tree,8.1,0.0066812677387059274,https://leetcode.com/problems/trim-a-binary-search-tree,"Tree, Depth-First Search, Binary Search Tree, Binary Tree"
MEDIUM,Total Waviness of Numbers in Range I,8.1,0.008742314341216518,https://leetcode.com/problems/total-waviness-of-numbers-in-range-i,"Math, Dynamic Programming, Enumeration"
MEDIUM,Design A Leaderboard,8.1,0.006804074911161337,https://leetcode.com/problems/design-a-leaderboard,"Hash Table, Design, Sorting"
EASY,Apple Redistribution into Boxes,8.1,0.007841268119381127,https://leetcode.com/problems/apple-redistribution-into-boxes,"Array, Greedy, Sorting"
MEDIUM,Smallest Subtree with all the Deepest Nodes,8.1,0.007769344131145701,https://leetcode.com/problems/smallest-subtree-with-all-the-deepest-nodes,"Hash Table, Tree, Depth-First Search, Breadth-First Search, Binary Tree, Binary Lifting, Lowest Common Ancestor, DP on Trees"
EASY,Find Words That Can Be Formed by Characters,8.1,0.007172403239229646,https://leetcode.com/problems/find-words-that-can-be-formed-by-characters,"Array, Hash Table, String, Counting"
HARD,Find Nth Smallest Integer With K One Bits,8.1,0.003543448896893292,https://leetcode.com/problems/find-nth-smallest-integer-with-k-one-bits,"Math, Bit Manipulation, Combinatorics"
HARD,Minimum Cost Path with Teleportations,8.1,0.0045322662344240705,https://leetcode.com/problems/minimum-cost-path-with-teleportations,"Array, Dynamic Programming, Matrix"
HARD,Human Traffic of Stadium,8.1,0.0051974722266945736,https://leetcode.com/problems/human-traffic-of-stadium,Database
HARD,Maximize Cyclic Partition Score,8.1,0.0014432989690721647,https://leetcode.com/problems/maximize-cyclic-partition-score,"Array, Dynamic Programming"
HARD,Minimum Deletions to Make Array Divisible,8.1,0.0061696714161093335,https://leetcode.com/problems/minimum-deletions-to-make-array-divisible,"Array, Math, Sorting, Heap (Priority Queue), Number Theory, Euclidean Algorithm, Greatest Common Divisor"
EASY,Prime Number of Set Bits in Binary Representation,8.1,0.007898371484957487,https://leetcode.com/problems/prime-number-of-set-bits-in-binary-representation,"Math, Bit Manipulation, Primality Test"
EASY,Sum of Root To Leaf Binary Numbers,8.1,0.007667742794381947,https://leetcode.com/problems/sum-of-root-to-leaf-binary-numbers,"Tree, Depth-First Search, Binary Tree"
HARD,Minimum Operations to Equalize Binary String,8.1,0.0045119538394019845,https://leetcode.com/problems/minimum-operations-to-equalize-binary-string,"Math, String, Breadth-First Search, Union-Find, Ordered Set"
MEDIUM,Market Analysis I,8.1,0.005764866779913796,https://leetcode.com/problems/market-analysis-i,Database
MEDIUM,Concatenation of Consecutive Binary Numbers,8.1,0.006669827287371791,https://leetcode.com/problems/concatenation-of-consecutive-binary-numbers,"Math, Bit Manipulation, Simulation"
HARD,Maximize Spanning Tree Stability with Upgrades,8.1,0.006580014766067213,https://leetcode.com/problems/maximize-spanning-tree-stability-with-upgrades,"Binary Search, Greedy, Union-Find, Graph Theory, Minimum Spanning Tree"
MEDIUM,Reverse Nodes in Even Length Groups,8.1,0.006495148258398732,https://leetcode.com/problems/reverse-nodes-in-even-length-groups,Linked List
MEDIUM,Get Biggest Three Rhombus Sums in a Grid,8.1,0.007133801097750162,https://leetcode.com/problems/get-biggest-three-rhombus-sums-in-a-grid,"Array, Math, Sorting, Heap (Priority Queue), Matrix, Prefix Sum"
MEDIUM,Count Submatrices with Top-Left Element and Sum Less Than k,8.1,0.00750216257779273,https://leetcode.com/problems/count-submatrices-with-top-left-element-and-sum-less-than-k,"Array, Matrix, Prefix Sum"
MEDIUM,Minimum Absolute Difference in Sliding Submatrix,8.1,0.007832187114773244,https://leetcode.com/problems/minimum-absolute-difference-in-sliding-submatrix,"Array, Sorting, Matrix"
MEDIUM,Equal Sum Grid Partition I,8.1,0.0052800869676429205,https://leetcode.com/problems/equal-sum-grid-partition-i,"Array, Matrix, Enumeration, Prefix Sum"
HARD,Equal Sum Grid Partition II,8.1,0.003951210613031407,https://leetcode.com/problems/equal-sum-grid-partition-ii,"Array, Hash Table, Matrix, Enumeration, Prefix Sum"
HARD,Lexicographically Smallest Generated String,8.1,0.005362966235508759,https://leetcode.com/problems/lexicographically-smallest-generated-string,"String, Greedy, String Matching"
HARD,Maximize the Distance Between Points on a Square,8.1,0.00508327246165084,https://leetcode.com/problems/maximize-the-distance-between-points-on-a-square,"Array, Math, Binary Search, Geometry, Sorting"
EASY,Separate the Digits in an Array,8.1,0.008575934003891008,https://leetcode.com/problems/separate-the-digits-in-an-array,"Array, Simulation"
MEDIUM,Circular Array Loop,8.1,0.0038186661586367275,https://leetcode.com/problems/circular-array-loop,"Array, Hash Table, Two Pointers, Floyd's Cycle Finding Algorithm"
EASY,Sum of Variable Length Subarrays,8.1,0.008594776609724047,https://leetcode.com/problems/sum-of-variable-length-subarrays,"Array, Prefix Sum"
HARD,Total Waviness of Numbers in Range II,8.1,0.005663187045528037,https://leetcode.com/problems/total-waviness-of-numbers-in-range-ii,"Math, Dynamic Programming"
HARD,Number of ZigZag Arrays II,8.1,0.0067224787587735505,https://leetcode.com/problems/number-of-zigzag-arrays-ii,"Math, Dynamic Programming"
MEDIUM,Maximum Element After Decreasing and Rearranging,8.1,0.006915938998141083,https://leetcode.com/problems/maximum-element-after-decreasing-and-rearranging,"Array, Greedy, Sorting"
EASY,Number of Strings That Appear as Substrings in Word,8.1,0.008617710955550192,https://leetcode.com/problems/number-of-strings-that-appear-as-substrings-in-word,"Array, String"
HARD,Number of Paths with Max Score,8.1,0.006351177432258513,https://leetcode.com/problems/number-of-paths-with-max-score,"Array, Dynamic Programming, Matrix"
EASY,Shift 2D Grid,8.1,0.0074480674284730305,https://leetcode.com/problems/shift-2d-grid,"Array, Matrix, Simulation"
MEDIUM,Number of Unique XOR Triplets I,8.1,0.00577041870581838,https://leetcode.com/problems/number-of-unique-xor-triplets-i,"Array, Math, Bit Manipulation"
HARD,Longest Substring of One Repeating Character,8.1,0.006557237090425435,https://leetcode.com/problems/longest-substring-of-one-repeating-character,"Array, String, Segment Tree, Ordered Set"
EASY,Maximum Length Substring With Two Occurrences,8.1,0.007766367700486135,https://leetcode.com/problems/maximum-length-substring-with-two-occurrences,"Hash Table, String, Sliding Window"
MEDIUM,Longest Subsequence With Non-Zero Bitwise XOR,8.1,0.00553157894736842,https://leetcode.com/problems/longest-subsequence-with-non-zero-bitwise-xor,"Array, Bit Manipulation"
MEDIUM,Paint House,5.5,0.006452224596852535,https://leetcode.com/problems/paint-house,"Array, Dynamic Programming"
MEDIUM,Find the Celebrity,5.5,0.004906643023186505,https://leetcode.com/problems/find-the-celebrity,"Two Pointers, Graph Theory, Interactive"
MEDIUM,Minesweeper,5.5,0.006890005675052404,https://leetcode.com/problems/minesweeper,"Array, Depth-First Search, Breadth-First Search, Matrix"
MEDIUM,Remove Comments,5.5,0.004039956733569388,https://leetcode.com/problems/remove-comments,"Array, String"
HARD,Consecutive Numbers Sum,5.5,0.004282461260224423,https://leetcode.com/problems/consecutive-numbers-sum,"Math, Enumeration"
HARD,Distinct Subsequences II,5.5,0.004421326503980165,https://leetcode.com/problems/distinct-subsequences-ii,"String, Dynamic Programming"
MEDIUM,Building H2O,5.5,0.005848964980544748,https://leetcode.com/problems/building-h2o,Concurrency
EASY,The K Weakest Rows in a Matrix,5.5,0.007448604481142218,https://leetcode.com/problems/the-k-weakest-rows-in-a-matrix,"Array, Binary Search, Sorting, Heap (Priority Queue), Matrix"
MEDIUM,Linked List in Binary Tree,5.5,0.005201411493309092,https://leetcode.com/problems/linked-list-in-binary-tree,"Linked List, Tree, Depth-First Search, Binary Tree"
MEDIUM,HTML Entity Parser,5.5,0.005002898550724638,https://leetcode.com/problems/html-entity-parser,"Hash Table, String"
EASY,Check If Two String Arrays are Equivalent,5.5,0.00861747096921608,https://leetcode.com/problems/check-if-two-string-arrays-are-equivalent,"Array, String"
MEDIUM,Count Number of Homogenous Substrings,5.5,0.005732353588541049,https://leetcode.com/problems/count-number-of-homogenous-substrings,"Math, String"
MEDIUM,Maximum Number of Accepted Invitations,5.5,0.005282563269096819,https://leetcode.com/problems/maximum-number-of-accepted-invitations,"Array, Depth-First Search, Graph Theory, Matrix, Maximum Flow, Maximum Matching, Bipartite Graph, Edmonds–Karp Algorithm, MPM Algorithm, Push-Relabel Algorithm, Matching (Graph), Flow Network, Dinic's Algorithm"
MEDIUM,Count Nodes Equal to Average of Subtree,5.5,0.008679603126571596,https://leetcode.com/problems/count-nodes-equal-to-average-of-subtree,"Tree, Depth-First Search, Binary Tree"
HARD,Count Integers in Intervals,5.5,0.0036180838948467304,https://leetcode.com/problems/count-integers-in-intervals,"Design, Segment Tree, Ordered Set"
HARD,Longest Cycle in a Graph,5.5,0.005104730714878536,https://leetcode.com/problems/longest-cycle-in-a-graph,"Depth-First Search, Breadth-First Search, Graph Theory, Topological Sort, Kosaraju's Algorithm, Tarjan's SCC Algorithm"
MEDIUM,Optimal Partition of String,5.5,0.007850909976800713,https://leetcode.com/problems/optimal-partition-of-string,"Hash Table, String, Greedy"
HARD,Arithmetic Slices II - Subsequence,5.5,0.005521608540108282,https://leetcode.com/problems/arithmetic-slices-ii-subsequence,"Array, Dynamic Programming"
MEDIUM,Find Bottom Left Tree Value,5.5,0.007252537349275765,https://leetcode.com/problems/find-bottom-left-tree-value,"Tree, Depth-First Search, Breadth-First Search, Binary Tree"
MEDIUM,Maximum Length of Pair Chain,5.5,0.006207333442523575,https://leetcode.com/problems/maximum-length-of-pair-chain,"Array, Dynamic Programming, Greedy, Sorting, Longest Increasing Subsequence"
HARD,Strange Printer,5.5,0.0060980229188425834,https://leetcode.com/problems/strange-printer,"String, Dynamic Programming"
MEDIUM,N-ary Tree Level Order Traversal,5.5,0.0071631254388374995,https://leetcode.com/problems/n-ary-tree-level-order-traversal,"Tree, Breadth-First Search"
HARD,Robot Collisions,5.5,0.006163435341823481,https://leetcode.com/problems/robot-collisions,"Array, Stack, Sorting, Simulation"
EASY,Number of Lines To Write String,5.5,0.007304520140349175,https://leetcode.com/problems/number-of-lines-to-write-string,"Array, String"
MEDIUM,Score After Flipping Matrix,5.5,0.008028913996280616,https://leetcode.com/problems/score-after-flipping-matrix,"Array, Greedy, Bit Manipulation, Matrix"
MEDIUM,Minimum Increment to Make Array Unique,5.5,0.006077435426310024,https://leetcode.com/problems/minimum-increment-to-make-array-unique,"Array, Greedy, Sorting, Counting"
HARD,Find the Maximum Sum of Node Values,5.5,0.006913671913671914,https://leetcode.com/problems/find-the-maximum-sum-of-node-values,"Array, Dynamic Programming, Greedy, Bit Manipulation, Tree, Sorting"
MEDIUM,Remove Zero Sum Consecutive Nodes from Linked List,5.5,0.005328955051243696,https://leetcode.com/problems/remove-zero-sum-consecutive-nodes-from-linked-list,"Hash Table, Linked List"
HARD,Maximum Score Words Formed by Letters,5.5,0.008149606529904312,https://leetcode.com/problems/maximum-score-words-formed-by-letters,"Array, Hash Table, String, Dynamic Programming, Backtracking, Bit Manipulation, Counting, Bitmask"
HARD,Verbal Arithmetic Puzzle,5.5,0.0033465666813703864,https://leetcode.com/problems/verbal-arithmetic-puzzle,"Array, Math, String, Backtracking"
MEDIUM,Number of Operations to Make Network Connected,5.5,0.006714908140664005,https://leetcode.com/problems/number-of-operations-to-make-network-connected,"Depth-First Search, Breadth-First Search, Union-Find, Graph Theory"
HARD,Maximum Performance of a Team,5.5,0.004808111945518284,https://leetcode.com/problems/maximum-performance-of-a-team,"Array, Greedy, Sorting, Heap (Priority Queue)"
EASY,Bank Account Summary II,5.5,0.008297393493696565,https://leetcode.com/problems/bank-account-summary-ii,Database
MEDIUM,Minimum Cost to Convert String I,5.5,0.006301993088253528,https://leetcode.com/problems/minimum-cost-to-convert-string-i,"Array, String, Graph Theory, Shortest Path"
HARD,Build Array Where You Can Find The Maximum Exactly K Comparisons,5.5,0.006537512811159171,https://leetcode.com/problems/build-array-where-you-can-find-the-maximum-exactly-k-comparisons,"Dynamic Programming, Prefix Sum"
EASY,Number of Senior Citizens,5.5,0.008119093572018322,https://leetcode.com/problems/number-of-senior-citizens,"Array, String"
EASY,Maximum Odd Binary Number,5.5,0.008301009444977994,https://leetcode.com/problems/maximum-odd-binary-number,"Math, String, Greedy"
HARD,Minimum Number of Days to Disconnect Island,5.5,0.005867372653068318,https://leetcode.com/problems/minimum-number-of-days-to-disconnect-island,"Array, Depth-First Search, Breadth-First Search, Matrix, Strongly Connected Component, Articulation Point"
EASY,N-ary Tree Postorder Traversal,5.5,0.00811933698809686,https://leetcode.com/problems/n-ary-tree-postorder-traversal,"Stack, Tree, Depth-First Search"
EASY,N-ary Tree Preorder Traversal,5.5,0.007693237262277005,https://leetcode.com/problems/n-ary-tree-preorder-traversal,"Stack, Tree, Depth-First Search"
HARD,Modify Graph Edge Weights,5.5,0.005559417998806316,https://leetcode.com/problems/modify-graph-edge-weights,"Graph Theory, Heap (Priority Queue), Shortest Path"
EASY,Minimum Moves to Convert String,5.5,0.005826509368494101,https://leetcode.com/problems/minimum-moves-to-convert-string,"String, Greedy"
EASY,Sum of Digits of String After Convert,5.5,0.007481636197943744,https://leetcode.com/problems/sum-of-digits-of-string-after-convert,"String, Simulation"
MEDIUM,Spiral Matrix IV,5.5,0.008231698225734307,https://leetcode.com/problems/spiral-matrix-iv,"Array, Linked List, Matrix, Simulation"
MEDIUM,Restore the Array From Adjacent Pairs,5.5,0.007512448643971647,https://leetcode.com/problems/restore-the-array-from-adjacent-pairs,"Array, Hash Table, Depth-First Search"
HARD,Super Washing Machines,5.5,0.004520338249421998,https://leetcode.com/problems/super-washing-machines,"Array, Greedy"
MEDIUM,Shortest String That Contains Three Strings,5.5,0.0032179284130503644,https://leetcode.com/problems/shortest-string-that-contains-three-strings,"String, Greedy, Enumeration"
HARD,Chalkboard XOR Game,5.5,0.006696989590171621,https://leetcode.com/problems/chalkboard-xor-game,"Array, Math, Bit Manipulation, Brainteaser, Game Theory, Zero-Sum Game, Impartial Game"
EASY,Projection Area of 3D Shapes,5.5,0.007652355744777048,https://leetcode.com/problems/projection-area-of-3d-shapes,"Array, Math, Geometry, Matrix"
HARD,Make Array Non-decreasing or Non-increasing,5.5,0.006559212301052064,https://leetcode.com/problems/make-array-non-decreasing-or-non-increasing,"Array, Dynamic Programming, Greedy, Heap (Priority Queue)"
MEDIUM,K-th Largest Perfect Subtree Size in Binary Tree,5.5,0.006252632001122987,https://leetcode.com/problems/k-th-largest-perfect-subtree-size-in-binary-tree,"Tree, Depth-First Search, Sorting, Binary Tree"
EASY,Create Target Array in the Given Order,5.5,0.00865972863367133,https://leetcode.com/problems/create-target-array-in-the-given-order,"Array, Simulation"
MEDIUM,Maximum Number of Moves in a Grid,5.5,0.005877145501213528,https://leetcode.com/problems/maximum-number-of-moves-in-a-grid,"Array, Dynamic Programming, Matrix"
MEDIUM,Dot Product of Two Sparse Vectors,5.5,0.00898920702566936,https://leetcode.com/problems/dot-product-of-two-sparse-vectors,"Array, Hash Table, Two Pointers, Design, Linear Algebra"
EASY,Day of the Week,5.5,0.00595829636202307,https://leetcode.com/problems/day-of-the-week,Math
HARD,Sliding Puzzle,5.5,0.007455269470190516,https://leetcode.com/problems/sliding-puzzle,"Array, Dynamic Programming, Backtracking, Breadth-First Search, Memoization, Matrix, Heuristic Search, Bidirectional Search, A* Search"
EASY,Check If a Word Occurs As a Prefix of Any Word in a Sentence,5.5,0.006880183030166083,https://leetcode.com/problems/check-if-a-word-occurs-as-a-prefix-of-any-word-in-a-sentence,"Two Pointers, String, String Matching"
MEDIUM,Binary Search Tree to Greater Sum Tree,5.5,0.008840984085669109,https://leetcode.com/problems/binary-search-tree-to-greater-sum-tree,"Tree, Depth-First Search, Binary Search Tree, Binary Tree"
EASY,Determine if String Halves Are Alike,5.5,0.007883956433947256,https://leetcode.com/problems/determine-if-string-halves-are-alike,"String, Counting"
MEDIUM,Maximum Possible Number by Binary Concatenation,5.5,0.006574571324964169,https://leetcode.com/problems/maximum-possible-number-by-binary-concatenation,"Array, Bit Manipulation, Enumeration"
HARD,Find Building Where Alice and Bob Can Meet,5.5,0.00525709051653636,https://leetcode.com/problems/find-building-where-alice-and-bob-can-meet,"Array, Binary Search, Stack, Binary Indexed Tree, Segment Tree, Heap (Priority Queue), Monotonic Stack"
MEDIUM,Find Triangular Sum of an Array,5.5,0.00819617251947516,https://leetcode.com/problems/find-triangular-sum-of-an-array,"Array, Math, Simulation, Combinatorics, Number Theory"
EASY,Find the Key of the Numbers,5.5,0.007673455298584743,https://leetcode.com/problems/find-the-key-of-the-numbers,Math
EASY,Convert the Temperature,5.5,0.009037247689912504,https://leetcode.com/problems/convert-the-temperature,Math
MEDIUM,Count Ways To Build Good Strings,5.5,0.005884268138057586,https://leetcode.com/problems/count-ways-to-build-good-strings,Dynamic Programming
MEDIUM,Ways to Split Array Into Three Subarrays,5.5,0.0034545454545454545,https://leetcode.com/problems/ways-to-split-array-into-three-subarrays,"Array, Two Pointers, Binary Search, Prefix Sum"
MEDIUM,Maximum Coins From K Consecutive Bags,5.5,0.0026592345707389955,https://leetcode.com/problems/maximum-coins-from-k-consecutive-bags,"Array, Binary Search, Greedy, Sliding Window, Sorting, Prefix Sum"
MEDIUM,Coloring A Border,5.5,0.00516049642809262,https://leetcode.com/problems/coloring-a-border,"Array, Depth-First Search, Breadth-First Search, Matrix"
MEDIUM,Construct K Palindrome Strings,5.5,0.006850960071190154,https://leetcode.com/problems/construct-k-palindrome-strings,"Hash Table, String, Greedy, Counting"
MEDIUM,Bitwise XOR of All Pairings,5.5,0.006688353458733935,https://leetcode.com/problems/bitwise-xor-of-all-pairings,"Array, Bit Manipulation, Brainteaser"
HARD,Manhattan Distances of All Arrangements of Pieces,5.5,0.0035981878376023695,https://leetcode.com/problems/manhattan-distances-of-all-arrangements-of-pieces,"Math, Combinatorics"
EASY,Count Items Matching a Rule,5.5,0.008542031625230578,https://leetcode.com/problems/count-items-matching-a-rule,"Array, String"
MEDIUM,Swap For Longest Repeated Character Substring,5.5,0.004492257555416637,https://leetcode.com/problems/swap-for-longest-repeated-character-substring,"Hash Table, String, Sliding Window"
MEDIUM,Uncrossed Lines,5.5,0.00655178357704116,https://leetcode.com/problems/uncrossed-lines,"Array, Dynamic Programming, Longest Common Subsequence"
MEDIUM,Find Good Days to Rob the Bank,5.5,0.005196765141304107,https://leetcode.com/problems/find-good-days-to-rob-the-bank,"Array, Dynamic Programming, Prefix Sum"
MEDIUM,Maximum Distance Between a Pair of Values,5.5,0.006125352604181813,https://leetcode.com/problems/maximum-distance-between-a-pair-of-values,"Array, Two Pointers, Binary Search"
EASY,Biggest Single Number,5.5,0.007193615195750295,https://leetcode.com/problems/biggest-single-number,Database
MEDIUM,Split Array into Fibonacci Sequence,5.5,0.004059204919539461,https://leetcode.com/problems/split-array-into-fibonacci-sequence,"String, Backtracking"
EASY,Goal Parser Interpretation,5.5,0.008815879623719922,https://leetcode.com/problems/goal-parser-interpretation,String
MEDIUM,Construct Smallest Number From DI String,5.5,0.008550652455423847,https://leetcode.com/problems/construct-smallest-number-from-di-string,"String, Backtracking, Stack, Greedy"
EASY,Select Data,5.5,0.007837290225961326,https://leetcode.com/problems/select-data,
HARD,Length of Longest V-Shaped Diagonal Segment,5.5,0.005592548076923077,https://leetcode.com/problems/length-of-longest-v-shaped-diagonal-segment,"Array, Dynamic Programming, Memoization, Matrix"
MEDIUM,Check Knight Tour Configuration,5.5,0.006197890507282772,https://leetcode.com/problems/check-knight-tour-configuration,"Array, Depth-First Search, Breadth-First Search, Matrix, Simulation"
EASY,Display the First Three Rows,5.5,0.009297649003047742,https://leetcode.com/problems/display-the-first-three-rows,
MEDIUM,Maximum Subarray Min-Product,5.5,0.004079317448521734,https://leetcode.com/problems/maximum-subarray-min-product,"Array, Stack, Monotonic Stack, Prefix Sum, Cartesian Tree"
HARD,Number of Distinct Islands II,5.5,0.005557809330628803,https://leetcode.com/problems/number-of-distinct-islands-ii,"Array, Hash Table, Depth-First Search, Breadth-First Search, Union-Find, Sorting, Matrix, Hash Function"
EASY,Reshape Data: Concatenate,5.5,0.009041073305442779,https://leetcode.com/problems/reshape-data-concatenate,
HARD,Total Appeal of A String,5.5,0.005669142376681614,https://leetcode.com/problems/total-appeal-of-a-string,"Hash Table, String, Dynamic Programming"
MEDIUM,Longest Non-decreasing Subarray From Two Arrays,5.5,0.003149918742111385,https://leetcode.com/problems/longest-non-decreasing-subarray-from-two-arrays,"Array, Dynamic Programming"
MEDIUM,Hash Divided String,5.5,0.008346425160952468,https://leetcode.com/problems/hash-divided-string,"String, Simulation"
EASY,Generate Fibonacci Sequence,5.5,0.008357722061701928,https://leetcode.com/problems/generate-fibonacci-sequence,
EASY,A Number After a Double Reversal,5.5,0.008268035487240567,https://leetcode.com/problems/a-number-after-a-double-reversal,Math
EASY,Top Travellers,5.5,0.005763493470840439,https://leetcode.com/problems/top-travellers,Database
HARD,Contain Virus,5.5,0.0055768173320136375,https://leetcode.com/problems/contain-virus,"Array, Depth-First Search, Breadth-First Search, Matrix, Simulation"
MEDIUM,Numbers With Same Consecutive Differences,5.5,0.005933116381359962,https://leetcode.com/problems/numbers-with-same-consecutive-differences,"Backtracking, Breadth-First Search"
MEDIUM,Find the Divisibility Array of a String,5.5,0.0036852151578058486,https://leetcode.com/problems/find-the-divisibility-array-of-a-string,"Array, Math, String"
EASY,Maximum Value of an Ordered Triplet I,5.5,0.005807270412098469,https://leetcode.com/problems/maximum-value-of-an-ordered-triplet-i,"Array, Prefix Sum"
EASY,Minimum Number of Operations to Make Elements in Array Distinct,5.5,0.007126182073165534,https://leetcode.com/problems/minimum-number-of-operations-to-make-elements-in-array-distinct,"Array, Hash Table"
MEDIUM,Inorder Successor in BST,5.5,0.005126173893753201,https://leetcode.com/problems/inorder-successor-in-bst,"Tree, Depth-First Search, Binary Search Tree, Binary Tree"
EASY,Divide a String Into Groups of Size k,5.5,0.007690478647472611,https://leetcode.com/problems/divide-a-string-into-groups-of-size-k,"String, Simulation"
HARD,Longest Special Path II,5.5,0.0019307671381936888,https://leetcode.com/problems/longest-special-path-ii,"Array, Hash Table, Tree, Depth-First Search, Prefix Sum"
MEDIUM,Buildings With an Ocean View,5.5,0.008087318964587621,https://leetcode.com/problems/buildings-with-an-ocean-view,"Array, Stack, Monotonic Stack"
MEDIUM,Missing Element in Sorted Array,5.5,0.005973042102548734,https://leetcode.com/problems/missing-element-in-sorted-array,"Array, Binary Search"
HARD,Maximum Number of Tasks You Can Assign,5.5,0.004995120831180759,https://leetcode.com/problems/maximum-number-of-tasks-you-can-assign,"Array, Two Pointers, Binary Search, Greedy, Queue, Sorting, Monotonic Queue"
MEDIUM,Stone Game VII,5.5,0.005915183112919634,https://leetcode.com/problems/stone-game-vii,"Array, Math, Dynamic Programming, Minimax, Game Theory, Zero-Sum Game"
MEDIUM,Number of Subarrays with Bounded Maximum,5.5,0.005526955948096621,https://leetcode.com/problems/number-of-subarrays-with-bounded-maximum,"Array, Two Pointers"
EASY,Generate a String With Characters That Have Odd Counts,5.5,0.007859091456157478,https://leetcode.com/problems/generate-a-string-with-characters-that-have-odd-counts,String
EASY,Delete Greatest Value in Each Row,5.5,0.008046924125991197,https://leetcode.com/problems/delete-greatest-value-in-each-row,"Array, Sorting, Heap (Priority Queue), Matrix, Simulation"
MEDIUM,Design Underground System,5.5,0.007459839196943783,https://leetcode.com/problems/design-underground-system,"Hash Table, String, Design"
MEDIUM,Find Closest Node to Given Two Nodes,5.5,0.0053061476790510365,https://leetcode.com/problems/find-closest-node-to-given-two-nodes,"Depth-First Search, Graph Theory"
HARD,Maximum Candies You Can Get from Boxes,5.5,0.006710428111732391,https://leetcode.com/problems/maximum-candies-you-can-get-from-boxes,"Array, Breadth-First Search, Graph Theory"
HARD,Make the XOR of All Segments Equal to Zero,5.5,0.004103937703650522,https://leetcode.com/problems/make-the-xor-of-all-segments-equal-to-zero,"Array, Hash Table, Dynamic Programming, Bit Manipulation, Counting"
EASY,Maximum Difference by Remapping a Digit,5.5,0.0075544704065420056,https://leetcode.com/problems/maximum-difference-by-remapping-a-digit,"Math, Greedy"
EASY,Count Special Quadruplets,5.5,0.006490512903829301,https://leetcode.com/problems/count-special-quadruplets,"Array, Hash Table, Enumeration"
MEDIUM,Card Flipping Game,5.5,0.005084921631806019,https://leetcode.com/problems/card-flipping-game,"Array, Hash Table"
EASY,Find Nearest Point That Has the Same X or Y Coordinate,5.5,0.007008345661956875,https://leetcode.com/problems/find-nearest-point-that-has-the-same-x-or-y-coordinate,Array
MEDIUM,Shortest Word Distance II,5.5,0.006300165434187677,https://leetcode.com/problems/shortest-word-distance-ii,"Array, Hash Table, Two Pointers, String, Design"
MEDIUM,Partition Array Such That Maximum Difference Is K,5.5,0.008177398781121557,https://leetcode.com/problems/partition-array-such-that-maximum-difference-is-k,"Array, Greedy, Sorting"
EASY,Longest Subsequence With Limited Sum,5.5,0.007375786996799016,https://leetcode.com/problems/longest-subsequence-with-limited-sum,"Array, Binary Search, Greedy, Sorting, Prefix Sum"
MEDIUM,Sum of Absolute Differences in a Sorted Array,5.5,0.006856252078082912,https://leetcode.com/problems/sum-of-absolute-differences-in-a-sorted-array,"Array, Math, Prefix Sum"
EASY,Sum of All Odd Length Subarrays,5.5,0.008410495234441576,https://leetcode.com/problems/sum-of-all-odd-length-subarrays,"Array, Math, Prefix Sum"
HARD,Reducing Dishes,5.5,0.007681388138654052,https://leetcode.com/problems/reducing-dishes,"Array, Dynamic Programming, Greedy, Sorting"
MEDIUM,Unique Substrings in Wraparound String,5.5,0.004371702514367287,https://leetcode.com/problems/unique-substrings-in-wraparound-string,"String, Dynamic Programming"
HARD,Count The Repetitions,5.5,0.003564549801333423,https://leetcode.com/problems/count-the-repetitions,"Two Pointers, String, Dynamic Programming"
MEDIUM,Maximum Matching of Players With Trainers,5.5,0.007547714833699771,https://leetcode.com/problems/maximum-matching-of-players-with-trainers,"Array, Two Pointers, Greedy, Sorting"
MEDIUM,Task Scheduler II,5.5,0.005498706473043259,https://leetcode.com/problems/task-scheduler-ii,"Array, Hash Table, Simulation"
EASY,Zigzag Grid Traversal With Skip,5.5,0.006565066355035458,https://leetcode.com/problems/zigzag-grid-traversal-with-skip,"Array, Matrix, Simulation"
MEDIUM,Vowels Game in a String,5.5,0.007692229371198978,https://leetcode.com/problems/vowels-game-in-a-string,"Math, String, Brainteaser, Game Theory"
HARD,Partition Array for Maximum XOR and AND,5.5,0.0017714698885105192,https://leetcode.com/problems/partition-array-for-maximum-xor-and-and,"Array, Math, Greedy, Bit Manipulation, Enumeration"
HARD,Find the Maximum Number of Fruits Collected,5.5,0.006463426642914052,https://leetcode.com/problems/find-the-maximum-number-of-fruits-collected,"Array, Dynamic Programming, Matrix"
HARD,Collect Coins in a Tree,5.5,0.003979289006756331,https://leetcode.com/problems/collect-coins-in-a-tree,"Array, Tree, Graph Theory, Topological Sort"
HARD,Allocate Mailboxes,5.5,0.005689858867105178,https://leetcode.com/problems/allocate-mailboxes,"Array, Math, Dynamic Programming, Sorting"
HARD,Maximum Frequency Stack,5.5,0.006704393934695649,https://leetcode.com/problems/maximum-frequency-stack,"Hash Table, Stack, Design, Ordered Set"
HARD,Find the Minimum Area to Cover All Ones II,5.5,0.006316933240611961,https://leetcode.com/problems/find-the-minimum-area-to-cover-all-ones-ii,"Array, Matrix, Enumeration"
EASY,Maximum Area of Longest Diagonal Rectangle,5.5,0.00459556007324493,https://leetcode.com/problems/maximum-area-of-longest-diagonal-rectangle,Array
HARD,Count The Number of Winning Sequences,5.5,0.003209327517888195,https://leetcode.com/problems/count-the-number-of-winning-sequences,"String, Dynamic Programming"
EASY,Find Closest Person,5.5,0.00889999007641163,https://leetcode.com/problems/find-closest-person,Math
MEDIUM,Promise Time Limit,5.5,0.008329103043376015,https://leetcode.com/problems/promise-time-limit,
MEDIUM,Count Bowl Subarrays,5.5,0.004874787710359734,https://leetcode.com/problems/count-bowl-subarrays,"Array, Stack, Monotonic Stack"
MEDIUM,Maximum Product of the Length of Two Palindromic Subsequences,5.5,0.006268555589775177,https://leetcode.com/problems/maximum-product-of-the-length-of-two-palindromic-subsequences,"String, Dynamic Programming, Backtracking, Bit Manipulation, Bitmask"
EASY,Find the Number of Winning Players,5.5,0.006090852565743755,https://leetcode.com/problems/find-the-number-of-winning-players,"Array, Hash Table, Counting"
MEDIUM,Highest Grade For Each Student,5.5,0.007121740988744836,https://leetcode.com/problems/highest-grade-for-each-student,Database
MEDIUM,Implement Router,5.5,0.0039015016204072325,https://leetcode.com/problems/implement-router,"Array, Hash Table, Binary Search, Design, Queue, Ordered Set"
EASY,Minimize String Length,5.5,0.007973966323755025,https://leetcode.com/problems/minimize-string-length,"Hash Table, String"
EASY,Count Elements With Strictly Smaller and Greater Elements ,5.5,0.006016587447861092,https://leetcode.com/problems/count-elements-with-strictly-smaller-and-greater-elements,"Array, Sorting, Counting"
HARD,Maximum Area Rectangle With Point Constraints II,5.5,0.002367239831503349,https://leetcode.com/problems/maximum-area-rectangle-with-point-constraints-ii,"Array, Math, Binary Indexed Tree, Segment Tree, Geometry, Sorting"
EASY,XOR Operation in an Array,5.5,0.008783833127238025,https://leetcode.com/problems/xor-operation-in-an-array,"Math, Bit Manipulation"
MEDIUM,Water Bottles II,5.5,0.007806811724378127,https://leetcode.com/problems/water-bottles-ii,"Math, Simulation"
MEDIUM,Find Beautiful Indices in the Given Array I,5.5,0.0041163312742788,https://leetcode.com/problems/find-beautiful-indices-in-the-given-array-i,"Two Pointers, String, Binary Search, Rolling Hash, String Matching, Hash Function, Z Algorithm, Knuth–Morris–Pratt Algorithm, Boyer–Moore String-Search Algorithm"
HARD,Minimum Difficulty of a Job Schedule,5.5,0.005980760254615025,https://leetcode.com/problems/minimum-difficulty-of-a-job-schedule,"Array, Dynamic Programming"
EASY,Maximum Count of Positive Integer and Negative Integer,5.5,0.007423294945068655,https://leetcode.com/problems/maximum-count-of-positive-integer-and-negative-integer,"Array, Binary Search, Counting"
MEDIUM,Candy Crush,5.5,0.007762900839484375,https://leetcode.com/problems/candy-crush,"Array, Two Pointers, Matrix, Simulation"
EASY,Number of Even and Odd Bits,5.5,0.0073993286948693116,https://leetcode.com/problems/number-of-even-and-odd-bits,Bit Manipulation
MEDIUM,Find Students Who Improved,5.5,0.004959939464079053,https://leetcode.com/problems/find-students-who-improved,Database
HARD,Non-negative Integers without Consecutive Ones,5.5,0.004310286574315815,https://leetcode.com/problems/non-negative-integers-without-consecutive-ones,Dynamic Programming
EASY,Sort Even and Odd Indices Independently,5.5,0.006352726700417071,https://leetcode.com/problems/sort-even-and-odd-indices-independently,"Array, Sorting"
MEDIUM,Count Distinct Integers After Removing Zeros,5.5,0.0023200382942178545,https://leetcode.com/problems/count-distinct-integers-after-removing-zeros,"Math, Dynamic Programming"
MEDIUM,Best Team With No Conflicts,5.5,0.00508197695729273,https://leetcode.com/problems/best-team-with-no-conflicts,"Array, Dynamic Programming, Sorting, Longest Increasing Subsequence"
MEDIUM,Count Collisions on a Road,5.5,0.005806202848480575,https://leetcode.com/problems/count-collisions-on-a-road,"String, Stack, Simulation"
HARD,Zuma Game,5.5,0.0029359534480810517,https://leetcode.com/problems/zuma-game,"String, Dynamic Programming, Stack, Breadth-First Search, Memoization"
EASY,Coupon Code Validator,5.5,0.006469579514906365,https://leetcode.com/problems/coupon-code-validator,"Array, Hash Table, String, Sorting"
HARD,Maximum Profit from Trading Stocks with Discounts,5.5,0.005645490785013085,https://leetcode.com/problems/maximum-profit-from-trading-stocks-with-discounts,"Array, Dynamic Programming, Tree, Depth-First Search"
MEDIUM,Two-Letter Card Game,5.5,0.0013184660091581544,https://leetcode.com/problems/two-letter-card-game,"Array, Hash Table, String, Counting, Enumeration"
EASY,Difference Between Element Sum and Digit Sum of an Array,5.5,0.008542946607541863,https://leetcode.com/problems/difference-between-element-sum-and-digit-sum-of-an-array,"Array, Math"
MEDIUM,Broken Calculator,5.5,0.0056407654264088065,https://leetcode.com/problems/broken-calculator,"Math, Greedy"
EASY,Sales Analysis III,5.5,0.004812448458971414,https://leetcode.com/problems/sales-analysis-iii,Database
MEDIUM,Longest Turbulent Subarray,5.5,0.004940316217559303,https://leetcode.com/problems/longest-turbulent-subarray,"Array, Dynamic Programming, Sliding Window"
HARD,Merge BSTs to Create Single BST,5.5,0.0039682992689512855,https://leetcode.com/problems/merge-bsts-to-create-single-bst,"Array, Hash Table, Tree, Depth-First Search, Binary Search Tree, Binary Tree"
MEDIUM,Maximize Area of Square Hole in Grid,5.5,0.006177397319285635,https://leetcode.com/problems/maximize-area-of-square-hole-in-grid,"Array, Sorting"
MEDIUM,Design Auction System,5.5,0.004189497716894977,https://leetcode.com/problems/design-auction-system,"Hash Table, Design, Heap (Priority Queue), Ordered Set"
EASY,Construct the Minimum Bitwise Array I,5.5,0.008496133864926904,https://leetcode.com/problems/construct-the-minimum-bitwise-array-i,"Array, Bit Manipulation"
MEDIUM,Cache With Time Limit,5.5,0.007630870705638099,https://leetcode.com/problems/cache-with-time-limit,
HARD,Divide an Array Into Subarrays With Minimum Cost II,5.5,0.005444558998635031,https://leetcode.com/problems/divide-an-array-into-subarrays-with-minimum-cost-ii,"Array, Hash Table, Sliding Window, Heap (Priority Queue)"
EASY,Smallest Range I,5.5,0.00739412192687095,https://leetcode.com/problems/smallest-range-i,"Array, Math"
EASY,Reverse Degree of a String,5.5,0.008892803101948175,https://leetcode.com/problems/reverse-degree-of-a-string,"String, Simulation"
HARD,Apply Operations to Maximize Frequency Score,5.5,0.003977145336853145,https://leetcode.com/problems/apply-operations-to-maximize-frequency-score,"Array, Binary Search, Sliding Window, Sorting, Prefix Sum"
EASY,Second Largest Digit in a String,5.5,0.005511840004588779,https://leetcode.com/problems/second-largest-digit-in-a-string,"Hash Table, String"
MEDIUM,Number of Black Blocks,5.5,0.004217931337705639,https://leetcode.com/problems/number-of-black-blocks,"Array, Hash Table, Enumeration"
HARD,Find the Number of Subsequences With Equal GCD,5.5,0.006629603891591383,https://leetcode.com/problems/find-the-number-of-subsequences-with-equal-gcd,"Array, Math, Dynamic Programming, Number Theory, Euclidean Algorithm, Greatest Common Divisor"
MEDIUM,Partitioning Into Minimum Number Of Deci-Binary Numbers,5.5,0.009046840225905498,https://leetcode.com/problems/partitioning-into-minimum-number-of-deci-binary-numbers,"String, Greedy"
MEDIUM,Minimum Processing Time,5.5,0.00701258229700073,https://leetcode.com/problems/minimum-processing-time,"Array, Greedy, Sorting"
EASY,Flip Square Submatrix Vertically,5.5,0.007916157734282678,https://leetcode.com/problems/flip-square-submatrix-vertically,"Array, Two Pointers, Matrix"
EASY,Construct Uniform Parity Array I,5.5,0.007674532338916736,https://leetcode.com/problems/construct-uniform-parity-array-i,"Array, Math"
MEDIUM,Minimum Flips to Make a OR b Equal to c,5.5,0.0072084630133940975,https://leetcode.com/problems/minimum-flips-to-make-a-or-b-equal-to-c,Bit Manipulation
EASY,Check if Strings Can be Made Equal With Operations I,5.5,0.006194478716841456,https://leetcode.com/problems/check-if-strings-can-be-made-equal-with-operations-i,String
MEDIUM,Check if Strings Can be Made Equal With Operations II,5.5,0.0074143520319510355,https://leetcode.com/problems/check-if-strings-can-be-made-equal-with-operations-ii,"Hash Table, String, Sorting"
MEDIUM,Maximum Amount of Money Robot Can Earn,5.5,0.004774316735642329,https://leetcode.com/problems/maximum-amount-of-money-robot-can-earn,"Array, Dynamic Programming, Matrix"
MEDIUM,Decode the Slanted Ciphertext,5.5,0.006761374332210344,https://leetcode.com/problems/decode-the-slanted-ciphertext,"String, Simulation"
MEDIUM,Walking Robot Simulation,5.5,0.006462662164475529,https://leetcode.com/problems/walking-robot-simulation,"Array, Hash Table, Simulation"
MEDIUM,Minimum Operations to Transform Array into Alternating Prime,5.5,0.005286002286814708,https://leetcode.com/problems/minimum-operations-to-transform-array-into-alternating-prime,"Array, Math, Two Pointers, Binary Search, Sorting, Number Theory"
MEDIUM,Closest Equal Element Queries,5.5,0.005135627411425997,https://leetcode.com/problems/closest-equal-element-queries,"Array, Hash Table, Binary Search"
MEDIUM,Number of Ways to Reach a Position After Exactly k Steps,5.5,0.0037248945912862134,https://leetcode.com/problems/number-of-ways-to-reach-a-position-after-exactly-k-steps,"Math, Dynamic Programming, Combinatorics"
MEDIUM,Minimum Absolute Distance Between Mirror Pairs,5.5,0.005917540814529721,https://leetcode.com/problems/minimum-absolute-distance-between-mirror-pairs,"Array, Hash Table, Math"
EASY,Mirror Distance of an Integer,5.5,0.009143619541634455,https://leetcode.com/problems/mirror-distance-of-an-integer,Math
EASY,Furthest Point From Origin,5.5,0.007719764472930019,https://leetcode.com/problems/furthest-point-from-origin,"String, Counting"
MEDIUM,Apply Operations to Make All Array Elements Equal to Zero,5.5,0.0033726312869501902,https://leetcode.com/problems/apply-operations-to-make-all-array-elements-equal-to-zero,"Array, Prefix Sum"
MEDIUM,Cyclically Rotating a Grid,5.5,0.007402527044266963,https://leetcode.com/problems/cyclically-rotating-a-grid,"Array, Matrix, Simulation"
EASY,Minimum Element After Replacement With Digit Sum,5.5,0.008959994925360511,https://leetcode.com/problems/minimum-element-after-replacement-with-digit-sum,"Array, Math"
MEDIUM,Maximum Total Subarray Value I,5.5,0.007195613578682723,https://leetcode.com/problems/maximum-total-subarray-value-i,"Array, Greedy"
EASY,Weighted Word Mapping,5.5,0.009026459364849096,https://leetcode.com/problems/weighted-word-mapping,"Array, String, Simulation"
MEDIUM,Count Salary Categories,5.5,0.0065114831413173955,https://leetcode.com/problems/count-salary-categories,Database
HARD,Maximum Building Height,5.5,0.00669810646091745,https://leetcode.com/problems/maximum-building-height,"Array, Math, Sorting"
HARD,Maximum Subarray Sum After at Most K Swaps,5.5,0.0013940597335980805,https://leetcode.com/problems/maximum-subarray-sum-after-at-most-k-swaps,
HARD,Count Special Integers,5.5,0.004471923778633691,https://leetcode.com/problems/count-special-integers,"Math, Dynamic Programming"
HARD,Smallest Rotation with Highest Score,5.5,0.005457592935789818,https://leetcode.com/problems/smallest-rotation-with-highest-score,"Array, Prefix Sum"
EASY,Unique Morse Code Words,5.5,0.008369761854144186,https://leetcode.com/problems/unique-morse-code-words,"Array, Hash Table, String"
EASY,K Items With the Maximum Sum,5.5,0.006036122849514649,https://leetcode.com/problems/k-items-with-the-maximum-sum,"Math, Greedy"
MEDIUM,Sum of GCD of Formed Pairs,5.5,0.00750131774048148,https://leetcode.com/problems/sum-of-gcd-of-formed-pairs,"Array, Math, Two Pointers, Sorting, Simulation, Number Theory"
EASY,Unique Middle Element,5.5,0.007234399858582288,https://leetcode.com/problems/unique-middle-element,
MEDIUM,Count Valid Sequences,5.5,0.004254327982373308,https://leetcode.com/problems/count-valid-sequences,
HARD,Stone Game IV,5.5,0.006519319211535035,https://leetcode.com/problems/stone-game-iv,"Math, Dynamic Programming, Minimax, Game Theory, Nim Game, Sprague–Grundy Theorem, Zero-Sum Game"
EASY,Read N Characters Given Read4,5.0,0.004260118043844857,https://leetcode.com/problems/read-n-characters-given-read4,"Array, Simulation, Interactive"
MEDIUM,Tree Node,5.0,0.007632555894055169,https://leetcode.com/problems/tree-node,Database
MEDIUM,Find Duplicate File in System,5.0,0.006748934711999762,https://leetcode.com/problems/find-duplicate-file-in-system,"Array, Hash Table, String"
HARD,Stickers to Spell Word,5.0,0.005110706640330104,https://leetcode.com/problems/stickers-to-spell-word,"Array, Hash Table, String, Dynamic Programming, Backtracking, Bit Manipulation, Memoization, Bitmask"
MEDIUM,Binary Trees With Factors,5.0,0.005319735409533019,https://leetcode.com/problems/binary-trees-with-factors,"Array, Hash Table, Dynamic Programming, Sorting"
EASY,Maximize Sum Of Array After K Negations,5.0,0.005425233218321558,https://leetcode.com/problems/maximize-sum-of-array-after-k-negations,"Array, Greedy, Sorting"
MEDIUM,Longest Repeating Substring,5.0,0.00634763846120484,https://leetcode.com/problems/longest-repeating-substring,"String, Binary Search, Dynamic Programming, Rolling Hash, Suffix Array, Hash Function, Suffix Automaton, Suffix Tree"
HARD,Count All Valid Pickup and Delivery Options,5.0,0.006491727052277026,https://leetcode.com/problems/count-all-valid-pickup-and-delivery-options,"Math, Dynamic Programming, Combinatorics"
MEDIUM,Minimum Deletions to Make Character Frequencies Unique,5.0,0.006153051151358865,https://leetcode.com/problems/minimum-deletions-to-make-character-frequencies-unique,"Hash Table, String, Greedy, Sorting"
MEDIUM,Count Nice Pairs in an Array,5.0,0.004843584185493047,https://leetcode.com/problems/count-nice-pairs-in-an-array,"Array, Hash Table, Math, Counting"
MEDIUM,Count Unreachable Pairs of Nodes in an Undirected Graph,5.0,0.005019456955961229,https://leetcode.com/problems/count-unreachable-pairs-of-nodes-in-an-undirected-graph,"Depth-First Search, Breadth-First Search, Union-Find, Graph Theory"
MEDIUM,Check if There is a Valid Partition For The Array,5.0,0.005247785299612302,https://leetcode.com/problems/check-if-there-is-a-valid-partition-for-the-array,"Array, Dynamic Programming"
HARD,Minimum Cost to Make Array Equal,5.0,0.0046892037983929874,https://leetcode.com/problems/minimum-cost-to-make-array-equal,"Array, Binary Search, Greedy, Sorting, Prefix Sum"
MEDIUM,Most Profitable Path in a Tree,5.0,0.006730534434196051,https://leetcode.com/problems/most-profitable-path-in-a-tree,"Array, Tree, Depth-First Search, Breadth-First Search, Graph Theory"
EASY,Pass the Pillow,5.0,0.005660925684988857,https://leetcode.com/problems/pass-the-pillow,"Math, Simulation"
HARD,Minimum Time to Complete All Tasks,5.0,0.004030861201236492,https://leetcode.com/problems/minimum-time-to-complete-all-tasks,"Array, Binary Search, Stack, Greedy, Sorting"
MEDIUM,The Number of Beautiful Subsets,5.0,0.005099449835859494,https://leetcode.com/problems/the-number-of-beautiful-subsets,"Array, Hash Table, Math, Dynamic Programming, Backtracking, Sorting, Combinatorics"
MEDIUM,Convert an Array Into a 2D Array With Conditions,5.0,0.008615114104002992,https://leetcode.com/problems/convert-an-array-into-a-2d-array-with-conditions,"Array, Hash Table"
MEDIUM,Minimum Additions to Make Valid String,5.0,0.005133255036588671,https://leetcode.com/problems/minimum-additions-to-make-valid-string,"String, Dynamic Programming, Stack, Greedy"
EASY,Array Reduce Transformation,5.0,0.008547324113720974,https://leetcode.com/problems/array-reduce-transformation,
EASY,Number of Arithmetic Triplets,5.0,0.008560830072418861,https://leetcode.com/problems/number-of-arithmetic-triplets,"Array, Hash Table, Two Pointers, Enumeration"
HARD,Poor Pigs,5.0,0.005919517085189948,https://leetcode.com/problems/poor-pigs,"Math, Dynamic Programming, Combinatorics"
EASY,Largest Positive Integer That Exists With Its Negative,5.0,0.007449283816190291,https://leetcode.com/problems/largest-positive-integer-that-exists-with-its-negative,"Array, Hash Table, Two Pointers, Sorting"
MEDIUM,Append Characters to String to Make Subsequence,5.0,0.007312519719820786,https://leetcode.com/problems/append-characters-to-string-to-make-subsequence,"Two Pointers, String, Greedy"
MEDIUM,Add One Row to Tree,5.0,0.006417128045619492,https://leetcode.com/problems/add-one-row-to-tree,"Tree, Depth-First Search, Breadth-First Search, Binary Tree"
MEDIUM,Replace Words,5.0,0.006892647797688829,https://leetcode.com/problems/replace-words,"Array, Hash Table, String, Trie"
MEDIUM,Differences Between Two Objects,5.0,0.007444548872180451,https://leetcode.com/problems/differences-between-two-objects,
MEDIUM,Double a Number Represented as a Linked List,5.0,0.006133456341814237,https://leetcode.com/problems/double-a-number-represented-as-a-linked-list,"Linked List, Math, Stack"
MEDIUM,Validate Binary Tree Nodes,5.0,0.00441920774877573,https://leetcode.com/problems/validate-binary-tree-nodes,"Tree, Depth-First Search, Breadth-First Search, Union-Find, Graph Theory, Binary Tree"
HARD,Count the Number of Inversions,5.0,0.003156164822831489,https://leetcode.com/problems/count-the-number-of-inversions,"Array, Dynamic Programming"
MEDIUM,Count Triplets That Can Form Two Arrays of Equal XOR,5.0,0.008481195056621095,https://leetcode.com/problems/count-triplets-that-can-form-two-arrays-of-equal-xor,"Array, Hash Table, Math, Bit Manipulation, Prefix Sum"
MEDIUM,Subrectangle Queries,5.0,0.008645542032638807,https://leetcode.com/problems/subrectangle-queries,"Array, Design, Matrix"
MEDIUM,Least Number of Unique Integers after K Removals,5.0,0.006393087879745849,https://leetcode.com/problems/least-number-of-unique-integers-after-k-removals,"Array, Hash Table, Greedy, Sorting, Counting"
HARD,Remove Max Number of Edges to Keep Graph Fully Traversable,5.0,0.007010398613518197,https://leetcode.com/problems/remove-max-number-of-edges-to-keep-graph-fully-traversable,"Union-Find, Graph Theory"
MEDIUM,Count Number of Teams,5.0,0.007019119392121712,https://leetcode.com/problems/count-number-of-teams,"Array, Dynamic Programming, Binary Indexed Tree, Segment Tree"
MEDIUM,Minimum Swaps to Group All 1's Together II,5.0,0.006572261105969459,https://leetcode.com/problems/minimum-swaps-to-group-all-1s-together-ii,"Array, Sliding Window"
HARD,Prefix and Suffix Search,5.0,0.004110636938976949,https://leetcode.com/problems/prefix-and-suffix-search,"Array, Hash Table, String, Design, Trie"
MEDIUM,Number of Same-End Substrings,5.0,0.006174025620059962,https://leetcode.com/problems/number-of-same-end-substrings,"Array, Hash Table, String, Counting, Prefix Sum"
HARD,Find the Largest Palindrome Divisible by K,5.0,0.0017177339553293752,https://leetcode.com/problems/find-the-largest-palindrome-divisible-by-k,"Math, String, Dynamic Programming, Greedy, Number Theory"
MEDIUM,Find Missing Observations,5.0,0.0057382528472023145,https://leetcode.com/problems/find-missing-observations,"Array, Math, Simulation"
MEDIUM,Insert Greatest Common Divisors in Linked List,5.0,0.009128019994445987,https://leetcode.com/problems/insert-greatest-common-divisors-in-linked-list,"Linked List, Math, Number Theory"
MEDIUM,K-th Nearest Obstacle Queries,5.0,0.004899823837194016,https://leetcode.com/problems/k-th-nearest-obstacle-queries,"Array, Heap (Priority Queue)"
MEDIUM,Distinct Prime Factors of Product of Array,5.0,0.005511129562801392,https://leetcode.com/problems/distinct-prime-factors-of-product-of-array,"Array, Hash Table, Math, Number Theory, Prime Factorization, Euclidean Algorithm, Primality Test, Greatest Common Divisor, Sieve Theory, Prime Number Sieve"
EASY,Snake in Matrix,5.0,0.008247923296276398,https://leetcode.com/problems/snake-in-matrix,"Array, String, Simulation"
MEDIUM,Maximal Score After Applying K Operations,5.0,0.006418739120098772,https://leetcode.com/problems/maximal-score-after-applying-k-operations,"Array, Greedy, Heap (Priority Queue)"
HARD,Maximum Number of Moves to Kill All Pawns,5.0,0.0033549906248637336,https://leetcode.com/problems/maximum-number-of-moves-to-kill-all-pawns,"Array, Math, Bit Manipulation, Breadth-First Search, Game Theory, Bitmask"
HARD,String Compression II,5.0,0.005220616870472778,https://leetcode.com/problems/string-compression-ii,"String, Dynamic Programming"
MEDIUM,Minimum Division Operations to Make Array Non Decreasing,5.0,0.0029209411764705884,https://leetcode.com/problems/minimum-division-operations-to-make-array-non-decreasing,"Array, Math, Greedy, Number Theory"
MEDIUM,Longest Square Streak in an Array,5.0,0.005310416497962048,https://leetcode.com/problems/longest-square-streak-in-an-array,"Array, Hash Table, Binary Search, Dynamic Programming, Sorting"
HARD,Minimum Number of Removals to Make Mountain Array,5.0,0.005478650182042738,https://leetcode.com/problems/minimum-number-of-removals-to-make-mountain-array,"Array, Binary Search, Dynamic Programming, Greedy"
MEDIUM,Count Substrings With K-Frequency Characters I,5.0,0.005598677488931775,https://leetcode.com/problems/count-substrings-with-k-frequency-characters-i,"Hash Table, String, Sliding Window"
MEDIUM,Maximum Size Subarray Sum Equals k,5.0,0.005093523508429871,https://leetcode.com/problems/maximum-size-subarray-sum-equals-k,"Array, Hash Table, Prefix Sum"
MEDIUM,Minimum Operations to Reduce an Integer to 0,5.0,0.006317522853889008,https://leetcode.com/problems/minimum-operations-to-reduce-an-integer-to-0,"Dynamic Programming, Greedy, Bit Manipulation"
MEDIUM,Kth Largest Sum in a Binary Tree,5.0,0.005895324682671125,https://leetcode.com/problems/kth-largest-sum-in-a-binary-tree,"Tree, Breadth-First Search, Sorting, Binary Tree"
MEDIUM,Sparse Matrix Multiplication,5.0,0.006934041622244544,https://leetcode.com/problems/sparse-matrix-multiplication,"Array, Hash Table, Matrix, Linear Algebra"
EASY,Change Data Type,5.0,0.008732778875420516,https://leetcode.com/problems/change-data-type,
MEDIUM,Maximum Star Sum of a Graph,5.0,0.004269341343612619,https://leetcode.com/problems/maximum-star-sum-of-a-graph,"Array, Greedy, Graph Theory, Sorting, Heap (Priority Queue)"
MEDIUM,Find Maximum Removals From Source String,5.0,0.003978240302743614,https://leetcode.com/problems/find-maximum-removals-from-source-string,"Array, Hash Table, Two Pointers, String, Dynamic Programming"
MEDIUM,Maximize Amount After Two Days of Conversions,5.0,0.006197124026363091,https://leetcode.com/problems/maximize-amount-after-two-days-of-conversions,"Array, String, Depth-First Search, Breadth-First Search, Graph Theory"
EASY,Cells with Odd Values in a Matrix,5.0,0.007992002192947096,https://leetcode.com/problems/cells-with-odd-values-in-a-matrix,"Array, Math, Simulation"
EASY,Count Prefix and Suffix Pairs I,5.0,0.00776668066658599,https://leetcode.com/problems/count-prefix-and-suffix-pairs-i,"Array, String, Trie, Rolling Hash, String Matching, Hash Function"
MEDIUM,Neighboring Bitwise XOR,5.0,0.007980800262033554,https://leetcode.com/problems/neighboring-bitwise-xor,"Array, Bit Manipulation"
MEDIUM,Merge Nodes in Between Zeros,5.0,0.008970917000664639,https://leetcode.com/problems/merge-nodes-in-between-zeros,"Linked List, Simulation"
MEDIUM,Make Lexicographically Smallest Array by Swapping Elements,5.0,0.006013827430412206,https://leetcode.com/problems/make-lexicographically-smallest-array-by-swapping-elements,"Array, Union-Find, Sorting"
EASY,Find the Distance Value Between Two Arrays,5.0,0.007217096461687504,https://leetcode.com/problems/find-the-distance-value-between-two-arrays,"Array, Two Pointers, Binary Search, Sorting"
MEDIUM,Maximum Number of Fish in a Grid,5.0,0.007036169659120479,https://leetcode.com/problems/maximum-number-of-fish-in-a-grid,"Array, Depth-First Search, Breadth-First Search, Union-Find, Matrix"
MEDIUM,Longest Subsequence With Decreasing Adjacent Difference,5.0,0.0016975247196230673,https://leetcode.com/problems/longest-subsequence-with-decreasing-adjacent-difference,"Array, Dynamic Programming"
MEDIUM,Minimum Operations to Exceed Threshold Value II,5.0,0.004578243788313047,https://leetcode.com/problems/minimum-operations-to-exceed-threshold-value-ii,"Array, Heap (Priority Queue), Simulation"
EASY,Split a String in Balanced Strings,5.0,0.00875707308583425,https://leetcode.com/problems/split-a-string-in-balanced-strings,"String, Greedy, Counting"
EASY,Check if All Characters Have Equal Number of Occurrences,5.0,0.007963426057215535,https://leetcode.com/problems/check-if-all-characters-have-equal-number-of-occurrences,"Hash Table, String, Counting"
EASY,Find the XOR of Numbers Which Appear Twice,5.0,0.007927791489043452,https://leetcode.com/problems/find-the-xor-of-numbers-which-appear-twice,"Array, Hash Table, Bit Manipulation"
MEDIUM,Closest Prime Numbers in Range,5.0,0.005194671341860249,https://leetcode.com/problems/closest-prime-numbers-in-range,"Math, Number Theory, Primality Test, Sieve Theory, Prime Number Sieve"
EASY,Minimum Amount of Time to Fill Cups,5.0,0.0060489549001499655,https://leetcode.com/problems/minimum-amount-of-time-to-fill-cups,"Array, Greedy, Sorting, Heap (Priority Queue)"
MEDIUM,Find the Number of Copy Arrays,5.0,0.0047381707553886985,https://leetcode.com/problems/find-the-number-of-copy-arrays,"Array, Math"
MEDIUM,Minimum Insertions to Balance a Parentheses String,5.0,0.005366885110328667,https://leetcode.com/problems/minimum-insertions-to-balance-a-parentheses-string,"String, Stack, Greedy, Bracket Sequences"
MEDIUM,Count Vowel Strings in Ranges,5.0,0.006788224525156103,https://leetcode.com/problems/count-vowel-strings-in-ranges,"Array, String, Prefix Sum"
MEDIUM,Minimum Fuel Cost to Report to the Capital,5.0,0.0065371796588194675,https://leetcode.com/problems/minimum-fuel-cost-to-report-to-the-capital,"Tree, Depth-First Search, Breadth-First Search, Graph Theory"
HARD,Smallest Substring With Identical Characters I,5.0,0.002111858593853054,https://leetcode.com/problems/smallest-substring-with-identical-characters-i,"Array, Binary Search, Enumeration"
EASY,Split With Minimum Sum,5.0,0.007380748548650312,https://leetcode.com/problems/split-with-minimum-sum,"Math, Greedy, Sorting"
MEDIUM,Count Pairs That Form a Complete Day II,5.0,0.004374743173889856,https://leetcode.com/problems/count-pairs-that-form-a-complete-day-ii,"Array, Hash Table, Counting"
MEDIUM,Movement of Robots,5.0,0.002826218807763401,https://leetcode.com/problems/movement-of-robots,"Array, Brainteaser, Sorting, Prefix Sum"
MEDIUM,Zero Array Transformation IV,5.0,0.0031146100145648136,https://leetcode.com/problems/zero-array-transformation-iv,"Array, Dynamic Programming"
EASY,Is Object Empty,5.0,0.008201809270556337,https://leetcode.com/problems/is-object-empty,
HARD,Encrypt and Decrypt Strings,5.0,0.0038738359108339304,https://leetcode.com/problems/encrypt-and-decrypt-strings,"Array, Hash Table, String, Design, Trie"
EASY,Final Array State After K Multiplication Operations I,5.0,0.008690925000613341,https://leetcode.com/problems/final-array-state-after-k-multiplication-operations-i,"Array, Math, Heap (Priority Queue), Simulation"
HARD,Closest Node to Path in Tree,5.0,0.006256139712570493,https://leetcode.com/problems/closest-node-to-path-in-tree,"Array, Tree, Depth-First Search, Breadth-First Search"
HARD,Minimize Malware Spread,5.0,0.004339416421024741,https://leetcode.com/problems/minimize-malware-spread,"Array, Hash Table, Depth-First Search, Breadth-First Search, Union-Find, Graph Theory"
MEDIUM,Minimum Cost to Make Arrays Identical,5.0,0.003817558621907088,https://leetcode.com/problems/minimum-cost-to-make-arrays-identical,"Array, Greedy, Sorting"
EASY,Count Subarrays of Length Three With a Condition,5.0,0.00613572976763459,https://leetcode.com/problems/count-subarrays-of-length-three-with-a-condition,Array
EASY,Prime In Diagonal,5.0,0.0039152155722027415,https://leetcode.com/problems/prime-in-diagonal,"Array, Math, Matrix, Number Theory"
HARD,Length of the Longest Valid Substring,5.0,0.0038643754259565766,https://leetcode.com/problems/length-of-the-longest-valid-substring,"Array, Hash Table, String, Sliding Window"
HARD,Merge Operations for Minimum Travel Time,5.0,0.003177642567406347,https://leetcode.com/problems/merge-operations-for-minimum-travel-time,"Array, Dynamic Programming, Prefix Sum"
MEDIUM,Find Minimum Time to Reach Last Room II,5.0,0.00672724783516446,https://leetcode.com/problems/find-minimum-time-to-reach-last-room-ii,"Array, Graph Theory, Heap (Priority Queue), Matrix, Shortest Path"
MEDIUM,Minimum Moves to Spread Stones Over Grid,5.0,0.0045880782789085054,https://leetcode.com/problems/minimum-moves-to-spread-stones-over-grid,"Array, Dynamic Programming, Backtracking, Bit Manipulation, Matrix, Bitmask"
MEDIUM,Total Characters in String After Transformations I,5.0,0.004564912511155842,https://leetcode.com/problems/total-characters-in-string-after-transformations-i,"Hash Table, Math, String, Dynamic Programming, Counting"
MEDIUM,Web Crawler Multithreaded,5.0,0.005133506440324623,https://leetcode.com/problems/web-crawler-multithreaded,"Depth-First Search, Breadth-First Search, Concurrency"
MEDIUM,Inorder Successor in BST II,5.0,0.00611048199304603,https://leetcode.com/problems/inorder-successor-in-bst-ii,"Tree, Binary Search Tree, Binary Tree"
MEDIUM,Find All Groups of Farmland,5.0,0.007547499739012423,https://leetcode.com/problems/find-all-groups-of-farmland,"Array, Depth-First Search, Breadth-First Search, Matrix"
MEDIUM,Robot Bounded In Circle,5.0,0.005661054948638513,https://leetcode.com/problems/robot-bounded-in-circle,"Math, String, Simulation"
HARD,Stone Game V,5.0,0.00429932727246195,https://leetcode.com/problems/stone-game-v,"Array, Math, Dynamic Programming, Game Theory"
MEDIUM,Shift Distance Between Two Strings,5.0,0.0053988553031658025,https://leetcode.com/problems/shift-distance-between-two-strings,"Array, String, Prefix Sum"
MEDIUM,Maximum Length of a Concatenated String with Unique Characters,5.0,0.005488775840463407,https://leetcode.com/problems/maximum-length-of-a-concatenated-string-with-unique-characters,"Array, String, Backtracking, Bit Manipulation"
EASY,Sum of Good Numbers,5.0,0.00699406640575685,https://leetcode.com/problems/sum-of-good-numbers,Array
HARD,The Maze III,5.0,0.005257081692725258,https://leetcode.com/problems/the-maze-iii,"Array, String, Depth-First Search, Breadth-First Search, Graph Theory, Heap (Priority Queue), Matrix, Shortest Path, Dijkstra's Algorithm, Heuristic Search, A* Search"
HARD,Count the Number of Arrays with K Matching Adjacent Elements,5.0,0.005824228109228704,https://leetcode.com/problems/count-the-number-of-arrays-with-k-matching-adjacent-elements,"Math, Combinatorics, Fermat's Little Theorem"
MEDIUM,Minimum Deletions to Make String K-Special,5.0,0.006705320845675089,https://leetcode.com/problems/minimum-deletions-to-make-string-k-special,"Hash Table, String, Greedy, Sorting, Counting"
MEDIUM,Find Maximum Area of a Triangle,5.0,0.0029904114118369466,https://leetcode.com/problems/find-maximum-area-of-a-triangle,"Array, Hash Table, Math, Greedy, Geometry, Enumeration"
HARD,Earliest Second to Mark Indices II,5.0,0.002226770146714863,https://leetcode.com/problems/earliest-second-to-mark-indices-ii,"Array, Binary Search, Greedy, Heap (Priority Queue)"
MEDIUM,Maximum Product After K Increments,5.0,0.004419275651711946,https://leetcode.com/problems/maximum-product-after-k-increments,"Array, Greedy, Heap (Priority Queue)"
MEDIUM,Non-decreasing Subsequences,5.0,0.006300106995170759,https://leetcode.com/problems/non-decreasing-subsequences,"Array, Hash Table, Backtracking, Bit Manipulation"
EASY,Distribute Candies,5.0,0.007153823767288085,https://leetcode.com/problems/distribute-candies,"Array, Hash Table"
MEDIUM,Longest Palindrome After Substring Concatenation I,5.0,0.004354451140437868,https://leetcode.com/problems/longest-palindrome-after-substring-concatenation-i,"Two Pointers, String, Dynamic Programming, Enumeration"
EASY,Split the Array,5.0,0.0061547223804298,https://leetcode.com/problems/split-the-array,"Array, Hash Table, Counting"
MEDIUM,Find the Kth Largest Integer in the Array,5.0,0.004825573179778854,https://leetcode.com/problems/find-the-kth-largest-integer-in-the-array,"Array, String, Divide and Conquer, Sorting, Heap (Priority Queue), Quickselect"
HARD,Find the K-Sum of an Array,5.0,0.004181787445058041,https://leetcode.com/problems/find-the-k-sum-of-an-array,"Array, Sorting, Heap (Priority Queue)"
MEDIUM,Minimize Maximum Component Cost,5.0,0.004334551015206864,https://leetcode.com/problems/minimize-maximum-component-cost,"Binary Search, Union-Find, Graph Theory, Sorting"
HARD,Restore The Array,5.0,0.004673652974750377,https://leetcode.com/problems/restore-the-array,"String, Dynamic Programming"
EASY,Chunk Array,5.0,0.008447253227518367,https://leetcode.com/problems/chunk-array,
HARD,Count Different Palindromic Subsequences,5.0,0.00481662492109068,https://leetcode.com/problems/count-different-palindromic-subsequences,"String, Dynamic Programming"
HARD,Minimum Score After Removals on a Tree,5.0,0.007600302392137805,https://leetcode.com/problems/minimum-score-after-removals-on-a-tree,"Array, Bit Manipulation, Tree, Depth-First Search"
EASY,Partition Array Into Three Parts With Equal Sum,5.0,0.004300643536193568,https://leetcode.com/problems/partition-array-into-three-parts-with-equal-sum,"Array, Greedy"
MEDIUM,Count Islands With Total Value Divisible by K,5.0,0.005553623188405798,https://leetcode.com/problems/count-islands-with-total-value-divisible-by-k,"Array, Depth-First Search, Breadth-First Search, Union-Find, Matrix"
MEDIUM,Count Prime-Gap Balanced Subarrays,5.0,0.002416932718458082,https://leetcode.com/problems/count-prime-gap-balanced-subarrays,"Array, Math, Queue, Sliding Window, Number Theory, Monotonic Queue"
EASY,Increasing Decreasing String,5.0,0.007732677450507002,https://leetcode.com/problems/increasing-decreasing-string,"Hash Table, String, Counting"
MEDIUM,Maximum Total from Optimal Activation Order,5.0,0.003358946010687304,https://leetcode.com/problems/maximum-total-from-optimal-activation-order,"Array, Two Pointers, Greedy, Sorting, Heap (Priority Queue)"
MEDIUM,Minimum Array Sum,5.0,0.003203446250244762,https://leetcode.com/problems/minimum-array-sum,"Array, Dynamic Programming"
HARD,Check If Digits Are Equal in String After Operations II,5.0,0.0014455702408432579,https://leetcode.com/problems/check-if-digits-are-equal-in-string-after-operations-ii,"Math, String, Combinatorics, Number Theory"
MEDIUM,Solve the Equation,5.0,0.004658490466008094,https://leetcode.com/problems/solve-the-equation,"Math, String, Simulation, Linear Algebra"
HARD,Maximum Path Quality of a Graph,5.0,0.006280315069439646,https://leetcode.com/problems/maximum-path-quality-of-a-graph,"Array, Backtracking, Graph Theory"
MEDIUM,Map Sum Pairs,5.0,0.005734117294938643,https://leetcode.com/problems/map-sum-pairs,"Hash Table, String, Design, Trie"
EASY,Minimum Index Sum of Two Lists,5.0,0.00603474184268441,https://leetcode.com/problems/minimum-index-sum-of-two-lists,"Array, Hash Table, String"
EASY,Sum of Digits in Base K,5.0,0.007920812754212667,https://leetcode.com/problems/sum-of-digits-in-base-k,Math
HARD,Find Substring With Given Hash Value,5.0,0.002703502862408048,https://leetcode.com/problems/find-substring-with-given-hash-value,"String, Sliding Window, Rolling Hash, Hash Function"
MEDIUM,Partition Array Into K-Distinct Groups,5.0,0.00472381274580285,https://leetcode.com/problems/partition-array-into-k-distinct-groups,"Array, Hash Table, Counting"
MEDIUM,Find Mirror Score of a String,5.0,0.0035890500778624703,https://leetcode.com/problems/find-mirror-score-of-a-string,"Hash Table, String, Stack, Simulation"
MEDIUM,Reorder Data in Log Files,5.0,0.005678007237385706,https://leetcode.com/problems/reorder-data-in-log-files,"Array, String, Sorting"
EASY,Minimum Average of Smallest and Largest Elements,5.0,0.00851171977112318,https://leetcode.com/problems/minimum-average-of-smallest-and-largest-elements,"Array, Two Pointers, Sorting"
MEDIUM,Shortest Path in a Hidden Grid,5.0,0.004469054550056955,https://leetcode.com/problems/shortest-path-in-a-hidden-grid,"Array, Depth-First Search, Breadth-First Search, Matrix, Interactive"
HARD,Sum of Beautiful Subsequences,5.0,0.003104221018128303,https://leetcode.com/problems/sum-of-beautiful-subsequences,"Array, Math, Binary Indexed Tree, Number Theory"
MEDIUM,Print Zero Even Odd,5.0,0.006604952441071403,https://leetcode.com/problems/print-zero-even-odd,Concurrency
EASY,Fill Missing Data,5.0,0.007260434969803461,https://leetcode.com/problems/fill-missing-data,
MEDIUM,Balanced K-Factor Decomposition,5.0,0.004053012945354565,https://leetcode.com/problems/balanced-k-factor-decomposition,"Math, Backtracking, Number Theory"
MEDIUM,Group the People Given the Group Size They Belong To,5.0,0.008751813333878186,https://leetcode.com/problems/group-the-people-given-the-group-size-they-belong-to,"Array, Hash Table, Greedy"
HARD,Longest Palindrome After Substring Concatenation II,5.0,0.0018455525036974434,https://leetcode.com/problems/longest-palindrome-after-substring-concatenation-ii,"Two Pointers, String, Dynamic Programming"
EASY,Calculate Delayed Arrival Time,5.0,0.00755742437554914,https://leetcode.com/problems/calculate-delayed-arrival-time,Math
MEDIUM,Maximum Xor Product,5.0,0.00305721499182135,https://leetcode.com/problems/maximum-xor-product,"Math, Greedy, Bit Manipulation"
MEDIUM,Binary Tree Upside Down,5.0,0.006557457345778116,https://leetcode.com/problems/binary-tree-upside-down,"Tree, Depth-First Search, Binary Tree"
HARD,Split Array With Same Average,5.0,0.0027433967848549457,https://leetcode.com/problems/split-array-with-same-average,"Array, Hash Table, Math, Dynamic Programming, Bit Manipulation, Meet in the Middle, Bitmask"
HARD,Sum of Perfect Square Ancestors,5.0,0.004127797249932597,https://leetcode.com/problems/sum-of-perfect-square-ancestors,"Array, Hash Table, Math, Tree, Depth-First Search, Counting, Number Theory"
MEDIUM,Lexicographically Smallest Permutation Greater Than Target,5.0,0.0026986941802353698,https://leetcode.com/problems/lexicographically-smallest-permutation-greater-than-target,"Hash Table, String, Greedy, Counting, Enumeration"
HARD,Number of Valid Move Combinations On Chessboard,5.0,0.0048433524173027995,https://leetcode.com/problems/number-of-valid-move-combinations-on-chessboard,"Array, String, Backtracking, Simulation"
MEDIUM,Find Minimum Cost to Remove Array Elements,5.0,0.002242028867324472,https://leetcode.com/problems/find-minimum-cost-to-remove-array-elements,"Array, Dynamic Programming"
MEDIUM,Minimum Time to Complete All Deliveries,5.0,0.003572714681440444,https://leetcode.com/problems/minimum-time-to-complete-all-deliveries,"Math, Binary Search"
EASY,Maximum Containers on a Ship,5.0,0.007484360163101155,https://leetcode.com/problems/maximum-containers-on-a-ship,Math
MEDIUM,Partition Array into Disjoint Intervals,5.0,0.0049610497115067185,https://leetcode.com/problems/partition-array-into-disjoint-intervals,Array
HARD,Make Array Empty,5.0,0.002710364402446979,https://leetcode.com/problems/make-array-empty,"Array, Binary Search, Greedy, Binary Indexed Tree, Segment Tree, Sorting, Ordered Set"
HARD,Escape a Large Maze,5.0,0.003702965146523322,https://leetcode.com/problems/escape-a-large-maze,"Array, Hash Table, Depth-First Search, Breadth-First Search, Bidirectional Search"
MEDIUM,Maximum Area of a Piece of Cake After Horizontal and Vertical Cuts,5.0,0.004152480386127728,https://leetcode.com/problems/maximum-area-of-a-piece-of-cake-after-horizontal-and-vertical-cuts,"Array, Greedy, Sorting"
EASY,Find the Largest Almost Missing Integer,5.0,0.0037512951322761765,https://leetcode.com/problems/find-the-largest-almost-missing-integer,"Array, Hash Table"
MEDIUM,Count Number of Ways to Place Houses,5.0,0.004417228170574119,https://leetcode.com/problems/count-number-of-ways-to-place-houses,Dynamic Programming
EASY,Smallest Index With Digit Sum Equal to Index,5.0,0.008045169886742172,https://leetcode.com/problems/smallest-index-with-digit-sum-equal-to-index,"Array, Math"
EASY,Binary Prefix Divisible By 5,5.0,0.005373181611911673,https://leetcode.com/problems/binary-prefix-divisible-by-5,"Array, Bit Manipulation"
MEDIUM,Strong Friendship,5.0,0.00547029153316626,https://leetcode.com/problems/strong-friendship,Database
HARD,Find Servers That Handled Most Number of Requests,5.0,0.0045643431635388745,https://leetcode.com/problems/find-servers-that-handled-most-number-of-requests,"Array, Heap (Priority Queue), Simulation, Ordered Set"
EASY,Sum of Squares of Special Elements ,5.0,0.008237770680196219,https://leetcode.com/problems/sum-of-squares-of-special-elements,"Array, Enumeration"
EASY,Maximum Value of a String in an Array,5.0,0.007442543859649123,https://leetcode.com/problems/maximum-value-of-a-string-in-an-array,"Array, String"
MEDIUM,Append K Integers With Minimal Sum,5.0,0.002723937027395562,https://leetcode.com/problems/append-k-integers-with-minimal-sum,"Array, Math, Greedy, Sorting"
MEDIUM,Maximize Happiness of Selected Children,5.0,0.005864039277810698,https://leetcode.com/problems/maximize-happiness-of-selected-children,"Array, Greedy, Sorting"
MEDIUM,Flatten Deeply Nested Array,5.0,0.006614240056275136,https://leetcode.com/problems/flatten-deeply-nested-array,
MEDIUM,IP to CIDR,5.0,0.00538221325873398,https://leetcode.com/problems/ip-to-cidr,"String, Bit Manipulation"
EASY,Find Valid Pair of Adjacent Digits in String,5.0,0.006123317752996455,https://leetcode.com/problems/find-valid-pair-of-adjacent-digits-in-string,"Hash Table, String, Counting"
HARD,Memoize II,5.0,0.003954933008526187,https://leetcode.com/problems/memoize-ii,
EASY,Minimum Deletions for At Most K Distinct Characters,5.0,0.00732366944258111,https://leetcode.com/problems/minimum-deletions-for-at-most-k-distinct-characters,"Hash Table, String, Greedy, Sorting, Counting"
MEDIUM,Sort the Matrix Diagonally,5.0,0.008325742010545338,https://leetcode.com/problems/sort-the-matrix-diagonally,"Array, Sorting, Matrix"
HARD,Count Paths That Can Form a Palindrome in a Tree,5.0,0.005207741365157542,https://leetcode.com/problems/count-paths-that-can-form-a-palindrome-in-a-tree,"Hash Table, Bit Manipulation, Tree, Depth-First Search"
EASY,Count Residue Prefixes,5.0,0.006589847991313788,https://leetcode.com/problems/count-residue-prefixes,"Hash Table, String"
HARD,Dinner Plate Stacks,5.0,0.0033934322405034297,https://leetcode.com/problems/dinner-plate-stacks,"Hash Table, Stack, Design, Heap (Priority Queue)"
MEDIUM,As Far from Land as Possible,5.0,0.005249006319210071,https://leetcode.com/problems/as-far-from-land-as-possible,"Array, Dynamic Programming, Breadth-First Search, Matrix"
MEDIUM,K-Concatenation Maximum Sum,5.0,0.002603055761110869,https://leetcode.com/problems/k-concatenation-maximum-sum,"Array, Dynamic Programming"
MEDIUM,Number of Orders in the Backlog,5.0,0.005425394713620505,https://leetcode.com/problems/number-of-orders-in-the-backlog,"Array, Heap (Priority Queue), Simulation"
HARD,Minimum Pair Removal to Sort Array II,5.0,0.003881132989025178,https://leetcode.com/problems/minimum-pair-removal-to-sort-array-ii,"Array, Hash Table, Linked List, Heap (Priority Queue), Simulation, Doubly-Linked List, Ordered Set"
MEDIUM,Largest Element in an Array after Merge Operations,5.0,0.004825278901858525,https://leetcode.com/problems/largest-element-in-an-array-after-merge-operations,"Array, Greedy"
MEDIUM,Count Sorted Vowel Strings,5.0,0.007940742696565641,https://leetcode.com/problems/count-sorted-vowel-strings,"Math, Dynamic Programming, Combinatorics"
HARD,Minimum Cost to Convert String II,5.0,0.005916595668355678,https://leetcode.com/problems/minimum-cost-to-convert-string-ii,"Array, String, Dynamic Programming, Graph Theory, Trie, Shortest Path"
MEDIUM,Partition Array to Minimize XOR,5.0,0.004175350140056022,https://leetcode.com/problems/partition-array-to-minimize-xor,"Array, Dynamic Programming, Bit Manipulation, Prefix Sum"
MEDIUM,Minimum K to Reduce Array Within Limit,5.0,0.004102295740372016,https://leetcode.com/problems/minimum-k-to-reduce-array-within-limit,"Array, Binary Search"
EASY,Transformed Array,5.0,0.007043360529599062,https://leetcode.com/problems/transformed-array,"Array, Simulation"
MEDIUM,Longest Balanced Subarray I,5.0,0.006570495469511275,https://leetcode.com/problems/longest-balanced-subarray-i,"Array, Hash Table, Divide and Conquer, Segment Tree, Prefix Sum"
MEDIUM,Longest Balanced Substring I,5.0,0.006966126951425629,https://leetcode.com/problems/longest-balanced-substring-i,"Hash Table, String, Counting, Enumeration"
EASY,Find the K-Beauty of a Number,5.0,0.006374445487808827,https://leetcode.com/problems/find-the-k-beauty-of-a-number,"Math, String, Sliding Window"
MEDIUM,Minimum Amount of Time to Collect Garbage,5.0,0.008504916663096105,https://leetcode.com/problems/minimum-amount-of-time-to-collect-garbage,"Array, String, Prefix Sum"
MEDIUM,DNA Pattern Recognition ,5.0,0.008510323223693578,https://leetcode.com/problems/dna-pattern-recognition,Database
MEDIUM,Find COVID Recovery Patients,5.0,0.004363206321151947,https://leetcode.com/problems/find-covid-recovery-patients,Database
MEDIUM,Number of Subarrays With LCM Equal to K,5.0,0.004746953232875067,https://leetcode.com/problems/number-of-subarrays-with-lcm-equal-to-k,"Array, Math, Number Theory"
MEDIUM,Maximum Product of Three Elements After One Replacement,5.0,0.004828924063088645,https://leetcode.com/problems/maximum-product-of-three-elements-after-one-replacement,"Array, Math, Greedy, Sorting"
MEDIUM,K Radius Subarray Averages,5.0,0.004642266600231933,https://leetcode.com/problems/k-radius-subarray-averages,"Array, Sliding Window"
EASY,Decrypt String from Alphabet to Integer Mapping,5.0,0.008065524426950684,https://leetcode.com/problems/decrypt-string-from-alphabet-to-integer-mapping,String
EASY,Check if Binary String Has at Most One Segment of Ones,5.0,0.004933125940943103,https://leetcode.com/problems/check-if-binary-string-has-at-most-one-segment-of-ones,String
HARD,Count Sequences to K,5.0,0.003623682579045257,https://leetcode.com/problems/count-sequences-to-k,"Array, Math, Dynamic Programming, Memoization, Number Theory"
EASY,Distribute Money to Maximum Children,5.0,0.0020735325666775954,https://leetcode.com/problems/distribute-money-to-maximum-children,"Math, Greedy"
MEDIUM,Minimum Number of Seconds to Make Mountain Height Zero,5.0,0.005830950698483448,https://leetcode.com/problems/minimum-number-of-seconds-to-make-mountain-height-zero,"Array, Math, Binary Search, Greedy, Heap (Priority Queue)"
MEDIUM,Count Unhappy Friends,5.0,0.006266080187114904,https://leetcode.com/problems/count-unhappy-friends,"Array, Simulation"
MEDIUM,Convert to Base -2,5.0,0.006200037766727513,https://leetcode.com/problems/convert-to-base-2,Math
MEDIUM,Construct Product Matrix,5.0,0.0051777464965872865,https://leetcode.com/problems/construct-product-matrix,"Array, Matrix, Prefix Sum"
EASY,Matrix Similarity After Cyclic Shifts,5.0,0.007445395168738108,https://leetcode.com/problems/matrix-similarity-after-cyclic-shifts,"Array, Math, Matrix, Simulation"
HARD,Count Beautiful Numbers,5.0,0.0024200477326968973,https://leetcode.com/problems/count-beautiful-numbers,Dynamic Programming
EASY,Daily Leads and Partners,5.0,0.008683276066146474,https://leetcode.com/problems/daily-leads-and-partners,Database
MEDIUM,Reachable Nodes With Restrictions,5.0,0.006069795713417374,https://leetcode.com/problems/reachable-nodes-with-restrictions,"Array, Hash Table, Tree, Depth-First Search, Breadth-First Search, Union-Find, Graph Theory"
HARD,Maximum Partition Factor,5.0,0.0032368801788767595,https://leetcode.com/problems/maximum-partition-factor,"Array, Binary Search, Depth-First Search, Breadth-First Search, Union-Find, Graph Theory"
MEDIUM,Random Pick Index,5.0,0.006512319005066713,https://leetcode.com/problems/random-pick-index,"Hash Table, Math, Reservoir Sampling, Randomized"
HARD,Numbers At Most N Given Digit Set,5.0,0.0045857776730671065,https://leetcode.com/problems/numbers-at-most-n-given-digit-set,"Array, Math, String, Binary Search, Dynamic Programming"
EASY,Timeout Cancellation,5.0,0.008955307402550761,https://leetcode.com/problems/timeout-cancellation,
HARD,Valid Arrangement of Pairs,5.0,0.006674159583518705,https://leetcode.com/problems/valid-arrangement-of-pairs,"Array, Depth-First Search, Graph Theory, Eulerian Circuit, Eulerian Path, Semi-Eulerian Graph"
EASY,Minimum Distance Between Three Equal Elements I,5.0,0.007340974552953949,https://leetcode.com/problems/minimum-distance-between-three-equal-elements-i,"Array, Hash Table"
MEDIUM,Minimum XOR Path in a Grid,5.0,0.003991060926840743,https://leetcode.com/problems/minimum-xor-path-in-a-grid,"Array, Dynamic Programming, Bit Manipulation, Matrix"
MEDIUM,Minimum Distance Between Three Equal Elements II,5.0,0.007467783942928321,https://leetcode.com/problems/minimum-distance-between-three-equal-elements-ii,"Array, Hash Table"
HARD,Final Array State After K Multiplication Operations II,5.0,0.0013766251202756829,https://leetcode.com/problems/final-array-state-after-k-multiplication-operations-ii,"Array, Heap (Priority Queue), Simulation"
EASY,Minimum Distance to the Target Element,5.0,0.006434521731074831,https://leetcode.com/problems/minimum-distance-to-the-target-element,Array
EASY,Traffic Signal Color,5.0,0.008391046049824399,https://leetcode.com/problems/traffic-signal-color,"Math, String, Simulation"
HARD,Minimum Edge Reversals So Every Node Is Reachable,5.0,0.005979537703675635,https://leetcode.com/problems/minimum-edge-reversals-so-every-node-is-reachable,"Dynamic Programming, Depth-First Search, Breadth-First Search, Graph Theory"
HARD,Count Substrings Divisible By Last Digit,5.0,0.002327598566308244,https://leetcode.com/problems/count-substrings-divisible-by-last-digit,"String, Dynamic Programming"
MEDIUM,Find the Smallest Balanced Index,5.0,0.001954465990558671,https://leetcode.com/problems/find-the-smallest-balanced-index,"Array, Prefix Sum"
MEDIUM,Maximize Sum of Squares of Digits,5.0,0.005919544443629787,https://leetcode.com/problems/maximize-sum-of-squares-of-digits,"Math, Greedy"
MEDIUM,Fizz Buzz Multithreaded,5.0,0.007511229442874737,https://leetcode.com/problems/fizz-buzz-multithreaded,Concurrency
MEDIUM,Longest Balanced Substring After One Swap,5.0,0.0014129861916306525,https://leetcode.com/problems/longest-balanced-substring-after-one-swap,"Hash Table, String, Prefix Sum"
HARD,Count Stepping Numbers in Range,5.0,0.0029611627238770232,https://leetcode.com/problems/count-stepping-numbers-in-range,"String, Dynamic Programming"
MEDIUM,Monotone Increasing Digits,5.0,0.004991928696587977,https://leetcode.com/problems/monotone-increasing-digits,"Math, Greedy"
MEDIUM,Check if There is a Valid Path in a Grid,5.0,0.006450557497873949,https://leetcode.com/problems/check-if-there-is-a-valid-path-in-a-grid,"Array, Depth-First Search, Breadth-First Search, Union-Find, Matrix"
HARD,Find the Sum of the Power of All Subsequences,5.0,0.003815657290470723,https://leetcode.com/problems/find-the-sum-of-the-power-of-all-subsequences,"Array, Dynamic Programming, Knapsack Problem, 0-1 Knapsack"
MEDIUM,First Unique Number,5.0,0.005787494100062933,https://leetcode.com/problems/first-unique-number,"Array, Hash Table, Design, Queue, Data Stream"
HARD,Maximize Count of Distinct Primes After Split,5.0,0.001939719859929965,https://leetcode.com/problems/maximize-count-of-distinct-primes-after-split,"Array, Hash Table, Math, Segment Tree, Number Theory, Ordered Set"
MEDIUM,Maximum Binary Tree,5.0,0.008644219494765178,https://leetcode.com/problems/maximum-binary-tree,"Array, Divide and Conquer, Stack, Tree, Monotonic Stack, Binary Tree, Cartesian Tree"
EASY,Sales Person,5.0,0.006628322251882153,https://leetcode.com/problems/sales-person,Database
MEDIUM,Count K-th Roots in a Range,5.0,0.0024630299046993097,https://leetcode.com/problems/count-k-th-roots-in-a-range,"Math, Binary Search"
MEDIUM,Shortest Path with Alternating Colors,5.0,0.004824527180730701,https://leetcode.com/problems/shortest-path-with-alternating-colors,"Breadth-First Search, Graph Theory"
MEDIUM,Masking Personal Information,5.0,0.0056148129901055135,https://leetcode.com/problems/masking-personal-information,String
HARD,Minimum Swaps To Make Sequences Increasing,5.0,0.004188261151987319,https://leetcode.com/problems/minimum-swaps-to-make-sequences-increasing,"Array, Dynamic Programming"
MEDIUM,Digit Operations to Make Two Integers Equal,5.0,0.0030944150835594915,https://leetcode.com/problems/digit-operations-to-make-two-integers-equal,"Math, Graph Theory, Heap (Priority Queue), Number Theory, Shortest Path"
MEDIUM,Maximum of Absolute Value Expression,5.0,0.004890565806224022,https://leetcode.com/problems/maximum-of-absolute-value-expression,"Array, Math"
EASY,Find Subarrays With Equal Sum,5.0,0.006728880751060174,https://leetcode.com/problems/find-subarrays-with-equal-sum,"Array, Hash Table"
HARD,Longest Palindromic Path in Graph,5.0,0.0022379635700236593,https://leetcode.com/problems/longest-palindromic-path-in-graph,"String, Dynamic Programming, Bit Manipulation, Graph Theory, Bitmask"
MEDIUM,Count Good Meals,5.0,0.003309195301285995,https://leetcode.com/problems/count-good-meals,"Array, Hash Table"
EASY,Find the Peaks,5.0,0.007510793727549047,https://leetcode.com/problems/find-the-peaks,"Array, Enumeration"
EASY,Get Maximum in Generated Array,5.0,0.0051632443448794575,https://leetcode.com/problems/get-maximum-in-generated-array,"Array, Simulation"
HARD,Maximum Total Subarray Value II,5.0,0.004176594685036065,https://leetcode.com/problems/maximum-total-subarray-value-ii,"Array, Greedy, Segment Tree, Heap (Priority Queue)"
HARD,Shortest Cycle in a Graph,5.0,0.004043274587561551,https://leetcode.com/problems/shortest-cycle-in-a-graph,"Breadth-First Search, Graph Theory"
MEDIUM,Maximize Sum of Device Ratings,5.0,0.003954165239935431,https://leetcode.com/problems/maximize-sum-of-device-ratings,
MEDIUM,Number of Pairs of Interchangeable Rectangles,5.0,0.005298283297813428,https://leetcode.com/problems/number-of-pairs-of-interchangeable-rectangles,"Array, Hash Table, Math, Counting, Number Theory"
MEDIUM,Process String with Special Operations I,5.0,0.007146288510451308,https://leetcode.com/problems/process-string-with-special-operations-i,"String, Simulation"
MEDIUM,Minimize the Difference Between Target and Chosen Elements,5.0,0.003716104265317024,https://leetcode.com/problems/minimize-the-difference-between-target-and-chosen-elements,"Array, Dynamic Programming, Matrix"
MEDIUM,Queens That Can Attack the King,5.0,0.007280082276311277,https://leetcode.com/problems/queens-that-can-attack-the-king,"Array, Matrix, Simulation"
EASY,Subarrays Distinct Element Sum of Squares I,5.0,0.007965835626149925,https://leetcode.com/problems/subarrays-distinct-element-sum-of-squares-i,"Array, Hash Table, Segment Tree"
HARD,Reachable Nodes In Subdivided Graph,5.0,0.005274010627329685,https://leetcode.com/problems/reachable-nodes-in-subdivided-graph,"Graph Theory, Heap (Priority Queue), Shortest Path, Dijkstra's Algorithm"
MEDIUM,Longest Substring Of All Vowels in Order,5.0,0.005226027180283207,https://leetcode.com/problems/longest-substring-of-all-vowels-in-order,"String, Sliding Window"
MEDIUM,Maximum Ice Cream Bars,5.0,0.007725336910181371,https://leetcode.com/problems/maximum-ice-cream-bars,"Array, Greedy, Sorting, Counting Sort"
EASY,Maximum Number of Balloons,5.0,0.006426825988249736,https://leetcode.com/problems/maximum-number-of-balloons,"Hash Table, String, Counting"
MEDIUM,Maximum Sum Obtained of Any Permutation,5.0,0.004132139589596131,https://leetcode.com/problems/maximum-sum-obtained-of-any-permutation,"Array, Greedy, Sorting, Prefix Sum"
MEDIUM,Maximum Number of Occurrences of a Substring,5.0,0.005480523794000602,https://leetcode.com/problems/maximum-number-of-occurrences-of-a-substring,"Hash Table, String, Sliding Window"
EASY,Buy Two Chocolates,5.0,0.006843133797643187,https://leetcode.com/problems/buy-two-chocolates,"Array, Greedy, Sorting"
HARD,Dice Roll Simulation,5.0,0.005121792705435828,https://leetcode.com/problems/dice-roll-simulation,"Array, Dynamic Programming"
EASY,Average Value of Even Numbers That Are Divisible by Three,5.0,0.006355605788902079,https://leetcode.com/problems/average-value-of-even-numbers-that-are-divisible-by-three,"Array, Math"
EASY,Minimum Number of Moves to Seat Everyone,5.0,0.008711197925196298,https://leetcode.com/problems/minimum-number-of-moves-to-seat-everyone,"Array, Greedy, Sorting, Counting Sort"
MEDIUM,Design Front Middle Back Queue,5.0,0.005839099415623991,https://leetcode.com/problems/design-front-middle-back-queue,"Array, Linked List, Design, Queue, Doubly-Linked List, Data Stream"
MEDIUM,The Dining Philosophers,5.0,0.005410728328193891,https://leetcode.com/problems/the-dining-philosophers,Concurrency
MEDIUM,Memoize,5.0,0.006526172280691071,https://leetcode.com/problems/memoize,
MEDIUM,Odd and Even Transactions,5.0,0.006849701661022416,https://leetcode.com/problems/odd-and-even-transactions,Database
MEDIUM,Array Nesting,5.0,0.005685739122681883,https://leetcode.com/problems/array-nesting,"Array, Depth-First Search"
MEDIUM,Binary Tree Pruning,5.0,0.007255303942686012,https://leetcode.com/problems/binary-tree-pruning,"Tree, Depth-First Search, Binary Tree"
MEDIUM,Maximum Subarray Sum After Multiplier,5.0,0.0025867179036445026,https://leetcode.com/problems/maximum-subarray-sum-after-multiplier,"Array, Dynamic Programming"
MEDIUM,Design Memory Allocator,5.0,0.005055725762850124,https://leetcode.com/problems/design-memory-allocator,"Array, Hash Table, Design, Simulation"
EASY,Restore Finishing Order,5.0,0.009140454390241966,https://leetcode.com/problems/restore-finishing-order,"Array, Hash Table"
EASY,Decode XORed Array,5.0,0.008747750370527208,https://leetcode.com/problems/decode-xored-array,"Array, Bit Manipulation"
HARD,Minimum Cost for Cutting Cake II,5.0,0.00541412474761729,https://leetcode.com/problems/minimum-cost-for-cutting-cake-ii,"Array, Greedy, Sorting"
HARD,Find Maximum Non-decreasing Array Length,5.0,0.0019028101476064186,https://leetcode.com/problems/find-maximum-non-decreasing-array-length,"Array, Binary Search, Dynamic Programming, Stack, Queue, Monotonic Stack, Prefix Sum, Monotonic Queue"
HARD,Maximum Walls Destroyed by Robots,5.0,0.004784562399302322,https://leetcode.com/problems/maximum-walls-destroyed-by-robots,"Array, Binary Search, Dynamic Programming, Sorting"
HARD,Last Substring in Lexicographical Order,5.0,0.003521058679028488,https://leetcode.com/problems/last-substring-in-lexicographical-order,"Two Pointers, String, Lyndon Factorization"
MEDIUM,Rearrange Words in a Sentence,5.0,0.006731481294134309,https://leetcode.com/problems/rearrange-words-in-a-sentence,"String, Sorting"
MEDIUM,Count of Substrings Containing Every Vowel and K Consonants I,5.0,0.004225516054335847,https://leetcode.com/problems/count-of-substrings-containing-every-vowel-and-k-consonants-i,"Hash Table, String, Sliding Window"
EASY,Remove Palindromic Subsequences,5.0,0.007721072586459748,https://leetcode.com/problems/remove-palindromic-subsequences,"Two Pointers, String"
MEDIUM,Minimum Number of Coins to be Added,5.0,0.005791870844431792,https://leetcode.com/problems/minimum-number-of-coins-to-be-added,"Array, Greedy, Sorting"
EASY,Rectangle Overlap,5.0,0.004698221857237491,https://leetcode.com/problems/rectangle-overlap,"Math, Geometry"
HARD,Course Schedule III,5.0,0.004204481243912896,https://leetcode.com/problems/course-schedule-iii,"Array, Greedy, Sorting, Heap (Priority Queue)"
MEDIUM,Maximum Sum of Two Non-Overlapping Subarrays,5.0,0.0061346743058131705,https://leetcode.com/problems/maximum-sum-of-two-non-overlapping-subarrays,"Array, Dynamic Programming, Sliding Window"
MEDIUM,Minimum Number of Pushes to Type Word II,5.0,0.00833071291894914,https://leetcode.com/problems/minimum-number-of-pushes-to-type-word-ii,"Hash Table, String, Greedy, Sorting, Counting"
EASY,Remove One Element to Make the Array Strictly Increasing,5.0,0.003068861077013396,https://leetcode.com/problems/remove-one-element-to-make-the-array-strictly-increasing,Array
HARD,Largest Palindrome Product,5.0,0.003965265536967547,https://leetcode.com/problems/largest-palindrome-product,"Math, Enumeration"
MEDIUM,Longest Well-Performing Interval,5.0,0.003814324167414366,https://leetcode.com/problems/longest-well-performing-interval,"Array, Hash Table, Stack, Monotonic Stack, Prefix Sum"
MEDIUM,Remove Methods From Project,5.0,0.007019077985078554,https://leetcode.com/problems/remove-methods-from-project,"Depth-First Search, Breadth-First Search, Graph Theory"
HARD,Evaluate Valid Expressions,5.0,0.006949152542372882,https://leetcode.com/problems/evaluate-valid-expressions,"Hash Table, Math, String, Divide and Conquer, Stack"
EASY,Make Array Zero by Subtracting Equal Amounts,5.0,0.007392079704635066,https://leetcode.com/problems/make-array-zero-by-subtracting-equal-amounts,"Array, Hash Table, Greedy, Sorting, Heap (Priority Queue), Simulation"
MEDIUM,Jump Game III,5.0,0.0070395878524945775,https://leetcode.com/problems/jump-game-iii,"Array, Depth-First Search, Breadth-First Search"
EASY,Sort Integers by Binary Reflection,5.0,0.006126907997411595,https://leetcode.com/problems/sort-integers-by-binary-reflection,"Array, Sorting"
MEDIUM,Subsequence After One Replacement,5.0,0.002186122592904578,https://leetcode.com/problems/subsequence-after-one-replacement,
EASY,Kth Distinct String in an Array,5.0,0.008218020763040257,https://leetcode.com/problems/kth-distinct-string-in-an-array,"Array, Hash Table, String, Counting"
EASY,Employees With Missing Information,5.0,0.007343991471444294,https://leetcode.com/problems/employees-with-missing-information,Database
EASY,Number of Distinct Averages,5.0,0.0059120829745010674,https://leetcode.com/problems/number-of-distinct-averages,"Array, Hash Table, Two Pointers, Sorting"
MEDIUM,Count Number of Rectangles Containing Each Point,5.0,0.003789175135901678,https://leetcode.com/problems/count-number-of-rectangles-containing-each-point,"Array, Hash Table, Binary Search, Binary Indexed Tree, Sorting"
MEDIUM,H-Index II,5.0,0.003993670506102215,https://leetcode.com/problems/h-index-ii,"Array, Binary Search"
HARD,Minimum Operations to Make Array Equal to Target,5.0,0.004168299066651303,https://leetcode.com/problems/minimum-operations-to-make-array-equal-to-target,"Array, Dynamic Programming, Stack, Greedy, Monotonic Stack"
