Difficulty,Title,Frequency,Acceptance Rate,Link,Topics
EASY,Two Sum,100.0,0.005800924262108931,https://leetcode.com/problems/two-sum,"Array, Hash Table"
MEDIUM,Merge Intervals,86.3,0.005257592503796792,https://leetcode.com/problems/merge-intervals,"Array, Sorting, Quicksort"
MEDIUM,Insert Delete GetRandom O(1),86.3,0.0055486449175325145,https://leetcode.com/problems/insert-delete-getrandom-o1,"Array, Hash Table, Math, Design, Randomized"
MEDIUM,Number of Islands,85.8,0.006495998665360571,https://leetcode.com/problems/number-of-islands,"Array, Depth-First Search, Breadth-First Search, Union-Find, Matrix"
MEDIUM,Add Two Numbers,84.6,0.004913262476278471,https://leetcode.com/problems/add-two-numbers,"Linked List, Math, Recursion"
MEDIUM,Longest Substring Without Repeating Characters,84.1,0.003977890191636289,https://leetcode.com/problems/longest-substring-without-repeating-characters,"Hash Table, String, Sliding Window"
EASY,Valid Parentheses,83.7,0.00447253154875482,https://leetcode.com/problems/valid-parentheses,"String, Stack, Bracket Sequences"
EASY,Best Time to Buy and Sell Stock,82.6,0.005725113571199103,https://leetcode.com/problems/best-time-to-buy-and-sell-stock,"Array, Dynamic Programming"
MEDIUM,Flatten a Multilevel Doubly Linked List,80.0,0.006329529186937766,https://leetcode.com/problems/flatten-a-multilevel-doubly-linked-list,"Linked List, Depth-First Search, Doubly-Linked List"
MEDIUM,Invalid Transactions,79.8,0.0032499576472645605,https://leetcode.com/problems/invalid-transactions,"Array, Hash Table, String, Sorting"
HARD,Trapping Rain Water,79.0,0.006802792075926791,https://leetcode.com/problems/trapping-rain-water,"Array, Two Pointers, Dynamic Programming, Stack, Monotonic Stack"
EASY,Longest Common Prefix,78.8,0.004818706075063148,https://leetcode.com/problems/longest-common-prefix,"Array, String, Trie"
HARD,Median of Two Sorted Arrays,78.3,0.004736934987937765,https://leetcode.com/problems/median-of-two-sorted-arrays,"Array, Binary Search, Divide and Conquer"
MEDIUM,3Sum,78.3,0.003969283210506896,https://leetcode.com/problems/3sum,"Array, Two Pointers, Sorting"
MEDIUM,Longest Palindromic Substring,76.7,0.0038470789781485217,https://leetcode.com/problems/longest-palindromic-substring,"Two Pointers, String, Dynamic Programming, Manacher"
MEDIUM,Word Search,76.7,0.004794636371693302,https://leetcode.com/problems/word-search,"Array, String, Backtracking, Depth-First Search, Matrix"
EASY,Valid Anagram,76.0,0.006853220996661993,https://leetcode.com/problems/valid-anagram,"Hash Table, String, Sorting"
EASY,Majority Element,75.3,0.006648696019389536,https://leetcode.com/problems/majority-element,"Array, Hash Table, Divide and Conquer, Sorting, Counting, Boyer–Moore Majority Vote Algorithm"
MEDIUM,Container With Most Water,74.7,0.006064812783424924,https://leetcode.com/problems/container-with-most-water,"Array, Two Pointers, Greedy"
MEDIUM,Decode String,74.7,0.00630900023452826,https://leetcode.com/problems/decode-string,"String, Stack, Recursion"
EASY,Palindrome Number,74.2,0.006087442047122685,https://leetcode.com/problems/palindrome-number,Math
MEDIUM,Reverse Integer,73.9,0.0032366022758213405,https://leetcode.com/problems/reverse-integer,Math
EASY,Merge Sorted Array,73.9,0.005552780460080359,https://leetcode.com/problems/merge-sorted-array,"Array, Two Pointers, Sorting"
EASY,Roman to Integer,71.3,0.00670490993910127,https://leetcode.com/problems/roman-to-integer,"Hash Table, Math, String"
EASY,Merge Two Sorted Lists,71.3,0.0068747377964587,https://leetcode.com/problems/merge-two-sorted-lists,"Linked List, Recursion"
EASY,Remove Duplicates from Sorted Array,71.3,0.006356272464635198,https://leetcode.com/problems/remove-duplicates-from-sorted-array,"Array, Two Pointers"
MEDIUM,Longest Consecutive Sequence,70.6,0.004720827093126967,https://leetcode.com/problems/longest-consecutive-sequence,"Array, Hash Table, Union-Find"
MEDIUM,LRU Cache,70.6,0.004786836905342104,https://leetcode.com/problems/lru-cache,"Hash Table, Linked List, Design, Doubly-Linked List"
MEDIUM,Subarray Sum Equals K,70.0,0.004797980767213043,https://leetcode.com/problems/subarray-sum-equals-k,"Array, Hash Table, Prefix Sum"
MEDIUM,Min Stack,69.3,0.0058550650675162665,https://leetcode.com/problems/min-stack,"Stack, Design"
MEDIUM,Design Underground System,69.3,0.007459845536187637,https://leetcode.com/problems/design-underground-system,"Hash Table, String, Design"
MEDIUM,Next Permutation,68.9,0.004595875256818724,https://leetcode.com/problems/next-permutation,"Array, Two Pointers"
MEDIUM,Subsets,68.2,0.008271546849846084,https://leetcode.com/problems/subsets,"Array, Backtracking, Bit Manipulation"
MEDIUM,Maximum Subarray,67.8,0.005373530527114145,https://leetcode.com/problems/maximum-subarray,"Array, Divide and Conquer, Dynamic Programming"
MEDIUM,Search in Rotated Sorted Array,67.4,0.004546205405287649,https://leetcode.com/problems/search-in-rotated-sorted-array,"Array, Binary Search"
MEDIUM,Generate Parentheses,65.0,0.007906590165275944,https://leetcode.com/problems/generate-parentheses,"String, Dynamic Programming, Backtracking, Bracket Sequences"
HARD,Word Break II,65.0,0.005602410601850927,https://leetcode.com/problems/word-break-ii,"Array, Hash Table, String, Dynamic Programming, Backtracking, Trie, Memoization"
EASY,Create Hello World Function,64.5,0.00819158256072678,https://leetcode.com/problems/create-hello-world-function,
MEDIUM,Rotate Image,64.1,0.008056985359227104,https://leetcode.com/problems/rotate-image,"Array, Math, Matrix"
MEDIUM,Find Peak Element,64.1,0.00471402918242087,https://leetcode.com/problems/find-peak-element,"Array, Binary Search"
MEDIUM,Group Anagrams,63.6,0.007312858120048459,https://leetcode.com/problems/group-anagrams,"Array, Hash Table, String, Sorting"
EASY,Climbing Stairs,63.6,0.005428115313453636,https://leetcode.com/problems/climbing-stairs,"Math, Dynamic Programming, Memoization"
MEDIUM,Meeting Rooms II,63.6,0.005277671390271926,https://leetcode.com/problems/meeting-rooms-ii,"Array, Two Pointers, Greedy, Sorting, Heap (Priority Queue), Prefix Sum"
EASY,Pascal's Triangle,63.2,0.007929398110653664,https://leetcode.com/problems/pascals-triangle,"Array, Dynamic Programming"
EASY,Move Zeroes,63.2,0.0064265245938934104,https://leetcode.com/problems/move-zeroes,"Array, Two Pointers"
MEDIUM,Sort Integers by The Power Value,63.2,0.007173463839042958,https://leetcode.com/problems/sort-integers-by-the-power-value,"Dynamic Programming, Memoization, Sorting"
EASY,First Unique Character in a String,62.7,0.006611162286104656,https://leetcode.com/problems/first-unique-character-in-a-string,"Hash Table, String, Queue, Counting"
MEDIUM,Remove All Adjacent Duplicates in String II,62.7,0.0061756783851957585,https://leetcode.com/problems/remove-all-adjacent-duplicates-in-string-ii,"String, Stack"
MEDIUM,Validate Binary Search Tree,62.2,0.0036206050752422953,https://leetcode.com/problems/validate-binary-search-tree,"Tree, Depth-First Search, Binary Search Tree, Binary Tree"
EASY,Reverse Linked List,62.2,0.008094177526107086,https://leetcode.com/problems/reverse-linked-list,"Linked List, Recursion"
MEDIUM,Single Element in a Sorted Array,62.2,0.005939519935272172,https://leetcode.com/problems/single-element-in-a-sorted-array,"Array, Binary Search"
MEDIUM,Find First and Last Position of Element in Sorted Array,61.7,0.004950597251259208,https://leetcode.com/problems/find-first-and-last-position-of-element-in-sorted-array,"Array, Binary Search"
EASY,Contains Duplicate,61.7,0.006462886535886126,https://leetcode.com/problems/contains-duplicate,"Array, Hash Table, Sorting"
MEDIUM,Jump Game,61.1,0.004138471484467109,https://leetcode.com/problems/jump-game,"Array, Dynamic Programming, Greedy"
EASY,Valid Palindrome,61.1,0.005407007873665876,https://leetcode.com/problems/valid-palindrome,"Two Pointers, String"
EASY,Single Number,61.1,0.007815763232670803,https://leetcode.com/problems/single-number,"Array, Bit Manipulation"
MEDIUM,Rotate Array,61.1,0.004532153173920612,https://leetcode.com/problems/rotate-array,"Array, Math, Two Pointers"
MEDIUM,Coin Change,61.1,0.004897298140351696,https://leetcode.com/problems/coin-change,"Array, Dynamic Programming, Breadth-First Search, Knapsack Problem, Complete Knapsack"
MEDIUM,Koko Eating Bananas,61.1,0.005039566152405535,https://leetcode.com/problems/koko-eating-bananas,"Array, Binary Search"
MEDIUM,4Sum,60.6,0.004145626283680743,https://leetcode.com/problems/4sum,"Array, Two Pointers, Sorting"
HARD,Number of Ships in a Rectangle,60.6,0.006872053545445726,https://leetcode.com/problems/number-of-ships-in-a-rectangle,"Array, Divide and Conquer, Interactive"
EASY,Remove Letter To Equalize Frequency,60.6,0.001956797562361609,https://leetcode.com/problems/remove-letter-to-equalize-frequency,"Hash Table, String, Counting"
MEDIUM,Spiral Matrix,60.0,0.005762660488931093,https://leetcode.com/problems/spiral-matrix,"Array, Matrix, Simulation"
MEDIUM,Sort Colors,60.0,0.007016886083937276,https://leetcode.com/problems/sort-colors,"Array, Two Pointers, Sorting, Quicksort, Bubble Sort"
MEDIUM,Binary Tree Vertical Order Traversal,59.5,0.005788598039366801,https://leetcode.com/problems/binary-tree-vertical-order-traversal,"Hash Table, Tree, Depth-First Search, Breadth-First Search, Sorting, Binary Tree"
EASY,Remove Element,58.9,0.0062371890386146754,https://leetcode.com/problems/remove-element,"Array, Two Pointers"
MEDIUM,Evaluate Division,58.9,0.006450697482100497,https://leetcode.com/problems/evaluate-division,"Array, String, Depth-First Search, Breadth-First Search, Union-Find, Graph Theory, Shortest Path, Bellman–Ford Algorithm, Floyd–Warshall Algorithm"
MEDIUM,Longest Repeating Character Replacement,58.9,0.006042950971899408,https://leetcode.com/problems/longest-repeating-character-replacement,"Hash Table, String, Sliding Window"
MEDIUM,Minimum Remove to Make Valid Parentheses,58.9,0.007157020991469403,https://leetcode.com/problems/minimum-remove-to-make-valid-parentheses,"String, Stack"
EASY,Check if Array Is Sorted and Rotated,58.9,0.0057610638842247475,https://leetcode.com/problems/check-if-array-is-sorted-and-rotated,Array
EASY,Plus One,58.3,0.0050450172445322475,https://leetcode.com/problems/plus-one,"Array, Math"
EASY,Combine Two Tables,58.3,0.007987949482188015,https://leetcode.com/problems/combine-two-tables,Database
MEDIUM,Product of Array Except Self,58.3,0.006916444008812964,https://leetcode.com/problems/product-of-array-except-self,"Array, Prefix Sum"
EASY,Next Greater Element I,58.3,0.007668488524149275,https://leetcode.com/problems/next-greater-element-i,"Array, Hash Table, Stack, Monotonic Stack"
MEDIUM,String to Integer (atoi),57.6,0.002156685521070179,https://leetcode.com/problems/string-to-integer-atoi,String
EASY,Sqrt(x),57.6,0.0042230590027473695,https://leetcode.com/problems/sqrtx,"Math, Binary Search, Newton's Method"
MEDIUM,House Robber,57.6,0.005350258069714873,https://leetcode.com/problems/house-robber,"Array, Dynamic Programming"
EASY,Palindrome Linked List,57.6,0.005860757062205088,https://leetcode.com/problems/palindrome-linked-list,"Linked List, Two Pointers, Stack, Recursion"
HARD,Vertical Order Traversal of a Binary Tree,57.0,0.005452632875866481,https://leetcode.com/problems/vertical-order-traversal-of-a-binary-tree,"Hash Table, Tree, Depth-First Search, Breadth-First Search, Sorting, Binary Tree"
HARD,Merge k Sorted Lists,56.3,0.006029342215619084,https://leetcode.com/problems/merge-k-sorted-lists,"Linked List, Divide and Conquer, Heap (Priority Queue), Merge Sort, Tournament Sort"
EASY,Find the Index of the First Occurrence in a String,56.3,0.004716724690136215,https://leetcode.com/problems/find-the-index-of-the-first-occurrence-in-a-string,"Two Pointers, String, String Matching, Z Algorithm, Knuth–Morris–Pratt Algorithm, Boyer–Moore String-Search Algorithm"
MEDIUM,Reorder List,56.3,0.006600025251684029,https://leetcode.com/problems/reorder-list,"Linked List, Two Pointers, Stack, Recursion"
MEDIUM,All Paths From Source to Target,56.3,0.008377092890848684,https://leetcode.com/problems/all-paths-from-source-to-target,"Backtracking, Depth-First Search, Breadth-First Search, Graph Theory, Directed Acyclic Graph"
MEDIUM,Zigzag Conversion,55.6,0.005489167344597718,https://leetcode.com/problems/zigzag-conversion,String
EASY,Search Insert Position,55.6,0.005201637622384934,https://leetcode.com/problems/search-insert-position,"Array, Binary Search"
MEDIUM,"Pow(x, n)",55.6,0.003917052405170452,https://leetcode.com/problems/powx-n,"Math, Recursion"
HARD,N-Queens,55.6,0.007626981864941539,https://leetcode.com/problems/n-queens,"Array, Backtracking, Algorithm X"
MEDIUM,Binary Tree Level Order Traversal,55.6,0.007328972236635523,https://leetcode.com/problems/binary-tree-level-order-traversal,"Tree, Breadth-First Search, Binary Tree"
EASY,Max Consecutive Ones,55.6,0.006591767044446242,https://leetcode.com/problems/max-consecutive-ones,Array
MEDIUM,Daily Temperatures,55.6,0.006905651599929189,https://leetcode.com/problems/daily-temperatures,"Array, Stack, Monotonic Stack"
MEDIUM,Set Matrix Zeroes,54.9,0.006348192408268863,https://leetcode.com/problems/set-matrix-zeroes,"Array, Hash Table, Matrix"
MEDIUM,Palindrome Partitioning,54.9,0.007450447770953899,https://leetcode.com/problems/palindrome-partitioning,"String, Dynamic Programming, Backtracking"
EASY,Isomorphic Strings,54.9,0.004892144341132795,https://leetcode.com/problems/isomorphic-strings,"Hash Table, String"
EASY,Contains Duplicate II,54.9,0.005178448329631649,https://leetcode.com/problems/contains-duplicate-ii,"Array, Hash Table, Sliding Window"
MEDIUM,Combination Sum,54.1,0.007700574892658061,https://leetcode.com/problems/combination-sum,"Array, Backtracking"
MEDIUM,Search a 2D Matrix,54.1,0.0054380115492615785,https://leetcode.com/problems/search-a-2d-matrix,"Array, Binary Search, Matrix"
HARD,Largest Rectangle in Histogram,54.1,0.005066337968256134,https://leetcode.com/problems/largest-rectangle-in-histogram,"Array, Stack, Monotonic Stack, Range Minimum/Maximum Query"
MEDIUM,Valid Triangle Number,54.1,0.005713993043473021,https://leetcode.com/problems/valid-triangle-number,"Array, Two Pointers, Binary Search, Greedy, Sorting"
EASY,Merge Strings Alternately,54.1,0.00821471775103592,https://leetcode.com/problems/merge-strings-alternately,"Two Pointers, String"
HARD,Candy,54.1,0.004904674447434037,https://leetcode.com/problems/candy,"Array, Greedy"
MEDIUM,Rotate List,53.3,0.004311378636946071,https://leetcode.com/problems/rotate-list,"Linked List, Two Pointers"
EASY,Add Binary,53.3,0.005848444286729192,https://leetcode.com/problems/add-binary,"Math, String, Bit Manipulation, Simulation"
MEDIUM,Gas Station,53.3,0.0048557114438384855,https://leetcode.com/problems/gas-station,"Array, Greedy"
EASY,Binary Search,53.3,0.006130271816184074,https://leetcode.com/problems/binary-search,"Array, Binary Search"
MEDIUM,Rotting Oranges,53.3,0.005927596265986693,https://leetcode.com/problems/rotting-oranges,"Array, Breadth-First Search, Matrix"
EASY,Recyclable and Low Fat Products,53.3,0.00886321535602072,https://leetcode.com/problems/recyclable-and-low-fat-products,Database
HARD,Regular Expression Matching,52.5,0.0031576326043810956,https://leetcode.com/problems/regular-expression-matching,"String, Dynamic Programming, Recursion"
MEDIUM,Word Break,52.5,0.004977853735817,https://leetcode.com/problems/word-break,"Array, Hash Table, String, Dynamic Programming, Trie, Memoization, Brute-Force Search"
MEDIUM,Maximum Product Subarray,52.5,0.0036892087593355764,https://leetcode.com/problems/maximum-product-subarray,"Array, Dynamic Programming"
EASY,Intersection of Two Arrays,52.5,0.007820117134525717,https://leetcode.com/problems/intersection-of-two-arrays,"Array, Hash Table, Two Pointers, Binary Search, Sorting"
MEDIUM,Design A Leaderboard,52.5,0.006804074911161337,https://leetcode.com/problems/design-a-leaderboard,"Hash Table, Design, Sorting"
MEDIUM,Integer to Roman,51.7,0.007149571236984769,https://leetcode.com/problems/integer-to-roman,"Hash Table, Math, String"
MEDIUM,Letter Combinations of a Phone Number,51.7,0.0066659629963320135,https://leetcode.com/problems/letter-combinations-of-a-phone-number,"Hash Table, String, Backtracking"
MEDIUM,Valid Sudoku,51.7,0.0064950596238567086,https://leetcode.com/problems/valid-sudoku,"Array, Hash Table, Matrix"
MEDIUM,Permutations,51.7,0.008226112598117502,https://leetcode.com/problems/permutations,"Array, Backtracking"
MEDIUM,Edit Distance,51.7,0.006111934794079041,https://leetcode.com/problems/edit-distance,"String, Dynamic Programming"
MEDIUM,Populating Next Right Pointers in Each Node,51.7,0.006763836645645001,https://leetcode.com/problems/populating-next-right-pointers-in-each-node,"Linked List, Tree, Depth-First Search, Breadth-First Search, Binary Tree"
MEDIUM,Reverse Words in a String,51.7,0.005753003381535941,https://leetcode.com/problems/reverse-words-in-a-string,"Two Pointers, String"
EASY,Reverse String,51.7,0.008119711195258388,https://leetcode.com/problems/reverse-string,"Two Pointers, String"
MEDIUM,Top K Frequent Elements,51.7,0.006713868029700678,https://leetcode.com/problems/top-k-frequent-elements,"Array, Hash Table, Divide and Conquer, Sorting, Heap (Priority Queue), Bucket Sort, Counting, Quickselect"
MEDIUM,Design Browser History,51.7,0.007844285176725911,https://leetcode.com/problems/design-browser-history,"Array, Linked List, Stack, Design, Doubly-Linked List, Data Stream"
EASY,Design an Ordered Stream,51.7,0.008271953023116882,https://leetcode.com/problems/design-an-ordered-stream,"Array, Hash Table, Design, Data Stream"
MEDIUM,Remove Nth Node From End of List,50.8,0.005239109542410149,https://leetcode.com/problems/remove-nth-node-from-end-of-list,"Linked List, Two Pointers"
HARD,Wildcard Matching,50.8,0.003262332007301633,https://leetcode.com/problems/wildcard-matching,"String, Dynamic Programming, Greedy, Recursion"
EASY,Length of Last Word,50.8,0.005951321334331062,https://leetcode.com/problems/length-of-last-word,String
MEDIUM,Longest Increasing Subsequence,50.8,0.005984835802148941,https://leetcode.com/problems/longest-increasing-subsequence,"Array, Binary Search, Dynamic Programming, Longest Increasing Subsequence"
MEDIUM,Two City Scheduling,50.8,0.00688570010462713,https://leetcode.com/problems/two-city-scheduling,"Array, Greedy, Sorting, Hungarian Algorithm, Successive Shortest Path Algorithm"
MEDIUM,Frequency of the Most Frequent Element,50.8,0.004512478718612339,https://leetcode.com/problems/frequency-of-the-most-frequent-element,"Array, Binary Search, Greedy, Sliding Window, Sorting, Prefix Sum"
MEDIUM,Jump Game II,49.8,0.004335927567689602,https://leetcode.com/problems/jump-game-ii,"Array, Dynamic Programming, Greedy"
EASY,Happy Number,49.8,0.006011505787977179,https://leetcode.com/problems/happy-number,"Hash Table, Math, Two Pointers, Floyd's Cycle Finding Algorithm"
MEDIUM,Kth Largest Element in an Array,49.8,0.006924334665568247,https://leetcode.com/problems/kth-largest-element-in-an-array,"Array, Divide and Conquer, Sorting, Heap (Priority Queue), Quickselect"
EASY,Fibonacci Number,49.8,0.007452188783561155,https://leetcode.com/problems/fibonacci-number,"Math, Dynamic Programming, Recursion, Memoization"
MEDIUM,3Sum Closest,48.9,0.00492051418061214,https://leetcode.com/problems/3sum-closest,"Array, Two Pointers, Sorting"
MEDIUM,Unique Paths,48.9,0.006717304058374512,https://leetcode.com/problems/unique-paths,"Math, Dynamic Programming, Combinatorics"
MEDIUM,Subsets II,48.9,0.006182637323883753,https://leetcode.com/problems/subsets-ii,"Array, Backtracking, Bit Manipulation"
HARD,Word Ladder,48.9,0.004632593937071694,https://leetcode.com/problems/word-ladder,"Hash Table, String, Breadth-First Search, Bidirectional Search"
EASY,Linked List Cycle,48.9,0.005490568818512593,https://leetcode.com/problems/linked-list-cycle,"Hash Table, Linked List, Two Pointers, Floyd's Cycle Finding Algorithm"
MEDIUM,Minimum Size Subarray Sum,48.9,0.005261625803891914,https://leetcode.com/problems/minimum-size-subarray-sum,"Array, Binary Search, Sliding Window, Prefix Sum"
HARD,Split Array Largest Sum,48.9,0.006119151789018185,https://leetcode.com/problems/split-array-largest-sum,"Array, Binary Search, Dynamic Programming, Greedy, Prefix Sum"
MEDIUM,Partition Equal Subset Sum,48.9,0.004989010150844167,https://leetcode.com/problems/partition-equal-subset-sum,"Array, Dynamic Programming, Knapsack Problem, 0-1 Knapsack"
MEDIUM,Max Consecutive Ones III,48.9,0.006827695741303477,https://leetcode.com/problems/max-consecutive-ones-iii,"Array, Binary Search, Sliding Window, Prefix Sum"
EASY,Average Time of Process per Machine,48.9,0.006693265118822128,https://leetcode.com/problems/average-time-of-process-per-machine,Database
MEDIUM,Best Time to Buy and Sell Stock II,47.8,0.007150141189599879,https://leetcode.com/problems/best-time-to-buy-and-sell-stock-ii,"Array, Dynamic Programming, Greedy"
MEDIUM,Copy List with Random Pointer,47.8,0.006350907643312102,https://leetcode.com/problems/copy-list-with-random-pointer,"Hash Table, Linked List"
MEDIUM,Odd Even Linked List,47.8,0.006273104438555228,https://leetcode.com/problems/odd-even-linked-list,Linked List
EASY,Reverse Vowels of a String,47.8,0.006208592088100317,https://leetcode.com/problems/reverse-vowels-of-a-string,"Two Pointers, String"
MEDIUM,Peak Index in a Mountain Array,47.8,0.006670425865810242,https://leetcode.com/problems/peak-index-in-a-mountain-array,"Array, Binary Search, Ternary Search"
MEDIUM,Online Stock Span,47.8,0.0069620162794872785,https://leetcode.com/problems/online-stock-span,"Stack, Design, Monotonic Stack, Data Stream"
MEDIUM,Capacity To Ship Packages Within D Days,47.8,0.007450945913797206,https://leetcode.com/problems/capacity-to-ship-packages-within-d-days,"Array, Binary Search"
MEDIUM,Minimum Number of Steps to Make Two Strings Anagram,47.8,0.00825798447823202,https://leetcode.com/problems/minimum-number-of-steps-to-make-two-strings-anagram,"Hash Table, String, Counting"
EASY,Maximum Nesting Depth of the Parentheses,47.8,0.008504412096366694,https://leetcode.com/problems/maximum-nesting-depth-of-the-parentheses,"String, Stack, Bracket Sequences"
HARD,Reverse Nodes in k-Group,46.7,0.006696517662965283,https://leetcode.com/problems/reverse-nodes-in-k-group,"Linked List, Recursion"
HARD,Sudoku Solver,46.7,0.006558663290248123,https://leetcode.com/problems/sudoku-solver,"Array, Hash Table, Backtracking, Matrix, Algorithm X, Dancing Links"
MEDIUM,Triangle,46.7,0.005991254892367907,https://leetcode.com/problems/triangle,"Array, Dynamic Programming"
MEDIUM,Evaluate Reverse Polish Notation,46.7,0.005848799912240155,https://leetcode.com/problems/evaluate-reverse-polish-notation,"Array, Math, Stack"
MEDIUM,Two Sum II - Input Array Is Sorted,46.7,0.0065685921769298395,https://leetcode.com/problems/two-sum-ii-input-array-is-sorted,"Array, Two Pointers, Binary Search"
EASY,Rising Temperature,46.7,0.005193868372857089,https://leetcode.com/problems/rising-temperature,Database
MEDIUM,Course Schedule,46.7,0.00520400527949122,https://leetcode.com/problems/course-schedule,"Depth-First Search, Breadth-First Search, Graph Theory, Topological Sort, Directed Acyclic Graph"
MEDIUM,Lowest Common Ancestor of a Binary Search Tree,46.7,0.007119559769772036,https://leetcode.com/problems/lowest-common-ancestor-of-a-binary-search-tree,"Tree, Depth-First Search, Binary Search Tree, Binary Tree, Binary Lifting, Lowest Common Ancestor"
MEDIUM,Lowest Common Ancestor of a Binary Tree,46.7,0.006995148784291001,https://leetcode.com/problems/lowest-common-ancestor-of-a-binary-tree,"Tree, Depth-First Search, Binary Tree, Binary Lifting, Lowest Common Ancestor"
MEDIUM,String Compression,46.7,0.006060086547142157,https://leetcode.com/problems/string-compression,"Two Pointers, String"
MEDIUM,Next Greater Element II,46.7,0.006900523632524148,https://leetcode.com/problems/next-greater-element-ii,"Array, Stack, Monotonic Stack"
EASY,Rotate String,46.7,0.00666697315802028,https://leetcode.com/problems/rotate-string,"String, String Matching"
EASY,Find Missing and Repeated Values,46.7,0.008297194162856658,https://leetcode.com/problems/find-missing-and-repeated-values,"Array, Hash Table, Math, Matrix"
MEDIUM,Divide Two Integers,45.6,0.0020225073745163214,https://leetcode.com/problems/divide-two-integers,"Math, Bit Manipulation"
MEDIUM,Search in Rotated Sorted Array II,45.6,0.004044609136639741,https://leetcode.com/problems/search-in-rotated-sorted-array-ii,"Array, Binary Search"
MEDIUM,Count Primes,45.6,0.0036371314565059733,https://leetcode.com/problems/count-primes,"Array, Math, Enumeration, Number Theory, Primality Test, Sieve Theory, Prime Number Sieve"
HARD,Sliding Window Maximum,45.6,0.004910876146127737,https://leetcode.com/problems/sliding-window-maximum,"Array, Queue, Sliding Window, Heap (Priority Queue), Monotonic Queue, Range Minimum/Maximum Query"
MEDIUM,Add Two Numbers II,45.6,0.006294712318770681,https://leetcode.com/problems/add-two-numbers-ii,"Linked List, Math, Stack"
MEDIUM,Implement Magic Dictionary,45.6,0.0058102493440398695,https://leetcode.com/problems/implement-magic-dictionary,"Hash Table, String, Depth-First Search, Design, Trie"
MEDIUM,Monthly Transactions I,45.6,0.005969048460913045,https://leetcode.com/problems/monthly-transactions-i,Database
MEDIUM,Minimum Number of Days to Make m Bouquets,45.6,0.005705201891882864,https://leetcode.com/problems/minimum-number-of-days-to-make-m-bouquets,"Array, Binary Search"
MEDIUM,Delete Node in a Linked List,45.6,0.008429241257505903,https://leetcode.com/problems/delete-node-in-a-linked-list,Linked List
EASY,Students and Examinations,45.6,0.006177115096813028,https://leetcode.com/problems/students-and-examinations,Database
HARD,Longest Valid Parentheses,44.3,0.003950360822704821,https://leetcode.com/problems/longest-valid-parentheses,"String, Dynamic Programming, Stack, Bracket Sequences"
MEDIUM,Remove Duplicates from Sorted Array II,44.3,0.006515581636491171,https://leetcode.com/problems/remove-duplicates-from-sorted-array-ii,"Array, Two Pointers"
EASY,Remove Duplicates from Sorted List,44.3,0.005733764185199934,https://leetcode.com/problems/remove-duplicates-from-sorted-list,Linked List
EASY,Same Tree,44.3,0.006778308677656181,https://leetcode.com/problems/same-tree,"Tree, Depth-First Search, Breadth-First Search, Binary Tree"
EASY,Maximum Depth of Binary Tree,44.3,0.007852234574133888,https://leetcode.com/problems/maximum-depth-of-binary-tree,"Tree, Depth-First Search, Breadth-First Search, Binary Tree"
EASY,Balanced Binary Tree,44.3,0.005900724565730067,https://leetcode.com/problems/balanced-binary-tree,"Tree, Depth-First Search, Binary Tree"
MEDIUM,Largest Number,44.3,0.0043584702379364845,https://leetcode.com/problems/largest-number,"Array, String, Greedy, Sorting"
EASY,Employees Earning More Than Their Managers,44.3,0.0073743996200348804,https://leetcode.com/problems/employees-earning-more-than-their-managers,Database
MEDIUM,Binary Tree Right Side View,44.3,0.00709791777307244,https://leetcode.com/problems/binary-tree-right-side-view,"Tree, Depth-First Search, Breadth-First Search, Binary Tree"
EASY,Remove Linked List Elements,44.3,0.005521327923024047,https://leetcode.com/problems/remove-linked-list-elements,"Linked List, Recursion"
EASY,Add Digits,44.3,0.0069232827432917496,https://leetcode.com/problems/add-digits,"Math, Simulation, Number Theory"
EASY,Missing Number,44.3,0.007251660817440302,https://leetcode.com/problems/missing-number,"Array, Hash Table, Math, Binary Search, Bit Manipulation, Sorting"
MEDIUM,Find the Duplicate Number,44.3,0.006476919595986683,https://leetcode.com/problems/find-the-duplicate-number,"Array, Two Pointers, Binary Search, Bit Manipulation, Pigeonhole Principle, Floyd's Cycle Finding Algorithm"
MEDIUM,Remove K Digits,44.3,0.003748993313463301,https://leetcode.com/problems/remove-k-digits,"String, Stack, Greedy, Monotonic Stack"
MEDIUM,Managers with at Least 5 Direct Reports,44.3,0.004939503000424925,https://leetcode.com/problems/managers-with-at-least-5-direct-reports,Database
EASY,Big Countries,44.3,0.006875428943792471,https://leetcode.com/problems/big-countries,Database
EASY,Maximum Average Subarray I,44.3,0.0048902198979668835,https://leetcode.com/problems/maximum-average-subarray-i,"Array, Sliding Window"
MEDIUM,Rearrange Array Elements by Sign,44.3,0.00848044868016737,https://leetcode.com/problems/rearrange-array-elements-by-sign,"Array, Two Pointers, Simulation"
MEDIUM,Second Highest Salary,44.3,0.004798761494349404,https://leetcode.com/problems/second-highest-salary,Database
MEDIUM,Swap Nodes in Pairs,43.0,0.007010482071326597,https://leetcode.com/problems/swap-nodes-in-pairs,"Linked List, Recursion"
HARD,Minimum Window Substring,43.0,0.004825471385722454,https://leetcode.com/problems/minimum-window-substring,"Hash Table, String, Sliding Window"
EASY,Symmetric Tree,43.0,0.006182546542512394,https://leetcode.com/problems/symmetric-tree,"Tree, Depth-First Search, Breadth-First Search, Binary Tree"
MEDIUM,Construct Binary Tree from Preorder and Inorder Traversal,43.0,0.006938043921280428,https://leetcode.com/problems/construct-binary-tree-from-preorder-and-inorder-traversal,"Array, Hash Table, Divide and Conquer, Tree, Binary Tree"
HARD,Binary Tree Maximum Path Sum,43.0,0.004266444603027717,https://leetcode.com/problems/binary-tree-maximum-path-sum,"Dynamic Programming, Tree, Depth-First Search, Binary Tree, DP on Trees"
EASY,Power of Two,43.0,0.0050421425312248865,https://leetcode.com/problems/power-of-two,"Math, Bit Manipulation, Recursion"
MEDIUM,Search a 2D Matrix II,43.0,0.005790394323149824,https://leetcode.com/problems/search-a-2d-matrix-ii,"Array, Binary Search, Divide and Conquer, Matrix"
EASY,Arranging Coins,43.0,0.004850351069502874,https://leetcode.com/problems/arranging-coins,"Math, Binary Search"
EASY,Diameter of Binary Tree,43.0,0.006608587995221979,https://leetcode.com/problems/diameter-of-binary-tree,"Tree, Depth-First Search, Binary Tree, DP on Trees"
MEDIUM,Sort an Array,43.0,0.005579251888122416,https://leetcode.com/problems/sort-an-array,"Array, Divide and Conquer, Sorting, Heap (Priority Queue), Merge Sort, Bucket Sort, Radix Sort, Counting Sort"
EASY,Article Views I,43.0,0.00768123856177014,https://leetcode.com/problems/article-views-i,Database
MEDIUM,Count Unhappy Friends,43.0,0.006266015011345784,https://leetcode.com/problems/count-unhappy-friends,"Array, Simulation"
MEDIUM,Lexicographical Numbers,43.0,0.007635221345329739,https://leetcode.com/problems/lexicographical-numbers,"Depth-First Search, Trie"
EASY,Minimum Absolute Difference,43.0,0.007518455004512406,https://leetcode.com/problems/minimum-absolute-difference,"Array, Sorting"
EASY,Binary Tree Inorder Traversal,41.6,0.00805101066724619,https://leetcode.com/problems/binary-tree-inorder-traversal,"Stack, Tree, Depth-First Search, Binary Tree"
MEDIUM,Binary Tree Zigzag Level Order Traversal,41.6,0.006432877362981131,https://leetcode.com/problems/binary-tree-zigzag-level-order-traversal,"Tree, Breadth-First Search, Binary Tree"
MEDIUM,Sort List,41.6,0.006518660772311355,https://leetcode.com/problems/sort-list,"Linked List, Two Pointers, Divide and Conquer, Sorting, Merge Sort"
MEDIUM,Majority Element II,41.6,0.00566722448003825,https://leetcode.com/problems/majority-element-ii,"Array, Hash Table, Sorting, Counting, Boyer–Moore Majority Vote Algorithm"
MEDIUM,Kth Smallest Element in a BST,41.6,0.007721444394554624,https://leetcode.com/problems/kth-smallest-element-in-a-bst,"Tree, Depth-First Search, Binary Search Tree, Binary Tree"
HARD,Reverse Pairs,41.6,0.003498657634314613,https://leetcode.com/problems/reverse-pairs,"Array, Binary Search, Divide and Conquer, Binary Indexed Tree, Segment Tree, Merge Sort, Ordered Set, Treap"
MEDIUM,Number of Provinces,41.6,0.007093647275197817,https://leetcode.com/problems/number-of-provinces,"Depth-First Search, Breadth-First Search, Union-Find, Graph Theory"
EASY,Middle of the Linked List,41.6,0.008227605986481465,https://leetcode.com/problems/middle-of-the-linked-list,"Linked List, Two Pointers"
EASY,Kth Missing Positive Number,41.6,0.00638277283333298,https://leetcode.com/problems/kth-missing-positive-number,"Array, Binary Search"
EASY,Concatenation of Array,41.6,0.009007582757757258,https://leetcode.com/problems/concatenation-of-array,"Array, Simulation"
EASY,Add Two Integers,41.6,0.008809081467912407,https://leetcode.com/problems/add-two-integers,Math
MEDIUM,Flatten Binary Tree to Linked List,41.6,0.007132421475354511,https://leetcode.com/problems/flatten-binary-tree-to-linked-list,"Linked List, Stack, Tree, Depth-First Search, Binary Tree"
MEDIUM,Diagonal Traverse,41.6,0.006736929503462644,https://leetcode.com/problems/diagonal-traverse,"Array, Matrix, Simulation"
HARD,First Missing Positive,40.1,0.0043542778637600445,https://leetcode.com/problems/first-missing-positive,"Array, Hash Table"
MEDIUM,Unique Paths II,40.1,0.004494292980674303,https://leetcode.com/problems/unique-paths-ii,"Array, Dynamic Programming, Matrix"
HARD,Maximal Rectangle,40.1,0.005959488814954161,https://leetcode.com/problems/maximal-rectangle,"Array, Dynamic Programming, Stack, Matrix, Monotonic Stack"
MEDIUM,Linked List Cycle II,40.1,0.005888416163026914,https://leetcode.com/problems/linked-list-cycle-ii,"Hash Table, Linked List, Two Pointers, Floyd's Cycle Finding Algorithm"
EASY,Customers Who Never Order,40.1,0.007222705575281586,https://leetcode.com/problems/customers-who-never-order,Database
MEDIUM,Sort Characters By Frequency,40.1,0.007571001518582079,https://leetcode.com/problems/sort-characters-by-frequency,"Hash Table, String, Sorting, Heap (Priority Queue), Bucket Sort, Counting"
MEDIUM,Permutation in String,40.1,0.004952156267732464,https://leetcode.com/problems/permutation-in-string,"Hash Table, Two Pointers, String, Sliding Window"
MEDIUM,Binary Subarrays With Sum,40.1,0.006966158428548169,https://leetcode.com/problems/binary-subarrays-with-sum,"Array, Hash Table, Sliding Window, Prefix Sum"
EASY,Squares of a Sorted Array,40.1,0.0074064958883665166,https://leetcode.com/problems/squares-of-a-sorted-array,"Array, Two Pointers, Sorting"
MEDIUM,Shortest Path in Binary Matrix,40.1,0.005205273006537496,https://leetcode.com/problems/shortest-path-in-binary-matrix,"Array, Breadth-First Search, Matrix"
EASY,Average Selling Price,40.1,0.0037748192703863804,https://leetcode.com/problems/average-selling-price,Database
MEDIUM,Find the Winner of the Circular Game,40.1,0.008232440871256711,https://leetcode.com/problems/find-the-winner-of-the-circular-game,"Array, Math, Recursion, Queue, Simulation"
EASY,Queries Quality and Percentage,40.1,0.005441928138131198,https://leetcode.com/problems/queries-quality-and-percentage,Database
MEDIUM,H-Index,40.1,0.004178342145404443,https://leetcode.com/problems/h-index,"Array, Sorting, Counting Sort"
MEDIUM,Reordered Power of 2,40.1,0.006587170819010823,https://leetcode.com/problems/reordered-power-of-2,"Hash Table, Math, Sorting, Counting, Enumeration"
MEDIUM,Populating Next Right Pointers in Each Node II,38.5,0.005803765633044341,https://leetcode.com/problems/populating-next-right-pointers-in-each-node-ii,"Linked List, Tree, Depth-First Search, Breadth-First Search, Binary Tree"
MEDIUM,Course Schedule II,38.5,0.0056087363217406025,https://leetcode.com/problems/course-schedule-ii,"Depth-First Search, Breadth-First Search, Graph Theory, Topological Sort"
MEDIUM,House Robber II,38.5,0.004540378536496214,https://leetcode.com/problems/house-robber-ii,"Array, Dynamic Programming"
HARD,Find Median from Data Stream,38.5,0.005487649620471269,https://leetcode.com/problems/find-median-from-data-stream,"Two Pointers, Design, Sorting, Heap (Priority Queue), Data Stream"
MEDIUM,Design Hit Counter,38.5,0.006974266759846454,https://leetcode.com/problems/design-hit-counter,"Array, Binary Search, Design, Queue, Data Stream"
MEDIUM,Non-overlapping Intervals,38.5,0.005756944612118966,https://leetcode.com/problems/non-overlapping-intervals,"Array, Dynamic Programming, Greedy, Sorting"
EASY,Reverse String II,38.5,0.005434584037352547,https://leetcode.com/problems/reverse-string-ii,"Two Pointers, String"
EASY,Employee Bonus,38.5,0.007791235347159603,https://leetcode.com/problems/employee-bonus,Database
MEDIUM,Sum of Subarray Minimums,38.5,0.0038949683958455156,https://leetcode.com/problems/sum-of-subarray-minimums,"Array, Dynamic Programming, Stack, Monotonic Stack"
MEDIUM,Subarray Sums Divisible by K,38.5,0.005664239018174788,https://leetcode.com/problems/subarray-sums-divisible-by-k,"Array, Hash Table, Prefix Sum"
MEDIUM,Longest Common Subsequence,38.5,0.0059476393769672875,https://leetcode.com/problems/longest-common-subsequence,"String, Dynamic Programming, Longest Common Subsequence"
EASY,Unique Number of Occurrences,38.5,0.007885825052585213,https://leetcode.com/problems/unique-number-of-occurrences,"Array, Hash Table"
MEDIUM,Number of Substrings Containing All Three Characters,38.5,0.007440008341183503,https://leetcode.com/problems/number-of-substrings-containing-all-three-characters,"Hash Table, String, Sliding Window"
HARD,Shortest Palindrome,38.5,0.00429503981066767,https://leetcode.com/problems/shortest-palindrome,"String, Rolling Hash, String Matching, Hash Function, Manacher, Z Algorithm, Knuth–Morris–Pratt Algorithm"
MEDIUM,Fruit Into Baskets,38.5,0.00521531955679902,https://leetcode.com/problems/fruit-into-baskets,"Array, Hash Table, Sliding Window"
MEDIUM,Combination Sum II,36.7,0.005997281127283412,https://leetcode.com/problems/combination-sum-ii,"Array, Backtracking"
MEDIUM,Surrounded Regions,36.7,0.004606685944098333,https://leetcode.com/problems/surrounded-regions,"Array, Depth-First Search, Breadth-First Search, Union-Find, Matrix"
HARD,Basic Calculator,36.7,0.0047111292030051315,https://leetcode.com/problems/basic-calculator,"Math, String, Stack, Recursion"
EASY,Find the Difference,36.7,0.006061530744471847,https://leetcode.com/problems/find-the-difference,"Hash Table, String, Bit Manipulation, Sorting"
EASY,Is Subsequence,36.7,0.004934143994612537,https://leetcode.com/problems/is-subsequence,"Two Pointers, String, Dynamic Programming"
MEDIUM,Target Sum,36.7,0.005273058602459941,https://leetcode.com/problems/target-sum,"Array, Dynamic Programming, Backtracking, Knapsack Problem, 0-1 Knapsack"
HARD,Find in Mountain Array,36.7,0.004194290060597403,https://leetcode.com/problems/find-in-mountain-array,"Array, Binary Search, Interactive, Ternary Search"
EASY,Replace Employee ID With The Unique Identifier,36.7,0.00837555232207339,https://leetcode.com/problems/replace-employee-id-with-the-unique-identifier,Database
MEDIUM,Dot Product of Two Sparse Vectors,36.7,0.008989200350449289,https://leetcode.com/problems/dot-product-of-two-sparse-vectors,"Array, Hash Table, Two Pointers, Design, Linear Algebra"
MEDIUM,Count Good Numbers,36.7,0.00579913032275892,https://leetcode.com/problems/count-good-numbers,"Math, Recursion"
EASY,Range Sum Query - Immutable,36.7,0.007316360284465809,https://leetcode.com/problems/range-sum-query-immutable,"Array, Design, Prefix Sum"
EASY,Remove Outermost Parentheses,36.7,0.008738965891975368,https://leetcode.com/problems/remove-outermost-parentheses,"String, Stack, Bracket Sequences"
MEDIUM,Maximum Swap,36.7,0.005209211398210772,https://leetcode.com/problems/maximum-swap,"Math, Greedy"
MEDIUM,Simplify Path,36.7,0.005122078707996506,https://leetcode.com/problems/simplify-path,"String, Stack"
MEDIUM,Find All Anagrams in a String,36.7,0.005432425639732408,https://leetcode.com/problems/find-all-anagrams-in-a-string,"Hash Table, String, Sliding Window"
EASY,Ransom Note,36.7,0.006631382718437306,https://leetcode.com/problems/ransom-note,"Hash Table, String, Counting"
HARD,Number of Digit One,36.7,0.003957921494651016,https://leetcode.com/problems/number-of-digit-one,"Math, Dynamic Programming, Recursion"
MEDIUM,Product Price at a Given Date,36.7,0.005835926083613662,https://leetcode.com/problems/product-price-at-a-given-date,Database
MEDIUM,Count and Say,34.7,0.006361955352051688,https://leetcode.com/problems/count-and-say,String
MEDIUM,Minimum Path Sum,34.7,0.006874258382826843,https://leetcode.com/problems/minimum-path-sum,"Array, Dynamic Programming, Matrix"
MEDIUM,Remove Duplicates from Sorted List II,34.7,0.00523539355587158,https://leetcode.com/problems/remove-duplicates-from-sorted-list-ii,"Linked List, Two Pointers"
MEDIUM,Partition List,34.7,0.00618411094335633,https://leetcode.com/problems/partition-list,"Linked List, Two Pointers"
MEDIUM,Reverse Linked List II,34.7,0.005217604631213987,https://leetcode.com/problems/reverse-linked-list-ii,Linked List
MEDIUM,Consecutive Numbers,34.7,0.004908309911685185,https://leetcode.com/problems/consecutive-numbers,Database
MEDIUM,Repeated DNA Sequences,34.7,0.005382332197867156,https://leetcode.com/problems/repeated-dna-sequences,"Hash Table, String, Bit Manipulation, Sliding Window, Rolling Hash, Hash Function, Z Algorithm, Boyer–Moore String-Search Algorithm"
MEDIUM,Basic Calculator II,34.7,0.004708538891182927,https://leetcode.com/problems/basic-calculator-ii,"Math, String, Stack"
MEDIUM,Perfect Squares,34.7,0.005680445889456573,https://leetcode.com/problems/perfect-squares,"Math, Dynamic Programming, Breadth-First Search, Knapsack Problem, Complete Knapsack"
MEDIUM,Sparse Matrix Multiplication,34.7,0.006934027670785443,https://leetcode.com/problems/sparse-matrix-multiplication,"Array, Hash Table, Matrix, Linear Algebra"
MEDIUM,Increasing Triplet Subsequence,34.7,0.0039584786182226,https://leetcode.com/problems/increasing-triplet-subsequence,"Array, Greedy, Longest Increasing Subsequence"
EASY,Fizz Buzz,34.7,0.0075808325234803286,https://leetcode.com/problems/fizz-buzz,"Math, String, Simulation"
MEDIUM,Exchange Seats,34.7,0.007465710170869887,https://leetcode.com/problems/exchange-seats,Database
MEDIUM,Top K Frequent Words,34.7,0.006050097518351516,https://leetcode.com/problems/top-k-frequent-words,"Array, Hash Table, String, Trie, Sorting, Heap (Priority Queue), Bucket Sort, Counting"
EASY,Lemonade Change,34.7,0.005939483672234548,https://leetcode.com/problems/lemonade-change,"Array, Greedy"
EASY,Number of Recent Calls,34.7,0.007889239398096177,https://leetcode.com/problems/number-of-recent-calls,"Design, Queue, Data Stream"
MEDIUM,Immediate Food Delivery II,34.7,0.0056736307505515495,https://leetcode.com/problems/immediate-food-delivery-ii,Database
MEDIUM,Confirmation Rate,34.7,0.006254249073293979,https://leetcode.com/problems/confirmation-rate,Database
MEDIUM,Contiguous Array,34.7,0.0052082391864270395,https://leetcode.com/problems/contiguous-array,"Array, Hash Table, Prefix Sum"
MEDIUM,Subarray Product Less Than K,34.7,0.005485842147282577,https://leetcode.com/problems/subarray-product-less-than-k,"Array, Binary Search, Sliding Window, Prefix Sum"
MEDIUM,Maximum Sum of Distinct Subarrays With Length K,34.7,0.004343545792343503,https://leetcode.com/problems/maximum-sum-of-distinct-subarrays-with-length-k,"Array, Hash Table, Sliding Window"
MEDIUM,Accounts Merge,34.7,0.006188984494707919,https://leetcode.com/problems/accounts-merge,"Array, Hash Table, String, Depth-First Search, Breadth-First Search, Union-Find, Sorting"
MEDIUM,Interleaving String,34.7,0.004457122517248138,https://leetcode.com/problems/interleaving-string,"String, Dynamic Programming"
MEDIUM,Multiply Strings,32.5,0.004462400048441465,https://leetcode.com/problems/multiply-strings,"Math, String, Simulation"
MEDIUM,Permutations II,32.5,0.006400876243594964,https://leetcode.com/problems/permutations-ii,"Array, Backtracking, Sorting"
MEDIUM,Insert Interval,32.5,0.004581177650559672,https://leetcode.com/problems/insert-interval,Array
MEDIUM,Find Minimum in Rotated Sorted Array,32.5,0.005517033071282674,https://leetcode.com/problems/find-minimum-in-rotated-sorted-array,"Array, Binary Search"
EASY,Excel Sheet Column Title,32.5,0.004729597298234505,https://leetcode.com/problems/excel-sheet-column-title,"Math, String"
MEDIUM,Implement Trie (Prefix Tree),32.5,0.006991481346727055,https://leetcode.com/problems/implement-trie-prefix-tree,"Hash Table, String, Design, Trie"
EASY,Invert Binary Tree,32.5,0.008036546644327127,https://leetcode.com/problems/invert-binary-tree,"Tree, Depth-First Search, Breadth-First Search, Binary Tree"
EASY,First Bad Version,32.5,0.0047513393851216865,https://leetcode.com/problems/first-bad-version,"Binary Search, Interactive"
MEDIUM,Remove Duplicate Letters,32.5,0.0054279431398727715,https://leetcode.com/problems/remove-duplicate-letters,"String, Stack, Greedy, Monotonic Stack"
MEDIUM,Sum of Two Integers,32.5,0.005587644249975645,https://leetcode.com/problems/sum-of-two-integers,"Math, Bit Manipulation"
MEDIUM,Continuous Subarray Sum,32.5,0.0031594517050065407,https://leetcode.com/problems/continuous-subarray-sum,"Array, Hash Table, Math, Prefix Sum, Pigeonhole Principle"
MEDIUM,Sum of Square Numbers,32.5,0.0036997407127178066,https://leetcode.com/problems/sum-of-square-numbers,"Math, Two Pointers, Binary Search"
HARD,Design Search Autocomplete System,32.5,0.005005719822101859,https://leetcode.com/problems/design-search-autocomplete-system,"String, Depth-First Search, Design, Trie, Sorting, Heap (Priority Queue), Data Stream"
EASY,Flood Fill,32.5,0.006878710612362824,https://leetcode.com/problems/flood-fill,"Array, Depth-First Search, Breadth-First Search, Matrix"
MEDIUM,Asteroid Collision,32.5,0.00487625444857091,https://leetcode.com/problems/asteroid-collision,"Array, Stack, Simulation"
MEDIUM,Find Eventual Safe States,32.5,0.007142215780827847,https://leetcode.com/problems/find-eventual-safe-states,"Depth-First Search, Breadth-First Search, Graph Theory, Topological Sort, Kosaraju's Algorithm, Tarjan's SCC Algorithm"
MEDIUM,Minimum Add to Make Parentheses Valid,32.5,0.0074275512568759226,https://leetcode.com/problems/minimum-add-to-make-parentheses-valid,"String, Stack, Greedy, Bracket Sequences"
EASY,Shuffle the Array,32.5,0.008869489548837374,https://leetcode.com/problems/shuffle-the-array,Array
EASY,Build Array from Permutation,32.5,0.009109468749470781,https://leetcode.com/problems/build-array-from-permutation,"Array, Simulation"
HARD,Partition Array Into Two Arrays to Minimize Sum Difference,32.5,0.0024377965057115415,https://leetcode.com/problems/partition-array-into-two-arrays-to-minimize-sum-difference,"Array, Two Pointers, Binary Search, Dynamic Programming, Bit Manipulation, Meet in the Middle, Sorting, Ordered Set, Bitmask"
EASY,Find Customer Referee,32.5,0.007335276719613482,https://leetcode.com/problems/find-customer-referee,Database
HARD,Maximum Profit in Job Scheduling,32.5,0.005481237092630836,https://leetcode.com/problems/maximum-profit-in-job-scheduling,"Array, Binary Search, Dynamic Programming, Sorting"
EASY,Assign Cookies,32.5,0.005541653213635537,https://leetcode.com/problems/assign-cookies,"Array, Two Pointers, Greedy, Sorting, Quicksort"
MEDIUM,Different Ways to Add Parentheses,32.5,0.0073530464194778,https://leetcode.com/problems/different-ways-to-add-parentheses,"Math, String, Dynamic Programming, Recursion, Memoization, Bracket Sequences"
EASY,Set Mismatch,32.5,0.00433710541607903,https://leetcode.com/problems/set-mismatch,"Array, Hash Table, Bit Manipulation, Sorting"
EASY,Find if Path Exists in Graph,32.5,0.005570818244822403,https://leetcode.com/problems/find-if-path-exists-in-graph,"Depth-First Search, Breadth-First Search, Union-Find, Graph Theory"
MEDIUM,Letter Tile Possibilities,32.5,0.008352924325614706,https://leetcode.com/problems/letter-tile-possibilities,"Hash Table, String, Backtracking, Counting"
EASY,How Many Numbers Are Smaller Than the Current Number,32.5,0.008748079696016105,https://leetcode.com/problems/how-many-numbers-are-smaller-than-the-current-number,"Array, Hash Table, Sorting, Counting Sort"
MEDIUM,Nth Highest Salary,32.5,0.003990533056212982,https://leetcode.com/problems/nth-highest-salary,Database
MEDIUM,Partition Array According to Given Pivot,32.5,0.009075456933434001,https://leetcode.com/problems/partition-array-according-to-given-pivot,"Array, Two Pointers, Simulation"
HARD,Substring with Concatenation of All Words,32.5,0.0035003126167705424,https://leetcode.com/problems/substring-with-concatenation-of-all-words,"Hash Table, String, Sliding Window"
MEDIUM,Rank Scores,32.5,0.006853941141962352,https://leetcode.com/problems/rank-scores,Database
MEDIUM,Combinations,30.0,0.007502096614788924,https://leetcode.com/problems/combinations,Backtracking
EASY,Minimum Depth of Binary Tree,30.0,0.005358033255150876,https://leetcode.com/problems/minimum-depth-of-binary-tree,"Tree, Depth-First Search, Breadth-First Search, Binary Tree"
EASY,Path Sum,30.0,0.00555156801780155,https://leetcode.com/problems/path-sum,"Tree, Depth-First Search, Breadth-First Search, Binary Tree"
HARD,Word Ladder II,30.0,0.0027962547422966592,https://leetcode.com/problems/word-ladder-ii,"Hash Table, String, Backtracking, Breadth-First Search, Bidirectional Search"
EASY,Intersection of Two Linked Lists,30.0,0.006446674049095023,https://leetcode.com/problems/intersection-of-two-linked-lists,"Hash Table, Linked List, Two Pointers"
EASY,Implement Queue using Stacks,30.0,0.007023241649612654,https://leetcode.com/problems/implement-queue-using-stacks,"Stack, Design, Queue"
HARD,Count of Smaller Numbers After Self,30.0,0.004392837011663704,https://leetcode.com/problems/count-of-smaller-numbers-after-self,"Array, Binary Search, Divide and Conquer, Binary Indexed Tree, Segment Tree, Merge Sort, Ordered Set, Treap"
MEDIUM,Find All Duplicates in an Array,30.0,0.007710542262611365,https://leetcode.com/problems/find-all-duplicates-in-an-array,"Array, Hash Table, Sorting"
MEDIUM,132 Pattern,30.0,0.003503250368209808,https://leetcode.com/problems/132-pattern,"Array, Binary Search, Stack, Monotonic Stack, Ordered Set"
EASY,Can Place Flowers,30.0,0.0029279906263250167,https://leetcode.com/problems/can-place-flowers,"Array, Greedy"
MEDIUM,Palindromic Substrings,30.0,0.0073125104610181815,https://leetcode.com/problems/palindromic-substrings,"Two Pointers, String, Dynamic Programming"
MEDIUM,Maximum Width of Binary Tree,30.0,0.004597497737621558,https://leetcode.com/problems/maximum-width-of-binary-tree,"Tree, Depth-First Search, Breadth-First Search, Binary Tree"
MEDIUM,Valid Parenthesis String,30.0,0.004040389290990744,https://leetcode.com/problems/valid-parenthesis-string,"String, Dynamic Programming, Stack, Greedy, Bracket Sequences"
MEDIUM,Max Area of Island,30.0,0.007418543451094145,https://leetcode.com/problems/max-area-of-island,"Array, Depth-First Search, Breadth-First Search, Union-Find, Matrix"
MEDIUM,Boats to Save People,30.0,0.0062297668415406005,https://leetcode.com/problems/boats-to-save-people,"Array, Two Pointers, Greedy, Sorting, Timsort"
EASY,Sort Array By Parity,30.0,0.007662638031350734,https://leetcode.com/problems/sort-array-by-parity,"Array, Two Pointers, Sorting"
EASY,Running Sum of 1d Array,30.0,0.008707059842254306,https://leetcode.com/problems/running-sum-of-1d-array,"Array, Prefix Sum"
EASY,Number of Good Pairs,30.0,0.00899112402705997,https://leetcode.com/problems/number-of-good-pairs,"Array, Hash Table, Math, Counting"
EASY,Word Pattern,30.0,0.004451260464186055,https://leetcode.com/problems/word-pattern,"Hash Table, String"
EASY,Find All Numbers Disappeared in an Array,30.0,0.006453656206246172,https://leetcode.com/problems/find-all-numbers-disappeared-in-an-array,"Array, Hash Table"
MEDIUM,Product Sales Analysis III,30.0,0.00464105453181986,https://leetcode.com/problems/product-sales-analysis-iii,Database
MEDIUM,Single Number II,30.0,0.00676718303127067,https://leetcode.com/problems/single-number-ii,"Array, Bit Manipulation"
MEDIUM,Factorial Trailing Zeroes,30.0,0.0047224198477680375,https://leetcode.com/problems/factorial-trailing-zeroes,Math
EASY,Delete Duplicate Emails,30.0,0.006657888684743244,https://leetcode.com/problems/delete-duplicate-emails,Database
HARD,Permutation Sequence,30.0,0.00539999139435206,https://leetcode.com/problems/permutation-sequence,"Math, Recursion"
EASY,Rank Transform of an Array,30.0,0.007397524274255432,https://leetcode.com/problems/rank-transform-of-an-array,"Array, Hash Table, Sorting"
HARD,Insert Delete GetRandom O(1) - Duplicates allowed,30.0,0.0036894922373059327,https://leetcode.com/problems/insert-delete-getrandom-o1-duplicates-allowed,"Array, Hash Table, Math, Design, Randomized"
MEDIUM,Friend Requests II: Who Has the Most Friends,30.0,0.0063403798633084206,https://leetcode.com/problems/friend-requests-ii-who-has-the-most-friends,Database
EASY,Finding 3-Digit Even Numbers,30.0,0.007862115501719853,https://leetcode.com/problems/finding-3-digit-even-numbers,"Array, Hash Table, Recursion, Sorting, Enumeration"
HARD,Subarrays with K Different Integers,30.0,0.006886137353184142,https://leetcode.com/problems/subarrays-with-k-different-integers,"Array, Hash Table, Sliding Window, Counting"
EASY,Power of Three,30.0,0.005147281790074521,https://leetcode.com/problems/power-of-three,"Math, Recursion"
HARD,Serialize and Deserialize N-ary Tree,30.0,0.0068937815924279945,https://leetcode.com/problems/serialize-and-deserialize-n-ary-tree,"String, Tree, Depth-First Search, Breadth-First Search"
EASY,Remove All Adjacent Duplicates In String,30.0,0.007386765406244184,https://leetcode.com/problems/remove-all-adjacent-duplicates-in-string,"String, Stack"
MEDIUM,Heaters,30.0,0.004245197870590536,https://leetcode.com/problems/heaters,"Array, Two Pointers, Binary Search, Sorting"
HARD,N-Queens II,27.2,0.007919351491313027,https://leetcode.com/problems/n-queens-ii,"Backtracking, Algorithm X"
HARD,Text Justification,27.2,0.005189719483217909,https://leetcode.com/problems/text-justification,"Array, String, Simulation"
MEDIUM,Recover Binary Search Tree,27.2,0.0060669682919533355,https://leetcode.com/problems/recover-binary-search-tree,"Tree, Depth-First Search, Binary Search Tree, Binary Tree"
MEDIUM,Clone Graph,27.2,0.006597967882206052,https://leetcode.com/problems/clone-graph,"Hash Table, Depth-First Search, Breadth-First Search, Graph Theory"
EASY,Summary Ranges,27.2,0.005461893726240772,https://leetcode.com/problems/summary-ranges,Array
MEDIUM,Single Number III,27.2,0.007014480484564074,https://leetcode.com/problems/single-number-iii,"Array, Bit Manipulation"
EASY,Ugly Number,27.2,0.004405758987648729,https://leetcode.com/problems/ugly-number,Math
MEDIUM,Delete Node in a BST,27.2,0.005525673808719484,https://leetcode.com/problems/delete-node-in-a-bst,"Tree, Binary Search Tree, Binary Tree"
EASY,Island Perimeter,27.2,0.007432093036894952,https://leetcode.com/problems/island-perimeter,"Array, Depth-First Search, Breadth-First Search, Matrix"
MEDIUM,Redundant Connection,27.2,0.006808075250793098,https://leetcode.com/problems/redundant-connection,"Depth-First Search, Breadth-First Search, Union-Find, Graph Theory"
MEDIUM,Candy Crush,27.2,0.007762864266154412,https://leetcode.com/problems/candy-crush,"Array, Two Pointers, Matrix, Simulation"
EASY,Find Pivot Index,27.2,0.0063598200688138075,https://leetcode.com/problems/find-pivot-index,"Array, Prefix Sum"
EASY,Min Cost Climbing Stairs,27.2,0.006863456965646762,https://leetcode.com/problems/min-cost-climbing-stairs,"Array, Dynamic Programming"
MEDIUM,Reorganize String,27.2,0.005744895094150496,https://leetcode.com/problems/reorganize-string,"Hash Table, String, Greedy, Sorting, Heap (Priority Queue), Counting"
EASY,Complement of Base 10 Integer,27.2,0.006341195170842446,https://leetcode.com/problems/complement-of-base-10-integer,Bit Manipulation
EASY,Greatest Common Divisor of Strings,27.2,0.005427549699196886,https://leetcode.com/problems/greatest-common-divisor-of-strings,"Math, String, Euclidean Algorithm, Greatest Common Divisor"
EASY,Defanging an IP Address,27.2,0.009013097201502706,https://leetcode.com/problems/defanging-an-ip-address,String
HARD,Critical Connections in a Network,27.2,0.006037170676740863,https://leetcode.com/problems/critical-connections-in-a-network,"Depth-First Search, Graph Theory, Biconnected Component, Bridge (Graph)"
MEDIUM,Last Person to Fit in the Bus,27.2,0.006973436304960175,https://leetcode.com/problems/last-person-to-fit-in-the-bus,Database
MEDIUM,Number of Subsequences That Satisfy the Given Sum Condition,27.2,0.004901923504706569,https://leetcode.com/problems/number-of-subsequences-that-satisfy-the-given-sum-condition,"Array, Two Pointers, Binary Search, Sorting"
EASY,Customer Who Visited but Did Not Make Any Transactions,27.2,0.006830159850321378,https://leetcode.com/problems/customer-who-visited-but-did-not-make-any-transactions,Database
EASY,Number of Students Unable to Eat Lunch,27.2,0.007993620548969606,https://leetcode.com/problems/number-of-students-unable-to-eat-lunch,"Array, Stack, Queue, Simulation"
EASY,Largest Odd Number in String,27.2,0.0067979430077687265,https://leetcode.com/problems/largest-odd-number-in-string,"Math, String, Greedy"
EASY,Counter,27.2,0.008244046889041014,https://leetcode.com/problems/counter,
MEDIUM,Remove All Occurrences of a Substring,27.2,0.007865664025982249,https://leetcode.com/problems/remove-all-occurrences-of-a-substring,"String, Stack, Simulation"
EASY,Score of a String,27.2,0.009120982267434486,https://leetcode.com/problems/score-of-a-string,String
MEDIUM,Maximum Width Ramp,27.2,0.0055931043668338955,https://leetcode.com/problems/maximum-width-ramp,"Array, Two Pointers, Stack, Monotonic Stack"
EASY,  Count Symmetric Integers,27.2,0.008317319796954315,https://leetcode.com/problems/count-symmetric-integers,"Math, Enumeration"
MEDIUM,Rabbits in Forest,27.2,0.005803388283063691,https://leetcode.com/problems/rabbits-in-forest,"Array, Hash Table, Math, Greedy"
EASY,Check If N and Its Double Exist,27.2,0.004197302451120796,https://leetcode.com/problems/check-if-n-and-its-double-exist,"Array, Hash Table, Two Pointers, Binary Search, Sorting"
MEDIUM,Restaurant Growth,27.2,0.005957975801716987,https://leetcode.com/problems/restaurant-growth,Database
MEDIUM,House Robber IV,27.2,0.006457240782195585,https://leetcode.com/problems/house-robber-iv,"Array, Binary Search, Dynamic Programming, Greedy"
EASY,Check if All Characters Have Equal Number of Occurrences,27.2,0.007963356049603396,https://leetcode.com/problems/check-if-all-characters-have-equal-number-of-occurrences,"Hash Table, String, Counting"
MEDIUM,Best Sightseeing Pair,27.2,0.006270113559407408,https://leetcode.com/problems/best-sightseeing-pair,"Array, Dynamic Programming"
EASY,Two Sum IV - Input is a BST,27.2,0.00636142808855706,https://leetcode.com/problems/two-sum-iv-input-is-a-bst,"Hash Table, Two Pointers, Tree, Depth-First Search, Breadth-First Search, Binary Search Tree, Binary Tree"
EASY,Jewels and Stones,27.2,0.008963470768176775,https://leetcode.com/problems/jewels-and-stones,"Hash Table, String"
EASY,Primary Department for Each Employee,27.2,0.0075142212275970234,https://leetcode.com/problems/primary-department-for-each-employee,Database
MEDIUM,All Nodes Distance K in Binary Tree,27.2,0.006800069217866025,https://leetcode.com/problems/all-nodes-distance-k-in-binary-tree,"Hash Table, Tree, Depth-First Search, Breadth-First Search, Binary Tree"
HARD,Kth Smallest Product of Two Sorted Arrays,27.2,0.004871780227311669,https://leetcode.com/problems/kth-smallest-product-of-two-sorted-arrays,"Array, Binary Search"
EASY,Find Numbers with Even Number of Digits,27.2,0.007994879535283682,https://leetcode.com/problems/find-numbers-with-even-number-of-digits,"Array, Math"
HARD,Valid Number,27.2,0.002343971559219736,https://leetcode.com/problems/valid-number,String
EASY,User Activity for the Past 30 Days I,27.2,0.00513904848684266,https://leetcode.com/problems/user-activity-for-the-past-30-days-i,Database
EASY,Valid Word,27.2,0.005084752246113829,https://leetcode.com/problems/valid-word,String
EASY,Perfect Number,27.2,0.004987655886258061,https://leetcode.com/problems/perfect-number,Math
EASY,Sum of Root To Leaf Binary Numbers,27.2,0.0076677233884992054,https://leetcode.com/problems/sum-of-root-to-leaf-binary-numbers,"Tree, Depth-First Search, Binary Tree"
HARD,Bus Routes,27.2,0.004749552451721753,https://leetcode.com/problems/bus-routes,"Array, Hash Table, Breadth-First Search"
HARD,Distinct Subsequences,23.9,0.005239477422340398,https://leetcode.com/problems/distinct-subsequences,"String, Dynamic Programming"
HARD,Best Time to Buy and Sell Stock III,23.9,0.005451166877454569,https://leetcode.com/problems/best-time-to-buy-and-sell-stock-iii,"Array, Dynamic Programming"
MEDIUM,Binary Search Tree Iterator,23.9,0.007688360437058528,https://leetcode.com/problems/binary-search-tree-iterator,"Stack, Tree, Design, Binary Search Tree, Binary Tree, Iterator"
MEDIUM,Design Add and Search Words Data Structure,23.9,0.004888492843840062,https://leetcode.com/problems/design-add-and-search-words-data-structure,"String, Depth-First Search, Design, Trie"
HARD,Serialize and Deserialize Binary Tree,23.9,0.0061029262918583915,https://leetcode.com/problems/serialize-and-deserialize-binary-tree,"String, Tree, Depth-First Search, Breadth-First Search, Design, Binary Tree"
EASY,Intersection of Two Arrays II,23.9,0.006021524085105927,https://leetcode.com/problems/intersection-of-two-arrays-ii,"Array, Hash Table, Two Pointers, Binary Search, Sorting"
EASY,Valid Perfect Square,23.9,0.004513218572142155,https://leetcode.com/problems/valid-perfect-square,"Math, Binary Search"
MEDIUM,Largest Divisible Subset,23.9,0.005000330572267821,https://leetcode.com/problems/largest-divisible-subset,"Array, Math, Dynamic Programming, Sorting"
EASY,Guess Number Higher or Lower,23.9,0.005813572977596531,https://leetcode.com/problems/guess-number-higher-or-lower,"Binary Search, Interactive"
MEDIUM,Elimination Game,23.9,0.004661162263414951,https://leetcode.com/problems/elimination-game,"Math, Recursion"
MEDIUM,Find Largest Value in Each Tree Row,23.9,0.006637008602326522,https://leetcode.com/problems/find-largest-value-in-each-tree-row,"Tree, Depth-First Search, Breadth-First Search, Binary Tree"
MEDIUM,Task Scheduler,23.9,0.006363496868934547,https://leetcode.com/problems/task-scheduler,"Array, Hash Table, Greedy, Sorting, Heap (Priority Queue), Counting"
EASY,Maximum Product of Three Numbers,23.9,0.004822198245184506,https://leetcode.com/problems/maximum-product-of-three-numbers,"Array, Math, Sorting"
MEDIUM,Find K Closest Elements,23.9,0.005001233443505365,https://leetcode.com/problems/find-k-closest-elements,"Array, Two Pointers, Binary Search, Sliding Window, Sorting, Heap (Priority Queue)"
EASY,Valid Palindrome II,23.9,0.004461337118813063,https://leetcode.com/problems/valid-palindrome-ii,"Two Pointers, String, Greedy"
MEDIUM,Cheapest Flights Within K Stops,23.9,0.004241510283246568,https://leetcode.com/problems/cheapest-flights-within-k-stops,"Dynamic Programming, Depth-First Search, Breadth-First Search, Graph Theory, Heap (Priority Queue), Shortest Path"
MEDIUM,Car Fleet,23.9,0.005556796255743236,https://leetcode.com/problems/car-fleet,"Array, Stack, Sorting, Monotonic Stack"
EASY,Transpose Matrix,23.9,0.007706167976674177,https://leetcode.com/problems/transpose-matrix,"Array, Matrix, Simulation"
MEDIUM,Snakes and Ladders,23.9,0.00482343649723324,https://leetcode.com/problems/snakes-and-ladders,"Array, Breadth-First Search, Matrix"
MEDIUM,Find the Smallest Divisor Given a Threshold,23.9,0.006660669662557544,https://leetcode.com/problems/find-the-smallest-divisor-given-a-threshold,"Array, Binary Search"
EASY,Count Negative Numbers in a Sorted Matrix,23.9,0.007972178344536555,https://leetcode.com/problems/count-negative-numbers-in-a-sorted-matrix,"Array, Binary Search, Matrix"
MEDIUM,Max Number of K-Sum Pairs,23.9,0.00573136338308619,https://leetcode.com/problems/max-number-of-k-sum-pairs,"Array, Hash Table, Two Pointers, Sorting"
EASY,Find the Highest Altitude,23.9,0.008464354712640287,https://leetcode.com/problems/find-the-highest-altitude,"Array, Prefix Sum"
EASY,Check if the Sentence Is Pangram,23.9,0.008430227425029925,https://leetcode.com/problems/check-if-the-sentence-is-pangram,"Hash Table, String"
EASY,Find the Maximum Achievable Number,23.9,0.009163835820128209,https://leetcode.com/problems/find-the-maximum-achievable-number,Math
EASY,Repeated Substring Pattern,23.9,0.004865458173452865,https://leetcode.com/problems/repeated-substring-pattern,"String, String Matching, Z Algorithm, Knuth–Morris–Pratt Algorithm"
EASY,Not Boring Movies,23.9,0.007517531062183764,https://leetcode.com/problems/not-boring-movies,Database
EASY,The Number of Employees Which Report to Each Employee,23.9,0.005373150225078406,https://leetcode.com/problems/the-number-of-employees-which-report-to-each-employee,Database
MEDIUM,Reverse Substrings Between Each Pair of Parentheses,23.9,0.007208293278599081,https://leetcode.com/problems/reverse-substrings-between-each-pair-of-parentheses,"String, Stack, Bracket Sequences"
EASY,Find Closest Number to Zero,23.9,0.004811736958033098,https://leetcode.com/problems/find-closest-number-to-zero,Array
EASY,Add to Array-Form of Integer,23.9,0.004566214939032263,https://leetcode.com/problems/add-to-array-form-of-integer,"Array, Math"
EASY,Longest Strictly Increasing or Strictly Decreasing Subarray,23.9,0.006492994489389143,https://leetcode.com/problems/longest-strictly-increasing-or-strictly-decreasing-subarray,Array
MEDIUM,Shortest Subarray to be Removed to Make Array Sorted,23.9,0.005130933279329521,https://leetcode.com/problems/shortest-subarray-to-be-removed-to-make-array-sorted,"Array, Two Pointers, Binary Search, Stack, Monotonic Stack"
EASY,Array Prototype Last,23.9,0.007466215525823336,https://leetcode.com/problems/array-prototype-last,
EASY,Third Maximum Number,23.9,0.004016664252007158,https://leetcode.com/problems/third-maximum-number,"Array, Sorting"
MEDIUM,Maximum Candies Allocated to K Children,23.9,0.0049894012451523065,https://leetcode.com/problems/maximum-candies-allocated-to-k-children,"Array, Binary Search"
EASY,Detect Capital,23.9,0.0056943251330362245,https://leetcode.com/problems/detect-capital,String
EASY,Find N Unique Integers Sum up to Zero,23.9,0.007844332032567326,https://leetcode.com/problems/find-n-unique-integers-sum-up-to-zero,"Array, Math"
MEDIUM,Count the Hidden Sequences,23.9,0.0056686478792536575,https://leetcode.com/problems/count-the-hidden-sequences,"Array, Prefix Sum"
MEDIUM,Count the Number of Fair Pairs,23.9,0.005258401012368579,https://leetcode.com/problems/count-the-number-of-fair-pairs,"Array, Two Pointers, Binary Search, Sorting"
EASY,Clear Digits,23.9,0.008269974682970757,https://leetcode.com/problems/clear-digits,"String, Stack, Simulation"
MEDIUM,Find the Punishment Number of an Integer,23.9,0.008160802790836186,https://leetcode.com/problems/find-the-punishment-number-of-an-integer,"Math, Backtracking"
MEDIUM,Zero Array Transformation I,23.9,0.005452852137781401,https://leetcode.com/problems/zero-array-transformation-i,"Array, Prefix Sum"
EASY,Find the K-th Character in String Game I,23.9,0.008156724360051531,https://leetcode.com/problems/find-the-k-th-character-in-string-game-i,"Math, Bit Manipulation, Recursion, Simulation"
MEDIUM,Minimum Limit of Balls in a Bag,23.9,0.00659686922365989,https://leetcode.com/problems/minimum-limit-of-balls-in-a-bag,"Array, Binary Search"
MEDIUM,Unique Length-3 Palindromic Subsequences,23.9,0.007376138759597406,https://leetcode.com/problems/unique-length-3-palindromic-subsequences,"Hash Table, String, Bit Manipulation, Prefix Sum"
EASY,Defuse the Bomb,23.9,0.007946103859373596,https://leetcode.com/problems/defuse-the-bomb,"Array, Sliding Window"
MEDIUM,Sum of Beauty of All Substrings,23.9,0.007467177223982831,https://leetcode.com/problems/sum-of-beauty-of-all-substrings,"Hash Table, String, Counting"
MEDIUM,Longest Nice Subarray,23.9,0.006478402219458255,https://leetcode.com/problems/longest-nice-subarray,"Array, Bit Manipulation, Sliding Window"
EASY,Backspace String Compare,23.9,0.005017260609357997,https://leetcode.com/problems/backspace-string-compare,"Two Pointers, String, Stack, Simulation"
HARD,Count the Number of Arrays with K Matching Adjacent Elements,23.9,0.005824228109228704,https://leetcode.com/problems/count-the-number-of-arrays-with-k-matching-adjacent-elements,"Math, Combinatorics, Fermat's Little Theorem"
MEDIUM,Longest Binary Subsequence Less Than or Equal to K,23.9,0.0052736582252341895,https://leetcode.com/problems/longest-binary-subsequence-less-than-or-equal-to-k,"String, Dynamic Programming, Greedy, Memoization"
HARD,Minimum Number of Refueling Stops,23.9,0.0041773213213213214,https://leetcode.com/problems/minimum-number-of-refueling-stops,"Array, Dynamic Programming, Greedy, Heap (Priority Queue)"
MEDIUM,Maximum Number of Events That Can Be Attended,23.9,0.0039056185395131703,https://leetcode.com/problems/maximum-number-of-events-that-can-be-attended,"Array, Greedy, Sorting, Heap (Priority Queue)"
MEDIUM,Find a Peak Element II,23.9,0.005553009512136634,https://leetcode.com/problems/find-a-peak-element-ii,"Array, Binary Search, Matrix"
EASY,Find Winner on a Tic Tac Toe Game,23.9,0.005468755392545972,https://leetcode.com/problems/find-winner-on-a-tic-tac-toe-game,"Array, Hash Table, Matrix, Simulation"
MEDIUM,Bitwise ORs of Subarrays,23.9,0.0056960917509189255,https://leetcode.com/problems/bitwise-ors-of-subarrays,"Array, Dynamic Programming, Bit Manipulation"
MEDIUM,The k-th Lexicographical String of All Happy Strings of Length n,23.9,0.008707946304582628,https://leetcode.com/problems/the-k-th-lexicographical-string-of-all-happy-strings-of-length-n,"String, Backtracking"
MEDIUM,Find the Minimum Area to Cover All Ones I,23.9,0.0077978730296831755,https://leetcode.com/problems/find-the-minimum-area-to-cover-all-ones-i,"Array, Matrix"
MEDIUM,Coin Change II,23.9,0.005930335924458975,https://leetcode.com/problems/coin-change-ii,"Array, Dynamic Programming, Knapsack Problem, Complete Knapsack"
EASY,Type of Triangle,23.9,0.004395609288638937,https://leetcode.com/problems/type-of-triangle,"Array, Math, Sorting, Polygons"
MEDIUM,Longest Palindromic Subsequence,23.9,0.00658037510201721,https://leetcode.com/problems/longest-palindromic-subsequence,"String, Dynamic Programming"
MEDIUM,Count Submatrices With All Ones,23.9,0.007100092268293601,https://leetcode.com/problems/count-submatrices-with-all-ones,"Array, Dynamic Programming, Stack, Matrix, Monotonic Stack"
EASY,Find All K-Distant Indices in an Array,23.9,0.007721978350875443,https://leetcode.com/problems/find-all-k-distant-indices-in-an-array,"Array, Two Pointers"
EASY,Filter Elements from Array,23.9,0.008553548063070803,https://leetcode.com/problems/filter-elements-from-array,
MEDIUM,Ways to Express an Integer as Sum of Powers,23.9,0.0049796762226248,https://leetcode.com/problems/ways-to-express-an-integer-as-sum-of-powers,Dynamic Programming
EASY,Largest Triangle Area,23.9,0.007212234503479409,https://leetcode.com/problems/largest-triangle-area,"Array, Math, Geometry, Polygons"
EASY,Minimum Time Visiting All Points,23.9,0.008484558542412172,https://leetcode.com/problems/minimum-time-visiting-all-points,"Array, Math, Geometry"
MEDIUM,Longest Balanced Subarray I,23.9,0.006570480251685075,https://leetcode.com/problems/longest-balanced-subarray-i,"Array, Hash Table, Divide and Conquer, Segment Tree, Prefix Sum"
EASY,Duplicate Emails,23.9,0.007419585741347298,https://leetcode.com/problems/duplicate-emails,Database
MEDIUM,Range Sum Query 2D - Mutable,23.9,0.004573251351729031,https://leetcode.com/problems/range-sum-query-2d-mutable,"Array, Design, Binary Indexed Tree, Segment Tree, Matrix, Sqrt Decomposition"
MEDIUM,Next Greater Numerically Balanced Number,23.9,0.006305786377853509,https://leetcode.com/problems/next-greater-numerically-balanced-number,"Hash Table, Math, Backtracking, Counting, Enumeration"
EASY,Can Make Arithmetic Progression From Sequence,23.9,0.00687111979117763,https://leetcode.com/problems/can-make-arithmetic-progression-from-sequence,"Array, Sorting"
MEDIUM,Decode Ways,20.1,0.003844555733862107,https://leetcode.com/problems/decode-ways,"String, Dynamic Programming"
EASY,Convert Sorted Array to Binary Search Tree,20.1,0.0075984493772707174,https://leetcode.com/problems/convert-sorted-array-to-binary-search-tree,"Array, Divide and Conquer, Tree, Binary Search Tree, Binary Tree"
EASY,Pascal's Triangle II,20.1,0.006789251349324265,https://leetcode.com/problems/pascals-triangle-ii,"Array, Dynamic Programming"
EASY,Binary Tree Preorder Traversal,20.1,0.007647306794738172,https://leetcode.com/problems/binary-tree-preorder-traversal,"Stack, Tree, Depth-First Search, Binary Tree"
EASY,Binary Tree Postorder Traversal,20.1,0.00788296389415609,https://leetcode.com/problems/binary-tree-postorder-traversal,"Stack, Tree, Depth-First Search, Binary Tree"
EASY,Number of 1 Bits,20.1,0.007736142228492658,https://leetcode.com/problems/number-of-1-bits,"Divide and Conquer, Bit Manipulation"
MEDIUM,Count Complete Tree Nodes,20.1,0.007287409556135556,https://leetcode.com/problems/count-complete-tree-nodes,"Binary Search, Bit Manipulation, Tree, Binary Tree"
HARD,Integer to English Words,20.1,0.0035162829354930887,https://leetcode.com/problems/integer-to-english-words,"Math, String, Recursion"
MEDIUM,Range Sum Query 2D - Immutable,20.1,0.00588357816780902,https://leetcode.com/problems/range-sum-query-2d-immutable,"Array, Design, Matrix, Prefix Sum"
HARD,Reconstruct Itinerary,20.1,0.004489929254672969,https://leetcode.com/problems/reconstruct-itinerary,"Array, String, Depth-First Search, Graph Theory, Sorting, Heap (Priority Queue), Eulerian Circuit, Eulerian Path, Semi-Eulerian Graph"
EASY,Counting Bits,20.1,0.008077749107044356,https://leetcode.com/problems/counting-bits,"Dynamic Programming, Bit Manipulation"
MEDIUM,Design Twitter,20.1,0.004537865889156016,https://leetcode.com/problems/design-twitter,"Hash Table, Linked List, Design, Heap (Priority Queue)"
EASY,Convert a Number to Hexadecimal,20.1,0.005473449580254067,https://leetcode.com/problems/convert-a-number-to-hexadecimal,"Math, String, Bit Manipulation"
HARD,All O`one Data Structure,20.1,0.004446796196430027,https://leetcode.com/problems/all-oone-data-structure,"Hash Table, Linked List, Design, Doubly-Linked List"
MEDIUM,Minimum Number of Arrows to Burst Balloons,20.1,0.006180325061854768,https://leetcode.com/problems/minimum-number-of-arrows-to-burst-balloons,"Array, Greedy, Sorting"
EASY,Relative Ranks,20.1,0.007508487457090951,https://leetcode.com/problems/relative-ranks,"Array, Sorting, Heap (Priority Queue)"
MEDIUM,Minimum Time Difference,20.1,0.006268158846292107,https://leetcode.com/problems/minimum-time-difference,"Array, Math, String, Sorting"
MEDIUM,01 Matrix,20.1,0.005472596556783158,https://leetcode.com/problems/01-matrix,"Array, Dynamic Programming, Breadth-First Search, Matrix"
MEDIUM,Network Delay Time,20.1,0.006135685894204942,https://leetcode.com/problems/network-delay-time,"Depth-First Search, Breadth-First Search, Graph Theory, Heap (Priority Queue), Shortest Path, Dijkstra's Algorithm"
EASY,Find Smallest Letter Greater Than Target,20.1,0.005953687156021082,https://leetcode.com/problems/find-smallest-letter-greater-than-target,"Array, Binary Search"
EASY,Kth Largest Element in a Stream,20.1,0.006147240816934077,https://leetcode.com/problems/kth-largest-element-in-a-stream,"Tree, Design, Binary Search Tree, Heap (Priority Queue), Binary Tree, Data Stream"
EASY,Find the Town Judge,20.1,0.005104579845539386,https://leetcode.com/problems/find-the-town-judge,"Array, Hash Table, Graph Theory"
MEDIUM,Construct Binary Search Tree from Preorder Traversal,20.1,0.008454696643590052,https://leetcode.com/problems/construct-binary-search-tree-from-preorder-traversal,"Array, Stack, Tree, Binary Search Tree, Monotonic Stack, Binary Tree"
EASY,Project Employees I,20.1,0.006719153582319467,https://leetcode.com/problems/project-employees-i,Database
EASY,N-th Tribonacci Number,20.1,0.006307471456530559,https://leetcode.com/problems/n-th-tribonacci-number,"Math, Dynamic Programming, Memoization"
MEDIUM,Count Number of Nice Subarrays,20.1,0.007563637927136601,https://leetcode.com/problems/count-number-of-nice-subarrays,"Array, Hash Table, Math, Sliding Window, Prefix Sum"
EASY,Kids With the Greatest Number of Candies,20.1,0.008800508857162883,https://leetcode.com/problems/kids-with-the-greatest-number-of-candies,Array
EASY,Special Array With X Elements Greater Than or Equal X,20.1,0.006691728694255348,https://leetcode.com/problems/special-array-with-x-elements-greater-than-or-equal-x,"Array, Binary Search, Sorting"
MEDIUM,Delete the Middle Node of a Linked List,20.1,0.0060913924482773755,https://leetcode.com/problems/delete-the-middle-node-of-a-linked-list,"Linked List, Two Pointers"
EASY,Return Length of Arguments Passed,20.1,0.009444658082425538,https://leetcode.com/problems/return-length-of-arguments-passed,
MEDIUM,Find Bottom Left Tree Value,20.1,0.0072525227629290125,https://leetcode.com/problems/find-bottom-left-tree-value,"Tree, Depth-First Search, Breadth-First Search, Binary Tree"
HARD,Department Top Three Salaries,20.1,0.006139796549444456,https://leetcode.com/problems/department-top-three-salaries,Database
HARD,Guess the Word,20.1,0.003660212592333535,https://leetcode.com/problems/guess-the-word,"Array, Math, String, Minimax, Interactive, Game Theory"
MEDIUM,Minimum Genetic Mutation,20.1,0.0057062236185262995,https://leetcode.com/problems/minimum-genetic-mutation,"Hash Table, String, Breadth-First Search, Bidirectional Search"
MEDIUM,Most Stones Removed with Same Row or Column,20.1,0.006338933993170742,https://leetcode.com/problems/most-stones-removed-with-same-row-or-column,"Hash Table, Depth-First Search, Union-Find, Graph Theory, Bipartite Graph"
HARD,Smallest Range Covering Elements from K Lists,20.1,0.007032754549242948,https://leetcode.com/problems/smallest-range-covering-elements-from-k-lists,"Array, Hash Table, Greedy, Sliding Window, Sorting, Heap (Priority Queue)"
EASY,Array Partition,20.1,0.00820797898819472,https://leetcode.com/problems/array-partition,"Array, Greedy, Sorting, Counting Sort"
MEDIUM,Movie Rating,20.1,0.004416185079807742,https://leetcode.com/problems/movie-rating,Database
MEDIUM,Partition Labels,20.1,0.00820088580316058,https://leetcode.com/problems/partition-labels,"Hash Table, Two Pointers, String, Greedy"
MEDIUM,Maximum Points You Can Obtain from Cards,20.1,0.005824624556261427,https://leetcode.com/problems/maximum-points-you-can-obtain-from-cards,"Array, Sliding Window, Prefix Sum"
EASY,Sort Array by Increasing Frequency,20.1,0.008100700402614657,https://leetcode.com/problems/sort-array-by-increasing-frequency,"Array, Hash Table, Sorting"
EASY,Invalid Tweets,20.1,0.008521880898509176,https://leetcode.com/problems/invalid-tweets,Database
EASY,Add Strings,20.1,0.005221916982841368,https://leetcode.com/problems/add-strings,"Math, String, Simulation"
MEDIUM,Combination Sum III,20.1,0.007363377421518913,https://leetcode.com/problems/combination-sum-iii,"Array, Backtracking"
EASY,Triangle Judgement,20.1,0.00750944173688174,https://leetcode.com/problems/triangle-judgement,Database
EASY,Reverse Bits,20.1,0.006912589659933771,https://leetcode.com/problems/reverse-bits,"Divide and Conquer, Bit Manipulation"
HARD,Making A Large Island,20.1,0.005708581198332554,https://leetcode.com/problems/making-a-large-island,"Array, Depth-First Search, Breadth-First Search, Union-Find, Matrix"
MEDIUM,Tuple with Same Product,20.1,0.007006543056238213,https://leetcode.com/problems/tuple-with-same-product,"Array, Hash Table, Counting"
MEDIUM,Max Sum of a Pair With Equal Sum of Digits,20.1,0.006592855770079837,https://leetcode.com/problems/max-sum-of-a-pair-with-equal-sum-of-digits,"Array, Hash Table, Sorting, Heap (Priority Queue)"
HARD,Strange Printer,20.1,0.006098002294860102,https://leetcode.com/problems/strange-printer,"String, Dynamic Programming"
EASY,Excel Sheet Column Number,20.1,0.006827385946133596,https://leetcode.com/problems/excel-sheet-column-number,"Math, String"
HARD,Trapping Rain Water II,20.1,0.006419306134274252,https://leetcode.com/problems/trapping-rain-water-ii,"Array, Breadth-First Search, Heap (Priority Queue), Matrix"
MEDIUM,Check if Number is a Sum of Powers of Three,20.1,0.007939968723929084,https://leetcode.com/problems/check-if-number-is-a-sum-of-powers-of-three,Math
HARD,Couples Holding Hands,20.1,0.00596565348087181,https://leetcode.com/problems/couples-holding-hands,"Greedy, Depth-First Search, Breadth-First Search, Union-Find, Graph Theory"
MEDIUM,Maximum Length of Repeated Subarray,20.1,0.0051538428910176326,https://leetcode.com/problems/maximum-length-of-repeated-subarray,"Array, Binary Search, Dynamic Programming, Sliding Window, Rolling Hash, Hash Function"
MEDIUM,Maximum Number of Vowels in a Substring of Given Length,20.1,0.006268502460437928,https://leetcode.com/problems/maximum-number-of-vowels-in-a-substring-of-given-length,"String, Sliding Window"
MEDIUM,Number of Ways to Arrive at Destination,20.1,0.003771462310153775,https://leetcode.com/problems/number-of-ways-to-arrive-at-destination,"Dynamic Programming, Graph Theory, Topological Sort, Shortest Path, Dijkstra's Algorithm"
MEDIUM,Zero Array Transformation II,20.1,0.004353364833541354,https://leetcode.com/problems/zero-array-transformation-ii,"Array, Two Pointers, Binary Search, Prefix Sum"
MEDIUM,Continuous Subarrays,20.1,0.0057985648992350865,https://leetcode.com/problems/continuous-subarrays,"Array, Queue, Sliding Window, Heap (Priority Queue), Ordered Set, Monotonic Queue"
EASY,Divide Array Into Equal Pairs,20.1,0.007922885572139304,https://leetcode.com/problems/divide-array-into-equal-pairs,"Array, Hash Table, Bit Manipulation, Counting"
MEDIUM,Max Chunks To Make Sorted,20.1,0.006424575116548119,https://leetcode.com/problems/max-chunks-to-make-sorted,"Array, Stack, Greedy, Sorting, Monotonic Stack"
MEDIUM,Minimum Number of Operations to Move All Balls to Each Box,20.1,0.009014115204981837,https://leetcode.com/problems/minimum-number-of-operations-to-move-all-balls-to-each-box,"Array, String, Prefix Sum"
MEDIUM,Car Pooling,20.1,0.005647489709266523,https://leetcode.com/problems/car-pooling,"Array, Sorting, Heap (Priority Queue), Simulation, Prefix Sum"
MEDIUM,Count Subarrays Where Max Element Appears at Least K Times,20.1,0.006231777601988925,https://leetcode.com/problems/count-subarrays-where-max-element-appears-at-least-k-times,"Array, Sliding Window"
MEDIUM,Push Dominoes,20.1,0.006306377625714379,https://leetcode.com/problems/push-dominoes,"Two Pointers, String, Dynamic Programming"
MEDIUM,Maximum Subarray Sum With Length Divisible by K,20.1,0.004956039308648571,https://leetcode.com/problems/maximum-subarray-sum-with-length-divisible-by-k,"Array, Hash Table, Prefix Sum"
MEDIUM,Minimum Cost For Tickets,20.1,0.00674766567916728,https://leetcode.com/problems/minimum-cost-for-tickets,"Array, Dynamic Programming"
MEDIUM,Next Greater Node In Linked List,20.1,0.006468843623031779,https://leetcode.com/problems/next-greater-node-in-linked-list,"Array, Linked List, Stack, Monotonic Stack"
EASY,Sales Person,20.1,0.006628341477436045,https://leetcode.com/problems/sales-person,Database
EASY,Product Sales Analysis I,20.1,0.008610178673233554,https://leetcode.com/problems/product-sales-analysis-i,Database
MEDIUM,Game of Life,20.1,0.007294274439251768,https://leetcode.com/problems/game-of-life,"Array, Matrix, Simulation"
EASY,Minimum Number of Operations to Make Elements in Array Distinct,20.1,0.007126182073165534,https://leetcode.com/problems/minimum-number-of-operations-to-make-elements-in-array-distinct,"Array, Hash Table"
EASY,Find Subsequence of Length K With the Largest Sum,20.1,0.00572856546025655,https://leetcode.com/problems/find-subsequence-of-length-k-with-the-largest-sum,"Array, Hash Table, Sorting, Heap (Priority Queue)"
MEDIUM,Remove Zero Sum Consecutive Nodes from Linked List,20.1,0.005328955051243696,https://leetcode.com/problems/remove-zero-sum-consecutive-nodes-from-linked-list,"Hash Table, Linked List"
MEDIUM,Maximum Value of an Ordered Triplet II,20.1,0.005625100709696855,https://leetcode.com/problems/maximum-value-of-an-ordered-triplet-ii,"Array, Prefix Sum"
MEDIUM,Open the Lock,20.1,0.00615051908156663,https://leetcode.com/problems/open-the-lock,"Array, Hash Table, String, Breadth-First Search, Bidirectional Search"
HARD,Expression Add Operators,20.1,0.004366097448407727,https://leetcode.com/problems/expression-add-operators,"Math, String, Backtracking"
EASY,Count Hills and Valleys in an Array,20.1,0.006912264775967525,https://leetcode.com/problems/count-hills-and-valleys-in-an-array,Array
MEDIUM,Count Salary Categories,20.1,0.0065112725086543775,https://leetcode.com/problems/count-salary-categories,Database
MEDIUM,Path With Minimum Effort,20.1,0.006389711290284314,https://leetcode.com/problems/path-with-minimum-effort,"Array, Binary Search, Depth-First Search, Breadth-First Search, Union-Find, Heap (Priority Queue), Matrix, Dijkstra's Algorithm"
EASY,Largest 3-Same-Digit Number in String,20.1,0.007266141429249295,https://leetcode.com/problems/largest-3-same-digit-number-in-string,String
EASY,Apply Operations to an Array,20.1,0.007475106350693046,https://leetcode.com/problems/apply-operations-to-an-array,"Array, Two Pointers, Simulation"
MEDIUM,Number of Enclaves,20.1,0.007218184861634862,https://leetcode.com/problems/number-of-enclaves,"Array, Depth-First Search, Breadth-First Search, Union-Find, Matrix"
MEDIUM,Minimum Operations to Make the Integer Zero,20.1,0.005801490925062023,https://leetcode.com/problems/minimum-operations-to-make-the-integer-zero,"Bit Manipulation, Brainteaser, Enumeration"
EASY,Minimum Cost to Move Chips to The Same Position,20.1,0.0073131532364215535,https://leetcode.com/problems/minimum-cost-to-move-chips-to-the-same-position,"Array, Math, Greedy"
EASY,Row With Maximum Ones,20.1,0.007454332591129664,https://leetcode.com/problems/row-with-maximum-ones,"Array, Matrix"
MEDIUM,Maximum Sum Circular Subarray,20.1,0.005115585709647443,https://leetcode.com/problems/maximum-sum-circular-subarray,"Array, Divide and Conquer, Dynamic Programming, Queue, Monotonic Queue"
MEDIUM,Check if Grid can be Cut into Sections,20.1,0.00680329527732473,https://leetcode.com/problems/check-if-grid-can-be-cut-into-sections,"Array, Sorting"
MEDIUM,Find Root of N-Ary Tree,20.1,0.00785508217469801,https://leetcode.com/problems/find-root-of-n-ary-tree,"Hash Table, Bit Manipulation, Tree, Depth-First Search"
EASY,Subtree of Another Tree,20.1,0.0052046549461753164,https://leetcode.com/problems/subtree-of-another-tree,"Tree, Depth-First Search, String Matching, Binary Tree, Hash Function"
EASY,Binary Watch,20.1,0.006608471710577882,https://leetcode.com/problems/binary-watch,"Backtracking, Bit Manipulation"
MEDIUM,Zero Array Transformation III,20.1,0.005473782020146559,https://leetcode.com/problems/zero-array-transformation-iii,"Array, Two Pointers, Greedy, Sorting, Heap (Priority Queue), Prefix Sum"
MEDIUM,Number of Matching Subsequences,20.1,0.005058411528690131,https://leetcode.com/problems/number-of-matching-subsequences,"Array, Hash Table, String, Binary Search, Dynamic Programming, Trie, Sorting"
MEDIUM,Delete Nodes From Linked List Present in Array,20.1,0.006925587806388462,https://leetcode.com/problems/delete-nodes-from-linked-list-present-in-array,"Array, Hash Table, Linked List"
MEDIUM,Restore IP Addresses,20.1,0.005679358104782088,https://leetcode.com/problems/restore-ip-addresses,"String, Backtracking"
EASY,Count Elements With Maximum Frequency,20.1,0.007972887146580234,https://leetcode.com/problems/count-elements-with-maximum-frequency,"Array, Hash Table, Counting"
MEDIUM,Ones and Zeroes,20.1,0.005368318483468299,https://leetcode.com/problems/ones-and-zeroes,"Array, String, Dynamic Programming, Knapsack Problem, 0-1 Knapsack"
EASY,Biggest Single Number,20.1,0.007193607875827191,https://leetcode.com/problems/biggest-single-number,Database
MEDIUM,Find the Maximum Length of Valid Subsequence II,20.1,0.005706320321342181,https://leetcode.com/problems/find-the-maximum-length-of-valid-subsequence-ii,"Array, Dynamic Programming"
MEDIUM,Count Special Triplets,20.1,0.004709149199680186,https://leetcode.com/problems/count-special-triplets,"Array, Hash Table, Counting"
MEDIUM,Smallest Subarrays With Maximum Bitwise OR,20.1,0.0061924672734875045,https://leetcode.com/problems/smallest-subarrays-with-maximum-bitwise-or,"Array, Binary Search, Bit Manipulation, Sliding Window"
EASY,Consecutive Characters,20.1,0.006041906193249421,https://leetcode.com/problems/consecutive-characters,String
HARD,Binary Tree Cameras,20.1,0.0048078302231979505,https://leetcode.com/problems/binary-tree-cameras,"Dynamic Programming, Tree, Depth-First Search, Binary Tree, DP on Trees"
HARD,Maximum Number of Events That Can Be Attended II,20.1,0.0063395376362560376,https://leetcode.com/problems/maximum-number-of-events-that-can-be-attended-ii,"Array, Binary Search, Dynamic Programming, Sorting"
HARD,Trips and Users,20.1,0.003893489328864031,https://leetcode.com/problems/trips-and-users,Database
EASY,Divide an Array Into Subarrays With Minimum Cost I,20.1,0.008061686807865594,https://leetcode.com/problems/divide-an-array-into-subarrays-with-minimum-cost-i,"Array, Sorting, Enumeration"
MEDIUM,New 21 Game,20.1,0.005194928271357199,https://leetcode.com/problems/new-21-game,"Math, Dynamic Programming, Sliding Window, Probability and Statistics"
MEDIUM,Sum of Mutated Array Closest to Target,20.1,0.004660290028350678,https://leetcode.com/problems/sum-of-mutated-array-closest-to-target,"Array, Binary Search, Sorting"
MEDIUM,Best Time to Buy and Sell Stock with Cooldown,20.1,0.006260442589523581,https://leetcode.com/problems/best-time-to-buy-and-sell-stock-with-cooldown,"Array, Dynamic Programming"
EASY,Hamming Distance,20.1,0.007700365832917163,https://leetcode.com/problems/hamming-distance,Bit Manipulation
EASY,Find Users With Valid E-Mails,20.1,0.0035398088303850873,https://leetcode.com/problems/find-users-with-valid-e-mails,Database
MEDIUM,Vowel Spellchecker,20.1,0.006145180774872724,https://leetcode.com/problems/vowel-spellchecker,"Array, Hash Table, String"
MEDIUM,Find the Minimum Amount of Time to Brew Potions,20.1,0.006269069446727022,https://leetcode.com/problems/find-the-minimum-amount-of-time-to-brew-potions,"Array, Simulation, Prefix Sum"
MEDIUM,Design Task Manager,20.1,0.00487328504314298,https://leetcode.com/problems/design-task-manager,"Hash Table, Design, Heap (Priority Queue), Ordered Set"
MEDIUM,Taking Maximum Energy From the Mystic Dungeon,20.1,0.006088439543346957,https://leetcode.com/problems/taking-maximum-energy-from-the-mystic-dungeon,"Array, Dynamic Programming, Prefix Sum"
EASY,Baseball Game,20.1,0.008099039196039721,https://leetcode.com/problems/baseball-game,"Array, Stack, Simulation"
MEDIUM,Magic Squares In Grid,20.1,0.0055225896677716275,https://leetcode.com/problems/magic-squares-in-grid,"Array, Hash Table, Math, Matrix"
MEDIUM,Four Divisors,20.1,0.005652986792647637,https://leetcode.com/problems/four-divisors,"Array, Math, Prime Factorization, Sieve Theory"
HARD,Number of Ways to Paint N × 3 Grid,20.1,0.008055694990836184,https://leetcode.com/problems/number-of-ways-to-paint-n-3-grid,"Dynamic Programming, Graph Coloring"
MEDIUM,Convert Sorted List to Binary Search Tree,15.4,0.0067195517811201545,https://leetcode.com/problems/convert-sorted-list-to-binary-search-tree,"Linked List, Divide and Conquer, Tree, Binary Search Tree, Binary Tree"
MEDIUM,Path Sum II,15.4,0.006274160764881552,https://leetcode.com/problems/path-sum-ii,"Backtracking, Tree, Depth-First Search, Binary Tree"
HARD,Max Points on a Line,15.4,0.0031255120928077636,https://leetcode.com/problems/max-points-on-a-line,"Array, Hash Table, Math, Geometry, Euclidean Algorithm, Greatest Common Divisor"
EASY,Implement Stack using Queues,15.4,0.007054255643512924,https://leetcode.com/problems/implement-stack-using-queues,"Stack, Design, Queue"
EASY,Binary Tree Paths,15.4,0.0069176196526895386,https://leetcode.com/problems/binary-tree-paths,"String, Backtracking, Tree, Depth-First Search, Binary Tree"
MEDIUM,Ugly Number II,15.4,0.004976059166521598,https://leetcode.com/problems/ugly-number-ii,"Hash Table, Math, Dynamic Programming, Heap (Priority Queue)"
HARD,Burst Balloons,15.4,0.006419198844019128,https://leetcode.com/problems/burst-balloons,"Array, Dynamic Programming"
MEDIUM,Integer Break,15.4,0.00626308660881402,https://leetcode.com/problems/integer-break,"Math, Dynamic Programming"
EASY,Sum of Left Leaves,15.4,0.006303055238095237,https://leetcode.com/problems/sum-of-left-leaves,"Tree, Depth-First Search, Breadth-First Search, Binary Tree"
EASY,Longest Palindrome,15.4,0.005617381914896874,https://leetcode.com/problems/longest-palindrome,"Hash Table, String, Greedy"
MEDIUM,Predict the Winner,15.4,0.005987979555779909,https://leetcode.com/problems/predict-the-winner,"Array, Math, Dynamic Programming, Recursion, Minimax, Game Theory, Zero-Sum Game"
HARD,IPO,15.4,0.005372736954206603,https://leetcode.com/problems/ipo,"Array, Greedy, Sorting, Heap (Priority Queue)"
MEDIUM,2 Keys Keyboard,15.4,0.0059455516223034955,https://leetcode.com/problems/2-keys-keyboard,"Math, Dynamic Programming"
MEDIUM,Find Duplicate Subtrees,15.4,0.0060832852819579335,https://leetcode.com/problems/find-duplicate-subtrees,"Hash Table, Tree, Depth-First Search, Binary Tree"
MEDIUM,Delete and Earn,15.4,0.005747828939205384,https://leetcode.com/problems/delete-and-earn,"Array, Hash Table, Dynamic Programming"
MEDIUM,Spiral Matrix III,15.4,0.00845819224981189,https://leetcode.com/problems/spiral-matrix-iii,"Array, Matrix, Simulation"
MEDIUM,Knight Dialer,15.4,0.006210596813198136,https://leetcode.com/problems/knight-dialer,Dynamic Programming
MEDIUM,Reveal Cards In Increasing Order,15.4,0.008377735668042228,https://leetcode.com/problems/reveal-cards-in-increasing-order,"Array, Queue, Sorting, Simulation"
HARD,Unique Paths III,15.4,0.008294687317665,https://leetcode.com/problems/unique-paths-iii,"Array, Backtracking, Bit Manipulation, Matrix, Hamiltonian Path"
MEDIUM,Interval List Intersections,15.4,0.007314300452345051,https://leetcode.com/problems/interval-list-intersections,"Array, Two Pointers, Sweep Line"
EASY,Find Common Characters,15.4,0.007480135807417537,https://leetcode.com/problems/find-common-characters,"Array, Hash Table, String"
MEDIUM,Partition Array for Maximum Sum,15.4,0.007754194411803107,https://leetcode.com/problems/partition-array-for-maximum-sum,"Array, Dynamic Programming"
MEDIUM,Longest String Chain,15.4,0.006339553819796253,https://leetcode.com/problems/longest-string-chain,"Array, Hash Table, Two Pointers, String, Dynamic Programming, Sorting"
EASY,Three Consecutive Odds,15.4,0.006932591732951235,https://leetcode.com/problems/three-consecutive-odds,Array
MEDIUM,Minimum Deletions to Make String Balanced,15.4,0.006815859339201876,https://leetcode.com/problems/minimum-deletions-to-make-string-balanced,"String, Dynamic Programming, Stack"
EASY,Richest Customer Wealth,15.4,0.008880476376175455,https://leetcode.com/problems/richest-customer-wealth,"Array, Matrix"
MEDIUM,Maximum Twin Sum of a Linked List,15.4,0.008326408606632108,https://leetcode.com/problems/maximum-twin-sum-of-a-linked-list,"Linked List, Two Pointers, Stack"
MEDIUM,Amount of Time for Binary Tree to Be Infected,15.4,0.0065872070280422945,https://leetcode.com/problems/amount-of-time-for-binary-tree-to-be-infected,"Hash Table, Tree, Depth-First Search, Breadth-First Search, Binary Tree"
EASY,Left and Right Sum Differences,15.4,0.008967580905919393,https://leetcode.com/problems/left-and-right-sum-differences,"Array, Prefix Sum"
EASY,To Be Or Not To Be,15.4,0.006341084501204126,https://leetcode.com/problems/to-be-or-not-to-be,
MEDIUM,Gray Code,15.4,0.00657896845107433,https://leetcode.com/problems/gray-code,"Math, Backtracking, Bit Manipulation"
MEDIUM,Hand of Straights,15.4,0.005832125756048388,https://leetcode.com/problems/hand-of-straights,"Array, Hash Table, Greedy, Sorting"
MEDIUM,Custom Sort String,15.4,0.007232256867248959,https://leetcode.com/problems/custom-sort-string,"Hash Table, String, Sorting"
MEDIUM,Find the Power of K-Size Subarrays I,15.4,0.006210044040346641,https://leetcode.com/problems/find-the-power-of-k-size-subarrays-i,"Array, Sliding Window"
EASY,Fix Names in a Table,15.4,0.0060643471570665,https://leetcode.com/problems/fix-names-in-a-table,Database
MEDIUM,Stone Game,15.4,0.007691551463862634,https://leetcode.com/problems/stone-game,"Array, Math, Dynamic Programming, Minimax, Game Theory, Zero-Sum Game"
EASY,Search in a Binary Search Tree,15.4,0.008306601339883977,https://leetcode.com/problems/search-in-a-binary-search-tree,"Tree, Binary Search Tree, Binary Tree"
EASY,Create a DataFrame from List,15.4,0.00808713621177777,https://leetcode.com/problems/create-a-dataframe-from-list,
EASY,Meeting Rooms,15.4,0.005952643913476821,https://leetcode.com/problems/meeting-rooms,"Array, Sorting, Quicksort"
HARD,Create Maximum Number,15.4,0.003648742602965924,https://leetcode.com/problems/create-maximum-number,"Array, Two Pointers, Stack, Greedy, Monotonic Stack"
MEDIUM,Game Play Analysis IV,15.4,0.004210965598705609,https://leetcode.com/problems/game-play-analysis-iv,Database
EASY,Count Good Triplets,15.4,0.008554768351296664,https://leetcode.com/problems/count-good-triplets,"Array, Enumeration"
MEDIUM,Minimum Array End,15.4,0.005529706461013506,https://leetcode.com/problems/minimum-array-end,Bit Manipulation
MEDIUM,Design a Todo List,15.4,0.005960718439074816,https://leetcode.com/problems/design-a-todo-list,"Array, Hash Table, String, Design, Sorting"
MEDIUM,Longest Subarray With Maximum Bitwise AND,15.4,0.00653569793289387,https://leetcode.com/problems/longest-subarray-with-maximum-bitwise-and,"Array, Bit Manipulation, Brainteaser"
EASY,Make Array Elements Equal to Zero,15.4,0.006814142625623845,https://leetcode.com/problems/make-array-elements-equal-to-zero,"Array, Simulation, Prefix Sum"
EASY,Employees Whose Manager Left the Company,15.4,0.004886787191579573,https://leetcode.com/problems/employees-whose-manager-left-the-company,Database
MEDIUM,Kill Process,15.4,0.007073333190090458,https://leetcode.com/problems/kill-process,"Array, Hash Table, Tree, Depth-First Search, Breadth-First Search"
MEDIUM,Next Greater Element III,15.4,0.0035555526467354313,https://leetcode.com/problems/next-greater-element-iii,"Math, Two Pointers, String"
MEDIUM,Count Servers that Communicate,15.4,0.007357544764422487,https://leetcode.com/problems/count-servers-that-communicate,"Array, Depth-First Search, Breadth-First Search, Union-Find, Matrix, Counting"
EASY,Longest Harmonious Subsequence,15.4,0.00649918298692299,https://leetcode.com/problems/longest-harmonious-subsequence,"Array, Hash Table, Sliding Window, Sorting, Counting"
EASY,Final Value of Variable After Performing Operations,15.4,0.00906012341880387,https://leetcode.com/problems/final-value-of-variable-after-performing-operations,"Array, String, Simulation"
MEDIUM,Find the Longest Substring Containing Vowels in Even Counts,15.4,0.007557476549567776,https://leetcode.com/problems/find-the-longest-substring-containing-vowels-in-even-counts,"Hash Table, String, Bit Manipulation, Prefix Sum"
MEDIUM,Customers Who Bought All Products,15.4,0.006439211934586983,https://leetcode.com/problems/customers-who-bought-all-products,Database
EASY,N-ary Tree Postorder Traversal,15.4,0.008119323139683438,https://leetcode.com/problems/n-ary-tree-postorder-traversal,"Stack, Tree, Depth-First Search"
EASY,DI String Match,15.4,0.008126365738745188,https://leetcode.com/problems/di-string-match,"Array, Two Pointers, String, Greedy"
EASY,Count Vowel Substrings of a String,15.4,0.007342261825360831,https://leetcode.com/problems/count-vowel-substrings-of-a-string,"Hash Table, String"
EASY,Longest Nice Substring,15.4,0.006466817377505462,https://leetcode.com/problems/longest-nice-substring,"Hash Table, String, Divide and Conquer, Bit Manipulation, Sliding Window"
EASY,Minimum Index Sum of Two Lists,15.4,0.006034698136499912,https://leetcode.com/problems/minimum-index-sum-of-two-lists,"Array, Hash Table, String"
EASY,Minimum Operations to Make Array Values Equal to K,15.4,0.007321668386756889,https://leetcode.com/problems/minimum-operations-to-make-array-values-equal-to-k,"Array, Hash Table"
HARD,Parsing A Boolean Expression,15.4,0.0069797691093130085,https://leetcode.com/problems/parsing-a-boolean-expression,"String, Stack, Recursion"
EASY,Maximum Product of Two Elements in an Array,15.4,0.008495600662184698,https://leetcode.com/problems/maximum-product-of-two-elements-in-an-array,"Array, Sorting, Heap (Priority Queue)"
EASY,Delete Characters to Make Fancy String,15.4,0.007398854451046517,https://leetcode.com/problems/delete-characters-to-make-fancy-string,String
EASY,Moving Average from Data Stream,15.4,0.00802284503412172,https://leetcode.com/problems/moving-average-from-data-stream,"Array, Design, Queue, Data Stream"
HARD,Minimum Total Distance Traveled,15.4,0.00631447309915518,https://leetcode.com/problems/minimum-total-distance-traveled,"Array, Dynamic Programming, Sorting"
HARD,Minimum Number of Removals to Make Mountain Array,15.4,0.0054786583927644815,https://leetcode.com/problems/minimum-number-of-removals-to-make-mountain-array,"Array, Binary Search, Dynamic Programming, Greedy"
MEDIUM,Find Minimum Time to Reach Last Room I,15.4,0.00554842056559595,https://leetcode.com/problems/find-minimum-time-to-reach-last-room-i,"Array, Graph Theory, Heap (Priority Queue), Matrix, Shortest Path"
MEDIUM,Find Score of an Array After Marking All Elements,15.4,0.00645630317092034,https://leetcode.com/problems/find-score-of-an-array-after-marking-all-elements,"Array, Hash Table, Sorting, Heap (Priority Queue), Simulation"
EASY,Nim Game,15.4,0.006032899216271422,https://leetcode.com/problems/nim-game,"Math, Brainteaser, Minimax, Game Theory, Nim Game, Impartial Game"
MEDIUM,Minimum Height Trees,15.4,0.004275017145654353,https://leetcode.com/problems/minimum-height-trees,"Depth-First Search, Breadth-First Search, Graph Theory, Topological Sort"
HARD,Painting a Grid With Three Different Colors,15.4,0.007693910096680951,https://leetcode.com/problems/painting-a-grid-with-three-different-colors,"Dynamic Programming, Graph Coloring"
MEDIUM,Length of Longest Fibonacci Subsequence,15.4,0.005757466757083468,https://leetcode.com/problems/length-of-longest-fibonacci-subsequence,"Array, Hash Table, Dynamic Programming"
EASY,Smallest Even Multiple,15.4,0.008853433619261941,https://leetcode.com/problems/smallest-even-multiple,"Math, Number Theory"
MEDIUM,Maximum Average Pass Ratio,15.4,0.007408676278952458,https://leetcode.com/problems/maximum-average-pass-ratio,"Array, Greedy, Heap (Priority Queue)"
MEDIUM,K-th Symbol in Grammar,15.4,0.004861164506278063,https://leetcode.com/problems/k-th-symbol-in-grammar,"Math, Bit Manipulation, Recursion"
EASY,Reverse Prefix of Word,15.4,0.008650361672451264,https://leetcode.com/problems/reverse-prefix-of-word,"Two Pointers, String, Stack"
MEDIUM,Pacific Atlantic Water Flow,15.4,0.006134449899931941,https://leetcode.com/problems/pacific-atlantic-water-flow,"Array, Depth-First Search, Breadth-First Search, Matrix"
EASY,Find Center of Star Graph,15.4,0.008660192112001969,https://leetcode.com/problems/find-center-of-star-graph,Graph Theory
MEDIUM,Count Beautiful Splits in an Array,15.4,0.001910682226211849,https://leetcode.com/problems/count-beautiful-splits-in-an-array,"Array, Dynamic Programming"
HARD,Maximum Sum of 3 Non-Overlapping Subarrays,15.4,0.005999105525447425,https://leetcode.com/problems/maximum-sum-of-3-non-overlapping-subarrays,"Array, Dynamic Programming, Sliding Window, Prefix Sum"
MEDIUM,Angle Between Hands of a Clock,15.4,0.006987913590099264,https://leetcode.com/problems/angle-between-hands-of-a-clock,Math
HARD,Maximum Score Words Formed by Letters,15.4,0.008149621755919769,https://leetcode.com/problems/maximum-score-words-formed-by-letters,"Array, Hash Table, String, Dynamic Programming, Backtracking, Bit Manipulation, Counting, Bitmask"
EASY,Find Greatest Common Divisor of Array,15.4,0.008348076540007887,https://leetcode.com/problems/find-greatest-common-divisor-of-array,"Array, Math, Number Theory, Euclidean Algorithm, Greatest Common Divisor"
EASY,Counting Words With a Given Prefix,15.4,0.008439975674032029,https://leetcode.com/problems/counting-words-with-a-given-prefix,"Array, String, String Matching"
EASY,Find the Original Typed String I,15.4,0.0072099981255317,https://leetcode.com/problems/find-the-original-typed-string-i,String
EASY,Find the Middle Index in Array,15.4,0.0070348729608968085,https://leetcode.com/problems/find-the-middle-index-in-array,"Array, Prefix Sum"
EASY,Divide a String Into Groups of Size k,15.4,0.007690458786601882,https://leetcode.com/problems/divide-a-string-into-groups-of-size-k,"String, Simulation"
EASY,String Matching in an Array,15.4,0.006982380890754127,https://leetcode.com/problems/string-matching-in-an-array,"Array, String, String Matching"
EASY,Count Prefix and Suffix Pairs I,15.4,0.007766672717500792,https://leetcode.com/problems/count-prefix-and-suffix-pairs-i,"Array, String, Trie, Rolling Hash, String Matching, Hash Function"
EASY,Maximum Population Year,15.4,0.006452171862423934,https://leetcode.com/problems/maximum-population-year,"Array, Counting, Prefix Sum"
EASY,Game Play Analysis I,15.4,0.007660473027848634,https://leetcode.com/problems/game-play-analysis-i,Database
HARD,Shortest Distance from All Buildings,15.4,0.004497989850926615,https://leetcode.com/problems/shortest-distance-from-all-buildings,"Array, Breadth-First Search, Matrix"
MEDIUM,Minimum Deletions to Make String K-Special,15.4,0.006708458308338332,https://leetcode.com/problems/minimum-deletions-to-make-string-k-special,"Hash Table, String, Greedy, Sorting, Counting"
EASY,Merge Two Binary Trees,15.4,0.007914642729302233,https://leetcode.com/problems/merge-two-binary-trees,"Tree, Depth-First Search, Breadth-First Search, Binary Tree"
MEDIUM,Maximum Erasure Value,15.4,0.006439771790196379,https://leetcode.com/problems/maximum-erasure-value,"Array, Hash Table, Sliding Window"
MEDIUM,Maximum Manhattan Distance After K Changes,15.4,0.0054188081383001315,https://leetcode.com/problems/maximum-manhattan-distance-after-k-changes,"Hash Table, Math, String, Counting"
MEDIUM,Maximum XOR of Two Numbers in an Array,15.4,0.0053711501977994945,https://leetcode.com/problems/maximum-xor-of-two-numbers-in-an-array,"Array, Hash Table, Bit Manipulation, Trie"
EASY,Special Array I,15.4,0.00816384766410985,https://leetcode.com/problems/special-array-i,Array
MEDIUM,Find the Number of Distinct Colors Among the Balls,15.4,0.0054072049627075245,https://leetcode.com/problems/find-the-number-of-distinct-colors-among-the-balls,"Array, Hash Table, Simulation"
MEDIUM,Count of Substrings Containing Every Vowel and K Consonants II,15.4,0.004074959318297143,https://leetcode.com/problems/count-of-substrings-containing-every-vowel-and-k-consonants-ii,"Hash Table, String, Sliding Window"
HARD,Find the Maximum Number of Fruits Collected,15.4,0.006463426642914052,https://leetcode.com/problems/find-the-maximum-number-of-fruits-collected,"Array, Dynamic Programming, Matrix"
HARD,Dungeon Game,15.4,0.004200807040284695,https://leetcode.com/problems/dungeon-game,"Array, Dynamic Programming, Matrix"
HARD,Shortest Path in a Grid with Obstacles Elimination,15.4,0.004663132370877532,https://leetcode.com/problems/shortest-path-in-a-grid-with-obstacles-elimination,"Array, Breadth-First Search, Matrix"
MEDIUM,Product of the Last K Numbers,15.4,0.006303293053711142,https://leetcode.com/problems/product-of-the-last-k-numbers,"Array, Math, Design, Data Stream, Prefix Sum"
HARD,Recover a Tree From Preorder Traversal,15.4,0.00832147070389304,https://leetcode.com/problems/recover-a-tree-from-preorder-traversal,"String, Tree, Depth-First Search, Binary Tree"
EASY,Shortest Distance to a Character,15.4,0.00729470064724919,https://leetcode.com/problems/shortest-distance-to-a-character,"Array, Two Pointers, String"
MEDIUM,Kth Largest Sum in a Binary Tree,15.4,0.005895348837209302,https://leetcode.com/problems/kth-largest-sum-in-a-binary-tree,"Tree, Breadth-First Search, Sorting, Binary Tree"
EASY,Power of Four,15.4,0.0052473001600410055,https://leetcode.com/problems/power-of-four,"Math, Bit Manipulation, Recursion"
EASY,Maximum 69 Number,15.4,0.008457781322685234,https://leetcode.com/problems/maximum-69-number,"Math, Greedy"
MEDIUM,Successful Pairs of Spells and Potions,15.4,0.004981076281069187,https://leetcode.com/problems/successful-pairs-of-spells-and-potions,"Array, Two Pointers, Binary Search, Sorting"
EASY,Distribute Candies,15.4,0.007153768449692808,https://leetcode.com/problems/distribute-candies,"Array, Hash Table"
EASY,Robot Return to Origin,15.4,0.007817577088510962,https://leetcode.com/problems/robot-return-to-origin,"String, Simulation"
HARD,Shortest Subarray with Sum at Least K,15.4,0.0033015216797984814,https://leetcode.com/problems/shortest-subarray-with-sum-at-least-k,"Array, Binary Search, Queue, Sliding Window, Heap (Priority Queue), Prefix Sum, Monotonic Queue"
MEDIUM,Construct Binary Tree from Preorder and Postorder Traversal,15.4,0.007806896647012293,https://leetcode.com/problems/construct-binary-tree-from-preorder-and-postorder-traversal,"Array, Hash Table, Divide and Conquer, Tree, Binary Tree"
MEDIUM,Longest Subarray of 1's After Deleting One Element,15.4,0.007148268222551602,https://leetcode.com/problems/longest-subarray-of-1s-after-deleting-one-element,"Array, Dynamic Programming, Sliding Window"
EASY,Divisible and Non-divisible Sums Difference,15.4,0.00911096383260746,https://leetcode.com/problems/divisible-and-non-divisible-sums-difference,Math
EASY,Make The String Great,15.4,0.006866265607373756,https://leetcode.com/problems/make-the-string-great,"String, Stack"
MEDIUM,Closest Prime Numbers in Range,15.4,0.005194658577143555,https://leetcode.com/problems/closest-prime-numbers-in-range,"Math, Number Theory, Primality Test, Sieve Theory, Prime Number Sieve"
EASY,Count the Number of Consistent Strings,15.4,0.008852757286049819,https://leetcode.com/problems/count-the-number-of-consistent-strings,"Array, Hash Table, String, Bit Manipulation, Counting"
MEDIUM,Alternating Groups II,15.4,0.00599506282008769,https://leetcode.com/problems/alternating-groups-ii,"Array, Sliding Window"
HARD,Minimum Operations to Make Array Elements Zero,15.4,0.006006522115696006,https://leetcode.com/problems/minimum-operations-to-make-array-elements-zero,"Array, Math, Bit Manipulation"
MEDIUM,Separate Squares I,15.4,0.0057950924796339245,https://leetcode.com/problems/separate-squares-i,"Array, Binary Search"
MEDIUM,Random Pick with Weight,15.4,0.004921195605186074,https://leetcode.com/problems/random-pick-with-weight,"Array, Math, Binary Search, Prefix Sum, Randomized"
MEDIUM,Lowest Common Ancestor of Deepest Leaves,15.4,0.00795227847553321,https://leetcode.com/problems/lowest-common-ancestor-of-deepest-leaves,"Hash Table, Tree, Depth-First Search, Breadth-First Search, Binary Tree, Binary Lifting, Lowest Common Ancestor, DP on Trees"
MEDIUM,Maximum Palindromes After Operations,15.4,0.0047082602094137595,https://leetcode.com/problems/maximum-palindromes-after-operations,"Array, Hash Table, String, Greedy, Sorting, Counting"
EASY,Largest Perimeter Triangle,15.4,0.006243522729523902,https://leetcode.com/problems/largest-perimeter-triangle,"Array, Math, Greedy, Sorting, Quicksort, Polygons"
MEDIUM,Unique Binary Search Trees II,15.4,0.006312622996907507,https://leetcode.com/problems/unique-binary-search-trees-ii,"Dynamic Programming, Backtracking, Tree, Binary Search Tree, Binary Tree"
EASY,Count Largest Group,15.4,0.007467370196739962,https://leetcode.com/problems/count-largest-group,"Hash Table, Math, Counting"
MEDIUM,Longest Palindrome by Concatenating Two Letter Words,15.4,0.005345241452655646,https://leetcode.com/problems/longest-palindrome-by-concatenating-two-letter-words,"Array, Hash Table, String, Greedy, Counting"
MEDIUM,Insert into a Binary Search Tree,15.4,0.007361402720829912,https://leetcode.com/problems/insert-into-a-binary-search-tree,"Tree, Binary Search Tree, Binary Tree"
EASY,Verifying an Alien Dictionary,15.4,0.0056098965850558125,https://leetcode.com/problems/verifying-an-alien-dictionary,"Array, Hash Table, String"
EASY,Most Frequent Even Element,15.4,0.00540829565846652,https://leetcode.com/problems/most-frequent-even-element,"Array, Hash Table, Counting"
MEDIUM,Domino and Tromino Tiling,15.4,0.005126151113491949,https://leetcode.com/problems/domino-and-tromino-tiling,Dynamic Programming
EASY,Duplicate Zeros,15.4,0.005394574278727312,https://leetcode.com/problems/duplicate-zeros,"Array, Two Pointers"
EASY,Design HashSet,15.4,0.006836040794461562,https://leetcode.com/problems/design-hashset,"Array, Hash Table, Linked List, Design, Hash Function"
MEDIUM,Finding Pairs With a Certain Sum,15.4,0.006154366988351633,https://leetcode.com/problems/finding-pairs-with-a-certain-sum,"Array, Hash Table, Design"
MEDIUM,Number of Operations to Make Network Connected,15.4,0.006714843293206857,https://leetcode.com/problems/number-of-operations-to-make-network-connected,"Depth-First Search, Breadth-First Search, Union-Find, Graph Theory"
MEDIUM,K Closest Points to Origin,15.4,0.006928808055464155,https://leetcode.com/problems/k-closest-points-to-origin,"Array, Math, Divide and Conquer, Geometry, Sorting, Heap (Priority Queue), Quickselect, K-D Tree"
MEDIUM,Is Graph Bipartite?,15.4,0.005977143966942571,https://leetcode.com/problems/is-graph-bipartite,"Depth-First Search, Breadth-First Search, Union-Find, Graph Theory, Graph Coloring, Bipartite Graph"
EASY,Final Prices With a Special Discount in a Shop,15.4,0.008429671718127,https://leetcode.com/problems/final-prices-with-a-special-discount-in-a-shop,"Array, Stack, Monotonic Stack"
MEDIUM,Max Difference You Can Get From Changing an Integer,15.4,0.004863274210577645,https://leetcode.com/problems/max-difference-you-can-get-from-changing-an-integer,"Math, Greedy"
EASY,Maximum Difference Between Increasing Elements,15.4,0.006665387201054339,https://leetcode.com/problems/maximum-difference-between-increasing-elements,Array
MEDIUM,Divide Array Into Arrays With Max Difference,15.4,0.00790788890120856,https://leetcode.com/problems/divide-array-into-arrays-with-max-difference,"Array, Greedy, Sorting"
EASY,Reshape Data: Melt,15.4,0.008594861480889225,https://leetcode.com/problems/reshape-data-melt,
EASY,Maximum Unique Subarray Sum After Deletion,15.4,0.004055290999918772,https://leetcode.com/problems/maximum-unique-subarray-sum-after-deletion,"Array, Hash Table, Greedy"
MEDIUM,Nearest Exit from Entrance in Maze,15.4,0.004903677902190968,https://leetcode.com/problems/nearest-exit-from-entrance-in-maze,"Array, Breadth-First Search, Matrix"
EASY,Find Lucky Integer in an Array,15.4,0.007561452686380055,https://leetcode.com/problems/find-lucky-integer-in-an-array,"Array, Hash Table, Counting"
MEDIUM,Investments in 2016,15.4,0.0051654355964788025,https://leetcode.com/problems/investments-in-2016,Database
MEDIUM,Minimum Penalty for a Shop,15.4,0.007124242675740724,https://leetcode.com/problems/minimum-penalty-for-a-shop,"String, Prefix Sum"
MEDIUM,Reschedule Meetings for Maximum Free Time II,15.4,0.006007367106293795,https://leetcode.com/problems/reschedule-meetings-for-maximum-free-time-ii,"Array, Greedy, Enumeration"
MEDIUM,Fruits Into Baskets III,15.4,0.003946059189344154,https://leetcode.com/problems/fruits-into-baskets-iii,"Array, Binary Search, Segment Tree, Ordered Set"
MEDIUM,Maximum Product of Splitted Binary Tree,15.4,0.005577096263585372,https://leetcode.com/problems/maximum-product-of-splitted-binary-tree,"Tree, Depth-First Search, Binary Tree"
MEDIUM,Remove K-Balanced Substrings,15.4,0.003307352145833996,https://leetcode.com/problems/remove-k-balanced-substrings,"String, Stack, Simulation"
EASY,Long Pressed Name,15.4,0.0033074323713836533,https://leetcode.com/problems/long-pressed-name,"Two Pointers, String"
EASY,Calculate Amount Paid in Taxes,15.4,0.0069460355743141385,https://leetcode.com/problems/calculate-amount-paid-in-taxes,"Array, Simulation"
HARD,24 Game,15.4,0.005962273472720661,https://leetcode.com/problems/24-game,"Array, Math, Backtracking"
MEDIUM,Maximum Square Area by Removing Fences From a Field,15.4,0.004941061196880472,https://leetcode.com/problems/maximum-square-area-by-removing-fences-from-a-field,"Array, Hash Table, Enumeration"
EASY,Minimum Pair Removal to Sort Array I,15.4,0.006525177179005768,https://leetcode.com/problems/minimum-pair-removal-to-sort-array-i,"Array, Hash Table, Linked List, Heap (Priority Queue), Simulation, Doubly-Linked List, Ordered Set"
MEDIUM,Shortest Unsorted Continuous Subarray,15.4,0.0038532364283371725,https://leetcode.com/problems/shortest-unsorted-continuous-subarray,"Array, Two Pointers, Stack, Greedy, Sorting, Monotonic Stack"
EASY,Range Sum of BST,15.4,0.00876271762365078,https://leetcode.com/problems/range-sum-of-bst,"Tree, Depth-First Search, Binary Search Tree, Binary Tree"
MEDIUM,Range Sum Query - Mutable,15.4,0.004361647100887909,https://leetcode.com/problems/range-sum-query-mutable,"Array, Divide and Conquer, Design, Binary Indexed Tree, Segment Tree, Sqrt Decomposition"
MEDIUM,Maximum Tastiness of Candy Basket,15.4,0.00686797664636826,https://leetcode.com/problems/maximum-tastiness-of-candy-basket,"Array, Binary Search, Greedy, Sorting"
EASY,Number of Steps to Reduce a Number to Zero,15.4,0.008589093107228638,https://leetcode.com/problems/number-of-steps-to-reduce-a-number-to-zero,"Math, Bit Manipulation"
EASY,Last Stone Weight,15.4,0.006673451436601287,https://leetcode.com/problems/last-stone-weight,"Array, Heap (Priority Queue)"
HARD,Super Egg Drop,15.4,0.003075075684053479,https://leetcode.com/problems/super-egg-drop,"Math, Binary Search, Dynamic Programming"
MEDIUM,Minimum Swaps to Arrange a Binary Grid,15.4,0.007024986764792387,https://leetcode.com/problems/minimum-swaps-to-arrange-a-binary-grid,"Array, Greedy, Matrix"
MEDIUM,Exclusive Time of Functions,15.4,0.0066261044826518845,https://leetcode.com/problems/exclusive-time-of-functions,"Array, Stack"
MEDIUM,Number of People Aware of a Secret,15.4,0.006061813760697001,https://leetcode.com/problems/number-of-people-aware-of-a-secret,"Dynamic Programming, Queue, Simulation"
HARD,Word Search II,15.4,0.0038787237888871185,https://leetcode.com/problems/word-search-ii,"Array, String, Backtracking, Trie, Matrix"
HARD,LFU Cache,15.4,0.005002880349198191,https://leetcode.com/problems/lfu-cache,"Hash Table, Linked List, Design, Doubly-Linked List"
MEDIUM,Minimum Falling Path Sum,15.4,0.006084632572239227,https://leetcode.com/problems/minimum-falling-path-sum,"Array, Dynamic Programming, Matrix"
HARD,Contains Duplicate III,15.4,0.0025087453571211106,https://leetcode.com/problems/contains-duplicate-iii,"Array, Sliding Window, Sorting, Bucket Sort, Ordered Set"
MEDIUM,Combination Sum IV,15.4,0.005526415875501007,https://leetcode.com/problems/combination-sum-iv,"Array, Dynamic Programming"
MEDIUM,Avoid Flood in The City,15.4,0.0038963287029461662,https://leetcode.com/problems/avoid-flood-in-the-city,"Array, Hash Table, Binary Search, Greedy, Heap (Priority Queue)"
MEDIUM,House Robber III,15.4,0.005622280115020576,https://leetcode.com/problems/house-robber-iii,"Dynamic Programming, Tree, Depth-First Search, Binary Tree, DP on Trees"
MEDIUM,Smallest Subtree with all the Deepest Nodes,15.4,0.007769331607919312,https://leetcode.com/problems/smallest-subtree-with-all-the-deepest-nodes,"Hash Table, Tree, Depth-First Search, Breadth-First Search, Binary Tree, Binary Lifting, Lowest Common Ancestor, DP on Trees"
MEDIUM,Minimum Operations to Convert All Elements to Zero,15.4,0.005308111444817722,https://leetcode.com/problems/minimum-operations-to-convert-all-elements-to-zero,"Array, Hash Table, Stack, Greedy, Monotonic Stack"
MEDIUM,Determine if Two Strings Are Close,15.4,0.005440471309975255,https://leetcode.com/problems/determine-if-two-strings-are-close,"Hash Table, String, Sorting, Counting"
MEDIUM,Simple Bank System,15.4,0.006956904423980373,https://leetcode.com/problems/simple-bank-system,"Array, Hash Table, Design, Simulation"
MEDIUM,Rank Teams by Votes,15.4,0.005999509862590548,https://leetcode.com/problems/rank-teams-by-votes,"Array, Hash Table, String, Sorting, Counting"
MEDIUM,Longest Balanced Substring I,15.4,0.0069660966096609656,https://leetcode.com/problems/longest-balanced-substring-i,"Hash Table, String, Counting, Enumeration"
EASY,Fair Candy Swap,15.4,0.006547618616934682,https://leetcode.com/problems/fair-candy-swap,"Array, Hash Table, Binary Search, Sorting"
EASY,Find X-Sum of All K-Long Subarrays I,15.4,0.007608908927714113,https://leetcode.com/problems/find-x-sum-of-all-k-long-subarrays-i,"Array, Hash Table, Sliding Window, Heap (Priority Queue)"
MEDIUM,Reverse Nodes in Even Length Groups,15.4,0.006495057926004201,https://leetcode.com/problems/reverse-nodes-in-even-length-groups,Linked List
MEDIUM,Take K of Each Character From Left and Right,15.4,0.005148094001614698,https://leetcode.com/problems/take-k-of-each-character-from-left-and-right,"Hash Table, String, Sliding Window"
HARD,Maximum Frequency Stack,15.4,0.006704349076311108,https://leetcode.com/problems/maximum-frequency-stack,"Hash Table, Stack, Design, Ordered Set"
MEDIUM,Brick Wall,15.4,0.005606213223340707,https://leetcode.com/problems/brick-wall,"Array, Hash Table"
MEDIUM,Time Based Key-Value Store,15.4,0.005012873077888558,https://leetcode.com/problems/time-based-key-value-store,"Hash Table, String, Binary Search, Design"
MEDIUM,Longest Substring with At Least K Repeating Characters,15.4,0.004656532009866387,https://leetcode.com/problems/longest-substring-with-at-least-k-repeating-characters,"Hash Table, String, Divide and Conquer, Sliding Window"
MEDIUM,Online Election,15.4,0.005307658545852359,https://leetcode.com/problems/online-election,"Array, Hash Table, Binary Search, Design"
MEDIUM,Minimum Score of a Path Between Two Cities,15.4,0.006624271211578787,https://leetcode.com/problems/minimum-score-of-a-path-between-two-cities,"Depth-First Search, Breadth-First Search, Union-Find, Graph Theory"
MEDIUM,Number of Distinct Islands,15.4,0.006293662276449443,https://leetcode.com/problems/number-of-distinct-islands,"Array, Hash Table, Depth-First Search, Breadth-First Search, Union-Find, Sorting, Matrix, Hash Function"
MEDIUM,Design Linked List,15.4,0.003067682214946227,https://leetcode.com/problems/design-linked-list,"Linked List, Design"
MEDIUM,Rotate Function,15.4,0.005414658377379871,https://leetcode.com/problems/rotate-function,"Array, Math, Dynamic Programming"
MEDIUM,Map of Highest Peak,15.4,0.007617775825987981,https://leetcode.com/problems/map-of-highest-peak,"Array, Breadth-First Search, Matrix"
MEDIUM,Maximum Matrix Sum,15.4,0.00675070422138863,https://leetcode.com/problems/maximum-matrix-sum,"Array, Greedy, Matrix"
MEDIUM,Find the Largest Area of Square Inside Two Rectangles,15.4,0.006676540515258993,https://leetcode.com/problems/find-the-largest-area-of-square-inside-two-rectangles,"Array, Math, Geometry"
HARD,Longest Increasing Path in a Matrix,15.4,0.005695034835523415,https://leetcode.com/problems/longest-increasing-path-in-a-matrix,"Array, Dynamic Programming, Depth-First Search, Breadth-First Search, Graph Theory, Topological Sort, Memoization, Matrix, Directed Acyclic Graph"
MEDIUM,Balance a Binary Search Tree,15.4,0.008628109281978958,https://leetcode.com/problems/balance-a-binary-search-tree,"Divide and Conquer, Greedy, Tree, Depth-First Search, Binary Search Tree, Binary Tree"
EASY,Minimum Number of Pushes to Type Word I,15.4,0.0077410520695123134,https://leetcode.com/problems/minimum-number-of-pushes-to-type-word-i,"Math, String, Greedy"
MEDIUM,Unique Binary Search Trees,9.8,0.006408365595507996,https://leetcode.com/problems/unique-binary-search-trees,"Math, Dynamic Programming, Tree, Binary Search Tree, Binary Tree"
MEDIUM,Construct Binary Tree from Inorder and Postorder Traversal,9.8,0.006939138499587798,https://leetcode.com/problems/construct-binary-tree-from-inorder-and-postorder-traversal,"Array, Hash Table, Divide and Conquer, Tree, Binary Tree"
MEDIUM,Sum Root to Leaf Numbers,9.8,0.007027294170742314,https://leetcode.com/problems/sum-root-to-leaf-numbers,"Tree, Depth-First Search, Binary Tree"
HARD,Palindrome Partitioning II,9.8,0.003774247204883736,https://leetcode.com/problems/palindrome-partitioning-ii,"String, Dynamic Programming"
MEDIUM,Maximum Gap,9.8,0.005282403272737749,https://leetcode.com/problems/maximum-gap,"Array, Sorting, Bucket Sort, Radix Sort, Pigeonhole Principle"
EASY,Find Mode in Binary Search Tree,9.8,0.005925456161840806,https://leetcode.com/problems/find-mode-in-binary-search-tree,"Tree, Depth-First Search, Binary Search Tree, Binary Tree"
MEDIUM,Out of Boundary Paths,9.8,0.004854483449354777,https://leetcode.com/problems/out-of-boundary-paths,Dynamic Programming
MEDIUM,Distribute Coins in Binary Tree,9.8,0.007733373926891448,https://leetcode.com/problems/distribute-coins-in-binary-tree,"Tree, Depth-First Search, Binary Tree, DP on Trees"
MEDIUM,Flower Planting With No Adjacent,9.8,0.005415371123335725,https://leetcode.com/problems/flower-planting-with-no-adjacent,"Depth-First Search, Breadth-First Search, Graph Theory, Graph Coloring"
EASY,Relative Sort Array,9.8,0.007538576290149643,https://leetcode.com/problems/relative-sort-array,"Array, Hash Table, Sorting, Counting Sort, Quicksort, Bubble Sort"
MEDIUM,Group the People Given the Group Size They Belong To,9.8,0.008751792081129769,https://leetcode.com/problems/group-the-people-given-the-group-size-they-belong-to,"Array, Hash Table, Greedy"
MEDIUM,Maximum Score From Removing Substrings,9.8,0.00664117013387033,https://leetcode.com/problems/maximum-score-from-removing-substrings,"String, Stack, Greedy"
EASY,Sum of All Subset XOR Totals,9.8,0.00901216299913001,https://leetcode.com/problems/sum-of-all-subset-xor-totals,"Array, Math, Backtracking, Bit Manipulation, Combinatorics, Enumeration"
EASY,Time Needed to Buy Tickets,9.8,0.007315115216815936,https://leetcode.com/problems/time-needed-to-buy-tickets,"Array, Queue, Simulation"
MEDIUM,Find Right Interval,9.8,0.0056368022488860236,https://leetcode.com/problems/find-right-interval,"Array, Binary Search, Sorting"
EASY,Create Target Array in the Given Order,9.8,0.008659721542494794,https://leetcode.com/problems/create-target-array-in-the-given-order,"Array, Simulation"
MEDIUM,Split Linked List in Parts,9.8,0.007069236973955667,https://leetcode.com/problems/split-linked-list-in-parts,Linked List
MEDIUM,Minimized Maximum of Products Distributed to Any Store,9.8,0.0063225578617824565,https://leetcode.com/problems/minimized-maximum-of-products-distributed-to-any-store,"Array, Binary Search, Greedy"
HARD,Longest Duplicate Substring,9.8,0.003137033526118277,https://leetcode.com/problems/longest-duplicate-substring,"String, Binary Search, Sliding Window, Rolling Hash, Suffix Array, Hash Function, Suffix Automaton, Suffix Tree, Z Algorithm, Boyer–Moore String-Search Algorithm"
MEDIUM,Path Sum III,9.8,0.004658886148004371,https://leetcode.com/problems/path-sum-iii,"Tree, Depth-First Search, Binary Tree"
MEDIUM,Linked List in Binary Tree,9.8,0.005201400751205374,https://leetcode.com/problems/linked-list-in-binary-tree,"Linked List, Tree, Depth-First Search, Binary Tree"
MEDIUM,Count Numbers with Unique Digits,9.8,0.005609659959155111,https://leetcode.com/problems/count-numbers-with-unique-digits,"Math, Dynamic Programming, Backtracking"
MEDIUM,Bulb Switcher,9.8,0.0056328907450730005,https://leetcode.com/problems/bulb-switcher,"Math, Brainteaser"
MEDIUM,Longest Happy String,9.8,0.00655381946970645,https://leetcode.com/problems/longest-happy-string,"String, Greedy, Heap (Priority Queue)"
MEDIUM,Most Frequent Subtree Sum,9.8,0.006958832203791288,https://leetcode.com/problems/most-frequent-subtree-sum,"Hash Table, Tree, Depth-First Search, Binary Tree, DP on Trees"
EASY,Find Resultant Array After Removing Anagrams,9.8,0.00699560113468502,https://leetcode.com/problems/find-resultant-array-after-removing-anagrams,"Array, Hash Table, String, Sorting"
EASY,Find Common Elements Between Two Arrays,9.8,0.008474140866758465,https://leetcode.com/problems/find-common-elements-between-two-arrays,"Array, Hash Table"
MEDIUM,Repeated String Match,9.8,0.00396396714776438,https://leetcode.com/problems/repeated-string-match,"String, String Matching, Z Algorithm, Knuth–Morris–Pratt Algorithm, Boyer–Moore String-Search Algorithm"
EASY,Degree of an Array,9.8,0.005860269701141978,https://leetcode.com/problems/degree-of-an-array,"Array, Hash Table"
MEDIUM,Score of Parentheses,9.8,0.006350359926689778,https://leetcode.com/problems/score-of-parentheses,"String, Stack, Bracket Sequences"
MEDIUM,Sum of Subarray Ranges,9.8,0.006179231745815559,https://leetcode.com/problems/sum-of-subarray-ranges,"Array, Stack, Monotonic Stack"
MEDIUM,The Number of the Smallest Unoccupied Chair,9.8,0.006031874425118674,https://leetcode.com/problems/the-number-of-the-smallest-unoccupied-chair,"Array, Hash Table, Heap (Priority Queue)"
EASY,Swap Sex of Employees,9.8,0.008486628619323821,https://leetcode.com/problems/swap-sex-of-employees,Database
MEDIUM,Even Odd Tree,9.8,0.006727417866309188,https://leetcode.com/problems/even-odd-tree,"Tree, Breadth-First Search, Binary Tree"
EASY,Cousins in Binary Tree,9.8,0.005967072408972381,https://leetcode.com/problems/cousins-in-binary-tree,"Tree, Depth-First Search, Breadth-First Search, Binary Tree"
MEDIUM,Trim a Binary Search Tree,9.8,0.006681249119511622,https://leetcode.com/problems/trim-a-binary-search-tree,"Tree, Depth-First Search, Binary Search Tree, Binary Tree"
HARD,Minimum Cost to Cut a Stick,9.8,0.0063399661145049436,https://leetcode.com/problems/minimum-cost-to-cut-a-stick,"Array, Dynamic Programming, Sorting"
MEDIUM,Range Sum of Sorted Subarray Sums,9.8,0.006301112656467316,https://leetcode.com/problems/range-sum-of-sorted-subarray-sums,"Array, Two Pointers, Binary Search, Sorting, Prefix Sum"
MEDIUM,Minimum Number of Changes to Make Binary String Beautiful,9.8,0.007625334424330462,https://leetcode.com/problems/minimum-number-of-changes-to-make-binary-string-beautiful,String
HARD,Find K-th Smallest Pair Distance,9.8,0.00467582681076267,https://leetcode.com/problems/find-k-th-smallest-pair-distance,"Array, Two Pointers, Binary Search, Sorting"
MEDIUM,Maximum Distance in Arrays,9.8,0.0045608218448103975,https://leetcode.com/problems/maximum-distance-in-arrays,"Array, Greedy"
EASY,Final Array State After K Multiplication Operations I,9.8,0.008693123489257625,https://leetcode.com/problems/final-array-state-after-k-multiplication-operations-i,"Array, Math, Heap (Priority Queue), Simulation"
EASY,Count Pairs Whose Sum is Less than Target,9.8,0.008765259714354106,https://leetcode.com/problems/count-pairs-whose-sum-is-less-than-target,"Array, Two Pointers, Binary Search, Sorting"
MEDIUM,My Calendar I,9.8,0.005837593001551935,https://leetcode.com/problems/my-calendar-i,"Array, Binary Search, Design, Segment Tree, Ordered Set"
MEDIUM,Reach a Number,9.8,0.00455402722206559,https://leetcode.com/problems/reach-a-number,"Math, Binary Search"
EASY,Decrypt String from Alphabet to Integer Mapping,9.8,0.00806549388790368,https://leetcode.com/problems/decrypt-string-from-alphabet-to-integer-mapping,String
EASY,Sum of Digits of String After Convert,9.8,0.007481636197943744,https://leetcode.com/problems/sum-of-digits-of-string-after-convert,"String, Simulation"
MEDIUM,Find All Possible Recipes from Given Supplies,9.8,0.0057074106553002615,https://leetcode.com/problems/find-all-possible-recipes-from-given-supplies,"Array, Hash Table, String, Graph Theory, Topological Sort, Directed Acyclic Graph"
MEDIUM,Search Suggestions System,9.8,0.006523535673208124,https://leetcode.com/problems/search-suggestions-system,"Array, String, Binary Search, Trie, Sorting, Heap (Priority Queue)"
MEDIUM,Sentence Similarity III,9.8,0.00483954557380113,https://leetcode.com/problems/sentence-similarity-iii,"Array, Two Pointers, String"
EASY,Sales Analysis III,9.8,0.004812376322518117,https://leetcode.com/problems/sales-analysis-iii,Database
MEDIUM,Grumpy Bookstore Owner,9.8,0.006413707906061219,https://leetcode.com/problems/grumpy-bookstore-owner,"Array, Sliding Window"
MEDIUM,Number of Ways to Split Array,9.8,0.005579312694192127,https://leetcode.com/problems/number-of-ways-to-split-array,"Array, Prefix Sum"
HARD,Number of Visible People in a Queue,9.8,0.0073463324434102405,https://leetcode.com/problems/number-of-visible-people-in-a-queue,"Array, Stack, Monotonic Stack"
MEDIUM,Divide Intervals Into Minimum Number of Groups,9.8,0.006358807780310468,https://leetcode.com/problems/divide-intervals-into-minimum-number-of-groups,"Array, Two Pointers, Greedy, Sorting, Heap (Priority Queue), Prefix Sum"
MEDIUM,Find Kth Bit in Nth Binary String,9.8,0.00737183263075402,https://leetcode.com/problems/find-kth-bit-in-nth-binary-string,"String, Recursion, Simulation"
MEDIUM,Grid Game,9.8,0.006087752399581101,https://leetcode.com/problems/grid-game,"Array, Matrix, Prefix Sum"
MEDIUM,Maximum XOR for Each Query,9.8,0.008461352712554332,https://leetcode.com/problems/maximum-xor-for-each-query,"Array, Bit Manipulation, Prefix Sum"
MEDIUM,Remove Methods From Project,9.8,0.007019010686605175,https://leetcode.com/problems/remove-methods-from-project,"Depth-First Search, Breadth-First Search, Graph Theory"
MEDIUM,Find a Safe Walk Through a Grid,9.8,0.005535291024552037,https://leetcode.com/problems/find-a-safe-walk-through-a-grid,"Array, Breadth-First Search, Graph Theory, Heap (Priority Queue), Matrix, Shortest Path"
HARD,Maximum Number of Tasks You Can Assign,9.8,0.004995178177810434,https://leetcode.com/problems/maximum-number-of-tasks-you-can-assign,"Array, Two Pointers, Binary Search, Greedy, Queue, Sorting, Monotonic Queue"
MEDIUM,Flip Columns For Maximum Number of Equal Rows,9.8,0.007850657022932157,https://leetcode.com/problems/flip-columns-for-maximum-number-of-equal-rows,"Array, Hash Table, Matrix"
MEDIUM,Shifting Letters,9.8,0.0046459706917799035,https://leetcode.com/problems/shifting-letters,"Array, String, Prefix Sum"
EASY,Sort the People,9.8,0.008480904725575552,https://leetcode.com/problems/sort-the-people,"Array, Hash Table, String, Sorting"
MEDIUM,Special Array II,9.8,0.004575560267001347,https://leetcode.com/problems/special-array-ii,"Array, Binary Search, Prefix Sum"
MEDIUM,Adding Spaces to a String,9.8,0.007185642176107685,https://leetcode.com/problems/adding-spaces-to-a-string,"Array, Two Pointers, String, Simulation"
MEDIUM,Clumsy Factorial,9.8,0.006188823740576762,https://leetcode.com/problems/clumsy-factorial,"Math, Stack, Simulation"
MEDIUM,Number of Sub-arrays With Odd Sum,9.8,0.005561008432411077,https://leetcode.com/problems/number-of-sub-arrays-with-odd-sum,"Array, Math, Dynamic Programming, Prefix Sum"
MEDIUM,Beautiful Arrangement II,9.8,0.006134890381005825,https://leetcode.com/problems/beautiful-arrangement-ii,"Array, Math"
MEDIUM,Last Stone Weight II,9.8,0.006056559632271776,https://leetcode.com/problems/last-stone-weight-ii,"Array, Dynamic Programming, Knapsack Problem, 0-1 Knapsack"
EASY,Remove Digit From Number to Maximize Result,9.8,0.004876866161726719,https://leetcode.com/problems/remove-digit-from-number-to-maximize-result,"String, Greedy, Enumeration"
MEDIUM,Minimum Operations to Make Binary Array Elements Equal to One I,9.8,0.008026143061676056,https://leetcode.com/problems/minimum-operations-to-make-binary-array-elements-equal-to-one-i,"Array, Bit Manipulation, Queue, Sliding Window, Prefix Sum"
HARD,Longest Happy Prefix,9.8,0.005374364278123577,https://leetcode.com/problems/longest-happy-prefix,"String, Rolling Hash, String Matching, Hash Function, Z Algorithm, Knuth–Morris–Pratt Algorithm"
MEDIUM,Shortest Path in a Hidden Grid,9.8,0.004469054550056955,https://leetcode.com/problems/shortest-path-in-a-hidden-grid,"Array, Depth-First Search, Breadth-First Search, Matrix, Interactive"
MEDIUM,Construct K Palindrome Strings,9.8,0.006851005866214332,https://leetcode.com/problems/construct-k-palindrome-strings,"Hash Table, String, Greedy, Counting"
EASY,Find Followers Count,9.8,0.0069609162879954375,https://leetcode.com/problems/find-followers-count,Database
MEDIUM,Word Subsets,9.8,0.005599059283518246,https://leetcode.com/problems/word-subsets,"Array, Hash Table, String"
MEDIUM,Construct Quad Tree,9.8,0.007861675542959558,https://leetcode.com/problems/construct-quad-tree,"Array, Divide and Conquer, Tree, Matrix"
EASY,Partition Array Into Three Parts With Equal Sum,9.8,0.004300620194805622,https://leetcode.com/problems/partition-array-into-three-parts-with-equal-sum,"Array, Greedy"
MEDIUM,Paint House IV,9.8,0.004589132134480063,https://leetcode.com/problems/paint-house-iv,"Array, Dynamic Programming"
MEDIUM,Check if a Parentheses String Can Be Valid,9.8,0.004524703571377735,https://leetcode.com/problems/check-if-a-parentheses-string-can-be-valid,"String, Stack, Greedy, Bracket Sequences"
EASY,Convert Binary Number in a Linked List to Integer,9.8,0.008239733734390586,https://leetcode.com/problems/convert-binary-number-in-a-linked-list-to-integer,"Linked List, Math"
EASY,Longest Continuous Increasing Subsequence,9.8,0.005232987396903632,https://leetcode.com/problems/longest-continuous-increasing-subsequence,Array
MEDIUM,Minimum Time to Make Rope Colorful,9.8,0.006518978862639468,https://leetcode.com/problems/minimum-time-to-make-rope-colorful,"Array, String, Dynamic Programming, Greedy"
MEDIUM,Maximum Absolute Sum of Any Subarray,9.8,0.007075582692658783,https://leetcode.com/problems/maximum-absolute-sum-of-any-subarray,"Array, Dynamic Programming"
EASY,Number of Equivalent Domino Pairs,9.8,0.0060749976513692515,https://leetcode.com/problems/number-of-equivalent-domino-pairs,"Array, Hash Table, Counting"
HARD,Count Good Triplets in an Array,9.8,0.00652823553465549,https://leetcode.com/problems/count-good-triplets-in-an-array,"Array, Binary Search, Divide and Conquer, Binary Indexed Tree, Segment Tree, Merge Sort, Ordered Set"
MEDIUM,Find Unique Binary String,9.8,0.008122981095426486,https://leetcode.com/problems/find-unique-binary-string,"Array, Hash Table, String, Backtracking"
HARD,Max Sum of Rectangle No Larger Than K,9.8,0.004590276249259853,https://leetcode.com/problems/max-sum-of-rectangle-no-larger-than-k,"Array, Binary Search, Matrix, Prefix Sum, Ordered Set"
EASY,Largest Number At Least Twice of Others,9.8,0.005300835580075681,https://leetcode.com/problems/largest-number-at-least-twice-of-others,"Array, Sorting"
MEDIUM,Count Total Number of Colored Cells,9.8,0.006621364561345855,https://leetcode.com/problems/count-total-number-of-colored-cells,Math
MEDIUM,Walls and Gates,9.8,0.006414158013810181,https://leetcode.com/problems/walls-and-gates,"Array, Breadth-First Search, Matrix"
MEDIUM,Alice and Bob Playing Flower Game,9.8,0.005990653169794592,https://leetcode.com/problems/alice-and-bob-playing-flower-game,Math
MEDIUM,Find K Pairs with Smallest Sums,9.8,0.0042260439277404535,https://leetcode.com/problems/find-k-pairs-with-smallest-sums,"Array, Heap (Priority Queue)"
MEDIUM,Find the Minimum and Maximum Number of Nodes Between Critical Points,9.8,0.0069447458957722415,https://leetcode.com/problems/find-the-minimum-and-maximum-number-of-nodes-between-critical-points,Linked List
MEDIUM,Choose K Elements With Maximum Sum,9.8,0.003407302038880986,https://leetcode.com/problems/choose-k-elements-with-maximum-sum,"Array, Sorting, Heap (Priority Queue)"
EASY,Maximum Units on a Truck,9.8,0.00751636507921861,https://leetcode.com/problems/maximum-units-on-a-truck,"Array, Greedy, Sorting"
EASY,Maximum Repeating Substring,9.8,0.004218876454167217,https://leetcode.com/problems/maximum-repeating-substring,"String, Dynamic Programming, String Matching"
HARD,Maximum Number of Points From Grid Queries,9.8,0.0059236841636323674,https://leetcode.com/problems/maximum-number-of-points-from-grid-queries,"Array, Two Pointers, Breadth-First Search, Union-Find, Sorting, Heap (Priority Queue), Matrix"
MEDIUM,Solving Questions With Brainpower,9.8,0.0060201413548600724,https://leetcode.com/problems/solving-questions-with-brainpower,"Array, Dynamic Programming"
EASY,A Number After a Double Reversal,9.8,0.008267978181336913,https://leetcode.com/problems/a-number-after-a-double-reversal,Math
MEDIUM,Count Number of Bad Pairs,9.8,0.005412490516311943,https://leetcode.com/problems/count-number-of-bad-pairs,"Array, Hash Table, Math, Counting"
MEDIUM,Count of Interesting Subarrays,9.8,0.005779569892473119,https://leetcode.com/problems/count-of-interesting-subarrays,"Array, Hash Table, Prefix Sum"
EASY,Count Equal and Divisible Pairs in an Array,9.8,0.008376987968469092,https://leetcode.com/problems/count-equal-and-divisible-pairs-in-an-array,Array
MEDIUM,Equal Row and Column Pairs,9.8,0.007127355901189386,https://leetcode.com/problems/equal-row-and-column-pairs,"Array, Hash Table, Matrix, Simulation"
EASY,Check if Two Chessboard Squares Have the Same Color,9.8,0.007219444200758351,https://leetcode.com/problems/check-if-two-chessboard-squares-have-the-same-color,"Math, String"
EASY,Minimum Number Game,9.8,0.00857547417995368,https://leetcode.com/problems/minimum-number-game,"Array, Sorting, Heap (Priority Queue), Simulation"
MEDIUM,Find Maximum Number of Non Intersecting Substrings,9.8,0.0031230628988149502,https://leetcode.com/problems/find-maximum-number-of-non-intersecting-substrings,"Hash Table, String, Dynamic Programming, Greedy"
HARD,Maximum Sum of Edge Values in a Graph,9.8,0.003736527557848495,https://leetcode.com/problems/maximum-sum-of-edge-values-in-a-graph,"Math, Greedy, Graph Theory"
HARD,Maximize Subarrays After Removing One Conflicting Pair,9.8,0.006407459496572574,https://leetcode.com/problems/maximize-subarrays-after-removing-one-conflicting-pair,"Array, Segment Tree, Enumeration, Prefix Sum"
EASY,Merge Two 2D Arrays by Summing Values,9.8,0.008165809696539086,https://leetcode.com/problems/merge-two-2d-arrays-by-summing-values,"Array, Hash Table, Two Pointers"
MEDIUM,Minimum Moves to Clean the Classroom,9.8,0.0027102697154587447,https://leetcode.com/problems/minimum-moves-to-clean-the-classroom,"Array, Hash Table, Bit Manipulation, Breadth-First Search, Matrix"
MEDIUM,Move Pieces to Obtain a String,9.8,0.005660890486276652,https://leetcode.com/problems/move-pieces-to-obtain-a-string,"Two Pointers, String"
MEDIUM,Lexicographically Minimum String After Removing Stars,9.8,0.005086538421213761,https://leetcode.com/problems/lexicographically-minimum-string-after-removing-stars,"Hash Table, String, Stack, Greedy, Heap (Priority Queue)"
MEDIUM,Beautiful Arrangement,9.8,0.006492686170212765,https://leetcode.com/problems/beautiful-arrangement,"Array, Dynamic Programming, Backtracking, Bit Manipulation, Bitmask"
MEDIUM,Find Closest Node to Given Two Nodes,9.8,0.005306133171793097,https://leetcode.com/problems/find-closest-node-to-given-two-nodes,"Depth-First Search, Graph Theory"
MEDIUM,Furthest Building You Can Reach,9.8,0.005109662816824548,https://leetcode.com/problems/furthest-building-you-can-reach,"Array, Greedy, Heap (Priority Queue)"
HARD,Scramble String,9.8,0.004536357797692765,https://leetcode.com/problems/scramble-string,"String, Dynamic Programming"
EASY,Find the Distance Value Between Two Arrays,9.8,0.007217045108550234,https://leetcode.com/problems/find-the-distance-value-between-two-arrays,"Array, Two Pointers, Binary Search, Sorting"
EASY,Keep Multiplying Found Values by Two,9.8,0.007496972613798672,https://leetcode.com/problems/keep-multiplying-found-values-by-two,"Array, Hash Table, Sorting, Simulation"
MEDIUM,Decoded String at Index,9.8,0.0037500934770046566,https://leetcode.com/problems/decoded-string-at-index,"String, Stack"
MEDIUM,Minimum Operations to Make the Array Alternating,9.8,0.003587226126498553,https://leetcode.com/problems/minimum-operations-to-make-the-array-alternating,"Array, Hash Table, Greedy, Counting"
EASY,Sort By,9.8,0.008302832959727913,https://leetcode.com/problems/sort-by,
HARD,Maximum Candies You Can Get from Boxes,9.8,0.006710407987226311,https://leetcode.com/problems/maximum-candies-you-can-get-from-boxes,"Array, Breadth-First Search, Graph Theory"
MEDIUM,Find the Lexicographically Largest String From the Box I,9.8,0.004093887655174925,https://leetcode.com/problems/find-the-lexicographically-largest-string-from-the-box-i,"Two Pointers, String, Enumeration"
EASY,Maximum Difference Between Adjacent Elements in a Circular Array,9.8,0.007561469842924009,https://leetcode.com/problems/maximum-difference-between-adjacent-elements-in-a-circular-array,Array
HARD,Minimum Moves to Reach Target in Grid,9.8,0.0015459465522559659,https://leetcode.com/problems/minimum-moves-to-reach-target-in-grid,Math
HARD,Student Attendance Record II,9.8,0.005686336009813762,https://leetcode.com/problems/student-attendance-record-ii,Dynamic Programming
HARD,Maximum Difference Between Even and Odd Frequency II,9.8,0.0048367925839334905,https://leetcode.com/problems/maximum-difference-between-even-and-odd-frequency-ii,"String, Sliding Window, Enumeration, Prefix Sum"
MEDIUM,The Number of Beautiful Subsets,9.8,0.005099449835859494,https://leetcode.com/problems/the-number-of-beautiful-subsets,"Array, Hash Table, Math, Dynamic Programming, Backtracking, Sorting, Combinatorics"
EASY,Generate Tag for Video Caption,9.8,0.003265536805037279,https://leetcode.com/problems/generate-tag-for-video-caption,"String, Simulation"
HARD,Minimum Difference in Sums After Removal of Elements,9.8,0.00695772519322223,https://leetcode.com/problems/minimum-difference-in-sums-after-removal-of-elements,"Array, Dynamic Programming, Heap (Priority Queue)"
HARD,Sum of k-Mirror Numbers,9.8,0.006354995687059551,https://leetcode.com/problems/sum-of-k-mirror-numbers,"Math, Enumeration"
MEDIUM,Market Analysis I,9.8,0.005764758303576402,https://leetcode.com/problems/market-analysis-i,Database
EASY,Find Subarrays With Equal Sum,9.8,0.006728852498661278,https://leetcode.com/problems/find-subarrays-with-equal-sum,"Array, Hash Table"
EASY,Check if All A's Appears Before All B's,9.8,0.007335770643262617,https://leetcode.com/problems/check-if-all-as-appears-before-all-bs,String
EASY,Largest Number After Digit Swaps by Parity,9.8,0.006557294671604846,https://leetcode.com/problems/largest-number-after-digit-swaps-by-parity,"Sorting, Heap (Priority Queue)"
MEDIUM,Circular Array Loop,9.8,0.0038185646385647037,https://leetcode.com/problems/circular-array-loop,"Array, Hash Table, Two Pointers, Floyd's Cycle Finding Algorithm"
EASY,Student Attendance Record I,9.8,0.0050428772215493425,https://leetcode.com/problems/student-attendance-record-i,String
EASY,Generate Fibonacci Sequence,9.8,0.008357671037096875,https://leetcode.com/problems/generate-fibonacci-sequence,
EASY,Height Checker,9.8,0.008194223880045795,https://leetcode.com/problems/height-checker,"Array, Sorting, Counting Sort, Bubble Sort"
HARD,Find the Original Typed String II,9.8,0.004544575392629651,https://leetcode.com/problems/find-the-original-typed-string-ii,"String, Dynamic Programming, Prefix Sum"
MEDIUM,Reschedule Meetings for Maximum Free Time I,9.8,0.00538588152794281,https://leetcode.com/problems/reschedule-meetings-for-maximum-free-time-i,"Array, Greedy, Sliding Window"
HARD,Find the K-th Character in String Game II,9.8,0.004842936499292016,https://leetcode.com/problems/find-the-k-th-character-in-string-game-ii,"Math, Bit Manipulation, Recursion"
EASY,Calculator with Method Chaining,9.8,0.007689870541337177,https://leetcode.com/problems/calculator-with-method-chaining,
EASY,Make Two Arrays Equal by Reversing Subarrays,9.8,0.007583571854701944,https://leetcode.com/problems/make-two-arrays-equal-by-reversing-subarrays,"Array, Hash Table, Sorting"
HARD,The Earliest and Latest Rounds Where Players Compete,9.8,0.007205348527317006,https://leetcode.com/problems/the-earliest-and-latest-rounds-where-players-compete,"Dynamic Programming, Memoization"
HARD,Orderly Queue,9.8,0.006715017392439472,https://leetcode.com/problems/orderly-queue,"Math, String, Sorting, Lexicographically Minimal String Rotation"
MEDIUM,Numbers With Same Consecutive Differences,9.8,0.005933071056278117,https://leetcode.com/problems/numbers-with-same-consecutive-differences,"Backtracking, Breadth-First Search"
MEDIUM,Range Product Queries of Powers,9.8,0.006120184318642893,https://leetcode.com/problems/range-product-queries-of-powers,"Array, Bit Manipulation, Prefix Sum"
MEDIUM,Maximum Total Damage With Spell Casting,9.8,0.004500686103701876,https://leetcode.com/problems/maximum-total-damage-with-spell-casting,"Array, Hash Table, Two Pointers, Binary Search, Dynamic Programming, Sorting, Counting"
MEDIUM,Memoize,9.8,0.006526160528826311,https://leetcode.com/problems/memoize,
MEDIUM,Total Hamming Distance,9.8,0.005533204847103988,https://leetcode.com/problems/total-hamming-distance,"Array, Math, Bit Manipulation"
EASY,Largest Local Values in a Matrix,9.8,0.008770818086829982,https://leetcode.com/problems/largest-local-values-in-a-matrix,"Array, Matrix"
EASY,Add Two Promises,9.8,0.009169808679421371,https://leetcode.com/problems/add-two-promises,
MEDIUM,Count Number of Maximum Bitwise-OR Subsets,9.8,0.008947216115018544,https://leetcode.com/problems/count-number-of-maximum-bitwise-or-subsets,"Array, Backtracking, Bit Manipulation, Enumeration"
EASY,Minimum Cuts to Divide a Circle,9.8,0.00566020955504294,https://leetcode.com/problems/minimum-cuts-to-divide-a-circle,"Math, Geometry"
MEDIUM,The Maze,9.8,0.00605105880406348,https://leetcode.com/problems/the-maze,"Array, Depth-First Search, Breadth-First Search, Matrix"
MEDIUM,K-diff Pairs in an Array,9.8,0.004623811779864604,https://leetcode.com/problems/k-diff-pairs-in-an-array,"Array, Hash Table, Two Pointers, Binary Search, Sorting"
EASY,Subtract the Product and Sum of Digits of an Integer,9.8,0.008660753056547513,https://leetcode.com/problems/subtract-the-product-and-sum-of-digits-of-an-integer,Math
HARD,Rearranging Fruits,9.8,0.005725804127692192,https://leetcode.com/problems/rearranging-fruits,"Array, Hash Table, Greedy, Sort"
MEDIUM,Broken Calculator,9.8,0.005640726789275427,https://leetcode.com/problems/broken-calculator,"Math, Greedy"
HARD,Delete Duplicate Folders in System,9.8,0.00772256520377578,https://leetcode.com/problems/delete-duplicate-folders-in-system,"Array, Hash Table, String, Depth-First Search, Trie, Sorting, Hash Function"
MEDIUM,Generate Binary Strings Without Adjacent Zeros,9.8,0.008864585893339888,https://leetcode.com/problems/generate-binary-strings-without-adjacent-zeros,"String, Backtracking, Bit Manipulation"
EASY,Difference Between Element Sum and Digit Sum of an Array,9.8,0.008542924269775749,https://leetcode.com/problems/difference-between-element-sum-and-digit-sum-of-an-array,"Array, Math"
MEDIUM,Minimum Number of People to Teach,9.8,0.0067254724031173265,https://leetcode.com/problems/minimum-number-of-people-to-teach,"Array, Hash Table, Greedy"
MEDIUM,Number of Distinct Substrings in a String,9.8,0.00647142161420286,https://leetcode.com/problems/number-of-distinct-substrings-in-a-string,"String, Trie, Rolling Hash, Suffix Array, Hash Function"
MEDIUM,Linked List Components,9.8,0.005816591402055257,https://leetcode.com/problems/linked-list-components,"Array, Hash Table, Linked List"
EASY,Check If All 1's Are at Least Length K Places Away,9.8,0.0064305649911917725,https://leetcode.com/problems/check-if-all-1s-are-at-least-length-k-places-away,Array
HARD,Minimum Interval to Include Each Query,9.8,0.00549330196785508,https://leetcode.com/problems/minimum-interval-to-include-each-query,"Array, Binary Search, Sweep Line, Sorting, Heap (Priority Queue)"
MEDIUM,Bitwise AND of Numbers Range,9.8,0.004902135475958708,https://leetcode.com/problems/bitwise-and-of-numbers-range,Bit Manipulation
HARD,Sort Items by Groups Respecting Dependencies,9.8,0.006602288848954885,https://leetcode.com/problems/sort-items-by-groups-respecting-dependencies,"Depth-First Search, Breadth-First Search, Graph Theory, Topological Sort, Directed Acyclic Graph"
EASY,Patients With a Condition,9.8,0.003916645973885846,https://leetcode.com/problems/patients-with-a-condition,Database
MEDIUM,Find Beautiful Indices in the Given Array I,9.8,0.004116260926329868,https://leetcode.com/problems/find-beautiful-indices-in-the-given-array-i,"Two Pointers, String, Binary Search, Rolling Hash, String Matching, Hash Function, Z Algorithm, Knuth–Morris–Pratt Algorithm, Boyer–Moore String-Search Algorithm"
MEDIUM,Smallest Integer Divisible by K,9.8,0.005416458345924148,https://leetcode.com/problems/smallest-integer-divisible-by-k,"Hash Table, Math, Pigeonhole Principle"
MEDIUM,Letter Case Permutation,9.8,0.007603348585442898,https://leetcode.com/problems/letter-case-permutation,"String, Backtracking, Bit Manipulation"
MEDIUM,Maximum Subsequence Score,9.8,0.005493649420901799,https://leetcode.com/problems/maximum-subsequence-score,"Array, Greedy, Sorting, Heap (Priority Queue)"
EASY,Pass the Pillow,9.8,0.005660914505956552,https://leetcode.com/problems/pass-the-pillow,"Math, Simulation"
EASY,Tenth Line,9.8,0.003740335044617413,https://leetcode.com/problems/tenth-line,Shell
MEDIUM,Smallest String With Swaps,9.8,0.006093167701863355,https://leetcode.com/problems/smallest-string-with-swaps,"Array, Hash Table, String, Depth-First Search, Breadth-First Search, Union-Find, Sorting"
EASY,Find Closest Person,9.8,0.008900043267875786,https://leetcode.com/problems/find-closest-person,Math
EASY,Select Data,9.8,0.007837214014500797,https://leetcode.com/problems/select-data,
HARD,Minimum Number of Operations to Make Array Continuous,9.8,0.005176232360944124,https://leetcode.com/problems/minimum-number-of-operations-to-make-array-continuous,"Array, Hash Table, Binary Search, Sliding Window"
EASY,Adjacent Increasing Subarrays Detection I,9.8,0.004799532029673573,https://leetcode.com/problems/adjacent-increasing-subarrays-detection-i,Array
MEDIUM,Lexicographically Smallest Equivalent String,9.8,0.008108210630959803,https://leetcode.com/problems/lexicographically-smallest-equivalent-string,"String, Union-Find"
MEDIUM,Fraction to Recurring Decimal,9.8,0.0031256519099447737,https://leetcode.com/problems/fraction-to-recurring-decimal,"Hash Table, Math, String"
MEDIUM,Maximum Number of Distinct Elements After Operations,9.8,0.005211368557278316,https://leetcode.com/problems/maximum-number-of-distinct-elements-after-operations,"Array, Greedy, Sorting"
EASY,Find the Winning Player in Coin Game,9.8,0.005405109740550597,https://leetcode.com/problems/find-the-winning-player-in-coin-game,"Math, Simulation, Game Theory"
MEDIUM,Maximum Frequency After Subarray Operation,9.8,0.003157725933669106,https://leetcode.com/problems/maximum-frequency-after-subarray-operation,"Array, Hash Table, Dynamic Programming, Greedy, Enumeration, Prefix Sum"
MEDIUM,Dota2 Senate,9.8,0.005037471179169632,https://leetcode.com/problems/dota2-senate,"String, Greedy, Queue"
MEDIUM,Maximum Amount of Money Robot Can Earn,9.8,0.004774293202676778,https://leetcode.com/problems/maximum-amount-of-money-robot-can-earn,"Array, Dynamic Programming, Matrix"
MEDIUM,Maximal Square,9.8,0.005074627966974904,https://leetcode.com/problems/maximal-square,"Array, Dynamic Programming, Matrix"
HARD,Tiling a Rectangle with the Fewest Squares,9.8,0.005528043482495958,https://leetcode.com/problems/tiling-a-rectangle-with-the-fewest-squares,Backtracking
MEDIUM,Smallest Number in Infinite Set,9.8,0.007066438889469954,https://leetcode.com/problems/smallest-number-in-infinite-set,"Hash Table, Design, Heap (Priority Queue), Ordered Set"
MEDIUM,Merge In Between Linked Lists,9.8,0.008312785867872553,https://leetcode.com/problems/merge-in-between-linked-lists,Linked List
HARD,Max Chunks To Make Sorted II,9.8,0.00550601872492198,https://leetcode.com/problems/max-chunks-to-make-sorted-ii,"Array, Stack, Greedy, Sorting, Monotonic Stack"
MEDIUM,Count the Number of Substrings With Dominant Ones,9.8,0.004199969522648481,https://leetcode.com/problems/count-the-number-of-substrings-with-dominant-ones,"String, Enumeration"
MEDIUM,K Radius Subarray Averages,9.8,0.004642216965012116,https://leetcode.com/problems/k-radius-subarray-averages,"Array, Sliding Window"
EASY,Classes With at Least 5 Students,9.8,0.006462954924032104,https://leetcode.com/problems/classes-with-at-least-5-students,Database
MEDIUM,Add One Row to Tree,9.8,0.006417128045619492,https://leetcode.com/problems/add-one-row-to-tree,"Tree, Depth-First Search, Breadth-First Search, Binary Tree"
MEDIUM,Robot Bounded In Circle,9.8,0.0056610161200576405,https://leetcode.com/problems/robot-bounded-in-circle,"Math, String, Simulation"
HARD,Special Binary String,9.8,0.007943526160104965,https://leetcode.com/problems/special-binary-string,"String, Divide and Conquer, Sorting"
HARD,Frog Jump,9.8,0.004754496025646009,https://leetcode.com/problems/frog-jump,"Array, Dynamic Programming"
MEDIUM,Minimum Operations to Reduce an Integer to 0,9.8,0.006317447288770328,https://leetcode.com/problems/minimum-operations-to-reduce-an-integer-to-0,"Dynamic Programming, Greedy, Bit Manipulation"
MEDIUM,Maximum Difference Between Node and Ancestor,9.8,0.007823419440182442,https://leetcode.com/problems/maximum-difference-between-node-and-ancestor,"Tree, Depth-First Search, Binary Tree"
EASY,Water Bottles,9.8,0.007256279117522492,https://leetcode.com/problems/water-bottles,"Math, Simulation"
MEDIUM,Design Tic-Tac-Toe,9.8,0.0058756827868897575,https://leetcode.com/problems/design-tic-tac-toe,"Array, Hash Table, Design, Matrix, Simulation"
HARD,Number of Ways to Form a Target String Given a Dictionary,9.8,0.00563294679145382,https://leetcode.com/problems/number-of-ways-to-form-a-target-string-given-a-dictionary,"Array, String, Dynamic Programming"
HARD,Find X-Sum of All K-Long Subarrays II,9.8,0.004124015073655361,https://leetcode.com/problems/find-x-sum-of-all-k-long-subarrays-ii,"Array, Hash Table, Sliding Window, Heap (Priority Queue)"
HARD,Minimum One Bit Operations to Make Integers Zero,9.8,0.00782054054054054,https://leetcode.com/problems/minimum-one-bit-operations-to-make-integers-zero,"Math, Dynamic Programming, Bit Manipulation, Recursion, Memoization"
EASY,Minimum Changes To Make Alternating Binary String,9.8,0.006789251331649997,https://leetcode.com/problems/minimum-changes-to-make-alternating-binary-string,String
EASY,1-bit and 2-bit Characters,9.8,0.004969522159613512,https://leetcode.com/problems/1-bit-and-2-bit-characters,Array
HARD,Replace Non-Coprime Numbers in Array,9.8,0.005764473475222364,https://leetcode.com/problems/replace-non-coprime-numbers-in-array,"Array, Math, Stack, Number Theory, Least Common Multiple, Greatest Common Divisor"
MEDIUM,Count Mentions Per User,9.8,0.0050587481431858565,https://leetcode.com/problems/count-mentions-per-user,"Array, Math, Sorting, Simulation"
MEDIUM,Greatest Sum Divisible by Three,9.8,0.005700152438509145,https://leetcode.com/problems/greatest-sum-divisible-by-three,"Array, Dynamic Programming, Greedy, Sorting"
EASY,Count Binary Substrings,9.8,0.0070534051072942494,https://leetcode.com/problems/count-binary-substrings,"Two Pointers, String"
HARD,Maximum Sum BST in Binary Tree,9.8,0.004863272741673598,https://leetcode.com/problems/maximum-sum-bst-in-binary-tree,"Dynamic Programming, Tree, Depth-First Search, Binary Search Tree, Binary Tree, DP on Trees"
MEDIUM,Tree Node,9.8,0.00763269541861246,https://leetcode.com/problems/tree-node,Database
MEDIUM,Make Sum Divisible by P,9.8,0.004259496233317428,https://leetcode.com/problems/make-sum-divisible-by-p,"Array, Hash Table, Prefix Sum"
HARD,The Skyline Problem,9.8,0.004577292786325388,https://leetcode.com/problems/the-skyline-problem,"Array, Divide and Conquer, Binary Indexed Tree, Segment Tree, Sweep Line, Sorting, Heap (Priority Queue), Ordered Set"
MEDIUM,Insert Greatest Common Divisors in Linked List,9.8,0.00912801226620501,https://leetcode.com/problems/insert-greatest-common-divisors-in-linked-list,"Linked List, Math, Number Theory"
EASY,Number of Unique Subjects Taught by Each Teacher,9.8,0.008926147412245712,https://leetcode.com/problems/number-of-unique-subjects-taught-by-each-teacher,Database
HARD,Put Marbles in Bags,9.8,0.00720510524582102,https://leetcode.com/problems/put-marbles-in-bags,"Array, Greedy, Sorting, Heap (Priority Queue)"
HARD,Maximum Running Time of N Computers,9.8,0.0056378038356855046,https://leetcode.com/problems/maximum-running-time-of-n-computers,"Array, Binary Search, Greedy, Sorting"
HARD,Employee Free Time,9.8,0.007297710892093974,https://leetcode.com/problems/employee-free-time,"Array, Sweep Line, Sorting, Heap (Priority Queue)"
EASY,Closest Binary Search Tree Value,9.8,0.004913345678999078,https://leetcode.com/problems/closest-binary-search-tree-value,"Binary Search, Tree, Depth-First Search, Binary Search Tree, Binary Tree"
EASY,Count Partitions with Even Sum Difference,9.8,0.008511766452531213,https://leetcode.com/problems/count-partitions-with-even-sum-difference,"Array, Math, Prefix Sum"
MEDIUM,Cinema Seat Allocation,9.8,0.004494240934073159,https://leetcode.com/problems/cinema-seat-allocation,"Array, Hash Table, Greedy, Bit Manipulation"
MEDIUM,Get Equal Substrings Within Budget,9.8,0.00600455857077081,https://leetcode.com/problems/get-equal-substrings-within-budget,"String, Binary Search, Sliding Window, Prefix Sum"
MEDIUM,Find the Length of the Longest Common Prefix,9.8,0.006226097083965104,https://leetcode.com/problems/find-the-length-of-the-longest-common-prefix,"Array, Hash Table, String, Trie"
MEDIUM,Count Number of Trapezoids I,9.8,0.004808573647340954,https://leetcode.com/problems/count-number-of-trapezoids-i,"Array, Hash Table, Math, Geometry"
HARD,Number of Ways to Divide a Long Corridor,9.8,0.005453153156585379,https://leetcode.com/problems/number-of-ways-to-divide-a-long-corridor,"Math, String, Dynamic Programming"
MEDIUM,Design Spreadsheet,9.8,0.0073535660451259895,https://leetcode.com/problems/design-spreadsheet,"Array, Hash Table, String, Design, Matrix"
HARD,Arithmetic Slices II - Subsequence,9.8,0.005521608540108282,https://leetcode.com/problems/arithmetic-slices-ii-subsequence,"Array, Dynamic Programming"
EASY,Root Equals Sum of Children,9.8,0.00851322262153852,https://leetcode.com/problems/root-equals-sum-of-children,"Tree, Binary Tree"
HARD,Maximum Frequency of an Element After Performing Operations II,9.8,0.0053618487894086945,https://leetcode.com/problems/maximum-frequency-of-an-element-after-performing-operations-ii,"Array, Binary Search, Sliding Window, Sorting, Prefix Sum"
EASY,Count Square Sum Triples,9.8,0.007717108830558514,https://leetcode.com/problems/count-square-sum-triples,"Math, Enumeration"
MEDIUM,Minimum Moves to Balance Circular Array,9.8,0.004059836110652807,https://leetcode.com/problems/minimum-moves-to-balance-circular-array,"Array, Greedy, Sorting"
HARD,Meeting Rooms III,9.8,0.005139481126853179,https://leetcode.com/problems/meeting-rooms-iii,"Array, Hash Table, Sorting, Heap (Priority Queue), Simulation"
MEDIUM,Delete Columns to Make Sorted II,9.8,0.004972490318656072,https://leetcode.com/problems/delete-columns-to-make-sorted-ii,"Array, String, Greedy"
EASY,Mirror Distance of an Integer,9.8,0.009143626705239794,https://leetcode.com/problems/mirror-distance-of-an-integer,Math
HARD,Maximum Building Height,9.8,0.0066980539861895795,https://leetcode.com/problems/maximum-building-height,"Array, Math, Sorting"
HARD,Number of Good Paths,9.8,0.0056548312960063955,https://leetcode.com/problems/number-of-good-paths,"Array, Hash Table, Tree, Union-Find, Graph Theory, Sorting"
MEDIUM,Analyze Subscription Conversion ,9.8,0.007326692104791416,https://leetcode.com/problems/analyze-subscription-conversion,Database
MEDIUM,Equal Sum Grid Partition I,9.8,0.005280011510607344,https://leetcode.com/problems/equal-sum-grid-partition-i,"Array, Matrix, Enumeration, Prefix Sum"
EASY,Apple Redistribution into Boxes,9.8,0.007841258361959863,https://leetcode.com/problems/apple-redistribution-into-boxes,"Array, Greedy, Sorting"
HARD,Number of ZigZag Arrays I,9.8,0.005035740595791704,https://leetcode.com/problems/number-of-zigzag-arrays-i,"Dynamic Programming, Prefix Sum"
HARD,Count the Number of Inversions,9.8,0.003156249164907405,https://leetcode.com/problems/count-the-number-of-inversions,"Array, Dynamic Programming"
EASY,Largest Positive Integer That Exists With Its Negative,9.8,0.007449263151072258,https://leetcode.com/problems/largest-positive-integer-that-exists-with-its-negative,"Array, Hash Table, Two Pointers, Sorting"
MEDIUM,Find Minimum Cost to Remove Array Elements,9.8,0.002242028867324472,https://leetcode.com/problems/find-minimum-cost-to-remove-array-elements,"Array, Dynamic Programming"
MEDIUM,Wiggle Sort II,9.8,0.003804067896073687,https://leetcode.com/problems/wiggle-sort-ii,"Array, Divide and Conquer, Greedy, Sorting, Quickselect"
EASY,Minimize String Length,9.8,0.007974097360792139,https://leetcode.com/problems/minimize-string-length,"Hash Table, String"
EASY,Find Minimum Operations to Make All Elements Divisible by Three,9.8,0.009062714776632303,https://leetcode.com/problems/find-minimum-operations-to-make-all-elements-divisible-by-three,"Array, Math"
MEDIUM,Mini Parser,9.8,0.004332399522924583,https://leetcode.com/problems/mini-parser,"String, Stack, Depth-First Search"
EASY,Find Words That Can Be Formed by Characters,9.8,0.007172373601217555,https://leetcode.com/problems/find-words-that-can-be-formed-by-characters,"Array, Hash Table, String, Counting"
EASY,Sum of Unique Elements,9.8,0.00802187004754358,https://leetcode.com/problems/sum-of-unique-elements,"Array, Hash Table, Counting"
MEDIUM,Soup Servings,9.8,0.005956819268119236,https://leetcode.com/problems/soup-servings,"Math, Dynamic Programming, Probability and Statistics"
MEDIUM,Kth Smallest Element in a Sorted Matrix,9.8,0.006496124547786392,https://leetcode.com/problems/kth-smallest-element-in-a-sorted-matrix,"Array, Binary Search, Sorting, Heap (Priority Queue), Matrix"
HARD,Minimum Falling Path Sum II,9.8,0.006297945218174606,https://leetcode.com/problems/minimum-falling-path-sum-ii,"Array, Dynamic Programming, Matrix"
HARD,Max Dot Product of Two Subsequences,9.8,0.006937148269292188,https://leetcode.com/problems/max-dot-product-of-two-subsequences,"Array, Dynamic Programming, Longest Common Subsequence"
MEDIUM,Path Existence Queries in a Graph I,9.8,0.007022988164802894,https://leetcode.com/problems/path-existence-queries-in-a-graph-i,"Array, Hash Table, Binary Search, Union-Find, Graph Theory"
MEDIUM,Longest Balanced Substring II,9.8,0.004188189558408848,https://leetcode.com/problems/longest-balanced-substring-ii,"Hash Table, String, Prefix Sum"
EASY,Find Missing Elements,9.8,0.008856703050657711,https://leetcode.com/problems/find-missing-elements,"Array, Hash Table, Sorting"
EASY,Flipping an Image,9.8,0.008395035232163537,https://leetcode.com/problems/flipping-an-image,"Array, Two Pointers, Bit Manipulation, Matrix, Simulation"
EASY,N-Repeated Element in Size 2N Array,9.8,0.007998950092984666,https://leetcode.com/problems/n-repeated-element-in-size-2n-array,"Array, Hash Table, Pigeonhole Principle"
EASY,Construct the Minimum Bitwise Array I,9.8,0.008496124780263261,https://leetcode.com/problems/construct-the-minimum-bitwise-array-i,"Array, Bit Manipulation"
MEDIUM,Number of Perfect Pairs,9.8,0.00346265633257002,https://leetcode.com/problems/number-of-perfect-pairs,"Array, Math, Two Pointers, Sorting"
MEDIUM,Smallest Subsequence of Distinct Characters,9.8,0.0070564827029259035,https://leetcode.com/problems/smallest-subsequence-of-distinct-characters,"String, Stack, Greedy, Monotonic Stack"
MEDIUM,Rectangle Area,9.8,0.005009157784618265,https://leetcode.com/problems/rectangle-area,"Math, Geometry"
MEDIUM,Number of Longest Increasing Subsequence,9.8,0.005256517117598542,https://leetcode.com/problems/number-of-longest-increasing-subsequence,"Array, Dynamic Programming, Binary Indexed Tree, Segment Tree, Longest Increasing Subsequence"
MEDIUM,Minimum Cost Path with Edge Reversals,9.8,0.006152009870025535,https://leetcode.com/problems/minimum-cost-path-with-edge-reversals,"Graph Theory, Heap (Priority Queue), Shortest Path"
MEDIUM,Smallest Palindromic Rearrangement I,9.8,0.0074540988417671405,https://leetcode.com/problems/smallest-palindromic-rearrangement-i,"String, Sorting, Counting Sort"
MEDIUM,Insertion Sort List,9.8,0.005993753034621988,https://leetcode.com/problems/insertion-sort-list,"Linked List, Sorting"
HARD,Self Crossing,9.8,0.0035928503130256352,https://leetcode.com/problems/self-crossing,"Array, Math, Geometry"
MEDIUM,Beautiful Array,9.8,0.007034720906238815,https://leetcode.com/problems/beautiful-array,"Array, Math, Divide and Conquer"
EASY,Binary Gap,9.8,0.00743994207892417,https://leetcode.com/problems/binary-gap,Bit Manipulation
MEDIUM,Find And Replace in String,9.8,0.005074200108141148,https://leetcode.com/problems/find-and-replace-in-string,"Array, Hash Table, String, Sorting"
HARD,Trionic Array II,9.8,0.00473564469063752,https://leetcode.com/problems/trionic-array-ii,"Array, Dynamic Programming"
EASY,GCD of Odd and Even Sums,9.8,0.008985125171467765,https://leetcode.com/problems/gcd-of-odd-and-even-sums,"Math, Number Theory"
MEDIUM,Shortest Bridge,9.8,0.005970919657976711,https://leetcode.com/problems/shortest-bridge,"Array, Depth-First Search, Breadth-First Search, Matrix"
MEDIUM,Binary Tree Level Order Traversal II,9.8,0.006885771025984624,https://leetcode.com/problems/binary-tree-level-order-traversal-ii,"Tree, Breadth-First Search, Binary Tree"
EASY,Two Furthest Houses With Different Colors,9.8,0.007169793340914432,https://leetcode.com/problems/two-furthest-houses-with-different-colors,"Array, Greedy"
MEDIUM,The Dining Philosophers,9.8,0.005410728328193891,https://leetcode.com/problems/the-dining-philosophers,Concurrency
MEDIUM,Detect Squares,9.8,0.0052898878687676655,https://leetcode.com/problems/detect-squares,"Array, Hash Table, Design, Counting, Data Stream"
EASY,Check if Array is Good,9.8,0.005732647814910025,https://leetcode.com/problems/check-if-array-is-good,"Array, Hash Table, Sorting"
EASY,Minimum Bit Flips to Convert Number,9.8,0.008794642177740383,https://leetcode.com/problems/minimum-bit-flips-to-convert-number,Bit Manipulation
MEDIUM,Jump Game VI,9.8,0.004656717961089763,https://leetcode.com/problems/jump-game-vi,"Array, Dynamic Programming, Queue, Heap (Priority Queue), Monotonic Queue"
MEDIUM,Champagne Tower,9.8,0.006397980984270168,https://leetcode.com/problems/champagne-tower,Dynamic Programming
MEDIUM,Max Consecutive Ones II,9.8,0.005211806389958476,https://leetcode.com/problems/max-consecutive-ones-ii,"Array, Dynamic Programming, Sliding Window"
