Difficulty,Title,Frequency,Acceptance Rate,Link,Topics
EASY,Two Sum,100.0,0.0058009569065051395,https://leetcode.com/problems/two-sum,"Array, Hash Table"
MEDIUM,Add Two Numbers,80.6,0.00491330966770989,https://leetcode.com/problems/add-two-numbers,"Linked List, Math, Recursion"
MEDIUM,Longest Substring Without Repeating Characters,79.8,0.0039779465199704395,https://leetcode.com/problems/longest-substring-without-repeating-characters,"Hash Table, String, Sliding Window"
MEDIUM,Longest Palindromic Substring,79.1,0.0038471120984698874,https://leetcode.com/problems/longest-palindromic-substring,"Two Pointers, String, Dynamic Programming, Manacher"
HARD,Trapping Rain Water,78.9,0.006802852880710293,https://leetcode.com/problems/trapping-rain-water,"Array, Two Pointers, Dynamic Programming, Stack, Monotonic Stack"
EASY,Best Time to Buy and Sell Stock,77.6,0.005725127893111592,https://leetcode.com/problems/best-time-to-buy-and-sell-stock,"Array, Dynamic Programming"
MEDIUM,LRU Cache,77.4,0.004786886321880775,https://leetcode.com/problems/lru-cache,"Hash Table, Linked List, Design, Doubly-Linked List"
HARD,Median of Two Sorted Arrays,75.5,0.004736979963874208,https://leetcode.com/problems/median-of-two-sorted-arrays,"Array, Binary Search, Divide and Conquer"
EASY,Merge Sorted Array,74.6,0.005552795361426026,https://leetcode.com/problems/merge-sorted-array,"Array, Two Pointers, Sorting"
MEDIUM,3Sum,73.0,0.003969312443673831,https://leetcode.com/problems/3sum,"Array, Two Pointers, Sorting"
MEDIUM,Maximum Subarray,73.0,0.005373543161064693,https://leetcode.com/problems/maximum-subarray,"Array, Divide and Conquer, Dynamic Programming"
MEDIUM,Subarray Sum Equals K,73.0,0.004798003846179368,https://leetcode.com/problems/subarray-sum-equals-k,"Array, Hash Table, Prefix Sum"
EASY,Palindrome Number,72.8,0.006087450999166423,https://leetcode.com/problems/palindrome-number,Math
EASY,Longest Common Prefix,72.4,0.004818722323606658,https://leetcode.com/problems/longest-common-prefix,"Array, String, Trie"
MEDIUM,Group Anagrams,72.0,0.007312900794903427,https://leetcode.com/problems/group-anagrams,"Array, Hash Table, String, Sorting"
EASY,Majority Element,71.8,0.006648700923500386,https://leetcode.com/problems/majority-element,"Array, Hash Table, Divide and Conquer, Sorting, Counting, Boyer–Moore Majority Vote Algorithm"
MEDIUM,Container With Most Water,71.5,0.006064829842522907,https://leetcode.com/problems/container-with-most-water,"Array, Two Pointers, Greedy"
MEDIUM,Number of Islands,71.3,0.006496045595930192,https://leetcode.com/problems/number-of-islands,"Array, Depth-First Search, Breadth-First Search, Union-Find, Matrix"
MEDIUM,Merge Intervals,71.1,0.005257646418354588,https://leetcode.com/problems/merge-intervals,"Array, Sorting, Quicksort"
EASY,Valid Parentheses,70.4,0.004472564577393003,https://leetcode.com/problems/valid-parentheses,"String, Stack, Bracket Sequences"
EASY,Remove Duplicates from Sorted Array,69.7,0.006356308944076769,https://leetcode.com/problems/remove-duplicates-from-sorted-array,"Array, Two Pointers"
EASY,Roman to Integer,68.4,0.006704941751145893,https://leetcode.com/problems/roman-to-integer,"Hash Table, Math, String"
EASY,Create Hello World Function,67.6,0.008191597892549411,https://leetcode.com/problems/create-hello-world-function,
EASY,Merge Strings Alternately,67.3,0.008214734933686404,https://leetcode.com/problems/merge-strings-alternately,"Two Pointers, String"
EASY,Climbing Stairs,67.0,0.005428138838327141,https://leetcode.com/problems/climbing-stairs,"Math, Dynamic Programming, Memoization"
MEDIUM,Search in Rotated Sorted Array,66.4,0.004546228086994554,https://leetcode.com/problems/search-in-rotated-sorted-array,"Array, Binary Search"
MEDIUM,Spiral Matrix,66.1,0.005762715963602771,https://leetcode.com/problems/spiral-matrix,"Array, Matrix, Simulation"
MEDIUM,Next Permutation,65.8,0.004595894196110162,https://leetcode.com/problems/next-permutation,"Array, Two Pointers"
MEDIUM,Rotate Image,65.5,0.008057030023943944,https://leetcode.com/problems/rotate-image,"Array, Math, Matrix"
EASY,Move Zeroes,65.2,0.006426540363651741,https://leetcode.com/problems/move-zeroes,"Array, Two Pointers"
MEDIUM,Koko Eating Bananas,65.2,0.0050395931681862126,https://leetcode.com/problems/koko-eating-bananas,"Array, Binary Search"
EASY,Merge Two Sorted Lists,64.9,0.006874749834652867,https://leetcode.com/problems/merge-two-sorted-lists,"Linked List, Recursion"
EASY,Reverse Linked List,63.9,0.00809420240611855,https://leetcode.com/problems/reverse-linked-list,"Linked List, Recursion"
MEDIUM,Generate Parentheses,63.5,0.007906617395717882,https://leetcode.com/problems/generate-parentheses,"String, Dynamic Programming, Backtracking, Bracket Sequences"
MEDIUM,Reverse Integer,63.2,0.003236618481634047,https://leetcode.com/problems/reverse-integer,Math
HARD,Merge k Sorted Lists,63.2,0.006029394737326398,https://leetcode.com/problems/merge-k-sorted-lists,"Linked List, Divide and Conquer, Heap (Priority Queue), Merge Sort, Tournament Sort"
MEDIUM,Product of Array Except Self,62.8,0.006916454363650314,https://leetcode.com/problems/product-of-array-except-self,"Array, Prefix Sum"
MEDIUM,Sort Colors,62.5,0.007016879048173766,https://leetcode.com/problems/sort-colors,"Array, Two Pointers, Sorting, Quicksort, Bubble Sort"
MEDIUM,Longest Consecutive Sequence,62.5,0.004720833110065445,https://leetcode.com/problems/longest-consecutive-sequence,"Array, Hash Table, Union-Find"
EASY,Recyclable and Low Fat Products,62.1,0.00886324136620424,https://leetcode.com/problems/recyclable-and-low-fat-products,Database
MEDIUM,Find Peak Element,60.9,0.0047140579695030055,https://leetcode.com/problems/find-peak-element,"Array, Binary Search"
HARD,Reverse Nodes in k-Group,60.5,0.006696562856773472,https://leetcode.com/problems/reverse-nodes-in-k-group,"Linked List, Recursion"
EASY,Valid Anagram,60.5,0.006853254068880933,https://leetcode.com/problems/valid-anagram,"Hash Table, String, Sorting"
MEDIUM,Single Element in a Sorted Array,60.1,0.005939555398935895,https://leetcode.com/problems/single-element-in-a-sorted-array,"Array, Binary Search"
MEDIUM,Rotate Array,58.8,0.004532008665203593,https://leetcode.com/problems/rotate-array,"Array, Math, Two Pointers"
MEDIUM,Kth Largest Element in an Array,58.8,0.006924374681224585,https://leetcode.com/problems/kth-largest-element-in-an-array,"Array, Divide and Conquer, Sorting, Heap (Priority Queue), Quickselect"
EASY,Remove Element,58.3,0.006237185871662675,https://leetcode.com/problems/remove-element,"Array, Two Pointers"
MEDIUM,House Robber,58.3,0.0053502690930537075,https://leetcode.com/problems/house-robber,"Array, Dynamic Programming"
MEDIUM,Letter Combinations of a Phone Number,57.4,0.00666599875655181,https://leetcode.com/problems/letter-combinations-of-a-phone-number,"Hash Table, String, Backtracking"
EASY,Search Insert Position,57.4,0.0052016563563754255,https://leetcode.com/problems/search-insert-position,"Array, Binary Search"
HARD,N-Queens,57.4,0.007626983929720488,https://leetcode.com/problems/n-queens,"Array, Backtracking, Algorithm X"
MEDIUM,Reverse Words in a String,57.4,0.005753061273208931,https://leetcode.com/problems/reverse-words-in-a-string,"Two Pointers, String"
MEDIUM,"Pow(x, n)",56.9,0.003917077429147729,https://leetcode.com/problems/powx-n,"Math, Recursion"
EASY,Contains Duplicate,56.9,0.006462906522501603,https://leetcode.com/problems/contains-duplicate,"Array, Hash Table, Sorting"
MEDIUM,Jump Game,55.9,0.004138482349990174,https://leetcode.com/problems/jump-game,"Array, Dynamic Programming, Greedy"
MEDIUM,Min Stack,55.9,0.005855050106001617,https://leetcode.com/problems/min-stack,"Stack, Design"
MEDIUM,Meeting Rooms II,55.9,0.005277671515035725,https://leetcode.com/problems/meeting-rooms-ii,"Array, Two Pointers, Greedy, Sorting, Heap (Priority Queue), Prefix Sum"
MEDIUM,Top K Frequent Elements,55.9,0.006713896392811846,https://leetcode.com/problems/top-k-frequent-elements,"Array, Hash Table, Divide and Conquer, Sorting, Heap (Priority Queue), Bucket Sort, Counting, Quickselect"
MEDIUM,Rotting Oranges,55.9,0.005927628246549014,https://leetcode.com/problems/rotting-oranges,"Array, Breadth-First Search, Matrix"
MEDIUM,Find First and Last Position of Element in Sorted Array,55.3,0.004950618836456947,https://leetcode.com/problems/find-first-and-last-position-of-element-in-sorted-array,"Array, Binary Search"
HARD,Largest Rectangle in Histogram,55.3,0.005066387716709447,https://leetcode.com/problems/largest-rectangle-in-histogram,"Array, Stack, Monotonic Stack, Range Minimum/Maximum Query"
EASY,Valid Palindrome,55.3,0.0054070499205451225,https://leetcode.com/problems/valid-palindrome,"Two Pointers, String"
HARD,Serialize and Deserialize Binary Tree,55.3,0.00610284664919484,https://leetcode.com/problems/serialize-and-deserialize-binary-tree,"String, Tree, Depth-First Search, Breadth-First Search, Design, Binary Tree"
MEDIUM,Remove Nth Node From End of List,54.8,0.0052391524656797295,https://leetcode.com/problems/remove-nth-node-from-end-of-list,"Linked List, Two Pointers"
MEDIUM,Minimum Path Sum,54.8,0.0068742808789195595,https://leetcode.com/problems/minimum-path-sum,"Array, Dynamic Programming, Matrix"
EASY,Happy Number,54.8,0.0060115475159581745,https://leetcode.com/problems/happy-number,"Hash Table, Math, Two Pointers, Floyd's Cycle Finding Algorithm"
MEDIUM,Coin Change,54.8,0.004897339390553551,https://leetcode.com/problems/coin-change,"Array, Dynamic Programming, Breadth-First Search, Knapsack Problem, Complete Knapsack"
HARD,Minimum Edge Reversals So Every Node Is Reachable,54.8,0.005979537703675635,https://leetcode.com/problems/minimum-edge-reversals-so-every-node-is-reachable,"Dynamic Programming, Depth-First Search, Breadth-First Search, Graph Theory"
MEDIUM,Subsets,54.2,0.008271570156203122,https://leetcode.com/problems/subsets,"Array, Backtracking, Bit Manipulation"
MEDIUM,4Sum,53.6,0.004145645999593137,https://leetcode.com/problems/4sum,"Array, Two Pointers, Sorting"
MEDIUM,Jump Game II,53.6,0.0043359459919640134,https://leetcode.com/problems/jump-game-ii,"Array, Dynamic Programming, Greedy"
MEDIUM,Course Schedule,53.6,0.005204031790875026,https://leetcode.com/problems/course-schedule,"Depth-First Search, Breadth-First Search, Graph Theory, Topological Sort, Directed Acyclic Graph"
HARD,Find Median from Data Stream,53.6,0.005487685181953533,https://leetcode.com/problems/find-median-from-data-stream,"Two Pointers, Design, Sorting, Heap (Priority Queue), Data Stream"
MEDIUM,Daily Temperatures,53.6,0.0069056929993463936,https://leetcode.com/problems/daily-temperatures,"Array, Stack, Monotonic Stack"
MEDIUM,Integer to Roman,52.4,0.007149620593872541,https://leetcode.com/problems/integer-to-roman,"Hash Table, Math, String"
MEDIUM,Set Matrix Zeroes,52.4,0.006348235344997938,https://leetcode.com/problems/set-matrix-zeroes,"Array, Hash Table, Matrix"
EASY,Pascal's Triangle,52.4,0.007929398548511948,https://leetcode.com/problems/pascals-triangle,"Array, Dynamic Programming"
EASY,Combine Two Tables,52.4,0.007987951725059264,https://leetcode.com/problems/combine-two-tables,Database
HARD,Sliding Window Maximum,52.4,0.004910887861731836,https://leetcode.com/problems/sliding-window-maximum,"Array, Queue, Sliding Window, Heap (Priority Queue), Monotonic Queue, Range Minimum/Maximum Query"
MEDIUM,Longest Repeating Character Replacement,52.4,0.00604302486313581,https://leetcode.com/problems/longest-repeating-character-replacement,"Hash Table, String, Sliding Window"
EASY,Add Two Integers,52.4,0.00880908568196026,https://leetcode.com/problems/add-two-integers,Math
HARD,First Missing Positive,51.7,0.004354292161618131,https://leetcode.com/problems/first-missing-positive,"Array, Hash Table"
MEDIUM,Permutations,51.7,0.008226147251178878,https://leetcode.com/problems/permutations,"Array, Backtracking"
MEDIUM,Restore IP Addresses,51.7,0.005679399148673051,https://leetcode.com/problems/restore-ip-addresses,"String, Backtracking"
MEDIUM,Course Schedule II,51.7,0.005608803536414847,https://leetcode.com/problems/course-schedule-ii,"Depth-First Search, Breadth-First Search, Graph Theory, Topological Sort"
MEDIUM,Lowest Common Ancestor of a Binary Tree,51.7,0.006995189177522382,https://leetcode.com/problems/lowest-common-ancestor-of-a-binary-tree,"Tree, Depth-First Search, Binary Tree, Binary Lifting, Lowest Common Ancestor"
MEDIUM,Max Consecutive Ones III,51.7,0.006827661609587484,https://leetcode.com/problems/max-consecutive-ones-iii,"Array, Binary Search, Sliding Window, Prefix Sum"
MEDIUM,Combination Sum,51.0,0.007700612985083521,https://leetcode.com/problems/combination-sum,"Array, Backtracking"
MEDIUM,Search a 2D Matrix,51.0,0.005438016074911106,https://leetcode.com/problems/search-a-2d-matrix,"Array, Binary Search, Matrix"
MEDIUM,Word Search,51.0,0.0047946906865729685,https://leetcode.com/problems/word-search,"Array, String, Backtracking, Depth-First Search, Matrix"
MEDIUM,Gas Station,51.0,0.004855707059904421,https://leetcode.com/problems/gas-station,"Array, Greedy"
MEDIUM,Word Break,51.0,0.004977888526934449,https://leetcode.com/problems/word-break,"Array, Hash Table, String, Dynamic Programming, Trie, Memoization, Brute-Force Search"
EASY,Find the Index of the First Occurrence in a String,50.3,0.004716740635630281,https://leetcode.com/problems/find-the-index-of-the-first-occurrence-in-a-string,"Two Pointers, String, String Matching, Z Algorithm, Knuth–Morris–Pratt Algorithm, Boyer–Moore String-Search Algorithm"
MEDIUM,Binary Tree Level Order Traversal,50.3,0.007329001297258806,https://leetcode.com/problems/binary-tree-level-order-traversal,"Tree, Breadth-First Search, Binary Tree"
MEDIUM,Binary Tree Zigzag Level Order Traversal,50.3,0.006432906491949339,https://leetcode.com/problems/binary-tree-zigzag-level-order-traversal,"Tree, Breadth-First Search, Binary Tree"
HARD,Sudoku Solver,49.6,0.00655862679929366,https://leetcode.com/problems/sudoku-solver,"Array, Hash Table, Backtracking, Matrix, Algorithm X, Dancing Links"
HARD,Candy,49.6,0.004904712937047853,https://leetcode.com/problems/candy,"Array, Greedy"
EASY,Single Number,49.6,0.007815796034783776,https://leetcode.com/problems/single-number,"Array, Bit Manipulation"
MEDIUM,Copy List with Random Pointer,49.6,0.006350924649997945,https://leetcode.com/problems/copy-list-with-random-pointer,"Hash Table, Linked List"
EASY,Rising Temperature,49.6,0.005193934311857248,https://leetcode.com/problems/rising-temperature,Database
MEDIUM,Design Authentication Manager,49.6,0.0058670256372037564,https://leetcode.com/problems/design-authentication-manager,"Hash Table, Linked List, Design, Doubly-Linked List"
MEDIUM,String to Integer (atoi),48.8,0.0021567182847849965,https://leetcode.com/problems/string-to-integer-atoi,String
MEDIUM,Unique Paths,48.8,0.006717320753484389,https://leetcode.com/problems/unique-paths,"Math, Dynamic Programming, Combinatorics"
EASY,Plus One,48.8,0.005045043128608226,https://leetcode.com/problems/plus-one,"Array, Math"
EASY,Add Binary,48.8,0.005848485275135622,https://leetcode.com/problems/add-binary,"Math, String, Bit Manipulation, Simulation"
EASY,Maximum Depth of Binary Tree,48.8,0.007852246638497637,https://leetcode.com/problems/maximum-depth-of-binary-tree,"Tree, Depth-First Search, Breadth-First Search, Binary Tree"
MEDIUM,Palindrome Partitioning,48.8,0.00745050600076674,https://leetcode.com/problems/palindrome-partitioning,"String, Dynamic Programming, Backtracking"
MEDIUM,Maximum Product Subarray,48.8,0.0036892267403277725,https://leetcode.com/problems/maximum-product-subarray,"Array, Dynamic Programming"
EASY,Isomorphic Strings,48.8,0.004892120770926258,https://leetcode.com/problems/isomorphic-strings,"Hash Table, String"
HARD,Basic Calculator,48.8,0.004711207001383739,https://leetcode.com/problems/basic-calculator,"Math, String, Stack, Recursion"
MEDIUM,Longest Increasing Subsequence,48.8,0.005984857536590311,https://leetcode.com/problems/longest-increasing-subsequence,"Array, Binary Search, Dynamic Programming, Longest Increasing Subsequence"
MEDIUM,String Compression,48.8,0.006060154441334584,https://leetcode.com/problems/string-compression,"Two Pointers, String"
MEDIUM,Permutation in String,48.8,0.0049521833278750906,https://leetcode.com/problems/permutation-in-string,"Hash Table, Two Pointers, String, Sliding Window"
HARD,Regular Expression Matching,48.0,0.00315764548557563,https://leetcode.com/problems/regular-expression-matching,"String, Dynamic Programming, Recursion"
MEDIUM,Divide Two Integers,48.0,0.0020225026488889927,https://leetcode.com/problems/divide-two-integers,"Math, Bit Manipulation"
HARD,Minimum Window Substring,48.0,0.004825493082709374,https://leetcode.com/problems/minimum-window-substring,"Hash Table, String, Sliding Window"
MEDIUM,Best Time to Buy and Sell Stock II,48.0,0.007150178723807184,https://leetcode.com/problems/best-time-to-buy-and-sell-stock-ii,"Array, Dynamic Programming, Greedy"
EASY,Linked List Cycle,48.0,0.005490608731594055,https://leetcode.com/problems/linked-list-cycle,"Hash Table, Linked List, Two Pointers, Floyd's Cycle Finding Algorithm"
HARD,Integer to English Words,48.0,0.0035162830678028894,https://leetcode.com/problems/integer-to-english-words,"Math, String, Recursion"
EASY,Intersection of Two Arrays,48.0,0.007820162182954305,https://leetcode.com/problems/intersection-of-two-arrays,"Array, Hash Table, Two Pointers, Binary Search, Sorting"
EASY,Fibonacci Number,48.0,0.007452186341263647,https://leetcode.com/problems/fibonacci-number,"Math, Dynamic Programming, Recursion, Memoization"
HARD,Longest Valid Parentheses,47.2,0.003950329548564074,https://leetcode.com/problems/longest-valid-parentheses,"String, Dynamic Programming, Stack, Bracket Sequences"
MEDIUM,Valid Sudoku,47.2,0.006495081112387079,https://leetcode.com/problems/valid-sudoku,"Array, Hash Table, Matrix"
MEDIUM,Validate Binary Search Tree,47.2,0.0036206319940006175,https://leetcode.com/problems/validate-binary-search-tree,"Tree, Depth-First Search, Binary Search Tree, Binary Tree"
MEDIUM,Find Minimum in Rotated Sorted Array,47.2,0.0055170616075949875,https://leetcode.com/problems/find-minimum-in-rotated-sorted-array,"Array, Binary Search"
MEDIUM,Two Sum II - Input Array Is Sorted,47.2,0.006568610332072161,https://leetcode.com/problems/two-sum-ii-input-array-is-sorted,"Array, Two Pointers, Binary Search"
MEDIUM,Minimum Size Subarray Sum,47.2,0.005261700277893023,https://leetcode.com/problems/minimum-size-subarray-sum,"Array, Binary Search, Sliding Window, Prefix Sum"
EASY,Contains Duplicate II,47.2,0.0051785098328470235,https://leetcode.com/problems/contains-duplicate-ii,"Array, Hash Table, Sliding Window"
MEDIUM,Decode String,47.2,0.006309047277825921,https://leetcode.com/problems/decode-string,"String, Stack, Recursion"
EASY,Ransom Note,47.2,0.006631441774509499,https://leetcode.com/problems/ransom-note,"Hash Table, String, Counting"
EASY,Sqrt(x),46.3,0.00422308241294214,https://leetcode.com/problems/sqrtx,"Math, Binary Search, Newton's Method"
MEDIUM,Edit Distance,46.3,0.006111943464226246,https://leetcode.com/problems/edit-distance,"String, Dynamic Programming"
EASY,Palindrome Linked List,46.3,0.0058607893924166096,https://leetcode.com/problems/palindrome-linked-list,"Linked List, Two Pointers, Stack, Recursion"
EASY,Middle of the Linked List,46.3,0.008227619749958613,https://leetcode.com/problems/middle-of-the-linked-list,"Linked List, Two Pointers"
MEDIUM,Frequency of the Most Frequent Element,46.3,0.004512506450952909,https://leetcode.com/problems/frequency-of-the-most-frequent-element,"Array, Binary Search, Greedy, Sliding Window, Sorting, Prefix Sum"
MEDIUM,Zigzag Conversion,45.4,0.005489179264677859,https://leetcode.com/problems/zigzag-conversion,String
HARD,Word Ladder,45.4,0.0046326219264349626,https://leetcode.com/problems/word-ladder,"Hash Table, String, Breadth-First Search, Bidirectional Search"
MEDIUM,Linked List Cycle II,45.4,0.005888487677185936,https://leetcode.com/problems/linked-list-cycle-ii,"Hash Table, Linked List, Two Pointers, Floyd's Cycle Finding Algorithm"
MEDIUM,Find the Duplicate Number,45.4,0.0064769336188518845,https://leetcode.com/problems/find-the-duplicate-number,"Array, Two Pointers, Binary Search, Bit Manipulation, Pigeonhole Principle, Floyd's Cycle Finding Algorithm"
MEDIUM,Insert Delete GetRandom O(1),45.4,0.00554863639630497,https://leetcode.com/problems/insert-delete-getrandom-o1,"Array, Hash Table, Math, Design, Randomized"
EASY,Next Greater Element I,45.4,0.00766840817058294,https://leetcode.com/problems/next-greater-element-i,"Array, Hash Table, Stack, Monotonic Stack"
MEDIUM,Longest Common Subsequence,45.4,0.005947673813115264,https://leetcode.com/problems/longest-common-subsequence,"String, Dynamic Programming, Longest Common Subsequence"
HARD,Wildcard Matching,44.4,0.003262356634547298,https://leetcode.com/problems/wildcard-matching,"String, Dynamic Programming, Greedy, Recursion"
EASY,Same Tree,44.4,0.006778334334887297,https://leetcode.com/problems/same-tree,"Tree, Depth-First Search, Breadth-First Search, Binary Tree"
MEDIUM,Largest Number,44.4,0.004358513856173169,https://leetcode.com/problems/largest-number,"Array, String, Greedy, Sorting"
MEDIUM,Next Greater Element II,44.4,0.006900565186766373,https://leetcode.com/problems/next-greater-element-ii,"Array, Stack, Monotonic Stack"
EASY,Binary Search,44.4,0.006130284997611573,https://leetcode.com/problems/binary-search,"Array, Binary Search"
MEDIUM,Number of Provinces,44.4,0.007093669837187868,https://leetcode.com/problems/number-of-provinces,"Depth-First Search, Breadth-First Search, Union-Find, Graph Theory"
HARD,Split Array Largest Sum,44.4,0.006119229640773564,https://leetcode.com/problems/split-array-largest-sum,"Array, Binary Search, Dynamic Programming, Greedy, Prefix Sum"
MEDIUM,Reorder Routes to Make All Paths Lead to the City Zero,44.4,0.0066090023414214615,https://leetcode.com/problems/reorder-routes-to-make-all-paths-lead-to-the-city-zero,"Depth-First Search, Breadth-First Search, Graph Theory"
MEDIUM,Swap Nodes in Pairs,43.4,0.007010500856735466,https://leetcode.com/problems/swap-nodes-in-pairs,"Linked List, Recursion"
MEDIUM,Odd Even Linked List,43.4,0.006273141482482893,https://leetcode.com/problems/odd-even-linked-list,Linked List
EASY,Reverse Vowels of a String,43.4,0.006208611912701759,https://leetcode.com/problems/reverse-vowels-of-a-string,"Two Pointers, String"
HARD,LFU Cache,43.4,0.0050029532509508244,https://leetcode.com/problems/lfu-cache,"Hash Table, Linked List, Design, Doubly-Linked List"
MEDIUM,Asteroid Collision,43.4,0.004876316393024784,https://leetcode.com/problems/asteroid-collision,"Array, Stack, Simulation"
EASY,Max Consecutive Ones,43.4,0.0065917832268794965,https://leetcode.com/problems/max-consecutive-ones,Array
MEDIUM,Minimum Operations to Reduce an Integer to 0,43.4,0.006317560635285427,https://leetcode.com/problems/minimum-operations-to-reduce-an-integer-to-0,"Dynamic Programming, Greedy, Bit Manipulation"
MEDIUM,Multiply Strings,42.3,0.004462404401044526,https://leetcode.com/problems/multiply-strings,"Math, String, Simulation"
EASY,Remove Duplicates from Sorted List,42.3,0.00573378338480924,https://leetcode.com/problems/remove-duplicates-from-sorted-list,Linked List
MEDIUM,Subsets II,42.3,0.0061826559340732,https://leetcode.com/problems/subsets-ii,"Array, Backtracking, Bit Manipulation"
MEDIUM,Reverse Linked List II,42.3,0.005217657509171903,https://leetcode.com/problems/reverse-linked-list-ii,Linked List
MEDIUM,Recover Binary Search Tree,42.3,0.006067054905516555,https://leetcode.com/problems/recover-binary-search-tree,"Tree, Depth-First Search, Binary Search Tree, Binary Tree"
EASY,Symmetric Tree,42.3,0.006182585242327735,https://leetcode.com/problems/symmetric-tree,"Tree, Depth-First Search, Breadth-First Search, Binary Tree"
HARD,Binary Tree Maximum Path Sum,42.3,0.004266475440835114,https://leetcode.com/problems/binary-tree-maximum-path-sum,"Dynamic Programming, Tree, Depth-First Search, Binary Tree, DP on Trees"
MEDIUM,Reorder List,42.3,0.006600058973491128,https://leetcode.com/problems/reorder-list,"Linked List, Two Pointers, Stack, Recursion"
EASY,Reverse String,42.3,0.008119741905072917,https://leetcode.com/problems/reverse-string,"Two Pointers, String"
EASY,Fizz Buzz,42.3,0.0075808353312077645,https://leetcode.com/problems/fizz-buzz,"Math, String, Simulation"
MEDIUM,Partition Equal Subset Sum,42.3,0.004989080444446374,https://leetcode.com/problems/partition-equal-subset-sum,"Array, Dynamic Programming, Knapsack Problem, 0-1 Knapsack"
MEDIUM,Task Scheduler,42.3,0.006363492940458064,https://leetcode.com/problems/task-scheduler,"Array, Hash Table, Greedy, Sorting, Heap (Priority Queue), Counting"
EASY,Article Views I,42.3,0.007681266240038428,https://leetcode.com/problems/article-views-i,Database
MEDIUM,Remove Duplicates from Sorted Array II,41.1,0.0065155686237386165,https://leetcode.com/problems/remove-duplicates-from-sorted-array-ii,"Array, Two Pointers"
HARD,Maximal Rectangle,41.1,0.0059595524837098394,https://leetcode.com/problems/maximal-rectangle,"Array, Dynamic Programming, Stack, Matrix, Monotonic Stack"
MEDIUM,Evaluate Reverse Polish Notation,41.1,0.0058488041692814265,https://leetcode.com/problems/evaluate-reverse-polish-notation,"Array, Math, Stack"
EASY,Excel Sheet Column Title,41.1,0.004729631691212344,https://leetcode.com/problems/excel-sheet-column-title,"Math, String"
MEDIUM,Kth Smallest Element in a BST,41.1,0.007721486715526714,https://leetcode.com/problems/kth-smallest-element-in-a-bst,"Tree, Depth-First Search, Binary Search Tree, Binary Tree"
MEDIUM,Search a 2D Matrix II,41.1,0.005790449222183378,https://leetcode.com/problems/search-a-2d-matrix-ii,"Array, Binary Search, Divide and Conquer, Matrix"
EASY,Missing Number,41.1,0.007251665417263012,https://leetcode.com/problems/missing-number,"Array, Hash Table, Math, Binary Search, Bit Manipulation, Sorting"
MEDIUM,Target Sum,41.1,0.005273122421032791,https://leetcode.com/problems/target-sum,"Array, Dynamic Programming, Backtracking, Knapsack Problem, 0-1 Knapsack"
EASY,Can Place Flowers,41.1,0.0029279948369358893,https://leetcode.com/problems/can-place-flowers,"Array, Greedy"
MEDIUM,Peak Index in a Mountain Array,41.1,0.006670385488718844,https://leetcode.com/problems/peak-index-in-a-mountain-array,"Array, Binary Search, Ternary Search"
MEDIUM,All Nodes Distance K in Binary Tree,41.1,0.006800106426821792,https://leetcode.com/problems/all-nodes-distance-k-in-binary-tree,"Hash Table, Tree, Depth-First Search, Breadth-First Search, Binary Tree"
MEDIUM,Online Stock Span,41.1,0.0069620510968522184,https://leetcode.com/problems/online-stock-span,"Stack, Design, Monotonic Stack, Data Stream"
EASY,Average Time of Process per Machine,41.1,0.006693236986635176,https://leetcode.com/problems/average-time-of-process-per-machine,Database
HARD,Subarrays with K Different Integers,41.1,0.006886168876439561,https://leetcode.com/problems/subarrays-with-k-different-integers,"Array, Hash Table, Sliding Window, Counting"
HARD,Minimum Difficulty of a Job Schedule,41.1,0.005980760254615025,https://leetcode.com/problems/minimum-difficulty-of-a-job-schedule,"Array, Dynamic Programming"
MEDIUM,Insert Interval,39.9,0.004581213795777891,https://leetcode.com/problems/insert-interval,Array
HARD,Best Time to Buy and Sell Stock III,39.9,0.005451233779338835,https://leetcode.com/problems/best-time-to-buy-and-sell-stock-iii,"Array, Dynamic Programming"
MEDIUM,Sort List,39.9,0.006518690021125599,https://leetcode.com/problems/sort-list,"Linked List, Two Pointers, Divide and Conquer, Sorting, Merge Sort"
EASY,Employees Earning More Than Their Managers,39.9,0.0073744450686214595,https://leetcode.com/problems/employees-earning-more-than-their-managers,Database
MEDIUM,House Robber II,39.9,0.004540396793908979,https://leetcode.com/problems/house-robber-ii,"Array, Dynamic Programming"
EASY,Implement Stack using Queues,39.9,0.0070542627780582024,https://leetcode.com/problems/implement-stack-using-queues,"Stack, Design, Queue"
EASY,Is Subsequence,39.9,0.0049341573820887545,https://leetcode.com/problems/is-subsequence,"Two Pointers, String, Dynamic Programming"
EASY,Flood Fill,39.9,0.00687874493834294,https://leetcode.com/problems/flood-fill,"Array, Depth-First Search, Breadth-First Search, Matrix"
MEDIUM,Capacity To Ship Packages Within D Days,39.9,0.007450837927194623,https://leetcode.com/problems/capacity-to-ship-packages-within-d-days,"Array, Binary Search"
MEDIUM,Majority Element II,39.9,0.005667188458266564,https://leetcode.com/problems/majority-element-ii,"Array, Hash Table, Sorting, Counting, Boyer–Moore Majority Vote Algorithm"
MEDIUM,Combination Sum II,38.6,0.0059972831947888,https://leetcode.com/problems/combination-sum-ii,"Array, Backtracking"
MEDIUM,Spiral Matrix II,38.6,0.00756615367409957,https://leetcode.com/problems/spiral-matrix-ii,"Array, Matrix, Simulation"
MEDIUM,Simplify Path,38.6,0.005122124583086863,https://leetcode.com/problems/simplify-path,"String, Stack"
EASY,Binary Tree Inorder Traversal,38.6,0.008051022703301937,https://leetcode.com/problems/binary-tree-inorder-traversal,"Stack, Tree, Depth-First Search, Binary Tree"
MEDIUM,Interleaving String,38.6,0.004457149134356134,https://leetcode.com/problems/interleaving-string,"String, Dynamic Programming"
EASY,Balanced Binary Tree,38.6,0.005900741417982952,https://leetcode.com/problems/balanced-binary-tree,"Tree, Depth-First Search, Binary Tree"
MEDIUM,H-Index,38.6,0.004178340534522178,https://leetcode.com/problems/h-index,"Array, Sorting, Counting Sort"
MEDIUM,Perfect Squares,38.6,0.0056804738036452754,https://leetcode.com/problems/perfect-squares,"Math, Dynamic Programming, Breadth-First Search, Knapsack Problem, Complete Knapsack"
EASY,First Unique Character in a String,38.6,0.006611194976843643,https://leetcode.com/problems/first-unique-character-in-a-string,"Hash Table, String, Queue, Counting"
MEDIUM,Find All Anagrams in a String,38.6,0.005432476761398598,https://leetcode.com/problems/find-all-anagrams-in-a-string,"Hash Table, String, Sliding Window"
EASY,Diameter of Binary Tree,38.6,0.006608644865917956,https://leetcode.com/problems/diameter-of-binary-tree,"Tree, Depth-First Search, Binary Tree, DP on Trees"
EASY,Set Mismatch,38.6,0.004336908153791977,https://leetcode.com/problems/set-mismatch,"Array, Hash Table, Bit Manipulation, Sorting"
MEDIUM,Reorganize String,38.6,0.005744914934148615,https://leetcode.com/problems/reorganize-string,"Hash Table, String, Greedy, Sorting, Heap (Priority Queue), Counting"
EASY,Greatest Common Divisor of Strings,38.6,0.0054275958437990665,https://leetcode.com/problems/greatest-common-divisor-of-strings,"Math, String, Euclidean Algorithm, Greatest Common Divisor"
EASY,Customer Who Visited but Did Not Make Any Transactions,38.6,0.006830277729529651,https://leetcode.com/problems/customer-who-visited-but-did-not-make-any-transactions,Database
EASY,Concatenation of Array,38.6,0.00900756132148634,https://leetcode.com/problems/concatenation-of-array,"Array, Simulation"
MEDIUM,3Sum Closest,38.6,0.004920551044725829,https://leetcode.com/problems/3sum-closest,"Array, Two Pointers, Sorting"
EASY,Final Prices With a Special Discount in a Shop,38.6,0.008429697356002474,https://leetcode.com/problems/final-prices-with-a-special-discount-in-a-shop,"Array, Stack, Monotonic Stack"
EASY,Count Binary Substrings,38.6,0.0070533933233594415,https://leetcode.com/problems/count-binary-substrings,"Two Pointers, String"
EASY,Length of Last Word,37.2,0.005951313158761853,https://leetcode.com/problems/length-of-last-word,String
MEDIUM,Construct Binary Tree from Preorder and Inorder Traversal,37.2,0.006938062472503299,https://leetcode.com/problems/construct-binary-tree-from-preorder-and-inorder-traversal,"Array, Hash Table, Divide and Conquer, Tree, Binary Tree"
EASY,Convert Sorted Array to Binary Search Tree,37.2,0.00759846432024721,https://leetcode.com/problems/convert-sorted-array-to-binary-search-tree,"Array, Divide and Conquer, Tree, Binary Search Tree, Binary Tree"
MEDIUM,Single Number II,37.2,0.0067672223527995455,https://leetcode.com/problems/single-number-ii,"Array, Bit Manipulation"
EASY,Intersection of Two Linked Lists,37.2,0.006446742010081502,https://leetcode.com/problems/intersection-of-two-linked-lists,"Hash Table, Linked List, Two Pointers"
EASY,Excel Sheet Column Number,37.2,0.006827420363854645,https://leetcode.com/problems/excel-sheet-column-number,"Math, String"
MEDIUM,Count Primes,37.2,0.003637089015656107,https://leetcode.com/problems/count-primes,"Array, Math, Enumeration, Number Theory, Primality Test, Sieve Theory, Prime Number Sieve"
MEDIUM,Implement Trie (Prefix Tree),37.2,0.006991493762135701,https://leetcode.com/problems/implement-trie-prefix-tree,"Hash Table, String, Design, Trie"
MEDIUM,Remove Duplicate Letters,37.2,0.005427941547695846,https://leetcode.com/problems/remove-duplicate-letters,"String, Stack, Greedy, Monotonic Stack"
MEDIUM,Design Tic-Tac-Toe,37.2,0.005875690354305425,https://leetcode.com/problems/design-tic-tac-toe,"Array, Hash Table, Design, Matrix, Simulation"
MEDIUM,Remove K Digits,37.2,0.003749084808606814,https://leetcode.com/problems/remove-k-digits,"String, Stack, Greedy, Monotonic Stack"
MEDIUM,Sort Characters By Frequency,37.2,0.00757102220228408,https://leetcode.com/problems/sort-characters-by-frequency,"Hash Table, String, Sorting, Heap (Priority Queue), Bucket Sort, Counting"
EASY,Assign Cookies,37.2,0.005541676547900806,https://leetcode.com/problems/assign-cookies,"Array, Two Pointers, Greedy, Sorting, Quicksort"
EASY,Big Countries,37.2,0.006875453690418995,https://leetcode.com/problems/big-countries,Database
MEDIUM,Palindromic Substrings,37.2,0.007312522584701131,https://leetcode.com/problems/palindromic-substrings,"Two Pointers, String, Dynamic Programming"
EASY,Running Sum of 1d Array,37.2,0.008707011670387486,https://leetcode.com/problems/running-sum-of-1d-array,"Array, Prefix Sum"
EASY,Check if Array Is Sorted and Rotated,37.2,0.005761119491314133,https://leetcode.com/problems/check-if-array-is-sorted-and-rotated,Array
EASY,Valid Palindrome II,37.2,0.004461402405485885,https://leetcode.com/problems/valid-palindrome-ii,"Two Pointers, String, Greedy"
EASY,Product Sales Analysis I,37.2,0.008610245747496754,https://leetcode.com/problems/product-sales-analysis-i,Database
EASY,Average Selling Price,37.2,0.0037748196935933442,https://leetcode.com/problems/average-selling-price,Database
EASY,Find Customer Referee,37.2,0.007335326369553356,https://leetcode.com/problems/find-customer-referee,Database
MEDIUM,Diagonal Traverse,37.2,0.006736865468671831,https://leetcode.com/problems/diagonal-traverse,"Array, Matrix, Simulation"
HARD,Special Binary String,37.2,0.007943574057109139,https://leetcode.com/problems/special-binary-string,"String, Divide and Conquer, Sorting"
MEDIUM,Rotate List,35.6,0.004311411150238861,https://leetcode.com/problems/rotate-list,"Linked List, Two Pointers"
MEDIUM,Triangle,35.6,0.005991279655134909,https://leetcode.com/problems/triangle,"Array, Dynamic Programming"
MEDIUM,Binary Tree Right Side View,35.6,0.007097968141694821,https://leetcode.com/problems/binary-tree-right-side-view,"Tree, Depth-First Search, Breadth-First Search, Binary Tree"
HARD,Word Search II,35.6,0.0038787500694886256,https://leetcode.com/problems/word-search-ii,"Array, String, Backtracking, Trie, Matrix"
MEDIUM,Basic Calculator II,35.6,0.004708543633336923,https://leetcode.com/problems/basic-calculator-ii,"Math, String, Stack"
EASY,Implement Queue using Stacks,35.6,0.007023141135749349,https://leetcode.com/problems/implement-queue-using-stacks,"Stack, Design, Queue"
MEDIUM,Delete Node in a Linked List,35.6,0.008429265370780363,https://leetcode.com/problems/delete-node-in-a-linked-list,Linked List
MEDIUM,Managers with at Least 5 Direct Reports,35.6,0.004939574200749959,https://leetcode.com/problems/managers-with-at-least-5-direct-reports,Database
MEDIUM,Sum of Subarray Minimums,35.6,0.0038950058234631466,https://leetcode.com/problems/sum-of-subarray-minimums,"Array, Dynamic Programming, Stack, Monotonic Stack"
EASY,Replace Employee ID With The Unique Identifier,35.6,0.008375611105986532,https://leetcode.com/problems/replace-employee-id-with-the-unique-identifier,Database
EASY,Create a DataFrame from List,35.6,0.008087149658192011,https://leetcode.com/problems/create-a-dataframe-from-list,
MEDIUM,Find K Closest Elements,35.6,0.0050012714056485484,https://leetcode.com/problems/find-k-closest-elements,"Array, Two Pointers, Binary Search, Sliding Window, Sorting, Heap (Priority Queue)"
EASY,Add Digits,35.6,0.006923318391082473,https://leetcode.com/problems/add-digits,"Math, Simulation, Number Theory"
HARD,Making A Large Island,35.6,0.005708577773167518,https://leetcode.com/problems/making-a-large-island,"Array, Depth-First Search, Breadth-First Search, Union-Find, Matrix"
EASY,Employee Bonus,35.6,0.00779128403669051,https://leetcode.com/problems/employee-bonus,Database
MEDIUM,Count Good Numbers,35.6,0.005799126996277226,https://leetcode.com/problems/count-good-numbers,"Math, Recursion"
MEDIUM,Digit Operations to Make Two Integers Equal,35.6,0.0030944150835594915,https://leetcode.com/problems/digit-operations-to-make-two-integers-equal,"Math, Graph Theory, Heap (Priority Queue), Number Theory, Shortest Path"
EASY,Valid Word,35.6,0.005084752246113829,https://leetcode.com/problems/valid-word,String
HARD,Text Justification,33.9,0.005189781309297195,https://leetcode.com/problems/text-justification,"Array, String, Simulation"
MEDIUM,Populating Next Right Pointers in Each Node,33.9,0.006763884163754266,https://leetcode.com/problems/populating-next-right-pointers-in-each-node,"Linked List, Tree, Depth-First Search, Breadth-First Search, Binary Tree"
MEDIUM,Second Highest Salary,33.9,0.004798854790554549,https://leetcode.com/problems/second-highest-salary,Database
HARD,Shortest Palindrome,33.9,0.004295031470576048,https://leetcode.com/problems/shortest-palindrome,"String, Rolling Hash, String Matching, Hash Function, Manacher, Z Algorithm, Knuth–Morris–Pratt Algorithm"
MEDIUM,Lowest Common Ancestor of a Binary Search Tree,33.9,0.007119584695676382,https://leetcode.com/problems/lowest-common-ancestor-of-a-binary-search-tree,"Tree, Depth-First Search, Binary Search Tree, Binary Tree, Binary Lifting, Lowest Common Ancestor"
MEDIUM,Accounts Merge,33.9,0.006188999215268161,https://leetcode.com/problems/accounts-merge,"Array, Hash Table, String, Depth-First Search, Breadth-First Search, Union-Find, Sorting"
MEDIUM,Design Linked List,33.9,0.0030677102559575715,https://leetcode.com/problems/design-linked-list,"Linked List, Design"
MEDIUM,Sort an Array,33.9,0.005579245273375482,https://leetcode.com/problems/sort-an-array,"Array, Divide and Conquer, Sorting, Heap (Priority Queue), Merge Sort, Bucket Sort, Radix Sort, Counting Sort"
EASY,Squares of a Sorted Array,33.9,0.007406496006956812,https://leetcode.com/problems/squares-of-a-sorted-array,"Array, Two Pointers, Sorting"
MEDIUM,Time Based Key-Value Store,33.9,0.005012846207215244,https://leetcode.com/problems/time-based-key-value-store,"Hash Table, String, Binary Search, Design"
MEDIUM,Design Memory Allocator,33.9,0.005055772660014417,https://leetcode.com/problems/design-memory-allocator,"Array, Hash Table, Design, Simulation"
EASY,Two Sum IV - Input is a BST,33.9,0.006361461104037718,https://leetcode.com/problems/two-sum-iv-input-is-a-bst,"Hash Table, Two Pointers, Tree, Depth-First Search, Breadth-First Search, Binary Search Tree, Binary Tree"
MEDIUM,Maximal Square,33.9,0.005074676659393479,https://leetcode.com/problems/maximal-square,"Array, Dynamic Programming, Matrix"
MEDIUM,Minimum Number of Days to Make m Bouquets,33.9,0.005705229093352668,https://leetcode.com/problems/minimum-number-of-days-to-make-m-bouquets,"Array, Binary Search"
MEDIUM,Increasing Triplet Subsequence,33.9,0.003958444018812339,https://leetcode.com/problems/increasing-triplet-subsequence,"Array, Greedy, Longest Increasing Subsequence"
MEDIUM,Maximum Points You Can Obtain from Cards,33.9,0.005824683388650974,https://leetcode.com/problems/maximum-points-you-can-obtain-from-cards,"Array, Sliding Window, Prefix Sum"
MEDIUM,Design Circular Queue,33.9,0.005521272128251863,https://leetcode.com/problems/design-circular-queue,"Array, Linked List, Design, Queue"
MEDIUM,Count Paths With the Given XOR Value,33.9,0.0040550532596361506,https://leetcode.com/problems/count-paths-with-the-given-xor-value,"Array, Dynamic Programming, Bit Manipulation, Matrix"
EASY,Backspace String Compare,33.9,0.00501727156043414,https://leetcode.com/problems/backspace-string-compare,"Two Pointers, String, Stack, Simulation"
MEDIUM,Maximum Number of Events That Can Be Attended,33.9,0.0039056367849819103,https://leetcode.com/problems/maximum-number-of-events-that-can-be-attended,"Array, Greedy, Sorting, Heap (Priority Queue)"
HARD,Count Palindromic Subsequences,33.9,0.004186745946693399,https://leetcode.com/problems/count-palindromic-subsequences,"String, Dynamic Programming"
HARD,Count the Number of Infection Sequences,33.9,0.0038393453573814297,https://leetcode.com/problems/count-the-number-of-infection-sequences,"Array, Math, Combinatorics, Fermat's Little Theorem"
MEDIUM,Longest Palindromic Subsequence,33.9,0.0065803966173144145,https://leetcode.com/problems/longest-palindromic-subsequence,"String, Dynamic Programming"
MEDIUM,Permutations II,32.1,0.006400897031031544,https://leetcode.com/problems/permutations-ii,"Array, Backtracking, Sorting"
MEDIUM,Decode Ways,32.1,0.0038445804400976903,https://leetcode.com/problems/decode-ways,"String, Dynamic Programming"
EASY,Path Sum,32.1,0.005551584567794654,https://leetcode.com/problems/path-sum,"Tree, Depth-First Search, Breadth-First Search, Binary Tree"
MEDIUM,Path Sum II,32.1,0.006274185486667891,https://leetcode.com/problems/path-sum-ii,"Backtracking, Tree, Depth-First Search, Binary Tree"
HARD,Distinct Subsequences,32.1,0.005239512364502914,https://leetcode.com/problems/distinct-subsequences,"String, Dynamic Programming"
EASY,Remove Linked List Elements,32.1,0.005521374962345806,https://leetcode.com/problems/remove-linked-list-elements,"Linked List, Recursion"
EASY,Power of Two,32.1,0.0050421381641461375,https://leetcode.com/problems/power-of-two,"Math, Bit Manipulation, Recursion"
EASY,Counting Bits,32.1,0.008077756069559055,https://leetcode.com/problems/counting-bits,"Dynamic Programming, Bit Manipulation"
EASY,Valid Perfect Square,32.1,0.004513254554787149,https://leetcode.com/problems/valid-perfect-square,"Math, Binary Search"
MEDIUM,Battleships in a Board,32.1,0.0077730257245265865,https://leetcode.com/problems/battleships-in-a-board,"Array, Depth-First Search, Matrix"
EASY,Arranging Coins,32.1,0.0048503700938677145,https://leetcode.com/problems/arranging-coins,"Math, Binary Search"
MEDIUM,Find All Duplicates in an Array,32.1,0.007710565462447662,https://leetcode.com/problems/find-all-duplicates-in-an-array,"Array, Hash Table, Sorting"
HARD,Reverse Pairs,32.1,0.003498657680874901,https://leetcode.com/problems/reverse-pairs,"Array, Binary Search, Divide and Conquer, Binary Indexed Tree, Segment Tree, Merge Sort, Ordered Set, Treap"
HARD,IPO,32.1,0.005372791707017313,https://leetcode.com/problems/ipo,"Array, Greedy, Sorting, Heap (Priority Queue)"
EASY,Maximum Average Subarray I,32.1,0.004890197128141376,https://leetcode.com/problems/maximum-average-subarray-i,"Array, Sliding Window"
EASY,Find Pivot Index,32.1,0.006359856131998152,https://leetcode.com/problems/find-pivot-index,"Array, Prefix Sum"
MEDIUM,Insert into a Binary Search Tree,32.1,0.007361381552086932,https://leetcode.com/problems/insert-into-a-binary-search-tree,"Tree, Binary Search Tree, Binary Tree"
EASY,Design HashMap,32.1,0.006675582962216989,https://leetcode.com/problems/design-hashmap,"Array, Hash Table, Linked List, Design, Hash Function"
MEDIUM,Minimum Falling Path Sum,32.1,0.006084639593348092,https://leetcode.com/problems/minimum-falling-path-sum,"Array, Dynamic Programming, Matrix"
MEDIUM,Subarray Sums Divisible by K,32.1,0.0056643242377316175,https://leetcode.com/problems/subarray-sums-divisible-by-k,"Array, Hash Table, Prefix Sum"
HARD,Vertical Order Traversal of a Binary Tree,32.1,0.005452699348666497,https://leetcode.com/problems/vertical-order-traversal-of-a-binary-tree,"Hash Table, Tree, Depth-First Search, Breadth-First Search, Sorting, Binary Tree"
HARD,Shortest Common Supersequence ,32.1,0.006226732603996745,https://leetcode.com/problems/shortest-common-supersequence,"String, Dynamic Programming, Longest Common Subsequence"
EASY,Shuffle the Array,32.1,0.008869461172012812,https://leetcode.com/problems/shuffle-the-array,Array
EASY,Find if Path Exists in Graph,32.1,0.005570838621028978,https://leetcode.com/problems/find-if-path-exists-in-graph,"Depth-First Search, Breadth-First Search, Union-Find, Graph Theory"
MEDIUM,Fruit Into Baskets,32.1,0.005215365119010584,https://leetcode.com/problems/fruit-into-baskets,"Array, Hash Table, Sliding Window"
EASY,Meeting Rooms,32.1,0.005952694148386923,https://leetcode.com/problems/meeting-rooms,"Array, Sorting, Quicksort"
MEDIUM,Rank Scores,32.1,0.006854024677836279,https://leetcode.com/problems/rank-scores,Database
MEDIUM,Maximum Width of Binary Tree,32.1,0.004597522096945749,https://leetcode.com/problems/maximum-width-of-binary-tree,"Tree, Depth-First Search, Breadth-First Search, Binary Tree"
HARD,Maximum Profit in Job Scheduling,32.1,0.0054812066905163956,https://leetcode.com/problems/maximum-profit-in-job-scheduling,"Array, Binary Search, Dynamic Programming, Sorting"
MEDIUM,Longest Substring with At Least K Repeating Characters,32.1,0.004656576149080542,https://leetcode.com/problems/longest-substring-with-at-least-k-repeating-characters,"Hash Table, String, Divide and Conquer, Sliding Window"
EASY,Minimum Absolute Difference,32.1,0.007518442569249718,https://leetcode.com/problems/minimum-absolute-difference,"Array, Sorting"
HARD,Minimum Operations to Make Array Equal to Target,32.1,0.004168299066651303,https://leetcode.com/problems/minimum-operations-to-make-array-equal-to-target,"Array, Dynamic Programming, Stack, Greedy, Monotonic Stack"
MEDIUM,Remove Duplicates from Sorted List II,30.0,0.00523540931174912,https://leetcode.com/problems/remove-duplicates-from-sorted-list-ii,"Linked List, Two Pointers"
MEDIUM,Design Add and Search Words Data Structure,30.0,0.004888529552333917,https://leetcode.com/problems/design-add-and-search-words-data-structure,"String, Depth-First Search, Design, Trie"
EASY,Add Strings,30.0,0.00522192666185936,https://leetcode.com/problems/add-strings,"Math, String, Simulation"
MEDIUM,Contiguous Array,30.0,0.0052083122294663865,https://leetcode.com/problems/contiguous-array,"Array, Hash Table, Prefix Sum"
MEDIUM,Max Area of Island,30.0,0.007418586686657869,https://leetcode.com/problems/max-area-of-island,"Array, Depth-First Search, Breadth-First Search, Union-Find, Matrix"
MEDIUM,Cheapest Flights Within K Stops,30.0,0.004241504506485694,https://leetcode.com/problems/cheapest-flights-within-k-stops,"Dynamic Programming, Depth-First Search, Breadth-First Search, Graph Theory, Heap (Priority Queue), Shortest Path"
EASY,Transpose Matrix,30.0,0.007706208674875508,https://leetcode.com/problems/transpose-matrix,"Array, Matrix, Simulation"
MEDIUM,Monthly Transactions I,30.0,0.005968962827502794,https://leetcode.com/problems/monthly-transactions-i,Database
EASY,Kth Missing Positive Number,30.0,0.006382801417311815,https://leetcode.com/problems/kth-missing-positive-number,"Array, Binary Search"
EASY,Counter,30.0,0.008244050041307157,https://leetcode.com/problems/counter,
EASY,To Be Or Not To Be,30.0,0.006341087847188918,https://leetcode.com/problems/to-be-or-not-to-be,
HARD,N-Queens II,30.0,0.007919379764521018,https://leetcode.com/problems/n-queens-ii,"Backtracking, Algorithm X"
MEDIUM,Longest Substring with At Most K Distinct Characters,30.0,0.005009995005595468,https://leetcode.com/problems/longest-substring-with-at-most-k-distinct-characters,"Hash Table, String, Sliding Window"
MEDIUM,Angle Between Hands of a Clock,30.0,0.006987941494851849,https://leetcode.com/problems/angle-between-hands-of-a-clock,Math
HARD,All O`one Data Structure,30.0,0.004446828603783362,https://leetcode.com/problems/all-oone-data-structure,"Hash Table, Linked List, Design, Doubly-Linked List"
MEDIUM,Game of Life,30.0,0.007294289389465494,https://leetcode.com/problems/game-of-life,"Array, Matrix, Simulation"
MEDIUM,Game Play Analysis IV,30.0,0.004211084862741984,https://leetcode.com/problems/game-play-analysis-iv,Database
HARD,Number of Visible People in a Queue,30.0,0.007346109899241716,https://leetcode.com/problems/number-of-visible-people-in-a-queue,"Array, Stack, Monotonic Stack"
HARD,Count of Smaller Numbers After Self,30.0,0.004392837515135026,https://leetcode.com/problems/count-of-smaller-numbers-after-self,"Array, Binary Search, Divide and Conquer, Binary Indexed Tree, Segment Tree, Merge Sort, Ordered Set, Treap"
EASY,Find Missing and Repeated Values,30.0,0.008297247484801446,https://leetcode.com/problems/find-missing-and-repeated-values,"Array, Hash Table, Math, Matrix"
EASY,Rotate String,30.0,0.006666955374631898,https://leetcode.com/problems/rotate-string,"String, String Matching"
MEDIUM,Friend Requests II: Who Has the Most Friends,30.0,0.006340528029711764,https://leetcode.com/problems/friend-requests-ii-who-has-the-most-friends,Database
HARD,Bus Routes,30.0,0.004749635960401232,https://leetcode.com/problems/bus-routes,"Array, Hash Table, Breadth-First Search"
HARD,Sliding Window Median,30.0,0.003908063269758123,https://leetcode.com/problems/sliding-window-median,"Array, Hash Table, Sliding Window, Heap (Priority Queue), Treap"
MEDIUM,Bitwise ORs of Subarrays,30.0,0.0056961455594127285,https://leetcode.com/problems/bitwise-ors-of-subarrays,"Array, Dynamic Programming, Bit Manipulation"
MEDIUM,Smallest String With Swaps,30.0,0.006093159052426693,https://leetcode.com/problems/smallest-string-with-swaps,"Array, Hash Table, String, Depth-First Search, Breadth-First Search, Union-Find, Sorting"
MEDIUM,Maximum Number of Alloys,30.0,0.004113267190981281,https://leetcode.com/problems/maximum-number-of-alloys,"Array, Binary Search"
EASY,Minimum Value to Get Positive Step by Step Sum,30.0,0.006482903734876381,https://leetcode.com/problems/minimum-value-to-get-positive-step-by-step-sum,"Array, Prefix Sum"
HARD,Substring with Concatenation of All Words,27.7,0.0035003467062902434,https://leetcode.com/problems/substring-with-concatenation-of-all-words,"Hash Table, String, Sliding Window"
MEDIUM,Combinations,27.7,0.007502156672214686,https://leetcode.com/problems/combinations,Backtracking
MEDIUM,Search in Rotated Sorted Array II,27.7,0.00404459926029525,https://leetcode.com/problems/search-in-rotated-sorted-array-ii,"Array, Binary Search"
MEDIUM,Construct Binary Tree from Inorder and Postorder Traversal,27.7,0.00693917578820311,https://leetcode.com/problems/construct-binary-tree-from-inorder-and-postorder-traversal,"Array, Hash Table, Divide and Conquer, Tree, Binary Tree"
MEDIUM,Flatten Binary Tree to Linked List,27.7,0.007132474376299099,https://leetcode.com/problems/flatten-binary-tree-to-linked-list,"Linked List, Stack, Tree, Depth-First Search, Binary Tree"
HARD,Word Ladder II,27.7,0.0027962682264301964,https://leetcode.com/problems/word-ladder-ii,"Hash Table, String, Backtracking, Breadth-First Search, Bidirectional Search"
MEDIUM,Surrounded Regions,27.7,0.004606745908117994,https://leetcode.com/problems/surrounded-regions,"Array, Depth-First Search, Breadth-First Search, Union-Find, Matrix"
MEDIUM,Clone Graph,27.7,0.006597999735064248,https://leetcode.com/problems/clone-graph,"Hash Table, Depth-First Search, Breadth-First Search, Graph Theory"
EASY,Invert Binary Tree,27.7,0.008036548249024777,https://leetcode.com/problems/invert-binary-tree,"Tree, Depth-First Search, Breadth-First Search, Binary Tree"
MEDIUM,Kth Smallest Element in a Sorted Matrix,27.7,0.006496157537102983,https://leetcode.com/problems/kth-smallest-element-in-a-sorted-matrix,"Array, Binary Search, Sorting, Heap (Priority Queue), Matrix"
MEDIUM,Non-overlapping Intervals,27.7,0.005756999034760687,https://leetcode.com/problems/non-overlapping-intervals,"Array, Dynamic Programming, Greedy, Sorting"
MEDIUM,Path Sum III,27.7,0.004658917248768188,https://leetcode.com/problems/path-sum-iii,"Tree, Depth-First Search, Binary Tree"
MEDIUM,Add Two Numbers II,27.7,0.006294734877635025,https://leetcode.com/problems/add-two-numbers-ii,"Linked List, Math, Stack"
MEDIUM,Coin Change II,27.7,0.005930276965082515,https://leetcode.com/problems/coin-change-ii,"Array, Dynamic Programming, Knapsack Problem, Complete Knapsack"
MEDIUM,Find Eventual Safe States,27.7,0.007142286525319057,https://leetcode.com/problems/find-eventual-safe-states,"Depth-First Search, Breadth-First Search, Graph Theory, Topological Sort, Kosaraju's Algorithm, Tarjan's SCC Algorithm"
EASY,Rectangle Overlap,27.7,0.004698221857237491,https://leetcode.com/problems/rectangle-overlap,"Math, Geometry"
MEDIUM,Car Fleet,27.7,0.005556909106303712,https://leetcode.com/problems/car-fleet,"Array, Stack, Sorting, Monotonic Stack"
MEDIUM,Random Pick with Weight,27.7,0.004921193509565506,https://leetcode.com/problems/random-pick-with-weight,"Array, Math, Binary Search, Prefix Sum, Randomized"
MEDIUM,Longest Happy String,27.7,0.00655384955649198,https://leetcode.com/problems/longest-happy-string,"String, Greedy, Heap (Priority Queue)"
EASY,Unique Number of Occurrences,27.7,0.007885875474706735,https://leetcode.com/problems/unique-number-of-occurrences,"Array, Hash Table"
EASY,Kids With the Greatest Number of Candies,27.7,0.008800511294138195,https://leetcode.com/problems/kids-with-the-greatest-number-of-candies,Array
MEDIUM,Sum of Beauty of All Substrings,27.7,0.0074673549849516765,https://leetcode.com/problems/sum-of-beauty-of-all-substrings,"Hash Table, String, Counting"
MEDIUM,Encode and Decode Strings,27.7,0.005185191253965341,https://leetcode.com/problems/encode-and-decode-strings,"Array, String, Design"
MEDIUM,Count Number of Nice Subarrays,27.7,0.007563641154728967,https://leetcode.com/problems/count-number-of-nice-subarrays,"Array, Hash Table, Math, Sliding Window, Prefix Sum"
EASY,Invalid Tweets,27.7,0.008521907306237288,https://leetcode.com/problems/invalid-tweets,Database
MEDIUM,Longest Subarray of 1's After Deleting One Element,27.7,0.007148314463155756,https://leetcode.com/problems/longest-subarray-of-1s-after-deleting-one-element,"Array, Dynamic Programming, Sliding Window"
MEDIUM,Shortest Path in Binary Matrix,27.7,0.005205251240929667,https://leetcode.com/problems/shortest-path-in-binary-matrix,"Array, Breadth-First Search, Matrix"
EASY,Number of Good Pairs,27.7,0.008991139771804152,https://leetcode.com/problems/number-of-good-pairs,"Array, Hash Table, Math, Counting"
HARD,Contains Duplicate III,27.7,0.0025087528351574752,https://leetcode.com/problems/contains-duplicate-iii,"Array, Sliding Window, Sorting, Bucket Sort, Ordered Set"
HARD,Minimum Cost to Equalize Array,27.7,0.0018831622808244079,https://leetcode.com/problems/minimum-cost-to-equalize-array,"Array, Greedy, Enumeration"
MEDIUM,Confirmation Rate,27.7,0.006254299455292268,https://leetcode.com/problems/confirmation-rate,Database
MEDIUM,Number of Substrings Containing All Three Characters,27.7,0.00744002928978337,https://leetcode.com/problems/number-of-substrings-containing-all-three-characters,"Hash Table, String, Sliding Window"
MEDIUM,Nth Highest Salary,27.7,0.003990517424491866,https://leetcode.com/problems/nth-highest-salary,Database
EASY,Duplicate Emails,27.7,0.007419650128619686,https://leetcode.com/problems/duplicate-emails,Database
MEDIUM,House Robber IV,27.7,0.0064572015593247715,https://leetcode.com/problems/house-robber-iv,"Array, Binary Search, Dynamic Programming, Greedy"
EASY,The Number of Employees Which Report to Each Employee,27.7,0.005373213231708882,https://leetcode.com/problems/the-number-of-employees-which-report-to-each-employee,Database
EASY,Maximum Ascending Subarray Sum,27.7,0.0066284610165643805,https://leetcode.com/problems/maximum-ascending-subarray-sum,Array
EASY,Jewels and Stones,27.7,0.00896348382173113,https://leetcode.com/problems/jewels-and-stones,"Hash Table, String"
MEDIUM,Partition Array According to Given Pivot,27.7,0.009075473293263891,https://leetcode.com/problems/partition-array-according-to-given-pivot,"Array, Two Pointers, Simulation"
HARD,String Compression II,27.7,0.005220616870472778,https://leetcode.com/problems/string-compression-ii,"String, Dynamic Programming"
MEDIUM,Word Subsets,27.7,0.005598904759617293,https://leetcode.com/problems/word-subsets,"Array, Hash Table, String"
EASY,Find All Numbers Disappeared in an Array,27.7,0.006453708283817394,https://leetcode.com/problems/find-all-numbers-disappeared-in-an-array,"Array, Hash Table"
EASY,Customers Who Never Order,27.7,0.0072227393477675254,https://leetcode.com/problems/customers-who-never-order,Database
EASY,Maximum Unique Subarray Sum After Deletion,27.7,0.004055295795955873,https://leetcode.com/problems/maximum-unique-subarray-sum-after-deletion,"Array, Hash Table, Greedy"
HARD,24 Game,27.7,0.005962356589998353,https://leetcode.com/problems/24-game,"Array, Math, Backtracking"
EASY,Classes With at Least 5 Students,27.7,0.006463017574273751,https://leetcode.com/problems/classes-with-at-least-5-students,Database
MEDIUM,Partition List,25.1,0.006184155901085583,https://leetcode.com/problems/partition-list,"Linked List, Two Pointers"
EASY,Minimum Depth of Binary Tree,25.1,0.00535804631518325,https://leetcode.com/problems/minimum-depth-of-binary-tree,"Tree, Depth-First Search, Breadth-First Search, Binary Tree"
MEDIUM,Populating Next Right Pointers in Each Node II,25.1,0.005803792058693432,https://leetcode.com/problems/populating-next-right-pointers-in-each-node-ii,"Linked List, Tree, Depth-First Search, Breadth-First Search, Binary Tree"
MEDIUM,Consecutive Numbers,25.1,0.004908367839167957,https://leetcode.com/problems/consecutive-numbers,Database
HARD,Department Top Three Salaries,25.1,0.006139915399752801,https://leetcode.com/problems/department-top-three-salaries,Database
MEDIUM,Repeated DNA Sequences,25.1,0.0053823337922067616,https://leetcode.com/problems/repeated-dna-sequences,"Hash Table, String, Bit Manipulation, Sliding Window, Rolling Hash, Hash Function, Z Algorithm, Boyer–Moore String-Search Algorithm"
MEDIUM,Count Complete Tree Nodes,25.1,0.007287330718106511,https://leetcode.com/problems/count-complete-tree-nodes,"Binary Search, Bit Manipulation, Tree, Binary Tree"
EASY,First Bad Version,25.1,0.004751373025743808,https://leetcode.com/problems/first-bad-version,"Binary Search, Interactive"
EASY,Nim Game,25.1,0.006032964724702435,https://leetcode.com/problems/nim-game,"Math, Brainteaser, Minimax, Game Theory, Nim Game, Impartial Game"
HARD,Burst Balloons,25.1,0.006419256722731394,https://leetcode.com/problems/burst-balloons,"Array, Dynamic Programming"
HARD,Russian Doll Envelopes,25.1,0.0038121966528496766,https://leetcode.com/problems/russian-doll-envelopes,"Array, Binary Search, Dynamic Programming, Sorting, Longest Increasing Subsequence"
MEDIUM,Largest Divisible Subset,25.1,0.005000358898220243,https://leetcode.com/problems/largest-divisible-subset,"Array, Math, Dynamic Programming, Sorting"
MEDIUM,Delete Node in a BST,25.1,0.005525734294463449,https://leetcode.com/problems/delete-node-in-a-bst,"Tree, Binary Search Tree, Binary Tree"
MEDIUM,Minimum Time Difference,25.1,0.006268180680812973,https://leetcode.com/problems/minimum-time-difference,"Array, Math, String, Sorting"
MEDIUM,01 Matrix,25.1,0.005472596192258154,https://leetcode.com/problems/01-matrix,"Array, Dynamic Programming, Breadth-First Search, Matrix"
MEDIUM,Valid Parenthesis String,25.1,0.004040377441019261,https://leetcode.com/problems/valid-parenthesis-string,"String, Dynamic Programming, Stack, Greedy, Bracket Sequences"
EASY,Min Cost Climbing Stairs,25.1,0.006863482593276317,https://leetcode.com/problems/min-cost-climbing-stairs,"Array, Dynamic Programming"
EASY,Kth Largest Element in a Stream,25.1,0.006147275365308256,https://leetcode.com/problems/kth-largest-element-in-a-stream,"Tree, Design, Binary Search Tree, Heap (Priority Queue), Binary Tree, Data Stream"
MEDIUM,Is Graph Bipartite?,25.1,0.005977211296992278,https://leetcode.com/problems/is-graph-bipartite,"Depth-First Search, Breadth-First Search, Union-Find, Graph Theory, Graph Coloring, Bipartite Graph"
MEDIUM,Snakes and Ladders,25.1,0.00482342869463926,https://leetcode.com/problems/snakes-and-ladders,"Array, Breadth-First Search, Matrix"
MEDIUM,Binary Subarrays With Sum,25.1,0.006966225962257827,https://leetcode.com/problems/binary-subarrays-with-sum,"Array, Hash Table, Sliding Window, Prefix Sum"
MEDIUM,Maximum Width Ramp,25.1,0.0055930835644557265,https://leetcode.com/problems/maximum-width-ramp,"Array, Two Pointers, Stack, Monotonic Stack"
EASY,Remove Outermost Parentheses,25.1,0.008739021486965193,https://leetcode.com/problems/remove-outermost-parentheses,"String, Stack, Bracket Sequences"
EASY,Remove All Adjacent Duplicates In String,25.1,0.007386801148329582,https://leetcode.com/problems/remove-all-adjacent-duplicates-in-string,"String, Stack"
MEDIUM,Remove All Adjacent Duplicates in String II,25.1,0.006175710558084819,https://leetcode.com/problems/remove-all-adjacent-duplicates-in-string-ii,"String, Stack"
MEDIUM,Minimum Remove to Make Valid Parentheses,25.1,0.0071570266116854075,https://leetcode.com/problems/minimum-remove-to-make-valid-parentheses,"String, Stack"
EASY,Students and Examinations,25.1,0.006177261698803488,https://leetcode.com/problems/students-and-examinations,Database
HARD,Count Subarrays With Fixed Bounds,25.1,0.006917437440700361,https://leetcode.com/problems/count-subarrays-with-fixed-bounds,"Array, Queue, Sliding Window, Monotonic Queue"
HARD,Longest Path With Different Adjacent Characters,25.1,0.005401354750872632,https://leetcode.com/problems/longest-path-with-different-adjacent-characters,"Array, String, Tree, Depth-First Search, Graph Theory, Topological Sort"
EASY,Primary Department for Each Employee,25.1,0.0075139611383108935,https://leetcode.com/problems/primary-department-for-each-employee,Database
EASY,Range Sum Query - Immutable,25.1,0.007316425936310673,https://leetcode.com/problems/range-sum-query-immutable,"Array, Design, Prefix Sum"
MEDIUM,Immediate Food Delivery II,25.1,0.005673569612006866,https://leetcode.com/problems/immediate-food-delivery-ii,Database
MEDIUM,Binary Search Tree Iterator,25.1,0.007688335090086719,https://leetcode.com/problems/binary-search-tree-iterator,"Stack, Tree, Design, Binary Search Tree, Binary Tree, Iterator"
MEDIUM,Boundary of Binary Tree,25.1,0.004818242670596554,https://leetcode.com/problems/boundary-of-binary-tree,"Tree, Depth-First Search, Binary Tree"
MEDIUM,Compare Version Numbers,25.1,0.004686023999597036,https://leetcode.com/problems/compare-version-numbers,"Two Pointers, String"
MEDIUM,Search Suggestions System,25.1,0.006523510779196843,https://leetcode.com/problems/search-suggestions-system,"Array, String, Binary Search, Trie, Sorting, Heap (Priority Queue)"
MEDIUM,Longest Nice Subarray,25.1,0.0064783830476641095,https://leetcode.com/problems/longest-nice-subarray,"Array, Bit Manipulation, Sliding Window"
MEDIUM,Next Greater Element III,25.1,0.0035555144694796813,https://leetcode.com/problems/next-greater-element-iii,"Math, Two Pointers, String"
MEDIUM,Separate Black and White Balls,25.1,0.006382013780261982,https://leetcode.com/problems/separate-black-and-white-balls,"Two Pointers, String, Greedy"
HARD,Palindrome Partitioning II,25.1,0.0037742656225082777,https://leetcode.com/problems/palindrome-partitioning-ii,"String, Dynamic Programming"
EASY,Find the Difference,25.1,0.006061566033398124,https://leetcode.com/problems/find-the-difference,"Hash Table, String, Bit Manipulation, Sorting"
HARD,Smallest Range Covering Elements from K Lists,25.1,0.007032804009378925,https://leetcode.com/problems/smallest-range-covering-elements-from-k-lists,"Array, Hash Table, Greedy, Sliding Window, Sorting, Heap (Priority Queue)"
EASY,Power of Three,25.1,0.005147309631052609,https://leetcode.com/problems/power-of-three,"Math, Recursion"
HARD,K-th Smallest in Lexicographical Order,25.1,0.004649765683562257,https://leetcode.com/problems/k-th-smallest-in-lexicographical-order,Trie
HARD,Find Minimum in Rotated Sorted Array II,25.1,0.004688570040789392,https://leetcode.com/problems/find-minimum-in-rotated-sorted-array-ii,"Array, Binary Search"
MEDIUM,Grid Game,25.1,0.006087752399581101,https://leetcode.com/problems/grid-game,"Array, Matrix, Prefix Sum"
MEDIUM,Construct Binary Search Tree from Preorder Traversal,25.1,0.008454691245093387,https://leetcode.com/problems/construct-binary-search-tree-from-preorder-traversal,"Array, Stack, Tree, Binary Search Tree, Monotonic Stack, Binary Tree"
MEDIUM,Pacific Atlantic Water Flow,25.1,0.00613439277157126,https://leetcode.com/problems/pacific-atlantic-water-flow,"Array, Depth-First Search, Breadth-First Search, Matrix"
MEDIUM,Maximum Gap,25.1,0.00528245519522236,https://leetcode.com/problems/maximum-gap,"Array, Sorting, Bucket Sort, Radix Sort, Pigeonhole Principle"
HARD,Shortest Distance from All Buildings,25.1,0.004498036504592978,https://leetcode.com/problems/shortest-distance-from-all-buildings,"Array, Breadth-First Search, Matrix"
HARD,Critical Connections in a Network,25.1,0.006037233009194338,https://leetcode.com/problems/critical-connections-in-a-network,"Depth-First Search, Graph Theory, Biconnected Component, Bridge (Graph)"
MEDIUM,Serialize and Deserialize BST,25.1,0.005992577791671243,https://leetcode.com/problems/serialize-and-deserialize-bst,"String, Tree, Depth-First Search, Breadth-First Search, Design, Binary Search Tree, Binary Tree"
MEDIUM,Valid Triangle Number,25.1,0.005713971529713038,https://leetcode.com/problems/valid-triangle-number,"Array, Two Pointers, Binary Search, Greedy, Sorting"
EASY,Count Negative Numbers in a Sorted Matrix,25.1,0.007972194710815077,https://leetcode.com/problems/count-negative-numbers-in-a-sorted-matrix,"Array, Binary Search, Matrix"
EASY,Summary Ranges,25.1,0.005461920181162896,https://leetcode.com/problems/summary-ranges,Array
EASY,Perfect Number,25.1,0.004987726611593921,https://leetcode.com/problems/perfect-number,Math
HARD,Minimum Number of Increments on Subarrays to Form a Target Array,25.1,0.007824179306997865,https://leetcode.com/problems/minimum-number-of-increments-on-subarrays-to-form-a-target-array,"Array, Dynamic Programming, Stack, Greedy, Monotonic Stack"
EASY,Delete Duplicate Emails,25.1,0.006657998647991257,https://leetcode.com/problems/delete-duplicate-emails,Database
EASY,Convert Integer to the Sum of Two No-Zero Integers,25.1,0.005915463648647524,https://leetcode.com/problems/convert-integer-to-the-sum-of-two-no-zero-integers,Math
MEDIUM,Vowel Spellchecker,25.1,0.006145180774872724,https://leetcode.com/problems/vowel-spellchecker,"Array, Hash Table, String"
EASY,Calculate Money in Leetcode Bank,25.1,0.008251361913156135,https://leetcode.com/problems/calculate-money-in-leetcode-bank,Math
MEDIUM,Minimum Number of Steps to Make Two Strings Anagram,25.1,0.008258009607201073,https://leetcode.com/problems/minimum-number-of-steps-to-make-two-strings-anagram,"Hash Table, String, Counting"
EASY,Can Make Arithmetic Progression From Sequence,25.1,0.006871071869184676,https://leetcode.com/problems/can-make-arithmetic-progression-from-sequence,"Array, Sorting"
MEDIUM,Count and Say,22.0,0.006362002151329618,https://leetcode.com/problems/count-and-say,String
MEDIUM,Unique Paths II,22.0,0.004494307244138306,https://leetcode.com/problems/unique-paths-ii,"Array, Dynamic Programming, Matrix"
MEDIUM,Sum Root to Leaf Numbers,22.0,0.007027319648789748,https://leetcode.com/problems/sum-root-to-leaf-numbers,"Tree, Depth-First Search, Binary Tree"
HARD,Word Break II,22.0,0.0056024252519363705,https://leetcode.com/problems/word-break-ii,"Array, Hash Table, String, Dynamic Programming, Backtracking, Trie, Memoization"
MEDIUM,Factorial Trailing Zeroes,22.0,0.004722451850611288,https://leetcode.com/problems/factorial-trailing-zeroes,Math
EASY,Number of 1 Bits,22.0,0.007736185011229805,https://leetcode.com/problems/number-of-1-bits,"Divide and Conquer, Bit Manipulation"
MEDIUM,Ugly Number II,22.0,0.004976019496665163,https://leetcode.com/problems/ugly-number-ii,"Hash Table, Math, Dynamic Programming, Heap (Priority Queue)"
EASY,Word Pattern,22.0,0.004451281832487718,https://leetcode.com/problems/word-pattern,"Hash Table, String"
MEDIUM,Binary Tree Vertical Order Traversal,22.0,0.005788604132969444,https://leetcode.com/problems/binary-tree-vertical-order-traversal,"Hash Table, Tree, Depth-First Search, Breadth-First Search, Sorting, Binary Tree"
HARD,Longest Increasing Path in a Matrix,22.0,0.00569505292468001,https://leetcode.com/problems/longest-increasing-path-in-a-matrix,"Array, Dynamic Programming, Depth-First Search, Breadth-First Search, Graph Theory, Topological Sort, Memoization, Matrix, Directed Acyclic Graph"
MEDIUM,House Robber III,22.0,0.0056223349996515305,https://leetcode.com/problems/house-robber-iii,"Dynamic Programming, Tree, Depth-First Search, Binary Tree, DP on Trees"
MEDIUM,Design Hit Counter,22.0,0.006974268305624691,https://leetcode.com/problems/design-hit-counter,"Array, Binary Search, Design, Queue, Data Stream"
MEDIUM,Continuous Subarray Sum,22.0,0.0031594524559303717,https://leetcode.com/problems/continuous-subarray-sum,"Array, Hash Table, Math, Prefix Sum, Pigeonhole Principle"
MEDIUM,Shortest Unsorted Continuous Subarray,22.0,0.003853243604157498,https://leetcode.com/problems/shortest-unsorted-continuous-subarray,"Array, Two Pointers, Stack, Greedy, Sorting, Monotonic Stack"
HARD,Design In-Memory File System,22.0,0.004831368860605818,https://leetcode.com/problems/design-in-memory-file-system,"Hash Table, String, Design, Trie, Sorting"
HARD,Design Search Autocomplete System,22.0,0.0050057343632813976,https://leetcode.com/problems/design-search-autocomplete-system,"String, Depth-First Search, Design, Trie, Sorting, Heap (Priority Queue), Data Stream"
MEDIUM,Top K Frequent Words,22.0,0.006050133278276931,https://leetcode.com/problems/top-k-frequent-words,"Array, Hash Table, String, Trie, Sorting, Heap (Priority Queue), Bucket Sort, Counting"
MEDIUM,Partition Labels,22.0,0.00820088974180042,https://leetcode.com/problems/partition-labels,"Hash Table, Two Pointers, String, Greedy"
MEDIUM,Keys and Rooms,22.0,0.007614455268820791,https://leetcode.com/problems/keys-and-rooms,"Depth-First Search, Breadth-First Search, Graph Theory"
HARD,Maximum Frequency Stack,22.0,0.006704403224897107,https://leetcode.com/problems/maximum-frequency-stack,"Hash Table, Stack, Design, Ordered Set"
MEDIUM,Minimum Knight Moves,22.0,0.0042057051162411535,https://leetcode.com/problems/minimum-knight-moves,"Breadth-First Search, Heuristic Search, Bidirectional Search, A* Search"
MEDIUM,Count Good Nodes in Binary Tree,22.0,0.007394898866450176,https://leetcode.com/problems/count-good-nodes-in-binary-tree,"Tree, Depth-First Search, Breadth-First Search, Binary Tree"
MEDIUM,Longest Continuous Subarray With Absolute Diff Less Than or Equal to Limit,22.0,0.005791895667388651,https://leetcode.com/problems/longest-continuous-subarray-with-absolute-diff-less-than-or-equal-to-limit,"Array, Queue, Sliding Window, Heap (Priority Queue), Ordered Set, Monotonic Queue"
MEDIUM,Minimum Deletions to Make String Balanced,22.0,0.006815874002694022,https://leetcode.com/problems/minimum-deletions-to-make-string-balanced,"String, Dynamic Programming, Stack"
EASY,Richest Customer Wealth,22.0,0.008880493248429915,https://leetcode.com/problems/richest-customer-wealth,"Array, Matrix"
HARD,Partition Array Into Two Arrays to Minimize Sum Difference,22.0,0.002437989731536651,https://leetcode.com/problems/partition-array-into-two-arrays-to-minimize-sum-difference,"Array, Two Pointers, Binary Search, Dynamic Programming, Bit Manipulation, Meet in the Middle, Sorting, Ordered Set, Bitmask"
MEDIUM,Rearrange Array Elements by Sign,22.0,0.008480491684871473,https://leetcode.com/problems/rearrange-array-elements-by-sign,"Array, Two Pointers, Simulation"
MEDIUM,Amount of Time for Binary Tree to Be Infected,22.0,0.0065872288329177795,https://leetcode.com/problems/amount-of-time-for-binary-tree-to-be-infected,"Hash Table, Tree, Depth-First Search, Breadth-First Search, Binary Tree"
EASY,Longest Palindrome,22.0,0.005617380211256825,https://leetcode.com/problems/longest-palindrome,"Hash Table, String, Greedy"
MEDIUM,Find the Celebrity,22.0,0.004906643023186505,https://leetcode.com/problems/find-the-celebrity,"Two Pointers, Graph Theory, Interactive"
EASY,Pascal's Triangle II,22.0,0.006789263971561984,https://leetcode.com/problems/pascals-triangle-ii,"Array, Dynamic Programming"
HARD,Alien Dictionary,22.0,0.003728662273233914,https://leetcode.com/problems/alien-dictionary,"Array, String, Depth-First Search, Breadth-First Search, Graph Theory, Topological Sort, Directed Acyclic Graph"
EASY,Island Perimeter,22.0,0.007432075212961662,https://leetcode.com/problems/island-perimeter,"Array, Depth-First Search, Breadth-First Search, Matrix"
MEDIUM,Product Price at a Given Date,22.0,0.00583567885506313,https://leetcode.com/problems/product-price-at-a-given-date,Database
HARD,Binary Tree Cameras,22.0,0.004807813330861584,https://leetcode.com/problems/binary-tree-cameras,"Dynamic Programming, Tree, Depth-First Search, Binary Tree, DP on Trees"
HARD,Best Time to Buy and Sell Stock IV,22.0,0.005104138896517539,https://leetcode.com/problems/best-time-to-buy-and-sell-stock-iv,"Array, Dynamic Programming"
EASY,Intersection of Two Arrays II,22.0,0.006021536461182609,https://leetcode.com/problems/intersection-of-two-arrays-ii,"Array, Hash Table, Two Pointers, Binary Search, Sorting"
MEDIUM,Design Twitter,22.0,0.004537910608442766,https://leetcode.com/problems/design-twitter,"Hash Table, Linked List, Design, Heap (Priority Queue)"
EASY,Ugly Number,22.0,0.004405790797511205,https://leetcode.com/problems/ugly-number,Math
EASY,Guess Number Higher or Lower,22.0,0.00581360953135901,https://leetcode.com/problems/guess-number-higher-or-lower,"Binary Search, Interactive"
MEDIUM,Construct String With Repeat Limit,22.0,0.007078096186862798,https://leetcode.com/problems/construct-string-with-repeat-limit,"Hash Table, String, Greedy, Heap (Priority Queue), Counting"
MEDIUM,Sum of Subarray Ranges,22.0,0.0061792473479155416,https://leetcode.com/problems/sum-of-subarray-ranges,"Array, Stack, Monotonic Stack"
EASY,Height Checker,22.0,0.008194263893402665,https://leetcode.com/problems/height-checker,"Array, Sorting, Counting Sort, Bubble Sort"
MEDIUM,Split Linked List in Parts,22.0,0.007069242656625373,https://leetcode.com/problems/split-linked-list-in-parts,Linked List
MEDIUM,Maximum Swap,22.0,0.005209213259001477,https://leetcode.com/problems/maximum-swap,"Math, Greedy"
EASY,Count Odd Numbers in an Interval Range,22.0,0.005476911763454866,https://leetcode.com/problems/count-odd-numbers-in-an-interval-range,Math
EASY,Find N Unique Integers Sum up to Zero,22.0,0.007844300645937071,https://leetcode.com/problems/find-n-unique-integers-sum-up-to-zero,"Array, Math"
EASY,Find Lucky Integer in an Array,22.0,0.007561452163197023,https://leetcode.com/problems/find-lucky-integer-in-an-array,"Array, Hash Table, Counting"
MEDIUM,Wiggle Sort II,22.0,0.003804121889140271,https://leetcode.com/problems/wiggle-sort-ii,"Array, Divide and Conquer, Greedy, Sorting, Quickselect"
EASY,Logger Rate Limiter,22.0,0.007688323322346132,https://leetcode.com/problems/logger-rate-limiter,"Hash Table, Design, Data Stream"
EASY,Percentage of Users Attended a Contest,22.0,0.006095991645750207,https://leetcode.com/problems/percentage-of-users-attended-a-contest,Database
EASY,Find Winner on a Tic Tac Toe Game,22.0,0.005468769609196556,https://leetcode.com/problems/find-winner-on-a-tic-tac-toe-game,"Array, Hash Table, Matrix, Simulation"
EASY,Find the Maximum Achievable Number,22.0,0.009163892030401051,https://leetcode.com/problems/find-the-maximum-achievable-number,Math
MEDIUM,Number of Enclaves,22.0,0.0072181894837901805,https://leetcode.com/problems/number-of-enclaves,"Array, Depth-First Search, Breadth-First Search, Union-Find, Matrix"
MEDIUM,Remove All Occurrences of a Substring,22.0,0.007865711721173793,https://leetcode.com/problems/remove-all-occurrences-of-a-substring,"String, Stack, Simulation"
MEDIUM,Count Days Without Meetings,22.0,0.004820938700828144,https://leetcode.com/problems/count-days-without-meetings,"Array, Sorting"
MEDIUM,Minimum Time to Collect All Apples in a Tree,22.0,0.0063843293152090275,https://leetcode.com/problems/minimum-time-to-collect-all-apples-in-a-tree,"Hash Table, Tree, Depth-First Search, Breadth-First Search, DP on Trees"
MEDIUM,Range Sum Query 2D - Immutable,22.0,0.005883559578382397,https://leetcode.com/problems/range-sum-query-2d-immutable,"Array, Design, Matrix, Prefix Sum"
MEDIUM,Different Ways to Add Parentheses,22.0,0.007353062481284993,https://leetcode.com/problems/different-ways-to-add-parentheses,"Math, String, Dynamic Programming, Recursion, Memoization, Bracket Sequences"
MEDIUM,Network Delay Time,22.0,0.006135709418853017,https://leetcode.com/problems/network-delay-time,"Depth-First Search, Breadth-First Search, Graph Theory, Heap (Priority Queue), Shortest Path, Dijkstra's Algorithm"
HARD,Shortest Subarray with Sum at Least K,22.0,0.0033014980575212334,https://leetcode.com/problems/shortest-subarray-with-sum-at-least-k,"Array, Binary Search, Queue, Sliding Window, Heap (Priority Queue), Prefix Sum, Monotonic Queue"
EASY,User Activity for the Past 30 Days I,22.0,0.005139121946939536,https://leetcode.com/problems/user-activity-for-the-past-30-days-i,Database
HARD,Design a Text Editor,22.0,0.005142492225677476,https://leetcode.com/problems/design-a-text-editor,"Linked List, String, Stack, Design, Simulation, Doubly-Linked List"
MEDIUM,Maximum Matrix Sum,22.0,0.006750693658860543,https://leetcode.com/problems/maximum-matrix-sum,"Array, Greedy, Matrix"
MEDIUM,Two Best Non-Overlapping Events,22.0,0.006394894503777025,https://leetcode.com/problems/two-best-non-overlapping-events,"Array, Binary Search, Dynamic Programming, Sorting, Heap (Priority Queue)"
MEDIUM,Maximum Average Pass Ratio,22.0,0.0074086944337408474,https://leetcode.com/problems/maximum-average-pass-ratio,"Array, Greedy, Heap (Priority Queue)"
MEDIUM,Minimum Operations to Make Binary Array Elements Equal to One I,22.0,0.008026135235339836,https://leetcode.com/problems/minimum-operations-to-make-binary-array-elements-equal-to-one-i,"Array, Bit Manipulation, Queue, Sliding Window, Prefix Sum"
MEDIUM,Maximum Manhattan Distance After K Changes,22.0,0.005418832461705912,https://leetcode.com/problems/maximum-manhattan-distance-after-k-changes,"Hash Table, Math, String, Counting"
HARD,Kth Smallest Product of Two Sorted Arrays,22.0,0.004871780227311669,https://leetcode.com/problems/kth-smallest-product-of-two-sorted-arrays,"Array, Binary Search"
MEDIUM,Maximum Number of Vowels in a Substring of Given Length,22.0,0.0062685518854509945,https://leetcode.com/problems/maximum-number-of-vowels-in-a-substring-of-given-length,"String, Sliding Window"
MEDIUM,Subarray Product Less Than K,22.0,0.005485859626348739,https://leetcode.com/problems/subarray-product-less-than-k,"Array, Binary Search, Sliding Window, Prefix Sum"
MEDIUM,Find a Peak Element II,22.0,0.005553048246023013,https://leetcode.com/problems/find-a-peak-element-ii,"Array, Binary Search, Matrix"
EASY,Game Play Analysis I,22.0,0.0076605799628638735,https://leetcode.com/problems/game-play-analysis-i,Database
MEDIUM,Super Pow,22.0,0.003734254464847296,https://leetcode.com/problems/super-pow,"Math, Divide and Conquer, Euler's Totient Function, Euler's Theorem"
EASY,Fruits Into Baskets II,22.0,0.007037827004005134,https://leetcode.com/problems/fruits-into-baskets-ii,"Array, Binary Search, Segment Tree, Simulation, Ordered Set"
HARD,Maximum Difference Between Even and Odd Frequency II,22.0,0.0048367925839334905,https://leetcode.com/problems/maximum-difference-between-even-and-odd-frequency-ii,"String, Sliding Window, Enumeration, Prefix Sum"
MEDIUM,Maximum Candies Allocated to K Children,22.0,0.004989241075846388,https://leetcode.com/problems/maximum-candies-allocated-to-k-children,"Array, Binary Search"
HARD,Remove Invalid Parentheses,22.0,0.005009524180511462,https://leetcode.com/problems/remove-invalid-parentheses,"String, Backtracking, Breadth-First Search"
MEDIUM,Single-Threaded CPU,22.0,0.004802635391194502,https://leetcode.com/problems/single-threaded-cpu,"Array, Sorting, Heap (Priority Queue)"
MEDIUM,Memoize,22.0,0.006526172280691071,https://leetcode.com/problems/memoize,
MEDIUM,Reordered Power of 2,22.0,0.0065871811916571495,https://leetcode.com/problems/reordered-power-of-2,"Hash Table, Math, Sorting, Counting, Enumeration"
EASY,Queries Quality and Percentage,22.0,0.005441998709935297,https://leetcode.com/problems/queries-quality-and-percentage,Database
EASY,Maximum Difference Between Even and Odd Frequency I,22.0,0.006075554987094849,https://leetcode.com/problems/maximum-difference-between-even-and-odd-frequency-i,"Hash Table, String, Counting"
HARD,Permutation Sequence,22.0,0.005400053213395375,https://leetcode.com/problems/permutation-sequence,"Math, Recursion"
HARD,Rearranging Fruits,22.0,0.005725804127692192,https://leetcode.com/problems/rearranging-fruits,"Array, Hash Table, Greedy, Sort"
MEDIUM,Find the Winner of an Array Game,22.0,0.005686525985473521,https://leetcode.com/problems/find-the-winner-of-an-array-game,"Array, Simulation"
MEDIUM,Shifting Letters,22.0,0.0046459881930688215,https://leetcode.com/problems/shifting-letters,"Array, String, Prefix Sum"
HARD,Maximum Number of Non-overlapping Palindrome Substrings,22.0,0.004503111693416312,https://leetcode.com/problems/maximum-number-of-non-overlapping-palindrome-substrings,"Two Pointers, String, Dynamic Programming, Greedy"
MEDIUM,Maximum OR,22.0,0.0043697638994668695,https://leetcode.com/problems/maximum-or,"Array, Greedy, Bit Manipulation, Prefix Sum"
EASY,Minimum Pair Removal to Sort Array I,22.0,0.006525191872634628,https://leetcode.com/problems/minimum-pair-removal-to-sort-array-i,"Array, Hash Table, Linked List, Heap (Priority Queue), Simulation, Doubly-Linked List, Ordered Set"
MEDIUM,Number of Distinct Islands,22.0,0.006293684389514852,https://leetcode.com/problems/number-of-distinct-islands,"Array, Hash Table, Depth-First Search, Breadth-First Search, Union-Find, Sorting, Matrix, Hash Function"
HARD,Max Points on a Line,18.4,0.0031255370500333783,https://leetcode.com/problems/max-points-on-a-line,"Array, Hash Table, Math, Geometry, Euclidean Algorithm, Greatest Common Divisor"
MEDIUM,Single Number III,18.4,0.007014457783139919,https://leetcode.com/problems/single-number-iii,"Array, Bit Manipulation"
MEDIUM,Bulb Switcher,18.4,0.0056329254145333066,https://leetcode.com/problems/bulb-switcher,"Math, Brainteaser"
MEDIUM,Sum of Two Integers,18.4,0.005587485699398526,https://leetcode.com/problems/sum-of-two-integers,"Math, Bit Manipulation"
HARD,Frog Jump,18.4,0.004754549182634706,https://leetcode.com/problems/frog-jump,"Array, Dynamic Programming"
HARD,Trapping Rain Water II,18.4,0.006419299448122842,https://leetcode.com/problems/trapping-rain-water-ii,"Array, Breadth-First Search, Heap (Priority Queue), Matrix"
MEDIUM,Minimum Genetic Mutation,18.4,0.0057061993362396935,https://leetcode.com/problems/minimum-genetic-mutation,"Hash Table, String, Breadth-First Search, Bidirectional Search"
MEDIUM,Minimum Moves to Equal Array Elements II,18.4,0.006229382674978284,https://leetcode.com/problems/minimum-moves-to-equal-array-elements-ii,"Array, Math, Sorting"
MEDIUM,Validate IP Address,18.4,0.0028461752149450564,https://leetcode.com/problems/validate-ip-address,String
EASY,Subtree of Another Tree,18.4,0.005204678040553297,https://leetcode.com/problems/subtree-of-another-tree,"Tree, Depth-First Search, String Matching, Binary Tree, Hash Function"
MEDIUM,Best Time to Buy and Sell Stock with Transaction Fee,18.4,0.007248232552254847,https://leetcode.com/problems/best-time-to-buy-and-sell-stock-with-transaction-fee,"Array, Dynamic Programming, Greedy"
MEDIUM,Delete and Earn,18.4,0.00574781085384071,https://leetcode.com/problems/delete-and-earn,"Array, Hash Table, Dynamic Programming"
MEDIUM,Open the Lock,18.4,0.0061504407369465655,https://leetcode.com/problems/open-the-lock,"Array, Hash Table, String, Breadth-First Search, Bidirectional Search"
MEDIUM,Hand of Straights,18.4,0.005832107644181026,https://leetcode.com/problems/hand-of-straights,"Array, Hash Table, Greedy, Sorting"
MEDIUM,Shortest Bridge,18.4,0.00597095395782115,https://leetcode.com/problems/shortest-bridge,"Array, Depth-First Search, Breadth-First Search, Matrix"
MEDIUM,Most Stones Removed with Same Row or Column,18.4,0.00633893729147263,https://leetcode.com/problems/most-stones-removed-with-same-row-or-column,"Hash Table, Depth-First Search, Union-Find, Graph Theory, Bipartite Graph"
MEDIUM,K Closest Points to Origin,18.4,0.006928839586235807,https://leetcode.com/problems/k-closest-points-to-origin,"Array, Math, Divide and Conquer, Geometry, Sorting, Heap (Priority Queue), Quickselect, K-D Tree"
MEDIUM,Longest Arithmetic Subsequence,18.4,0.0050144418683204925,https://leetcode.com/problems/longest-arithmetic-subsequence,"Array, Hash Table, Binary Search, Dynamic Programming"
HARD,Parsing A Boolean Expression,18.4,0.006979832451459678,https://leetcode.com/problems/parsing-a-boolean-expression,"String, Stack, Recursion"
MEDIUM,Snapshot Array,18.4,0.0036804521594194805,https://leetcode.com/problems/snapshot-array,"Array, Hash Table, Binary Search, Design, Persistent Data Structure"
MEDIUM,Jump Game III,18.4,0.007039593031290617,https://leetcode.com/problems/jump-game-iii,"Array, Depth-First Search, Breadth-First Search"
EASY,Water Bottles,18.4,0.007256279117522492,https://leetcode.com/problems/water-bottles,"Math, Simulation"
HARD,Minimum Cost to Cut a Stick,18.4,0.0063399863869314545,https://leetcode.com/problems/minimum-cost-to-cut-a-stick,"Array, Dynamic Programming, Sorting"
MEDIUM,Path With Minimum Effort,18.4,0.006389796901962057,https://leetcode.com/problems/path-with-minimum-effort,"Array, Binary Search, Depth-First Search, Breadth-First Search, Union-Find, Heap (Priority Queue), Matrix, Dijkstra's Algorithm"
HARD,Find Minimum Time to Finish All Jobs,18.4,0.004618263547163833,https://leetcode.com/problems/find-minimum-time-to-finish-all-jobs,"Array, Dynamic Programming, Backtracking, Bit Manipulation, Bitmask"
MEDIUM,Find the Winner of the Circular Game,18.4,0.008232477761962207,https://leetcode.com/problems/find-the-winner-of-the-circular-game,"Array, Math, Recursion, Queue, Simulation"
MEDIUM,Double a Number Represented as a Linked List,18.4,0.006133456341814237,https://leetcode.com/problems/double-a-number-represented-as-a-linked-list,"Linked List, Math, Stack"
HARD,The Skyline Problem,18.4,0.0045773495018944,https://leetcode.com/problems/the-skyline-problem,"Array, Divide and Conquer, Binary Indexed Tree, Segment Tree, Sweep Line, Sorting, Heap (Priority Queue), Ordered Set"
MEDIUM,Exchange Seats,18.4,0.0074657568474947415,https://leetcode.com/problems/exchange-seats,Database
MEDIUM,Design a Stack With Increment Operation,18.4,0.00799142835064109,https://leetcode.com/problems/design-a-stack-with-increment-operation,"Array, Stack, Design"
MEDIUM,Check If Array Pairs Are Divisible by k,18.4,0.0046209412956125465,https://leetcode.com/problems/check-if-array-pairs-are-divisible-by-k,"Array, Hash Table, Counting"
EASY,Repeated Substring Pattern,18.4,0.004865482308431229,https://leetcode.com/problems/repeated-substring-pattern,"String, String Matching, Z Algorithm, Knuth–Morris–Pratt Algorithm"
MEDIUM,Find the Minimum and Maximum Number of Nodes Between Critical Points,18.4,0.006944661593622082,https://leetcode.com/problems/find-the-minimum-and-maximum-number-of-nodes-between-critical-points,Linked List
MEDIUM,Maximum Sum Circular Subarray,18.4,0.005115694818251434,https://leetcode.com/problems/maximum-sum-circular-subarray,"Array, Divide and Conquer, Dynamic Programming, Queue, Monotonic Queue"
MEDIUM,Max Chunks To Make Sorted,18.4,0.006424605297486185,https://leetcode.com/problems/max-chunks-to-make-sorted,"Array, Stack, Greedy, Sorting, Monotonic Stack"
MEDIUM,Lexicographical Numbers,18.4,0.007635230516257136,https://leetcode.com/problems/lexicographical-numbers,"Depth-First Search, Trie"
HARD,Find the Closest Palindrome,18.4,0.003207208639465825,https://leetcode.com/problems/find-the-closest-palindrome,"Math, String"
MEDIUM,Repeated String Match,18.4,0.003964015668224913,https://leetcode.com/problems/repeated-string-match,"String, String Matching, Z Algorithm, Knuth–Morris–Pratt Algorithm, Boyer–Moore String-Search Algorithm"
EASY,Divide Array Into Equal Pairs,18.4,0.007922890909885207,https://leetcode.com/problems/divide-array-into-equal-pairs,"Array, Hash Table, Bit Manipulation, Counting"
HARD,Split Array With Same Average,18.4,0.002743590305714192,https://leetcode.com/problems/split-array-with-same-average,"Array, Hash Table, Math, Dynamic Programming, Bit Manipulation, Meet in the Middle, Bitmask"
EASY,Maximum Population Year,18.4,0.006452244613389247,https://leetcode.com/problems/maximum-population-year,"Array, Counting, Prefix Sum"
MEDIUM,Interval List Intersections,18.4,0.007314302081344282,https://leetcode.com/problems/interval-list-intersections,"Array, Two Pointers, Sweep Line"
MEDIUM,Rectangle Area,18.4,0.005009191145751518,https://leetcode.com/problems/rectangle-area,"Math, Geometry"
MEDIUM,Find Right Interval,18.4,0.005636845742842712,https://leetcode.com/problems/find-right-interval,"Array, Binary Search, Sorting"
MEDIUM,Investments in 2016,18.4,0.005165477457820478,https://leetcode.com/problems/investments-in-2016,Database
MEDIUM,Product of the Last K Numbers,18.4,0.006303289476787794,https://leetcode.com/problems/product-of-the-last-k-numbers,"Array, Math, Design, Data Stream, Prefix Sum"
MEDIUM,Rotating the Box,18.4,0.008246598618740789,https://leetcode.com/problems/rotating-the-box,"Array, Two Pointers, Matrix"
MEDIUM,Number of Sub-arrays With Odd Sum,18.4,0.0055609808793345575,https://leetcode.com/problems/number-of-sub-arrays-with-odd-sum,"Array, Math, Dynamic Programming, Prefix Sum"
HARD,Minimum Time to Visit a Cell In a Grid,18.4,0.005612150398221894,https://leetcode.com/problems/minimum-time-to-visit-a-cell-in-a-grid,"Array, Breadth-First Search, Graph Theory, Heap (Priority Queue), Matrix, Shortest Path"
MEDIUM,Longest String Chain,18.4,0.006339618166452899,https://leetcode.com/problems/longest-string-chain,"Array, Hash Table, Two Pointers, String, Dynamic Programming, Sorting"
EASY,Keyboard Row,18.4,0.007427276582438434,https://leetcode.com/problems/keyboard-row,"Array, Hash Table, String"
MEDIUM,Delete the Middle Node of a Linked List,18.4,0.006091387135793427,https://leetcode.com/problems/delete-the-middle-node-of-a-linked-list,"Linked List, Two Pointers"
MEDIUM,Minimum Moves to Equal Array Elements,18.4,0.005901813995165458,https://leetcode.com/problems/minimum-moves-to-equal-array-elements,"Array, Math"
EASY,Determine Whether Matrix Can Be Obtained By Rotation,18.4,0.00685029344335865,https://leetcode.com/problems/determine-whether-matrix-can-be-obtained-by-rotation,"Array, Matrix"
MEDIUM,Removing Stars From a String,18.4,0.00797827964022125,https://leetcode.com/problems/removing-stars-from-a-string,"String, Stack, Simulation"
EASY,Count Equal and Divisible Pairs in an Array,18.4,0.008376987968469092,https://leetcode.com/problems/count-equal-and-divisible-pairs-in-an-array,Array
MEDIUM,Shortest Distance After Road Addition Queries I,18.4,0.006193564910153351,https://leetcode.com/problems/shortest-distance-after-road-addition-queries-i,"Array, Breadth-First Search, Graph Theory"
HARD,Super Egg Drop,18.4,0.0030751893857095263,https://leetcode.com/problems/super-egg-drop,"Math, Binary Search, Dynamic Programming"
MEDIUM,Exclusive Time of Functions,18.4,0.006626042210744203,https://leetcode.com/problems/exclusive-time-of-functions,"Array, Stack"
EASY,Defuse the Bomb,18.4,0.00794617309253517,https://leetcode.com/problems/defuse-the-bomb,"Array, Sliding Window"
EASY,Number of Steps to Reduce a Number to Zero,18.4,0.008589094147723767,https://leetcode.com/problems/number-of-steps-to-reduce-a-number-to-zero,"Math, Bit Manipulation"
MEDIUM,Detonate the Maximum Bombs,18.4,0.005038052893253455,https://leetcode.com/problems/detonate-the-maximum-bombs,"Array, Math, Depth-First Search, Breadth-First Search, Graph Theory, Geometry"
MEDIUM,Number of Ways to Split Array,18.4,0.00557930955647005,https://leetcode.com/problems/number-of-ways-to-split-array,"Array, Prefix Sum"
MEDIUM,Find the Lexicographically Largest String From the Box I,18.4,0.004093887655174925,https://leetcode.com/problems/find-the-lexicographically-largest-string-from-the-box-i,"Two Pointers, String, Enumeration"
EASY,Count Hills and Valleys in an Array,18.4,0.00691227607815577,https://leetcode.com/problems/count-hills-and-valleys-in-an-array,Array
EASY,Fix Names in a Table,18.4,0.0060643935483553815,https://leetcode.com/problems/fix-names-in-a-table,Database
EASY,Final Array State After K Multiplication Operations I,18.4,0.008690640716359326,https://leetcode.com/problems/final-array-state-after-k-multiplication-operations-i,"Array, Math, Heap (Priority Queue), Simulation"
EASY,Reverse String II,18.4,0.0054346593210726725,https://leetcode.com/problems/reverse-string-ii,"Two Pointers, String"
MEDIUM,Count the Number of Complete Components,18.4,0.008081815581195768,https://leetcode.com/problems/count-the-number-of-complete-components,"Depth-First Search, Breadth-First Search, Union-Find, Graph Theory"
HARD,Meeting Rooms III,18.4,0.005139427060793017,https://leetcode.com/problems/meeting-rooms-iii,"Array, Hash Table, Sorting, Heap (Priority Queue), Simulation"
EASY,Matrix Diagonal Sum,18.4,0.008458162571884458,https://leetcode.com/problems/matrix-diagonal-sum,"Array, Matrix"
MEDIUM,Unique Length-3 Palindromic Subsequences,18.4,0.007376138759597406,https://leetcode.com/problems/unique-length-3-palindromic-subsequences,"Hash Table, String, Bit Manipulation, Prefix Sum"
MEDIUM,Find the Smallest Divisor Given a Threshold,18.4,0.006660783105475889,https://leetcode.com/problems/find-the-smallest-divisor-given-a-threshold,"Array, Binary Search"
EASY,Sum of Left Leaves,18.4,0.0063030819269452795,https://leetcode.com/problems/sum-of-left-leaves,"Tree, Depth-First Search, Breadth-First Search, Binary Tree"
EASY,Base 7,18.4,0.005509094506232048,https://leetcode.com/problems/base-7,"Math, String"
EASY,Special Array I,18.4,0.0081638532619134,https://leetcode.com/problems/special-array-i,Array
EASY,Project Employees I,18.4,0.006719149909617344,https://leetcode.com/problems/project-employees-i,Database
MEDIUM,Max Sum of a Pair With Equal Sum of Digits,18.4,0.00659284807151409,https://leetcode.com/problems/max-sum-of-a-pair-with-equal-sum-of-digits,"Array, Hash Table, Sorting, Heap (Priority Queue)"
MEDIUM,Alternating Groups II,18.4,0.005994974652204669,https://leetcode.com/problems/alternating-groups-ii,"Array, Sliding Window"
EASY,Shortest Distance to a Character,18.4,0.0072946897591928015,https://leetcode.com/problems/shortest-distance-to-a-character,"Array, Two Pointers, String"
MEDIUM,Department Highest Salary,18.4,0.005908861254885984,https://leetcode.com/problems/department-highest-salary,Database
HARD,Valid Number,18.4,0.0023440163677049667,https://leetcode.com/problems/valid-number,String
EASY,Sum of All Subset XOR Totals,18.4,0.00901214604169177,https://leetcode.com/problems/sum-of-all-subset-xor-totals,"Array, Math, Backtracking, Bit Manipulation, Combinatorics, Enumeration"
MEDIUM,Minimum Sideway Jumps,18.4,0.005193410347918746,https://leetcode.com/problems/minimum-sideway-jumps,"Array, Dynamic Programming, Greedy"
EASY,  Count Symmetric Integers,18.4,0.008317319796954315,https://leetcode.com/problems/count-symmetric-integers,"Math, Enumeration"
MEDIUM,Number of Operations to Make Network Connected,18.4,0.006714930409038606,https://leetcode.com/problems/number-of-operations-to-make-network-connected,"Depth-First Search, Breadth-First Search, Union-Find, Graph Theory"
MEDIUM,Remove Nodes From Linked List,18.4,0.007515575650350567,https://leetcode.com/problems/remove-nodes-from-linked-list,"Linked List, Stack, Recursion, Monotonic Stack"
MEDIUM,Minimum Time to Repair Cars,18.4,0.005947501571809228,https://leetcode.com/problems/minimum-time-to-repair-cars,"Array, Binary Search"
MEDIUM,Find the Maximum Length of Valid Subsequence II,18.4,0.005704033984405328,https://leetcode.com/problems/find-the-maximum-length-of-valid-subsequence-ii,"Array, Dynamic Programming"
HARD,Find in Mountain Array,18.4,0.0041942931713805295,https://leetcode.com/problems/find-in-mountain-array,"Array, Binary Search, Interactive, Ternary Search"
EASY,Actors and Directors Who Cooperated At Least Three Times,18.4,0.007131984828286414,https://leetcode.com/problems/actors-and-directors-who-cooperated-at-least-three-times,Database
HARD,Count Subarrays With Score Less Than K,18.4,0.006221383759589243,https://leetcode.com/problems/count-subarrays-with-score-less-than-k,"Array, Binary Search, Sliding Window, Prefix Sum"
EASY,Largest Odd Number in String,18.4,0.006797940514785025,https://leetcode.com/problems/largest-odd-number-in-string,"Math, String, Greedy"
EASY,Build Array from Permutation,18.4,0.009109479191362957,https://leetcode.com/problems/build-array-from-permutation,"Array, Simulation"
MEDIUM,New 21 Game,18.4,0.005194910510984189,https://leetcode.com/problems/new-21-game,"Math, Dynamic Programming, Sliding Window, Probability and Statistics"
EASY,Sorting the Sentence,18.4,0.008418733948964537,https://leetcode.com/problems/sorting-the-sentence,"String, Sorting, Bubble Sort"
MEDIUM,Min Cost to Connect All Points,18.4,0.007156212691707227,https://leetcode.com/problems/min-cost-to-connect-all-points,"Array, Union-Find, Graph Theory, Minimum Spanning Tree, Prim's Algorithm, Kruskal's Algorithm, Borůvka's Algorithm"
MEDIUM,Convert BST to Greater Tree,18.4,0.007186448950352572,https://leetcode.com/problems/convert-bst-to-greater-tree,"Tree, Depth-First Search, Binary Search Tree, Binary Tree"
MEDIUM,Check Completeness of a Binary Tree,18.4,0.00594532343127758,https://leetcode.com/problems/check-completeness-of-a-binary-tree,"Tree, Breadth-First Search, Binary Tree"
EASY,Count Elements With Maximum Frequency,18.4,0.00797278948809198,https://leetcode.com/problems/count-elements-with-maximum-frequency,"Array, Hash Table, Counting"
HARD,Find the Original Typed String II,18.4,0.004544575392629651,https://leetcode.com/problems/find-the-original-typed-string-ii,"String, Dynamic Programming, Prefix Sum"
MEDIUM,Maximize Happiness of Selected Children,18.4,0.005864039277810698,https://leetcode.com/problems/maximize-happiness-of-selected-children,"Array, Greedy, Sorting"
MEDIUM,Reach a Number,18.4,0.004554043273008655,https://leetcode.com/problems/reach-a-number,"Math, Binary Search"
EASY,Maximum 69 Number,18.4,0.008457796795235157,https://leetcode.com/problems/maximum-69-number,"Math, Greedy"
MEDIUM,Minimize the Maximum Difference of Pairs,18.4,0.005103456200153792,https://leetcode.com/problems/minimize-the-maximum-difference-of-pairs,"Array, Binary Search, Dynamic Programming, Greedy, Sorting"
EASY,Reverse Bits,18.4,0.006912626303850664,https://leetcode.com/problems/reverse-bits,"Divide and Conquer, Bit Manipulation"
HARD,Cherry Pickup,18.4,0.0040270487618501005,https://leetcode.com/problems/cherry-pickup,"Array, Dynamic Programming, Matrix"
HARD,Set Intersection Size At Least Two,18.4,0.005812802984673142,https://leetcode.com/problems/set-intersection-size-at-least-two,"Array, Greedy, Sorting"
EASY,Defanging an IP Address,18.4,0.009013092952697015,https://leetcode.com/problems/defanging-an-ip-address,String
MEDIUM,Flatten a Multilevel Doubly Linked List,18.4,0.006329520983082093,https://leetcode.com/problems/flatten-a-multilevel-doubly-linked-list,"Linked List, Depth-First Search, Doubly-Linked List"
HARD,Minimum Initial Energy to Finish Tasks,18.4,0.00765127008926934,https://leetcode.com/problems/minimum-initial-energy-to-finish-tasks,"Array, Greedy, Sorting"
MEDIUM,Maximum Level Sum of a Binary Tree,18.4,0.0070030687518442,https://leetcode.com/problems/maximum-level-sum-of-a-binary-tree,"Tree, Depth-First Search, Breadth-First Search, Binary Tree"
EASY,Smallest Number With All Set Bits,18.4,0.008012740399744651,https://leetcode.com/problems/smallest-number-with-all-set-bits,"Math, Bit Manipulation"
MEDIUM,Construct the Minimum Bitwise Array II,18.4,0.0066654131744160105,https://leetcode.com/problems/construct-the-minimum-bitwise-array-ii,"Array, Bit Manipulation"
MEDIUM,Greatest Sum Divisible by Three,18.4,0.005700181505379252,https://leetcode.com/problems/greatest-sum-divisible-by-three,"Array, Dynamic Programming, Greedy, Sorting"
EASY,Maximum Number of Balloons,18.4,0.006426825988249736,https://leetcode.com/problems/maximum-number-of-balloons,"Hash Table, String, Counting"
HARD,Unique Paths III,18.4,0.008294729433120014,https://leetcode.com/problems/unique-paths-iii,"Array, Backtracking, Bit Manipulation, Matrix, Hamiltonian Path"
HARD,Car Fleet II,18.4,0.005830452149978182,https://leetcode.com/problems/car-fleet-ii,"Array, Math, Stack, Heap (Priority Queue), Monotonic Stack"
MEDIUM,Find the Largest Area of Square Inside Two Rectangles,18.4,0.006676540515258993,https://leetcode.com/problems/find-the-largest-area-of-square-inside-two-rectangles,"Array, Math, Geometry"
MEDIUM,Heaters,18.4,0.004245259231155341,https://leetcode.com/problems/heaters,"Array, Two Pointers, Binary Search, Sorting"
EASY,Number of Recent Calls,18.4,0.007889265837011692,https://leetcode.com/problems/number-of-recent-calls,"Design, Queue, Data Stream"
MEDIUM,Boats to Save People,18.4,0.00622978935636384,https://leetcode.com/problems/boats-to-save-people,"Array, Two Pointers, Greedy, Sorting, Timsort"
MEDIUM,Convert Sorted List to Binary Search Tree,14.1,0.006719566823465599,https://leetcode.com/problems/convert-sorted-list-to-binary-search-tree,"Linked List, Divide and Conquer, Tree, Binary Search Tree, Binary Tree"
EASY,Binary Tree Preorder Traversal,14.1,0.007647322016906394,https://leetcode.com/problems/binary-tree-preorder-traversal,"Stack, Tree, Depth-First Search, Binary Tree"
EASY,Palindrome Permutation,14.1,0.006869682902338577,https://leetcode.com/problems/palindrome-permutation,"Hash Table, String, Bit Manipulation"
MEDIUM,Find K Pairs with Smallest Sums,14.1,0.004226056115126629,https://leetcode.com/problems/find-k-pairs-with-smallest-sums,"Array, Heap (Priority Queue)"
MEDIUM,Evaluate Division,14.1,0.006450730363828341,https://leetcode.com/problems/evaluate-division,"Array, String, Depth-First Search, Breadth-First Search, Union-Find, Graph Theory, Shortest Path, Bellman–Ford Algorithm, Floyd–Warshall Algorithm"
MEDIUM,Nth Digit,14.1,0.0038776086113002967,https://leetcode.com/problems/nth-digit,"Math, Binary Search"
HARD,Strong Password Checker,14.1,0.0016265791262282858,https://leetcode.com/problems/strong-password-checker,"String, Greedy, Heap (Priority Queue)"
MEDIUM,Minimum Number of Arrows to Burst Balloons,14.1,0.006180323615594141,https://leetcode.com/problems/minimum-number-of-arrows-to-burst-balloons,"Array, Greedy, Sorting"
MEDIUM,Sum of Square Numbers,14.1,0.0036997579039237376,https://leetcode.com/problems/sum-of-square-numbers,"Math, Two Pointers, Binary Search"
MEDIUM,Maximum Length of Repeated Subarray,14.1,0.005153876045361006,https://leetcode.com/problems/maximum-length-of-repeated-subarray,"Array, Binary Search, Dynamic Programming, Sliding Window, Rolling Hash, Hash Function"
HARD,Basic Calculator III,14.1,0.0053496846483939145,https://leetcode.com/problems/basic-calculator-iii,"Math, String, Stack, Recursion"
MEDIUM,Letter Case Permutation,14.1,0.007603362851876176,https://leetcode.com/problems/letter-case-permutation,"String, Backtracking, Bit Manipulation"
EASY,Most Common Word,14.1,0.00453213436680432,https://leetcode.com/problems/most-common-word,"Array, Hash Table, String, Counting"
HARD,Minimum Number of Refueling Stops,14.1,0.00417736115582163,https://leetcode.com/problems/minimum-number-of-refueling-stops,"Array, Dynamic Programming, Greedy, Heap (Priority Queue)"
MEDIUM,Minimum Domino Rotations For Equal Row,14.1,0.005649741310925314,https://leetcode.com/problems/minimum-domino-rotations-for-equal-row,"Array, Greedy"
MEDIUM,Design File System,14.1,0.006517900483302497,https://leetcode.com/problems/design-file-system,"Hash Table, String, Design, Trie"
MEDIUM,Balance a Binary Search Tree,14.1,0.008628101924076962,https://leetcode.com/problems/balance-a-binary-search-tree,"Divide and Conquer, Greedy, Tree, Depth-First Search, Binary Search Tree, Binary Tree"
MEDIUM,Maximum Length of a Concatenated String with Unique Characters,14.1,0.005488775840463407,https://leetcode.com/problems/maximum-length-of-a-concatenated-string-with-unique-characters,"Array, String, Backtracking, Bit Manipulation"
MEDIUM,Number of Closed Islands,14.1,0.006725057967057124,https://leetcode.com/problems/number-of-closed-islands,"Array, Depth-First Search, Breadth-First Search, Union-Find, Matrix"
MEDIUM,Number of Steps to Reduce a Number in Binary Representation to One,14.1,0.006374802235557344,https://leetcode.com/problems/number-of-steps-to-reduce-a-number-in-binary-representation-to-one,"String, Bit Manipulation, Simulation"
MEDIUM,Design Browser History,14.1,0.007844315176229428,https://leetcode.com/problems/design-browser-history,"Array, Linked List, Stack, Design, Doubly-Linked List, Data Stream"
MEDIUM,The kth Factor of n,14.1,0.00706858330179279,https://leetcode.com/problems/the-kth-factor-of-n,"Math, Number Theory, Prime Factorization"
MEDIUM,Maximal Network Rank,14.1,0.006608559649535725,https://leetcode.com/problems/maximal-network-rank,Graph Theory
MEDIUM,Merge In Between Linked Lists,14.1,0.008312766796484836,https://leetcode.com/problems/merge-in-between-linked-lists,Linked List
EASY,Find the Highest Altitude,14.1,0.008464390788833341,https://leetcode.com/problems/find-the-highest-altitude,"Array, Prefix Sum"
MEDIUM,The Number of the Smallest Unoccupied Chair,14.1,0.006031911107413416,https://leetcode.com/problems/the-number-of-the-smallest-unoccupied-chair,"Array, Hash Table, Heap (Priority Queue)"
MEDIUM,Merge Nodes in Between Zeros,14.1,0.008970917000664639,https://leetcode.com/problems/merge-nodes-in-between-zeros,"Linked List, Simulation"
EASY,Minimum Bit Flips to Convert Number,14.1,0.008794671003143654,https://leetcode.com/problems/minimum-bit-flips-to-convert-number,Bit Manipulation
EASY,Root Equals Sum of Children,14.1,0.008513233900472912,https://leetcode.com/problems/root-equals-sum-of-children,"Tree, Binary Tree"
MEDIUM,Equal Row and Column Pairs,14.1,0.007127430236735998,https://leetcode.com/problems/equal-row-and-column-pairs,"Array, Hash Table, Matrix, Simulation"
MEDIUM,Unique Binary Search Trees,14.1,0.00640837365276268,https://leetcode.com/problems/unique-binary-search-trees,"Math, Dynamic Programming, Tree, Binary Search Tree, Binary Tree"
EASY,Search in a Binary Search Tree,14.1,0.008306606903660222,https://leetcode.com/problems/search-in-a-binary-search-tree,"Tree, Binary Search Tree, Binary Tree"
HARD,Dungeon Game,14.1,0.004200809393825798,https://leetcode.com/problems/dungeon-game,"Array, Dynamic Programming, Matrix"
MEDIUM,Maximum Twin Sum of a Linked List,14.1,0.008326434871399472,https://leetcode.com/problems/maximum-twin-sum-of-a-linked-list,"Linked List, Two Pointers, Stack"
HARD,Sum of Distances in Tree,14.1,0.006575374783595216,https://leetcode.com/problems/sum-of-distances-in-tree,"Dynamic Programming, Tree, Depth-First Search, Graph Theory, DP on Trees"
MEDIUM,Find Duplicate Subtrees,14.1,0.006083154324477106,https://leetcode.com/problems/find-duplicate-subtrees,"Hash Table, Tree, Depth-First Search, Binary Tree"
HARD,Optimal Account Balancing,14.1,0.005061702949890506,https://leetcode.com/problems/optimal-account-balancing,"Array, Dynamic Programming, Backtracking, Bit Manipulation, Bitmask"
MEDIUM,Remove Comments,14.1,0.004039956733569388,https://leetcode.com/problems/remove-comments,"Array, String"
EASY,Time Needed to Buy Tickets,14.1,0.007315099192162805,https://leetcode.com/problems/time-needed-to-buy-tickets,"Array, Queue, Simulation"
EASY,Count of Matches in Tournament,14.1,0.008655234313309789,https://leetcode.com/problems/count-of-matches-in-tournament,"Math, Simulation"
HARD,Maximum Number of Events That Can Be Attended II,14.1,0.006339573080638203,https://leetcode.com/problems/maximum-number-of-events-that-can-be-attended-ii,"Array, Binary Search, Dynamic Programming, Sorting"
EASY,Robot Return to Origin,14.1,0.007817546526409244,https://leetcode.com/problems/robot-return-to-origin,"String, Simulation"
HARD,Number of Digit One,14.1,0.003957957082968072,https://leetcode.com/problems/number-of-digit-one,"Math, Dynamic Programming, Recursion"
MEDIUM,Count the Number of Special Characters II,14.1,0.006049983185543107,https://leetcode.com/problems/count-the-number-of-special-characters-ii,"Hash Table, String"
EASY,Type of Triangle,14.1,0.004395658217213035,https://leetcode.com/problems/type-of-triangle,"Array, Math, Sorting, Polygons"
MEDIUM,Maximum Size Subarray Sum Equals k,14.1,0.005093534684022913,https://leetcode.com/problems/maximum-size-subarray-sum-equals-k,"Array, Hash Table, Prefix Sum"
EASY,Not Boring Movies,14.1,0.007517550247191374,https://leetcode.com/problems/not-boring-movies,Database
MEDIUM,Maximum XOR of Two Numbers in an Array,14.1,0.005371118970782822,https://leetcode.com/problems/maximum-xor-of-two-numbers-in-an-array,"Array, Hash Table, Bit Manipulation, Trie"
MEDIUM,Graph Valid Tree,14.1,0.0050109163690448865,https://leetcode.com/problems/graph-valid-tree,"Depth-First Search, Breadth-First Search, Union-Find, Graph Theory"
MEDIUM,Maximum Subsequence Score,14.1,0.005493629331189995,https://leetcode.com/problems/maximum-subsequence-score,"Array, Greedy, Sorting, Heap (Priority Queue)"
MEDIUM,Redundant Connection,14.1,0.006808052742972997,https://leetcode.com/problems/redundant-connection,"Depth-First Search, Breadth-First Search, Union-Find, Graph Theory"
MEDIUM,Count the Number of Substrings With Dominant Ones,14.1,0.004199969522648481,https://leetcode.com/problems/count-the-number-of-substrings-with-dominant-ones,"String, Enumeration"
EASY,Find Words Containing Character,14.1,0.009041334548185405,https://leetcode.com/problems/find-words-containing-character,"Array, String"
MEDIUM,Count Vowel Strings in Ranges,14.1,0.006788224525156103,https://leetcode.com/problems/count-vowel-strings-in-ranges,"Array, String, Prefix Sum"
MEDIUM,Circle and Rectangle Overlapping,14.1,0.005041549043775595,https://leetcode.com/problems/circle-and-rectangle-overlapping,"Math, Geometry"
EASY,Print in Order,14.1,0.007331494912646202,https://leetcode.com/problems/print-in-order,Concurrency
MEDIUM,Valid Tic-Tac-Toe State,14.1,0.00349767381103106,https://leetcode.com/problems/valid-tic-tac-toe-state,"Array, Matrix"
EASY,Longest Nice Substring,14.1,0.006466802679965745,https://leetcode.com/problems/longest-nice-substring,"Hash Table, String, Divide and Conquer, Bit Manipulation, Sliding Window"
MEDIUM,Maximum Number of Potholes That Can Be Fixed,14.1,0.005350037773860489,https://leetcode.com/problems/maximum-number-of-potholes-that-can-be-fixed,"String, Greedy, Sorting"
EASY,Find Center of Star Graph,14.1,0.00866021458483593,https://leetcode.com/problems/find-center-of-star-graph,Graph Theory
MEDIUM,The k-th Lexicographical String of All Happy Strings of Length n,14.1,0.008707962253204714,https://leetcode.com/problems/the-k-th-lexicographical-string-of-all-happy-strings-of-length-n,"String, Backtracking"
MEDIUM,Remove Sub-Folders from the Filesystem,14.1,0.007860429223690901,https://leetcode.com/problems/remove-sub-folders-from-the-filesystem,"Array, String, Depth-First Search, Trie"
MEDIUM,Count Servers that Communicate,14.1,0.007357592479568362,https://leetcode.com/problems/count-servers-that-communicate,"Array, Depth-First Search, Breadth-First Search, Union-Find, Matrix, Counting"
MEDIUM,Minimum Penalty for a Shop,14.1,0.0071243242281974675,https://leetcode.com/problems/minimum-penalty-for-a-shop,"String, Prefix Sum"
MEDIUM,String Compression III,14.1,0.006714583319812832,https://leetcode.com/problems/string-compression-iii,String
EASY,Longest Strictly Increasing or Strictly Decreasing Subarray,14.1,0.006493006296092202,https://leetcode.com/problems/longest-strictly-increasing-or-strictly-decreasing-subarray,Array
MEDIUM,Maximum Score From Removing Substrings,14.1,0.006641197407061561,https://leetcode.com/problems/maximum-score-from-removing-substrings,"String, Stack, Greedy"
MEDIUM,Validate Stack Sequences,14.1,0.0070670364979540275,https://leetcode.com/problems/validate-stack-sequences,"Array, Stack, Simulation"
MEDIUM,Path with Maximum Probability,14.1,0.006572409017778953,https://leetcode.com/problems/path-with-maximum-probability,"Array, Graph Theory, Heap (Priority Queue), Shortest Path, Dijkstra's Algorithm"
MEDIUM,Spiral Matrix IV,14.1,0.008231698225734307,https://leetcode.com/problems/spiral-matrix-iv,"Array, Linked List, Matrix, Simulation"
MEDIUM,Move Pieces to Obtain a String,14.1,0.005660922509225092,https://leetcode.com/problems/move-pieces-to-obtain-a-string,"Two Pointers, String"
MEDIUM,Count Total Number of Colored Cells,14.1,0.006621364990789046,https://leetcode.com/problems/count-total-number-of-colored-cells,Math
MEDIUM,Insert Greatest Common Divisors in Linked List,14.1,0.009128019994445987,https://leetcode.com/problems/insert-greatest-common-divisors-in-linked-list,"Linked List, Math, Number Theory"
EASY,Maximum Count of Positive Integer and Negative Integer,14.1,0.00742329996783657,https://leetcode.com/problems/maximum-count-of-positive-integer-and-negative-integer,"Array, Binary Search, Counting"
EASY,Special Array With X Elements Greater Than or Equal X,14.1,0.006691737920340902,https://leetcode.com/problems/special-array-with-x-elements-greater-than-or-equal-x,"Array, Binary Search, Sorting"
MEDIUM,Implement Rand10() Using Rand7(),14.1,0.00466316200962627,https://leetcode.com/problems/implement-rand10-using-rand7,"Math, Rejection Sampling, Randomized, Probability and Statistics"
EASY,Maximum Nesting Depth of the Parentheses,14.1,0.008504440517617907,https://leetcode.com/problems/maximum-nesting-depth-of-the-parentheses,"String, Stack, Bracket Sequences"
MEDIUM,Binary Tree Pruning,14.1,0.007255303942686012,https://leetcode.com/problems/binary-tree-pruning,"Tree, Depth-First Search, Binary Tree"
HARD,Maximum Sum of 3 Non-Overlapping Subarrays,14.1,0.005999105525447425,https://leetcode.com/problems/maximum-sum-of-3-non-overlapping-subarrays,"Array, Dynamic Programming, Sliding Window, Prefix Sum"
MEDIUM,Make Sum Divisible by P,14.1,0.0042594784909602565,https://leetcode.com/problems/make-sum-divisible-by-p,"Array, Hash Table, Prefix Sum"
MEDIUM,Smallest Missing Non-negative Integer After Operations,14.1,0.005593507763608596,https://leetcode.com/problems/smallest-missing-non-negative-integer-after-operations,"Array, Hash Table, Math, Greedy"
MEDIUM,Find if Array Can Be Sorted,14.1,0.006639617281843209,https://leetcode.com/problems/find-if-array-can-be-sorted,"Array, Bit Manipulation, Sorting"
MEDIUM,Minimum Number of Swaps to Make the String Balanced,14.1,0.007804356967066127,https://leetcode.com/problems/minimum-number-of-swaps-to-make-the-string-balanced,"Two Pointers, String, Stack, Greedy, Bracket Sequences"
MEDIUM,Count Number of Maximum Bitwise-OR Subsets,14.1,0.008947216115018544,https://leetcode.com/problems/count-number-of-maximum-bitwise-or-subsets,"Array, Backtracking, Bit Manipulation, Enumeration"
EASY,Minimum Operations to Make Array Values Equal to K,14.1,0.007321668386756889,https://leetcode.com/problems/minimum-operations-to-make-array-values-equal-to-k,"Array, Hash Table"
HARD,Tallest Billboard,14.1,0.005187379895880647,https://leetcode.com/problems/tallest-billboard,"Array, Dynamic Programming, Meet in the Middle, Knapsack Problem, 0-1 Knapsack"
MEDIUM,N-ary Tree Level Order Traversal,14.1,0.007163130851553005,https://leetcode.com/problems/n-ary-tree-level-order-traversal,"Tree, Breadth-First Search"
MEDIUM,Split a String Into the Max Number of Unique Substrings,14.1,0.00687469291899372,https://leetcode.com/problems/split-a-string-into-the-max-number-of-unique-substrings,"Hash Table, String, Backtracking"
EASY,Last Stone Weight,14.1,0.00667353380091523,https://leetcode.com/problems/last-stone-weight,"Array, Heap (Priority Queue)"
MEDIUM,Minimum Cost For Tickets,14.1,0.006747686229543243,https://leetcode.com/problems/minimum-cost-for-tickets,"Array, Dynamic Programming"
MEDIUM,Push Dominoes,14.1,0.006306387639520351,https://leetcode.com/problems/push-dominoes,"Two Pointers, String, Dynamic Programming"
MEDIUM,Encode and Decode TinyURL,14.1,0.008660179620316994,https://leetcode.com/problems/encode-and-decode-tinyurl,"Hash Table, String, Design, Hash Function"
MEDIUM,Special Array II,14.1,0.004575563048671392,https://leetcode.com/problems/special-array-ii,"Array, Binary Search, Prefix Sum"
MEDIUM,Determine if Two Strings Are Close,14.1,0.005440482497920504,https://leetcode.com/problems/determine-if-two-strings-are-close,"Hash Table, String, Sorting, Counting"
EASY,Delete Characters to Make Fancy String,14.1,0.007398855317335754,https://leetcode.com/problems/delete-characters-to-make-fancy-string,String
EASY,List the Products Ordered in a Period,14.1,0.007200281352043789,https://leetcode.com/problems/list-the-products-ordered-in-a-period,Database
MEDIUM,Flip Columns For Maximum Number of Equal Rows,14.1,0.007850657022932157,https://leetcode.com/problems/flip-columns-for-maximum-number-of-equal-rows,"Array, Hash Table, Matrix"
MEDIUM,Smallest Number in Infinite Set,14.1,0.007066448966310677,https://leetcode.com/problems/smallest-number-in-infinite-set,"Hash Table, Design, Heap (Priority Queue), Ordered Set"
EASY,Minimum Cost to Move Chips to The Same Position,14.1,0.007313126145009821,https://leetcode.com/problems/minimum-cost-to-move-chips-to-the-same-position,"Array, Math, Greedy"
HARD,K Inverse Pairs Array,14.1,0.0049009324009324,https://leetcode.com/problems/k-inverse-pairs-array,Dynamic Programming
MEDIUM,Word Pattern II,14.1,0.004913577848502683,https://leetcode.com/problems/word-pattern-ii,"Hash Table, String, Backtracking"
HARD,Maximum Sum BST in Binary Tree,14.1,0.004863410158931306,https://leetcode.com/problems/maximum-sum-bst-in-binary-tree,"Dynamic Programming, Tree, Depth-First Search, Binary Search Tree, Binary Tree, DP on Trees"
MEDIUM,Longest Substring Of All Vowels in Order,14.1,0.005226027180283207,https://leetcode.com/problems/longest-substring-of-all-vowels-in-order,"String, Sliding Window"
MEDIUM,Flip Equivalent Binary Trees,14.1,0.006949717784513473,https://leetcode.com/problems/flip-equivalent-binary-trees,"Tree, Depth-First Search, Binary Tree"
MEDIUM,Bitwise AND of Numbers Range,14.1,0.004902145538804481,https://leetcode.com/problems/bitwise-and-of-numbers-range,Bit Manipulation
EASY,Third Maximum Number,14.1,0.004016711709716007,https://leetcode.com/problems/third-maximum-number,"Array, Sorting"
MEDIUM,Count Square Submatrices with All Ones,14.1,0.008080449604791276,https://leetcode.com/problems/count-square-submatrices-with-all-ones,"Array, Dynamic Programming, Matrix"
EASY,Convert Binary Number in a Linked List to Integer,14.1,0.008239744042841557,https://leetcode.com/problems/convert-binary-number-in-a-linked-list-to-integer,"Linked List, Math"
MEDIUM,Number of Subsequences That Satisfy the Given Sum Condition,14.1,0.004901924250576553,https://leetcode.com/problems/number-of-subsequences-that-satisfy-the-given-sum-condition,"Array, Two Pointers, Binary Search, Sorting"
MEDIUM,Invalid Transactions,14.1,0.003249842207510103,https://leetcode.com/problems/invalid-transactions,"Array, Hash Table, String, Sorting"
HARD,Count Non-Decreasing Subarrays After K Operations,14.1,0.0024934228187919465,https://leetcode.com/problems/count-non-decreasing-subarrays-after-k-operations,"Array, Stack, Segment Tree, Queue, Sliding Window, Monotonic Stack, Monotonic Queue"
MEDIUM,Minimize XOR,14.1,0.006224922805469784,https://leetcode.com/problems/minimize-xor,"Greedy, Bit Manipulation"
EASY,Counting Words With a Given Prefix,14.1,0.008439975674032029,https://leetcode.com/problems/counting-words-with-a-given-prefix,"Array, String, String Matching"
MEDIUM,Construct K Palindrome Strings,14.1,0.006850960071190154,https://leetcode.com/problems/construct-k-palindrome-strings,"Hash Table, String, Greedy, Counting"
HARD,Painting a Grid With Three Different Colors,14.1,0.007693910096680951,https://leetcode.com/problems/painting-a-grid-with-three-different-colors,"Dynamic Programming, Graph Coloring"
MEDIUM,Construct the Lexicographically Largest Valid Sequence,14.1,0.00726551750496866,https://leetcode.com/problems/construct-the-lexicographically-largest-valid-sequence,"Array, Backtracking"
MEDIUM,Find Unique Binary String,14.1,0.00812298834373715,https://leetcode.com/problems/find-unique-binary-string,"Array, Hash Table, String, Backtracking"
HARD,Divide Nodes Into the Maximum Number of Groups,14.1,0.006685905039997566,https://leetcode.com/problems/divide-nodes-into-the-maximum-number-of-groups,"Depth-First Search, Breadth-First Search, Union-Find, Graph Theory"
MEDIUM,Egg Drop With 2 Eggs and N Floors,14.1,0.007471151186590696,https://leetcode.com/problems/egg-drop-with-2-eggs-and-n-floors,"Math, Dynamic Programming"
MEDIUM,Maximum Absolute Sum of Any Subarray,14.1,0.007075500082825954,https://leetcode.com/problems/maximum-absolute-sum-of-any-subarray,"Array, Dynamic Programming"
MEDIUM,Length of Longest Fibonacci Subsequence,14.1,0.005757462290519264,https://leetcode.com/problems/length-of-longest-fibonacci-subsequence,"Array, Hash Table, Dynamic Programming"
MEDIUM,Maximum Number of Fish in a Grid,14.1,0.007036169659120479,https://leetcode.com/problems/maximum-number-of-fish-in-a-grid,"Array, Depth-First Search, Breadth-First Search, Union-Find, Matrix"
MEDIUM,Smallest Subarrays With Maximum Bitwise OR,14.1,0.006192491766158913,https://leetcode.com/problems/smallest-subarrays-with-maximum-bitwise-or,"Array, Binary Search, Bit Manipulation, Sliding Window"
HARD,Minimum Cost Walk in Weighted Graph,14.1,0.006799191883590957,https://leetcode.com/problems/minimum-cost-walk-in-weighted-graph,"Array, Bit Manipulation, Union-Find, Graph Theory"
EASY,Duplicate Zeros,14.1,0.005394638833013204,https://leetcode.com/problems/duplicate-zeros,"Array, Two Pointers"
HARD,Recover a Tree From Preorder Traversal,14.1,0.008321487205198534,https://leetcode.com/problems/recover-a-tree-from-preorder-traversal,"String, Tree, Depth-First Search, Binary Tree"
MEDIUM,Minimum Operations to Make a Uni-Value Grid,14.1,0.0070759769386680785,https://leetcode.com/problems/minimum-operations-to-make-a-uni-value-grid,"Array, Math, Sorting, Matrix"
MEDIUM,Delete Nodes From Linked List Present in Array,14.1,0.006925577009896164,https://leetcode.com/problems/delete-nodes-from-linked-list-present-in-array,"Array, Hash Table, Linked List"
HARD,Minimum Number of Operations to Make Array Continuous,14.1,0.005176202584074462,https://leetcode.com/problems/minimum-number-of-operations-to-make-array-continuous,"Array, Hash Table, Binary Search, Sliding Window"
MEDIUM,Fraction to Recurring Decimal,14.1,0.0031256555608260234,https://leetcode.com/problems/fraction-to-recurring-decimal,"Hash Table, Math, String"
EASY,Maximum Difference Between Adjacent Elements in a Circular Array,14.1,0.007561469842924009,https://leetcode.com/problems/maximum-difference-between-adjacent-elements-in-a-circular-array,Array
MEDIUM,Sort Vowels in a String,14.1,0.008348176719925155,https://leetcode.com/problems/sort-vowels-in-a-string,"String, Sorting"
MEDIUM,Number of Ways to Arrive at Destination,14.1,0.003771502673296424,https://leetcode.com/problems/number-of-ways-to-arrive-at-destination,"Dynamic Programming, Graph Theory, Topological Sort, Shortest Path, Dijkstra's Algorithm"
MEDIUM,Shortest Path with Alternating Colors,14.1,0.004824528233938346,https://leetcode.com/problems/shortest-path-with-alternating-colors,"Breadth-First Search, Graph Theory"
MEDIUM,Count the Number of Good Subarrays,14.1,0.0065732672397810325,https://leetcode.com/problems/count-the-number-of-good-subarrays,"Array, Hash Table, Sliding Window"
MEDIUM,Reschedule Meetings for Maximum Free Time II,14.1,0.006007367106293795,https://leetcode.com/problems/reschedule-meetings-for-maximum-free-time-ii,"Array, Greedy, Enumeration"
EASY,The K Weakest Rows in a Matrix,14.1,0.007448604481142218,https://leetcode.com/problems/the-k-weakest-rows-in-a-matrix,"Array, Binary Search, Sorting, Heap (Priority Queue), Matrix"
EASY,Find Numbers with Even Number of Digits,14.1,0.007994890838001518,https://leetcode.com/problems/find-numbers-with-even-number-of-digits,"Array, Math"
MEDIUM,Total Cost to Hire K Workers,14.1,0.00438624044405703,https://leetcode.com/problems/total-cost-to-hire-k-workers,"Array, Two Pointers, Heap (Priority Queue), Simulation"
MEDIUM,Best Time to Buy and Sell Stock with Cooldown,14.1,0.006260488322276384,https://leetcode.com/problems/best-time-to-buy-and-sell-stock-with-cooldown,"Array, Dynamic Programming"
HARD,Guess the Word,14.1,0.003660275621759791,https://leetcode.com/problems/guess-the-word,"Array, Math, String, Minimax, Interactive, Game Theory"
HARD,Minimum Cost to Make Array Equal,14.1,0.0046892348328132485,https://leetcode.com/problems/minimum-cost-to-make-array-equal,"Array, Binary Search, Greedy, Sorting, Prefix Sum"
EASY,Finding 3-Digit Even Numbers,14.1,0.007862036050343758,https://leetcode.com/problems/finding-3-digit-even-numbers,"Array, Hash Table, Recursion, Sorting, Enumeration"
EASY,Sort Array By Parity II,14.1,0.007134535793748347,https://leetcode.com/problems/sort-array-by-parity-ii,"Array, Two Pointers, Sorting"
MEDIUM,Ways to Make a Fair Array,14.1,0.006741545507802098,https://leetcode.com/problems/ways-to-make-a-fair-array,"Array, Prefix Sum"
MEDIUM,Zero Array Transformation I,14.1,0.005452867650068911,https://leetcode.com/problems/zero-array-transformation-i,"Array, Prefix Sum"
HARD,Reaching Points,14.1,0.003458673010051953,https://leetcode.com/problems/reaching-points,"Math, Euclidean Algorithm, Greatest Common Divisor"
MEDIUM,Zero Array Transformation III,14.1,0.005473813881458539,https://leetcode.com/problems/zero-array-transformation-iii,"Array, Two Pointers, Greedy, Sorting, Heap (Priority Queue), Prefix Sum"
MEDIUM,Longest Palindrome by Concatenating Two Letter Words,14.1,0.005345248500557581,https://leetcode.com/problems/longest-palindrome-by-concatenating-two-letter-words,"Array, Hash Table, String, Greedy, Counting"
EASY,Divisor Game,14.1,0.00724379703170733,https://leetcode.com/problems/divisor-game,"Math, Dynamic Programming, Brainteaser, Game Theory, Impartial Game"
MEDIUM,Count Number of Texts,14.1,0.005060060302155721,https://leetcode.com/problems/count-number-of-texts,"Hash Table, Math, String, Dynamic Programming"
MEDIUM,Check if Object Instance of Class,14.1,0.0030172684458398746,https://leetcode.com/problems/check-if-object-instance-of-class,
MEDIUM,Swapping Nodes in a Linked List,14.1,0.0069689249090689,https://leetcode.com/problems/swapping-nodes-in-a-linked-list,"Linked List, Two Pointers"
MEDIUM,Car Pooling,14.1,0.005647519438385424,https://leetcode.com/problems/car-pooling,"Array, Sorting, Heap (Priority Queue), Simulation, Prefix Sum"
EASY,Customer Placing the Largest Number of Orders,14.1,0.006465151187782162,https://leetcode.com/problems/customer-placing-the-largest-number-of-orders,Database
EASY,Find the K-th Character in String Game I,14.1,0.008156667401037328,https://leetcode.com/problems/find-the-k-th-character-in-string-game-i,"Math, Bit Manipulation, Recursion, Simulation"
HARD,Robot Room Cleaner,14.1,0.007802244466866529,https://leetcode.com/problems/robot-room-cleaner,"Backtracking, Interactive"
MEDIUM,Fruits Into Baskets III,14.1,0.003946006977369858,https://leetcode.com/problems/fruits-into-baskets-iii,"Array, Binary Search, Segment Tree, Ordered Set"
MEDIUM,Find Kth Bit in Nth Binary String,14.1,0.00737185282314345,https://leetcode.com/problems/find-kth-bit-in-nth-binary-string,"String, Recursion, Simulation"
HARD,Longest Happy Prefix,14.1,0.005374430111913923,https://leetcode.com/problems/longest-happy-prefix,"String, Rolling Hash, String Matching, Hash Function, Z Algorithm, Knuth–Morris–Pratt Algorithm"
MEDIUM,Find the Maximum Length of Valid Subsequence I,14.1,0.0054904631110227,https://leetcode.com/problems/find-the-maximum-length-of-valid-subsequence-i,"Array, Dynamic Programming"
MEDIUM,K-th Symbol in Grammar,14.1,0.0048611700449347735,https://leetcode.com/problems/k-th-symbol-in-grammar,"Math, Bit Manipulation, Recursion"
MEDIUM,Number of Zero-Filled Subarrays,14.1,0.007005534711689417,https://leetcode.com/problems/number-of-zero-filled-subarrays,"Array, Math"
MEDIUM,Maximum Erasure Value,14.1,0.006439831552266427,https://leetcode.com/problems/maximum-erasure-value,"Array, Hash Table, Sliding Window"
EASY,Find Resultant Array After Removing Anagrams,14.1,0.006995591460046993,https://leetcode.com/problems/find-resultant-array-after-removing-anagrams,"Array, Hash Table, String, Sorting"
HARD,Find the Minimum Area to Cover All Ones II,14.1,0.006316933240611961,https://leetcode.com/problems/find-the-minimum-area-to-cover-all-ones-ii,"Array, Matrix, Enumeration"
HARD,Maximize Subarrays After Removing One Conflicting Pair,14.1,0.006407459496572574,https://leetcode.com/problems/maximize-subarrays-after-removing-one-conflicting-pair,"Array, Segment Tree, Enumeration, Prefix Sum"
EASY,Minimum Difference Between Highest and Lowest of K Scores,14.1,0.006639359593012383,https://leetcode.com/problems/minimum-difference-between-highest-and-lowest-of-k-scores,"Array, Sliding Window, Sorting"
MEDIUM,As Far from Land as Possible,14.1,0.00524903222288861,https://leetcode.com/problems/as-far-from-land-as-possible,"Array, Dynamic Programming, Breadth-First Search, Matrix"
MEDIUM,Alice and Bob Playing Flower Game,14.1,0.005990653169794592,https://leetcode.com/problems/alice-and-bob-playing-flower-game,Math
MEDIUM,Movie Rating,14.1,0.004416319885663012,https://leetcode.com/problems/movie-rating,Database
MEDIUM,Uncrossed Lines,14.1,0.00655178357704116,https://leetcode.com/problems/uncrossed-lines,"Array, Dynamic Programming, Longest Common Subsequence"
EASY,Transformed Array,14.1,0.007043360529599062,https://leetcode.com/problems/transformed-array,"Array, Simulation"
HARD,Reconstruct Itinerary,14.1,0.004489977329533721,https://leetcode.com/problems/reconstruct-itinerary,"Array, String, Depth-First Search, Graph Theory, Sorting, Heap (Priority Queue), Eulerian Circuit, Eulerian Path, Semi-Eulerian Graph"
HARD,Last Substring in Lexicographical Order,14.1,0.003521058679028488,https://leetcode.com/problems/last-substring-in-lexicographical-order,"Two Pointers, String, Lyndon Factorization"
EASY,Maximum Number of Words You Can Type,14.1,0.008293671488622959,https://leetcode.com/problems/maximum-number-of-words-you-can-type,"Hash Table, String"
EASY,Reverse Only Letters,14.1,0.00689288016582202,https://leetcode.com/problems/reverse-only-letters,"Two Pointers, String"
EASY,Array Partition,14.1,0.008207983996433386,https://leetcode.com/problems/array-partition,"Array, Greedy, Sorting, Counting Sort"
MEDIUM,Successful Pairs of Spells and Potions,14.1,0.00498110765401369,https://leetcode.com/problems/successful-pairs-of-spells-and-potions,"Array, Two Pointers, Binary Search, Sorting"
EASY,Image Smoother,14.1,0.006952791283718714,https://leetcode.com/problems/image-smoother,"Array, Matrix"
MEDIUM,Paint House,14.1,0.006452233787361473,https://leetcode.com/problems/paint-house,"Array, Dynamic Programming"
EASY,Check if the Sentence Is Pangram,14.1,0.00843024391797131,https://leetcode.com/problems/check-if-the-sentence-is-pangram,"Hash Table, String"
HARD,Get the Maximum Score,14.1,0.004138303970236744,https://leetcode.com/problems/get-the-maximum-score,"Array, Two Pointers, Dynamic Programming, Greedy"
MEDIUM,Minimum Increments to Equalize Leaf Paths,14.1,0.004093101025032108,https://leetcode.com/problems/minimum-increments-to-equalize-leaf-paths,"Array, Dynamic Programming, Tree, Depth-First Search"
MEDIUM,Super Ugly Number,14.1,0.004645823169456796,https://leetcode.com/problems/super-ugly-number,"Array, Math, Dynamic Programming"
HARD,Create Maximum Number,14.1,0.0036487927819738963,https://leetcode.com/problems/create-maximum-number,"Array, Two Pointers, Stack, Greedy, Monotonic Stack"
HARD,Consecutive Numbers Sum,14.1,0.004282484761047469,https://leetcode.com/problems/consecutive-numbers-sum,"Math, Enumeration"
EASY,The Two Sneaky Numbers of Digitville,14.1,0.008961170115425543,https://leetcode.com/problems/the-two-sneaky-numbers-of-digitville,"Array, Hash Table, Math"
MEDIUM,Maximum Palindromes After Operations,14.1,0.0047082602094137595,https://leetcode.com/problems/maximum-palindromes-after-operations,"Array, Hash Table, String, Greedy, Sorting, Counting"
HARD,Sliding Puzzle,14.1,0.007455278690662966,https://leetcode.com/problems/sliding-puzzle,"Array, Dynamic Programming, Backtracking, Breadth-First Search, Memoization, Matrix, Heuristic Search, Bidirectional Search, A* Search"
HARD,Trips and Users,14.1,0.0038935244304654825,https://leetcode.com/problems/trips-and-users,Database
EASY,Select Data,14.1,0.007837290225961326,https://leetcode.com/problems/select-data,
MEDIUM,Power Grid Maintenance,14.1,0.00559088687500368,https://leetcode.com/problems/power-grid-maintenance,"Array, Hash Table, Depth-First Search, Breadth-First Search, Union-Find, Graph Theory, Heap (Priority Queue), Ordered Set"
MEDIUM,Count Mentions Per User,14.1,0.0050587481431858565,https://leetcode.com/problems/count-mentions-per-user,"Array, Math, Sorting, Simulation"
MEDIUM,Minimum Moves to Make Array Complementary,14.1,0.006483752144515087,https://leetcode.com/problems/minimum-moves-to-make-array-complementary,"Array, Hash Table, Prefix Sum"
MEDIUM,Champagne Tower,14.1,0.006397982998415784,https://leetcode.com/problems/champagne-tower,Dynamic Programming
MEDIUM,Count Ways To Build Good Strings,14.1,0.005884268138057586,https://leetcode.com/problems/count-ways-to-build-good-strings,Dynamic Programming
MEDIUM,Four Divisors,14.1,0.005652986792647637,https://leetcode.com/problems/four-divisors,"Array, Math, Prime Factorization, Sieve Theory"
MEDIUM,Partition to K Equal Sum Subsets,14.1,0.0038826600535143254,https://leetcode.com/problems/partition-to-k-equal-sum-subsets,"Array, Dynamic Programming, Backtracking, Bit Manipulation, Memoization, Bitmask"
EASY,Long Pressed Name,14.1,0.0033074600483625084,https://leetcode.com/problems/long-pressed-name,"Two Pointers, String"
MEDIUM,Minesweeper,14.1,0.006890005675052404,https://leetcode.com/problems/minesweeper,"Array, Depth-First Search, Breadth-First Search, Matrix"
EASY,Maximum Product of Three Numbers,14.1,0.00482224409490848,https://leetcode.com/problems/maximum-product-of-three-numbers,"Array, Math, Sorting"
MEDIUM,Binary Searchable Numbers in an Unsorted Array,14.1,0.0063329383886255915,https://leetcode.com/problems/binary-searchable-numbers-in-an-unsorted-array,"Array, Binary Search, Stack, Monotonic Stack"
EASY,Self Dividing Numbers,14.1,0.008113448431193679,https://leetcode.com/problems/self-dividing-numbers,Math
MEDIUM,Minimize Maximum of Array,14.1,0.004659440762070339,https://leetcode.com/problems/minimize-maximum-of-array,"Array, Binary Search, Dynamic Programming, Greedy, Prefix Sum"
HARD,Swim in Rising Water,14.1,0.006817680753988078,https://leetcode.com/problems/swim-in-rising-water,"Array, Binary Search, Depth-First Search, Breadth-First Search, Union-Find, Minimax, Heap (Priority Queue), Matrix, Dijkstra's Algorithm"
EASY,How Many Numbers Are Smaller Than the Current Number,14.1,0.008748119472336861,https://leetcode.com/problems/how-many-numbers-are-smaller-than-the-current-number,"Array, Hash Table, Sorting, Counting Sort"
HARD,Largest Component Size by Common Factor,14.1,0.004372238394361881,https://leetcode.com/problems/largest-component-size-by-common-factor,"Array, Hash Table, Math, Union-Find, Number Theory, Prime Factorization"
EASY,Minimum Number Game,14.1,0.008575223201621596,https://leetcode.com/problems/minimum-number-game,"Array, Sorting, Heap (Priority Queue), Simulation"
EASY,Divide an Array Into Subarrays With Minimum Cost I,14.1,0.008061686807865594,https://leetcode.com/problems/divide-an-array-into-subarrays-with-minimum-cost-i,"Array, Sorting, Enumeration"
EASY,Binary Tree Postorder Traversal,8.9,0.007882984670200101,https://leetcode.com/problems/binary-tree-postorder-traversal,"Stack, Tree, Depth-First Search, Binary Tree"
MEDIUM,Predict the Winner,8.9,0.005988094964953137,https://leetcode.com/problems/predict-the-winner,"Array, Math, Dynamic Programming, Recursion, Minimax, Game Theory, Zero-Sum Game"
MEDIUM,Find Largest Value in Each Tree Row,8.9,0.006637018154857475,https://leetcode.com/problems/find-largest-value-in-each-tree-row,"Tree, Depth-First Search, Breadth-First Search, Binary Tree"
EASY,Reverse Words in a String III,8.9,0.00841215588263049,https://leetcode.com/problems/reverse-words-in-a-string-iii,"Two Pointers, String"
MEDIUM,Replace Words,8.9,0.006892654302766909,https://leetcode.com/problems/replace-words,"Array, Hash Table, String, Trie"
MEDIUM,Domino and Tromino Tiling,8.9,0.005126150224317972,https://leetcode.com/problems/domino-and-tromino-tiling,Dynamic Programming
MEDIUM,Custom Sort String,8.9,0.007232251380451601,https://leetcode.com/problems/custom-sort-string,"Hash Table, String, Sorting"
EASY,Range Sum of BST,8.9,0.008762708687680573,https://leetcode.com/problems/range-sum-of-bst,"Tree, Depth-First Search, Binary Search Tree, Binary Tree"
MEDIUM,Largest Time for Given Digits,8.9,0.0036111451733769327,https://leetcode.com/problems/largest-time-for-given-digits,"Array, String, Backtracking, Enumeration"
MEDIUM,Reveal Cards In Increasing Order,8.9,0.0083777411870369,https://leetcode.com/problems/reveal-cards-in-increasing-order,"Array, Queue, Sorting, Simulation"
MEDIUM,Distribute Coins in Binary Tree,8.9,0.007733381510142222,https://leetcode.com/problems/distribute-coins-in-binary-tree,"Tree, Depth-First Search, Binary Tree, DP on Trees"
EASY,Find Common Characters,8.9,0.0074801277214917,https://leetcode.com/problems/find-common-characters,"Array, Hash Table, String"
MEDIUM,Validate Binary Tree Nodes,8.9,0.00441920774877573,https://leetcode.com/problems/validate-binary-tree-nodes,"Tree, Depth-First Search, Breadth-First Search, Union-Find, Graph Theory, Binary Tree"
MEDIUM,Find Missing Observations,8.9,0.0057382528472023145,https://leetcode.com/problems/find-missing-observations,"Array, Math, Simulation"
EASY,Minimum Common Value,8.9,0.006071805477653164,https://leetcode.com/problems/minimum-common-value,"Array, Hash Table, Two Pointers, Binary Search"
MEDIUM,Construct the Longest New String,8.9,0.005509969931951258,https://leetcode.com/problems/construct-the-longest-new-string,"Math, Dynamic Programming, Greedy, Brainteaser"
MEDIUM,Maximum Number of Operations With the Same Score II,8.9,0.003424784056613591,https://leetcode.com/problems/maximum-number-of-operations-with-the-same-score-ii,"Array, Dynamic Programming, Memoization"
MEDIUM,Convert Binary Search Tree to Sorted Doubly Linked List,8.9,0.006563056403268796,https://leetcode.com/problems/convert-binary-search-tree-to-sorted-doubly-linked-list,"Linked List, Stack, Tree, Depth-First Search, Binary Search Tree, Binary Tree, Doubly-Linked List"
MEDIUM,Minimum Additions to Make Valid String,8.9,0.005133255036588671,https://leetcode.com/problems/minimum-additions-to-make-valid-string,"String, Dynamic Programming, Stack, Greedy"
MEDIUM,The Latest Time to Catch a Bus,8.9,0.003019492669910021,https://leetcode.com/problems/the-latest-time-to-catch-a-bus,"Array, Two Pointers, Binary Search, Sorting"
MEDIUM,Count Subarrays Where Max Element Appears at Least K Times,8.9,0.006231666376310722,https://leetcode.com/problems/count-subarrays-where-max-element-appears-at-least-k-times,"Array, Sliding Window"
EASY,Number of Students Unable to Eat Lunch,8.9,0.007993640725021501,https://leetcode.com/problems/number-of-students-unable-to-eat-lunch,"Array, Stack, Queue, Simulation"
MEDIUM,Product Sales Analysis III,8.9,0.004641121439122574,https://leetcode.com/problems/product-sales-analysis-iii,Database
MEDIUM,Dot Product of Two Sparse Vectors,8.9,0.00898920702566936,https://leetcode.com/problems/dot-product-of-two-sparse-vectors,"Array, Hash Table, Two Pointers, Design, Linear Algebra"
EASY,Array Prototype Last,8.9,0.0074662163148414675,https://leetcode.com/problems/array-prototype-last,
MEDIUM,Next Greater Node In Linked List,8.9,0.006468809849521204,https://leetcode.com/problems/next-greater-node-in-linked-list,"Array, Linked List, Stack, Monotonic Stack"
MEDIUM,Minimum Time to Make Rope Colorful,8.9,0.006518986443995784,https://leetcode.com/problems/minimum-time-to-make-rope-colorful,"Array, String, Dynamic Programming, Greedy"
EASY,Add Two Promises,8.9,0.009169820301162371,https://leetcode.com/problems/add-two-promises,
MEDIUM,Frog Jump II,8.9,0.0062585645769099,https://leetcode.com/problems/frog-jump-ii,"Array, Binary Search, Greedy"
MEDIUM,Generate Binary Strings Without Adjacent Zeros,8.9,0.00886455783534482,https://leetcode.com/problems/generate-binary-strings-without-adjacent-zeros,"String, Backtracking, Bit Manipulation"
MEDIUM,Maximum Sum of Distinct Subarrays With Length K,8.9,0.004343609199165783,https://leetcode.com/problems/maximum-sum-of-distinct-subarrays-with-length-k,"Array, Hash Table, Sliding Window"
HARD,Serialize and Deserialize N-ary Tree,8.9,0.006893823742935266,https://leetcode.com/problems/serialize-and-deserialize-n-ary-tree,"String, Tree, Depth-First Search, Breadth-First Search"
MEDIUM,Last Person to Fit in the Bus,8.9,0.006973226243280447,https://leetcode.com/problems/last-person-to-fit-in-the-bus,Database
MEDIUM,Possible Bipartition,8.9,0.005296183402081014,https://leetcode.com/problems/possible-bipartition,"Depth-First Search, Breadth-First Search, Union-Find, Graph Theory, Graph Coloring, Bipartite Graph"
EASY,Baseball Game,8.9,0.0080990656407522,https://leetcode.com/problems/baseball-game,"Array, Stack, Simulation"
MEDIUM,Find the Length of the Longest Common Prefix,8.9,0.006226152649412633,https://leetcode.com/problems/find-the-length-of-the-longest-common-prefix,"Array, Hash Table, String, Trie"
EASY,Count the Number of Incremovable Subarrays I,8.9,0.005647978106658025,https://leetcode.com/problems/count-the-number-of-incremovable-subarrays-i,"Array, Two Pointers, Binary Search, Enumeration"
EASY,Sum of Digits of String After Convert,8.9,0.007481636197943744,https://leetcode.com/problems/sum-of-digits-of-string-after-convert,"String, Simulation"
MEDIUM,2 Keys Keyboard,8.9,0.00594557541075623,https://leetcode.com/problems/2-keys-keyboard,"Math, Dynamic Programming"
HARD,Minimum Adjacent Swaps for K Consecutive Ones,8.9,0.00425446365809082,https://leetcode.com/problems/minimum-adjacent-swaps-for-k-consecutive-ones,"Array, Greedy, Sliding Window, Prefix Sum"
EASY,Remove Digit From Number to Maximize Result,8.9,0.004876906238599051,https://leetcode.com/problems/remove-digit-from-number-to-maximize-result,"String, Greedy, Enumeration"
MEDIUM,Water and Jug Problem,8.9,0.004620405449924699,https://leetcode.com/problems/water-and-jug-problem,"Math, Depth-First Search, Breadth-First Search, Bézout's Lemma, Euclidean Algorithm, Greatest Common Divisor, Extended Euclidean Algorithm"
MEDIUM,Minimum Flips to Make a OR b Equal to c,8.9,0.007208437974358174,https://leetcode.com/problems/minimum-flips-to-make-a-or-b-equal-to-c,Bit Manipulation
MEDIUM,Print Words Vertically,8.9,0.006800941930958466,https://leetcode.com/problems/print-words-vertically,"Array, String, Simulation"
MEDIUM,Spiral Matrix III,8.9,0.008458228502903899,https://leetcode.com/problems/spiral-matrix-iii,"Array, Matrix, Simulation"
MEDIUM,Partition Array into Disjoint Intervals,8.9,0.0049610497115067185,https://leetcode.com/problems/partition-array-into-disjoint-intervals,Array
EASY,Harshad Number,8.9,0.0083475242911836,https://leetcode.com/problems/harshad-number,Math
MEDIUM,Restaurant Growth,8.9,0.005957991321660542,https://leetcode.com/problems/restaurant-growth,Database
HARD,Strange Printer,8.9,0.0060980229188425834,https://leetcode.com/problems/strange-printer,"String, Dynamic Programming"
EASY,Shortest Word Distance,8.9,0.006638148660116242,https://leetcode.com/problems/shortest-word-distance,"Array, String"
HARD,Smallest Good Base,8.9,0.004711606633951038,https://leetcode.com/problems/smallest-good-base,"Math, Binary Search"
MEDIUM,Minimum Jumps to Reach Home,8.9,0.003102139308296009,https://leetcode.com/problems/minimum-jumps-to-reach-home,"Array, Hash Table, Breadth-First Search"
MEDIUM,Unique Binary Search Trees II,8.9,0.006312666920029363,https://leetcode.com/problems/unique-binary-search-trees-ii,"Dynamic Programming, Backtracking, Tree, Binary Search Tree, Binary Tree"
MEDIUM,Kth Largest Sum in a Binary Tree,8.9,0.005895324682671125,https://leetcode.com/problems/kth-largest-sum-in-a-binary-tree,"Tree, Breadth-First Search, Sorting, Binary Tree"
EASY,Rank Transform of an Array,8.9,0.00739750254311277,https://leetcode.com/problems/rank-transform-of-an-array,"Array, Hash Table, Sorting"
MEDIUM,Friends Of Appropriate Ages,8.9,0.0049984426773940546,https://leetcode.com/problems/friends-of-appropriate-ages,"Array, Two Pointers, Binary Search, Sorting"
MEDIUM,Divide Players Into Teams of Equal Skill,8.9,0.006892935744185043,https://leetcode.com/problems/divide-players-into-teams-of-equal-skill,"Array, Hash Table, Two Pointers, Sorting"
EASY,Average of Levels in Binary Tree,8.9,0.007513819309150509,https://leetcode.com/problems/average-of-levels-in-binary-tree,"Tree, Depth-First Search, Breadth-First Search, Binary Tree"
HARD,Count the Number of Ideal Arrays,8.9,0.005690617034578945,https://leetcode.com/problems/count-the-number-of-ideal-arrays,"Math, Dynamic Programming, Combinatorics, Number Theory, Prime Factorization, Fermat's Little Theorem"
HARD,Minimum Total Distance Traveled,8.9,0.006314507239261531,https://leetcode.com/problems/minimum-total-distance-traveled,"Array, Dynamic Programming, Sorting"
EASY,Check if One String Swap Can Make Strings Equal,8.9,0.004953737213556182,https://leetcode.com/problems/check-if-one-string-swap-can-make-strings-equal,"Hash Table, String, Counting"
MEDIUM,Shortest Subarray With OR at Least K II,8.9,0.005010917953691959,https://leetcode.com/problems/shortest-subarray-with-or-at-least-k-ii,"Array, Bit Manipulation, Sliding Window"
MEDIUM,Walls and Gates,8.9,0.006414155259217336,https://leetcode.com/problems/walls-and-gates,"Array, Breadth-First Search, Matrix"
MEDIUM,Prime Subtraction Operation,8.9,0.005542074972779592,https://leetcode.com/problems/prime-subtraction-operation,"Array, Math, Binary Search, Greedy, Number Theory"
HARD,Find K-th Smallest Pair Distance,8.9,0.004675850995504175,https://leetcode.com/problems/find-k-th-smallest-pair-distance,"Array, Two Pointers, Binary Search, Sorting"
EASY,Count Number of Pairs With Absolute Difference K,8.9,0.008544719625040092,https://leetcode.com/problems/count-number-of-pairs-with-absolute-difference-k,"Array, Hash Table, Counting"
EASY,Count Pairs Whose Sum is Less than Target,8.9,0.008765082053736913,https://leetcode.com/problems/count-pairs-whose-sum-is-less-than-target,"Array, Two Pointers, Binary Search, Sorting"
EASY,Reformat Department Table,8.9,0.007641273405082739,https://leetcode.com/problems/reformat-department-table,Database
MEDIUM,Number of Spaces Cleaning Robot Cleaned,8.9,0.006459153423725519,https://leetcode.com/problems/number-of-spaces-cleaning-robot-cleaned,"Array, Matrix, Simulation"
MEDIUM,Find Longest Special Substring That Occurs Thrice I,8.9,0.006184150929443628,https://leetcode.com/problems/find-longest-special-substring-that-occurs-thrice-i,"Hash Table, String, Binary Search, Sliding Window, Counting"
EASY,Check If a Word Occurs As a Prefix of Any Word in a Sentence,8.9,0.006880183030166083,https://leetcode.com/problems/check-if-a-word-occurs-as-a-prefix-of-any-word-in-a-sentence,"Two Pointers, String, String Matching"
EASY,Check If N and Its Double Exist,8.9,0.00419730635647233,https://leetcode.com/problems/check-if-n-and-its-double-exist,"Array, Hash Table, Two Pointers, Binary Search, Sorting"
MEDIUM,Lexicographically Minimum String After Removing Stars,8.9,0.005086538421213761,https://leetcode.com/problems/lexicographically-minimum-string-after-removing-stars,"Hash Table, String, Stack, Greedy, Heap (Priority Queue)"
MEDIUM,Nearest Exit from Entrance in Maze,8.9,0.004903748683598749,https://leetcode.com/problems/nearest-exit-from-entrance-in-maze,"Array, Breadth-First Search, Matrix"
MEDIUM,Divide Array Into Arrays With Max Difference,8.9,0.00790788890120856,https://leetcode.com/problems/divide-array-into-arrays-with-max-difference,"Array, Greedy, Sorting"
EASY,Find Followers Count,8.9,0.006960898482358732,https://leetcode.com/problems/find-followers-count,Database
MEDIUM,Count Salary Categories,8.9,0.006511402420105492,https://leetcode.com/problems/count-salary-categories,Database
EASY,String Matching in an Array,8.9,0.006982394838161003,https://leetcode.com/problems/string-matching-in-an-array,"Array, String, String Matching"
MEDIUM,Find the Prefix Common Array of Two Arrays,8.9,0.008829161889586289,https://leetcode.com/problems/find-the-prefix-common-array-of-two-arrays,"Array, Hash Table, Bit Manipulation"
MEDIUM,Maximum Sum With at Most K Elements,8.9,0.006051799274168866,https://leetcode.com/problems/maximum-sum-with-at-most-k-elements,"Array, Greedy, Sorting, Heap (Priority Queue), Matrix"
MEDIUM,All Possible Full Binary Trees,8.9,0.008277571673303608,https://leetcode.com/problems/all-possible-full-binary-trees,"Dynamic Programming, Tree, Recursion, Memoization, Binary Tree"
MEDIUM,Minimum Number of Operations to Move All Balls to Each Box,8.9,0.009014117763057179,https://leetcode.com/problems/minimum-number-of-operations-to-move-all-balls-to-each-box,"Array, String, Prefix Sum"
EASY,Maximum Number of Words Found in Sentences,8.9,0.008672725869856387,https://leetcode.com/problems/maximum-number-of-words-found-in-sentences,"Array, String"
MEDIUM,Loud and Rich,8.9,0.006400431982103598,https://leetcode.com/problems/loud-and-rich,"Array, Depth-First Search, Graph Theory, Topological Sort, Directed Acyclic Graph"
MEDIUM,Coloring A Border,8.9,0.00516049642809262,https://leetcode.com/problems/coloring-a-border,"Array, Depth-First Search, Breadth-First Search, Matrix"
MEDIUM,Tuple with Same Product,8.9,0.0070065499367315855,https://leetcode.com/problems/tuple-with-same-product,"Array, Hash Table, Counting"
MEDIUM,Adding Spaces to a String,8.9,0.007185659714216276,https://leetcode.com/problems/adding-spaces-to-a-string,"Array, Two Pointers, String, Simulation"
HARD,Number of Increasing Paths in a Grid,8.9,0.005728534402920934,https://leetcode.com/problems/number-of-increasing-paths-in-a-grid,"Array, Dynamic Programming, Depth-First Search, Breadth-First Search, Graph Theory, Topological Sort, Memoization, Matrix"
MEDIUM,Minimum Index of a Valid Split,8.9,0.007552614222328816,https://leetcode.com/problems/minimum-index-of-a-valid-split,"Array, Hash Table, Sorting"
MEDIUM,Construct Binary Tree from Preorder and Postorder Traversal,8.9,0.007806948766747606,https://leetcode.com/problems/construct-binary-tree-from-preorder-and-postorder-traversal,"Array, Hash Table, Divide and Conquer, Tree, Binary Tree"
EASY,Triangle Judgement,8.9,0.007509377077875211,https://leetcode.com/problems/triangle-judgement,Database
EASY,Degree of an Array,8.9,0.0058602424860898505,https://leetcode.com/problems/degree-of-an-array,"Array, Hash Table"
MEDIUM,Closest Prime Numbers in Range,8.9,0.005194671341860249,https://leetcode.com/problems/closest-prime-numbers-in-range,"Math, Number Theory, Primality Test, Sieve Theory, Prime Number Sieve"
MEDIUM,Minimum Swaps to Group All 1's Together II,8.9,0.0065722497378981224,https://leetcode.com/problems/minimum-swaps-to-group-all-1s-together-ii,"Array, Sliding Window"
MEDIUM,Longest ZigZag Path in a Binary Tree,8.9,0.006734708057828085,https://leetcode.com/problems/longest-zigzag-path-in-a-binary-tree,"Dynamic Programming, Tree, Depth-First Search, Binary Tree, DP on Trees"
MEDIUM,Smallest Palindromic Rearrangement I,8.9,0.0074541310220621335,https://leetcode.com/problems/smallest-palindromic-rearrangement-i,"String, Sorting, Counting Sort"
MEDIUM,Gray Code,8.9,0.006578970367176667,https://leetcode.com/problems/gray-code,"Math, Backtracking, Bit Manipulation"
MEDIUM,Design a Food Rating System,8.9,0.005288384409042685,https://leetcode.com/problems/design-a-food-rating-system,"Array, Hash Table, String, Design, Heap (Priority Queue), Ordered Set"
MEDIUM,Longest Mountain in Array,8.9,0.004245344287638158,https://leetcode.com/problems/longest-mountain-in-array,"Array, Two Pointers, Dynamic Programming, Enumeration"
MEDIUM,Maximum Value of an Ordered Triplet II,8.9,0.005625107275841656,https://leetcode.com/problems/maximum-value-of-an-ordered-triplet-ii,"Array, Prefix Sum"
MEDIUM,Find Triangular Sum of an Array,8.9,0.008196178521989138,https://leetcode.com/problems/find-triangular-sum-of-an-array,"Array, Math, Simulation, Combinatorics, Number Theory"
EASY,Minimum Number of Operations to Make Elements in Array Distinct,8.9,0.007126182073165534,https://leetcode.com/problems/minimum-number-of-operations-to-make-elements-in-array-distinct,"Array, Hash Table"
MEDIUM,Find the Minimum Amount of Time to Brew Potions,8.9,0.006269069446727022,https://leetcode.com/problems/find-the-minimum-amount-of-time-to-brew-potions,"Array, Simulation, Prefix Sum"
EASY,Minimum Cuts to Divide a Circle,8.9,0.005660200380751219,https://leetcode.com/problems/minimum-cuts-to-divide-a-circle,"Math, Geometry"
MEDIUM,Count of Interesting Subarrays,8.9,0.005779595973328554,https://leetcode.com/problems/count-of-interesting-subarrays,"Array, Hash Table, Prefix Sum"
MEDIUM,Rabbits in Forest,8.9,0.005803383457517577,https://leetcode.com/problems/rabbits-in-forest,"Array, Hash Table, Math, Greedy"
MEDIUM,Count Number of Ways to Place Houses,8.9,0.004417228170574119,https://leetcode.com/problems/count-number-of-ways-to-place-houses,Dynamic Programming
MEDIUM,Subdomain Visit Count,8.9,0.007720529663707416,https://leetcode.com/problems/subdomain-visit-count,"Array, Hash Table, String, Counting"
EASY,Count Subarrays of Length Three With a Condition,8.9,0.00613572976763459,https://leetcode.com/problems/count-subarrays-of-length-three-with-a-condition,Array
MEDIUM,Mirror Reflection,8.9,0.006253941643715324,https://leetcode.com/problems/mirror-reflection,"Math, Geometry, Number Theory, Least Common Multiple, Greatest Common Divisor"
MEDIUM,Continuous Subarrays,8.9,0.005798537435586542,https://leetcode.com/problems/continuous-subarrays,"Array, Queue, Sliding Window, Heap (Priority Queue), Ordered Set, Monotonic Queue"
EASY,Number of Segments in a String,8.9,0.003765800303447016,https://leetcode.com/problems/number-of-segments-in-a-string,String
MEDIUM,Solving Questions With Brainpower,8.9,0.006020150443245811,https://leetcode.com/problems/solving-questions-with-brainpower,"Array, Dynamic Programming"
EASY,Merge Two Binary Trees,8.9,0.007914596999620434,https://leetcode.com/problems/merge-two-binary-trees,"Tree, Depth-First Search, Breadth-First Search, Binary Tree"
EASY,Power of Four,8.9,0.005247287251444982,https://leetcode.com/problems/power-of-four,"Math, Bit Manipulation, Recursion"
EASY,Sort Array by Increasing Frequency,8.9,0.008100681253185376,https://leetcode.com/problems/sort-array-by-increasing-frequency,"Array, Hash Table, Sorting"
HARD,Numbers At Most N Given Digit Set,8.9,0.0045857776730671065,https://leetcode.com/problems/numbers-at-most-n-given-digit-set,"Array, Math, String, Binary Search, Dynamic Programming"
MEDIUM,Maximum Number of Occurrences of a Substring,8.9,0.005480484174529172,https://leetcode.com/problems/maximum-number-of-occurrences-of-a-substring,"Hash Table, String, Sliding Window"
EASY,To Lower Case,8.9,0.008510460652381958,https://leetcode.com/problems/to-lower-case,String
HARD,Length of Longest V-Shaped Diagonal Segment,8.9,0.005592548076923077,https://leetcode.com/problems/length-of-longest-v-shaped-diagonal-segment,"Array, Dynamic Programming, Memoization, Matrix"
MEDIUM,Walking Robot Simulation,8.9,0.006462662164475529,https://leetcode.com/problems/walking-robot-simulation,"Array, Hash Table, Simulation"
MEDIUM,Transform Array to All Equal Elements,8.9,0.00333273706805842,https://leetcode.com/problems/transform-array-to-all-equal-elements,"Array, Greedy"
MEDIUM,Path with Maximum Gold,8.9,0.00685668617351063,https://leetcode.com/problems/path-with-maximum-gold,"Array, Backtracking, Matrix"
MEDIUM,Jump Game VI,8.9,0.004656777937841619,https://leetcode.com/problems/jump-game-vi,"Array, Dynamic Programming, Queue, Heap (Priority Queue), Monotonic Queue"
MEDIUM,Maximum Frequency After Subarray Operation,8.9,0.0031599634260743594,https://leetcode.com/problems/maximum-frequency-after-subarray-operation,"Array, Hash Table, Dynamic Programming, Greedy, Enumeration, Prefix Sum"
HARD,Minimum Difference in Sums After Removal of Elements,8.9,0.00695772519322223,https://leetcode.com/problems/minimum-difference-in-sums-after-removal-of-elements,"Array, Dynamic Programming, Heap (Priority Queue)"
HARD,Cherry Pickup II,8.9,0.00725967946751821,https://leetcode.com/problems/cherry-pickup-ii,"Array, Dynamic Programming, Matrix"
HARD,Sum of k-Mirror Numbers,8.9,0.006355062616464997,https://leetcode.com/problems/sum-of-k-mirror-numbers,"Math, Enumeration"
EASY,Find the Distance Value Between Two Arrays,8.9,0.007217088844090361,https://leetcode.com/problems/find-the-distance-value-between-two-arrays,"Array, Two Pointers, Binary Search, Sorting"
HARD,Count the Number of Inversions,8.9,0.003156164822831489,https://leetcode.com/problems/count-the-number-of-inversions,"Array, Dynamic Programming"
HARD,Insert Delete GetRandom O(1) - Duplicates allowed,8.9,0.003689525730978801,https://leetcode.com/problems/insert-delete-getrandom-o1-duplicates-allowed,"Array, Hash Table, Math, Design, Randomized"
EASY,Find the Original Typed String I,8.9,0.007209982192679532,https://leetcode.com/problems/find-the-original-typed-string-i,String
MEDIUM,Minimum Suffix Flips,8.9,0.007397087170700364,https://leetcode.com/problems/minimum-suffix-flips,"String, Greedy"
EASY,Adjacent Increasing Subarrays Detection I,8.9,0.004799532029673573,https://leetcode.com/problems/adjacent-increasing-subarrays-detection-i,Array
HARD,Delete Duplicate Folders in System,8.9,0.007722590674734099,https://leetcode.com/problems/delete-duplicate-folders-in-system,"Array, Hash Table, String, Depth-First Search, Trie, Sorting, Hash Function"
HARD,Minimum Score After Removals on a Tree,8.9,0.007600302392137805,https://leetcode.com/problems/minimum-score-after-removals-on-a-tree,"Array, Bit Manipulation, Tree, Depth-First Search"
EASY,Check If Digits Are Equal in String After Operations I,8.9,0.00822763149352155,https://leetcode.com/problems/check-if-digits-are-equal-in-string-after-operations-i,"Math, String, Simulation, Combinatorics, Number Theory"
MEDIUM,Binary Tree Level Order Traversal II,8.9,0.0068858006051861105,https://leetcode.com/problems/binary-tree-level-order-traversal-ii,"Tree, Breadth-First Search, Binary Tree"
HARD,Maximum Fruits Harvested After at Most K Steps,8.9,0.006098323525529239,https://leetcode.com/problems/maximum-fruits-harvested-after-at-most-k-steps,"Array, Binary Search, Sliding Window, Prefix Sum"
MEDIUM,Find The Original Array of Prefix Xor,8.9,0.00884472807052677,https://leetcode.com/problems/find-the-original-array-of-prefix-xor,"Array, Bit Manipulation"
EASY,Merge Two 2D Arrays by Summing Values,8.9,0.008165816555479105,https://leetcode.com/problems/merge-two-2d-arrays-by-summing-values,"Array, Hash Table, Two Pointers"
MEDIUM,Longest Subarray With Maximum Bitwise AND,8.9,0.00653569793289387,https://leetcode.com/problems/longest-subarray-with-maximum-bitwise-and,"Array, Bit Manipulation, Brainteaser"
MEDIUM,Smallest Value of the Rearranged Number,8.9,0.005359379500912185,https://leetcode.com/problems/smallest-value-of-the-rearranged-number,"Math, Sorting"
MEDIUM,Maximize Greatness of an Array,8.9,0.006211726338968405,https://leetcode.com/problems/maximize-greatness-of-an-array,"Array, Two Pointers, Greedy, Sorting"
HARD,Reducing Dishes,8.9,0.007681388138654052,https://leetcode.com/problems/reducing-dishes,"Array, Dynamic Programming, Greedy, Sorting"
HARD,Check If It Is a Good Array,8.9,0.006576073593010977,https://leetcode.com/problems/check-if-it-is-a-good-array,"Array, Math, Number Theory, Bézout's Lemma, Euclidean Algorithm, Greatest Common Divisor, Extended Euclidean Algorithm"
HARD,Cat and Mouse,8.9,0.0035919742166864565,https://leetcode.com/problems/cat-and-mouse,"Math, Dynamic Programming, Graph Theory, Topological Sort, Memoization, Minimax, Game Theory, Zero-Sum Game"
MEDIUM,Design Snake Game,8.9,0.004008079329759114,https://leetcode.com/problems/design-snake-game,"Array, Hash Table, Design, Queue, Simulation"
MEDIUM,Sort Matrix by Diagonals,8.9,0.008469399116675533,https://leetcode.com/problems/sort-matrix-by-diagonals,"Array, Sorting, Matrix"
MEDIUM,Count Number of Bad Pairs,8.9,0.0054124680199310335,https://leetcode.com/problems/count-number-of-bad-pairs,"Array, Hash Table, Math, Counting"
MEDIUM,Minimum Substring Partition of Equal Character Frequency,8.9,0.004025636223651081,https://leetcode.com/problems/minimum-substring-partition-of-equal-character-frequency,"Hash Table, String, Dynamic Programming, Counting"
EASY,Count Special Quadruplets,8.9,0.006490547459629775,https://leetcode.com/problems/count-special-quadruplets,"Array, Hash Table, Enumeration"
MEDIUM,Find the Minimum Area to Cover All Ones I,8.9,0.0077978730296831755,https://leetcode.com/problems/find-the-minimum-area-to-cover-all-ones-i,"Array, Matrix"
MEDIUM,Minimum Swaps to Make Strings Equal,8.9,0.006555732348690045,https://leetcode.com/problems/minimum-swaps-to-make-strings-equal,"Math, String, Greedy"
EASY,Element Appearing More Than 25% In Sorted Array,8.9,0.0061337301935501755,https://leetcode.com/problems/element-appearing-more-than-25-in-sorted-array,Array
EASY,Convert 1D Array Into 2D Array,8.9,0.007241327220586402,https://leetcode.com/problems/convert-1d-array-into-2d-array,"Array, Matrix, Simulation"
HARD,Minimum Operations to Equalize Binary String,8.9,0.0045119538394019845,https://leetcode.com/problems/minimum-operations-to-equalize-binary-string,"Math, String, Breadth-First Search, Union-Find, Ordered Set"
EASY,Array Reduce Transformation,8.9,0.008547324113720974,https://leetcode.com/problems/array-reduce-transformation,
MEDIUM,Twisted Mirror Path Count,8.9,0.004752966558791801,https://leetcode.com/problems/twisted-mirror-path-count,"Array, Dynamic Programming, Matrix"
MEDIUM,Word Frequency,8.9,0.002979879282710633,https://leetcode.com/problems/word-frequency,Shell
EASY,Count Partitions with Even Sum Difference,8.9,0.008511773466809945,https://leetcode.com/problems/count-partitions-with-even-sum-difference,"Array, Math, Prefix Sum"
HARD,Minimize Malware Spread,8.9,0.004339416421024741,https://leetcode.com/problems/minimize-malware-spread,"Array, Hash Table, Depth-First Search, Breadth-First Search, Union-Find, Graph Theory"
EASY,Binary Prefix Divisible By 5,8.9,0.005373181611911673,https://leetcode.com/problems/binary-prefix-divisible-by-5,"Array, Bit Manipulation"
MEDIUM,Rearrange Words in a Sentence,8.9,0.006731481294134309,https://leetcode.com/problems/rearrange-words-in-a-sentence,"String, Sorting"
HARD,Minimum Cost to Merge Stones,8.9,0.004673503895861126,https://leetcode.com/problems/minimum-cost-to-merge-stones,"Array, Dynamic Programming, Prefix Sum"
MEDIUM,Number of People Aware of a Secret,8.9,0.006061813760697001,https://leetcode.com/problems/number-of-people-aware-of-a-secret,"Dynamic Programming, Queue, Simulation"
MEDIUM,Kill Process,8.9,0.007073333190090458,https://leetcode.com/problems/kill-process,"Array, Hash Table, Tree, Depth-First Search, Breadth-First Search"
MEDIUM,Count Unreachable Pairs of Nodes in an Undirected Graph,8.9,0.005019456955961229,https://leetcode.com/problems/count-unreachable-pairs-of-nodes-in-an-undirected-graph,"Depth-First Search, Breadth-First Search, Union-Find, Graph Theory"
HARD,Put Marbles in Bags,8.9,0.00720510524582102,https://leetcode.com/problems/put-marbles-in-bags,"Array, Greedy, Sorting, Heap (Priority Queue)"
MEDIUM,Next Greater Numerically Balanced Number,8.9,0.006305807934924052,https://leetcode.com/problems/next-greater-numerically-balanced-number,"Hash Table, Math, Backtracking, Counting, Enumeration"
MEDIUM,Design Task Manager,8.9,0.0048733342067829605,https://leetcode.com/problems/design-task-manager,"Hash Table, Design, Heap (Priority Queue), Ordered Set"
MEDIUM,Best Time to Buy and Sell Stock using Strategy,8.9,0.00597250141544471,https://leetcode.com/problems/best-time-to-buy-and-sell-stock-using-strategy,"Array, Sliding Window, Prefix Sum"
MEDIUM,Broken Calculator,8.9,0.0056407654264088065,https://leetcode.com/problems/broken-calculator,"Math, Greedy"
MEDIUM,Design Spreadsheet,8.9,0.007353269253589653,https://leetcode.com/problems/design-spreadsheet,"Array, Hash Table, String, Design, Matrix"
HARD,Maximum Good People Based on Statements,8.9,0.005281197413869454,https://leetcode.com/problems/maximum-good-people-based-on-statements,"Array, Backtracking, Bit Manipulation, Enumeration"
MEDIUM,Implement Router,8.9,0.0039015016204072325,https://leetcode.com/problems/implement-router,"Array, Hash Table, Binary Search, Design, Queue, Ordered Set"
EASY,Reverse Prefix of Word,8.9,0.008650372151559317,https://leetcode.com/problems/reverse-prefix-of-word,"Two Pointers, String, Stack"
MEDIUM,Minimum Limit of Balls in a Bag,8.9,0.0065968288285314656,https://leetcode.com/problems/minimum-limit-of-balls-in-a-bag,"Array, Binary Search"
EASY,Swap Sex of Employees,8.9,0.008486644898054212,https://leetcode.com/problems/swap-sex-of-employees,Database
HARD,Remove Boxes,8.9,0.004964726764037846,https://leetcode.com/problems/remove-boxes,"Array, Dynamic Programming, Memoization"
MEDIUM,132 Pattern,8.9,0.0035032694454801504,https://leetcode.com/problems/132-pattern,"Array, Binary Search, Stack, Monotonic Stack, Ordered Set"
EASY,Make Array Elements Equal to Zero,8.9,0.0068141584148601895,https://leetcode.com/problems/make-array-elements-equal-to-zero,"Array, Simulation, Prefix Sum"
EASY,Matrix Similarity After Cyclic Shifts,8.9,0.007445395168738108,https://leetcode.com/problems/matrix-similarity-after-cyclic-shifts,"Array, Math, Matrix, Simulation"
HARD,Equal Sum Grid Partition II,8.9,0.003951210613031407,https://leetcode.com/problems/equal-sum-grid-partition-ii,"Array, Hash Table, Matrix, Enumeration, Prefix Sum"
MEDIUM,Construct Quad Tree,8.9,0.007861745646084299,https://leetcode.com/problems/construct-quad-tree,"Array, Divide and Conquer, Tree, Matrix"
MEDIUM,Minimum Score Triangulation of Polygon,8.9,0.006761840841932567,https://leetcode.com/problems/minimum-score-triangulation-of-polygon,"Array, Dynamic Programming, Triangulation, Polygons"
EASY,Check if Strings Can be Made Equal With Operations I,8.9,0.006194453576197376,https://leetcode.com/problems/check-if-strings-can-be-made-equal-with-operations-i,String
HARD,Lexicographically Smallest Generated String,8.9,0.005362966235508759,https://leetcode.com/problems/lexicographically-smallest-generated-string,"String, Greedy, String Matching"
MEDIUM,Count Unguarded Cells in the Grid,8.9,0.0069157652042638705,https://leetcode.com/problems/count-unguarded-cells-in-the-grid,"Array, Matrix, Simulation"
HARD,Robot Collisions,8.9,0.006163435341823481,https://leetcode.com/problems/robot-collisions,"Array, Stack, Sorting, Simulation"
EASY,Find X-Sum of All K-Long Subarrays I,8.9,0.007608933883003705,https://leetcode.com/problems/find-x-sum-of-all-k-long-subarrays-i,"Array, Hash Table, Sliding Window, Heap (Priority Queue)"
MEDIUM,Minimum Number of Changes to Make Binary String Beautiful,8.9,0.007625334424330462,https://leetcode.com/problems/minimum-number-of-changes-to-make-binary-string-beautiful,String
MEDIUM,Print Binary Tree,8.9,0.006686662727293127,https://leetcode.com/problems/print-binary-tree,"Tree, Depth-First Search, Breadth-First Search, Binary Tree"
EASY,Sort Even and Odd Indices Independently,8.9,0.006352726700417071,https://leetcode.com/problems/sort-even-and-odd-indices-independently,"Array, Sorting"
MEDIUM,Maximum Subarray Sum with One Deletion,8.9,0.0049154900932338545,https://leetcode.com/problems/maximum-subarray-sum-with-one-deletion,"Array, Dynamic Programming"
EASY,Valid Mountain Array,8.9,0.0035673287734097254,https://leetcode.com/problems/valid-mountain-array,Array
MEDIUM,Count Collisions of Monkeys on a Polygon,8.9,0.0030393634660522404,https://leetcode.com/problems/count-collisions-of-monkeys-on-a-polygon,"Math, Recursion"
MEDIUM,Longest Ideal Subsequence,8.9,0.0046606329829070245,https://leetcode.com/problems/longest-ideal-subsequence,"Hash Table, String, Dynamic Programming"
MEDIUM,The Dining Philosophers,8.9,0.005410721070163192,https://leetcode.com/problems/the-dining-philosophers,Concurrency
MEDIUM,Grumpy Bookstore Owner,8.9,0.0064137045494737,https://leetcode.com/problems/grumpy-bookstore-owner,"Array, Sliding Window"
MEDIUM,Seat Reservation Manager,8.9,0.006737646472970531,https://leetcode.com/problems/seat-reservation-manager,"Design, Heap (Priority Queue)"
EASY,Minimum Sum of Mountain Triplets I,8.9,0.006728317590329613,https://leetcode.com/problems/minimum-sum-of-mountain-triplets-i,Array
MEDIUM,Reorder Data in Log Files,8.9,0.005678013130355938,https://leetcode.com/problems/reorder-data-in-log-files,"Array, String, Sorting"
MEDIUM,Minimum Cost Path with Edge Reversals,8.9,0.006152049669482189,https://leetcode.com/problems/minimum-cost-path-with-edge-reversals,"Graph Theory, Heap (Priority Queue), Shortest Path"
HARD,Maximum Number of K-Divisible Components,8.9,0.0073898858895088725,https://leetcode.com/problems/maximum-number-of-k-divisible-components,"Tree, Depth-First Search"
MEDIUM,Delete Leaves With a Given Value,8.9,0.00772027984248666,https://leetcode.com/problems/delete-leaves-with-a-given-value,"Tree, Depth-First Search, Binary Tree"
HARD,Trionic Array II,8.9,0.00473564469063752,https://leetcode.com/problems/trionic-array-ii,"Array, Dynamic Programming"
EASY,Moving Average from Data Stream,8.9,0.008022841921995209,https://leetcode.com/problems/moving-average-from-data-stream,"Array, Design, Queue, Data Stream"
EASY,Count Vowel Substrings of a String,8.9,0.007342379995375887,https://leetcode.com/problems/count-vowel-substrings-of-a-string,"Hash Table, String"
HARD,Best Meeting Point,8.9,0.006143219217419532,https://leetcode.com/problems/best-meeting-point,"Array, Math, Sorting, Matrix"
MEDIUM,Find Duplicate File in System,8.9,0.006748934711999762,https://leetcode.com/problems/find-duplicate-file-in-system,"Array, Hash Table, String"
MEDIUM,Robot Bounded In Circle,8.9,0.0056610522539855945,https://leetcode.com/problems/robot-bounded-in-circle,"Math, String, Simulation"
MEDIUM,Smallest Integer Divisible by K,8.9,0.005416481240350965,https://leetcode.com/problems/smallest-integer-divisible-by-k,"Hash Table, Math, Pigeonhole Principle"
HARD,Paths in Matrix Whose Sum Is Divisible by K,8.9,0.005871016741705644,https://leetcode.com/problems/paths-in-matrix-whose-sum-is-divisible-by-k,"Array, Dynamic Programming, Matrix"
EASY,Detect Capital,8.9,0.005694321398578284,https://leetcode.com/problems/detect-capital,String
EASY,N-th Tribonacci Number,8.9,0.006307438453128082,https://leetcode.com/problems/n-th-tribonacci-number,"Math, Dynamic Programming, Memoization"
MEDIUM,Letter Tile Possibilities,8.9,0.008352939678659639,https://leetcode.com/problems/letter-tile-possibilities,"Hash Table, String, Backtracking, Counting"
MEDIUM,Web Crawler,8.9,0.006871576814803473,https://leetcode.com/problems/web-crawler,"String, Depth-First Search, Breadth-First Search, Interactive"
EASY,Minimum Operations to Make Array Sum Divisible by K,8.9,0.009231886530780102,https://leetcode.com/problems/minimum-operations-to-make-array-sum-divisible-by-k,"Array, Math"
HARD,Longest Cycle in a Graph,8.9,0.005104752676015899,https://leetcode.com/problems/longest-cycle-in-a-graph,"Depth-First Search, Breadth-First Search, Graph Theory, Topological Sort, Kosaraju's Algorithm, Tarjan's SCC Algorithm"
MEDIUM,Count of Substrings Containing Every Vowel and K Consonants II,8.9,0.004075021521707179,https://leetcode.com/problems/count-of-substrings-containing-every-vowel-and-k-consonants-ii,"Hash Table, String, Sliding Window"
MEDIUM,Count Partitions With Max-Min Difference at Most K,8.9,0.005837589554970628,https://leetcode.com/problems/count-partitions-with-max-min-difference-at-most-k,"Array, Dynamic Programming, Queue, Sliding Window, Prefix Sum, Monotonic Queue"
MEDIUM,4Sum II,8.9,0.005813039386622118,https://leetcode.com/problems/4sum-ii,"Array, Hash Table"
EASY,Minimum Element After Replacement With Digit Sum,8.9,0.008960003721370817,https://leetcode.com/problems/minimum-element-after-replacement-with-digit-sum,"Array, Math"
MEDIUM,Combination Sum IV,8.9,0.005526452967281973,https://leetcode.com/problems/combination-sum-iv,"Array, Dynamic Programming"
HARD,Palindrome Pairs,8.9,0.00374957717295181,https://leetcode.com/problems/palindrome-pairs,"Array, Hash Table, String, Trie, Hash Function"
EASY,Longest Harmonious Subsequence,8.9,0.00649919901673503,https://leetcode.com/problems/longest-harmonious-subsequence,"Array, Hash Table, Sliding Window, Sorting, Counting"
EASY,Decrypt String from Alphabet to Integer Mapping,8.9,0.008065524426950684,https://leetcode.com/problems/decrypt-string-from-alphabet-to-integer-mapping,String
HARD,Maximum Product of Subsequences With an Alternating Sum Equal to K,8.9,0.0013734862970044615,https://leetcode.com/problems/maximum-product-of-subsequences-with-an-alternating-sum-equal-to-k,"Array, Hash Table, Dynamic Programming"
MEDIUM,Cache With Time Limit,8.9,0.007630870705638099,https://leetcode.com/problems/cache-with-time-limit,
EASY,Minimum Time Visiting All Points,8.9,0.008484570804381468,https://leetcode.com/problems/minimum-time-visiting-all-points,"Array, Math, Geometry"
MEDIUM,Number of Smooth Descent Periods of a Stock,8.9,0.0067654416541124765,https://leetcode.com/problems/number-of-smooth-descent-periods-of-a-stock,"Array, Math, Two Pointers, Dynamic Programming, Sliding Window"
HARD,Number of Ways to Divide a Long Corridor,8.9,0.005453153156585379,https://leetcode.com/problems/number-of-ways-to-divide-a-long-corridor,"Math, String, Dynamic Programming"
EASY,Second Largest Digit in a String,8.9,0.005511840004588779,https://leetcode.com/problems/second-largest-digit-in-a-string,"Hash Table, String"
MEDIUM,Largest Submatrix With Rearrangements,8.9,0.008019162177085976,https://leetcode.com/problems/largest-submatrix-with-rearrangements,"Array, Greedy, Sorting, Matrix"
MEDIUM,Design Bounded Blocking Queue,8.9,0.0073908479412963714,https://leetcode.com/problems/design-bounded-blocking-queue,Concurrency
EASY,GCD of Odd and Even Sums,8.9,0.008985153137926706,https://leetcode.com/problems/gcd-of-odd-and-even-sums,"Math, Number Theory"
MEDIUM,Max Number of K-Sum Pairs,8.9,0.005731385791659128,https://leetcode.com/problems/max-number-of-k-sum-pairs,"Array, Hash Table, Two Pointers, Sorting"
EASY,Restore Finishing Order,8.9,0.009140454390241966,https://leetcode.com/problems/restore-finishing-order,"Array, Hash Table"
HARD,Escape a Large Maze,8.9,0.003702965146523322,https://leetcode.com/problems/escape-a-large-maze,"Array, Hash Table, Depth-First Search, Breadth-First Search, Bidirectional Search"
MEDIUM,Magical String,8.9,0.005611262174771056,https://leetcode.com/problems/magical-string,"Two Pointers, String"
MEDIUM,Verify Preorder Sequence in Binary Search Tree,8.9,0.00518255976269412,https://leetcode.com/problems/verify-preorder-sequence-in-binary-search-tree,"Array, Stack, Tree, Binary Search Tree, Recursion, Monotonic Stack, Binary Tree"
MEDIUM,Find Beautiful Indices in the Given Array I,8.9,0.004116312576118191,https://leetcode.com/problems/find-beautiful-indices-in-the-given-array-i,"Two Pointers, String, Binary Search, Rolling Hash, String Matching, Hash Function, Z Algorithm, Knuth–Morris–Pratt Algorithm, Boyer–Moore String-Search Algorithm"
EASY,Final Value of Variable After Performing Operations,8.9,0.009060135830200364,https://leetcode.com/problems/final-value-of-variable-after-performing-operations,"Array, String, Simulation"
HARD,Max Chunks To Make Sorted II,8.9,0.00550604617075852,https://leetcode.com/problems/max-chunks-to-make-sorted-ii,"Array, Stack, Greedy, Sorting, Monotonic Stack"
MEDIUM,Count Subarrays With Majority Element I,8.9,0.007566284500595476,https://leetcode.com/problems/count-subarrays-with-majority-element-i,"Array, Hash Table, Divide and Conquer, Segment Tree, Merge Sort, Counting, Prefix Sum"
MEDIUM,The Maze,8.9,0.006051052807248266,https://leetcode.com/problems/the-maze,"Array, Depth-First Search, Breadth-First Search, Matrix"
HARD,Jump Game IV,8.9,0.005107222178072051,https://leetcode.com/problems/jump-game-iv,"Array, Hash Table, Breadth-First Search"
HARD,Number of Ways to Paint N × 3 Grid,8.9,0.008055706339339391,https://leetcode.com/problems/number-of-ways-to-paint-n-3-grid,"Dynamic Programming, Graph Coloring"
MEDIUM,Vowels of All Substrings,8.9,0.005567361266535521,https://leetcode.com/problems/vowels-of-all-substrings,"Math, String, Dynamic Programming, Combinatorics"
EASY,Number of Employees Who Met the Target,8.9,0.008771146846400103,https://leetcode.com/problems/number-of-employees-who-met-the-target,Array
MEDIUM,Valid Subarrays With Matching Sum Digits I,8.9,0.0046277091654101585,https://leetcode.com/problems/valid-subarrays-with-matching-sum-digits-i,"Array, Hash Table, Sliding Window, Enumeration, Prefix Sum"
HARD,Replace Non-Coprime Numbers in Array,8.9,0.0057644869090457875,https://leetcode.com/problems/replace-non-coprime-numbers-in-array,"Array, Math, Stack, Number Theory, Least Common Multiple, Greatest Common Divisor"
HARD,Find Minimum Diameter After Merging Two Trees,8.9,0.005674410024265989,https://leetcode.com/problems/find-minimum-diameter-after-merging-two-trees,"Tree, Depth-First Search, Breadth-First Search, Graph Theory"
MEDIUM,Find the Count of Numbers Which Are Not Special,8.9,0.002838739409408345,https://leetcode.com/problems/find-the-count-of-numbers-which-are-not-special,"Array, Math, Number Theory"
EASY,Concatenate Non-Zero Digits and Multiply by Sum I,8.9,0.006614353891336271,https://leetcode.com/problems/concatenate-non-zero-digits-and-multiply-by-sum-i,Math
HARD,Checking Existence of Edge Length Limited Paths,8.9,0.006359254403690524,https://leetcode.com/problems/checking-existence-of-edge-length-limited-paths,"Array, Two Pointers, Union-Find, Graph Theory, Sorting"
MEDIUM,Build an Array With Stack Operations,8.9,0.008086481713069615,https://leetcode.com/problems/build-an-array-with-stack-operations,"Array, Stack, Simulation"
EASY,Fill Missing Data,8.9,0.007260434969803461,https://leetcode.com/problems/fill-missing-data,
EASY,Maximum Difference Between Increasing Elements,8.9,0.006665402006593982,https://leetcode.com/problems/maximum-difference-between-increasing-elements,Array
EASY,Count Residue Prefixes,8.9,0.006589847991313788,https://leetcode.com/problems/count-residue-prefixes,"Hash Table, String"
EASY,Valid Boomerang,8.9,0.004009742359860283,https://leetcode.com/problems/valid-boomerang,"Array, Math, Geometry"
EASY,Construct the Minimum Bitwise Array I,8.9,0.008496133864926904,https://leetcode.com/problems/construct-the-minimum-bitwise-array-i,"Array, Bit Manipulation"
MEDIUM,Get Watched Videos by Your Friends,8.9,0.00540014334896072,https://leetcode.com/problems/get-watched-videos-by-your-friends,"Array, Hash Table, Breadth-First Search, Graph Theory, Sorting"
EASY,Goat Latin,8.9,0.007014961886387518,https://leetcode.com/problems/goat-latin,String
HARD,Minimum Falling Path Sum II,8.9,0.006297976765048226,https://leetcode.com/problems/minimum-falling-path-sum-ii,"Array, Dynamic Programming, Matrix"
HARD,Distance to a Cycle in Undirected Graph,8.9,0.007395560725016962,https://leetcode.com/problems/distance-to-a-cycle-in-undirected-graph,"Depth-First Search, Breadth-First Search, Graph Theory, Topological Sort"
MEDIUM,Longest Balanced Substring II,8.9,0.004188189558408848,https://leetcode.com/problems/longest-balanced-substring-ii,"Hash Table, String, Prefix Sum"
MEDIUM,My Calendar I,8.9,0.005837596018796275,https://leetcode.com/problems/my-calendar-i,"Array, Binary Search, Design, Segment Tree, Ordered Set"
HARD,Count Routes to Climb a Rectangular Grid,8.9,0.002530045457375926,https://leetcode.com/problems/count-routes-to-climb-a-rectangular-grid,"Array, Dynamic Programming, Matrix, Prefix Sum"
MEDIUM,Insertion Sort List,8.9,0.005993785609329717,https://leetcode.com/problems/insertion-sort-list,"Linked List, Sorting"
MEDIUM,Minimum Add to Make Parentheses Valid,8.9,0.007427570442540657,https://leetcode.com/problems/minimum-add-to-make-parentheses-valid,"String, Stack, Greedy, Bracket Sequences"
EASY,Calculator with Method Chaining,8.9,0.007689870541337177,https://leetcode.com/problems/calculator-with-method-chaining,
HARD,Employee Free Time,8.9,0.007297656237611201,https://leetcode.com/problems/employee-free-time,"Array, Sweep Line, Sorting, Heap (Priority Queue)"
HARD,Minimum Pair Removal to Sort Array II,8.9,0.003881132989025178,https://leetcode.com/problems/minimum-pair-removal-to-sort-array-ii,"Array, Hash Table, Linked List, Heap (Priority Queue), Simulation, Doubly-Linked List, Ordered Set"
MEDIUM,Rotated Digits,8.9,0.006408531015426862,https://leetcode.com/problems/rotated-digits,"Math, Dynamic Programming"
MEDIUM,Tree Diameter,8.9,0.006125671756376354,https://leetcode.com/problems/tree-diameter,"Tree, Depth-First Search, Breadth-First Search, Graph Theory, Topological Sort, DP on Trees"
MEDIUM,Detect Cycles in 2D Grid,8.9,0.00635081936008583,https://leetcode.com/problems/detect-cycles-in-2d-grid,"Array, Depth-First Search, Breadth-First Search, Union-Find, Matrix"
HARD,Minimum Number of Taps to Open to Water a Garden,8.9,0.005106341685817617,https://leetcode.com/problems/minimum-number-of-taps-to-open-to-water-a-garden,"Array, Dynamic Programming, Greedy"
EASY,Row With Maximum Ones,8.9,0.007454293810654383,https://leetcode.com/problems/row-with-maximum-ones,"Array, Matrix"
EASY,Largest Substring Between Two Equal Characters,8.9,0.006835860565967582,https://leetcode.com/problems/largest-substring-between-two-equal-characters,"Hash Table, String"
EASY,Function Composition,8.9,0.008678120581443845,https://leetcode.com/problems/function-composition,
HARD,Process String with Special Operations II,8.9,0.003982298652427102,https://leetcode.com/problems/process-string-with-special-operations-ii,"String, Simulation"
MEDIUM,Maximum Total Damage With Spell Casting,8.9,0.004500454797730636,https://leetcode.com/problems/maximum-total-damage-with-spell-casting,"Array, Hash Table, Two Pointers, Binary Search, Dynamic Programming, Sorting, Counting"
MEDIUM,4 Keys Keyboard,8.9,0.005647777674389752,https://leetcode.com/problems/4-keys-keyboard,"Math, Dynamic Programming"
MEDIUM,Minimum Score of a Path Between Two Cities,8.9,0.006624039939783489,https://leetcode.com/problems/minimum-score-of-a-path-between-two-cities,"Depth-First Search, Breadth-First Search, Union-Find, Graph Theory"
MEDIUM,Non-decreasing Subsequences,8.9,0.006300106995170759,https://leetcode.com/problems/non-decreasing-subsequences,"Array, Hash Table, Backtracking, Bit Manipulation"
MEDIUM,Tweet Counts Per Frequency,8.9,0.004649963820549928,https://leetcode.com/problems/tweet-counts-per-frequency,"Hash Table, String, Binary Search, Design, Sorting, Ordered Set"
MEDIUM,Maximum Capacity Within Budget,8.9,0.0020682495260449575,https://leetcode.com/problems/maximum-capacity-within-budget,"Array, Two Pointers, Binary Search, Sorting"
MEDIUM,Fizz Buzz Multithreaded,8.9,0.007511251980982567,https://leetcode.com/problems/fizz-buzz-multithreaded,Concurrency
HARD,Smallest Divisible Digit Product II,8.9,0.004524143379085613,https://leetcode.com/problems/smallest-divisible-digit-product-ii,"Math, String, Backtracking, Greedy, Number Theory"
EASY,Substrings of Size Three with Distinct Characters,8.9,0.007705662725575607,https://leetcode.com/problems/substrings-of-size-three-with-distinct-characters,"Hash Table, String, Sliding Window, Counting"
MEDIUM,Rotate Function,8.9,0.005414677812014105,https://leetcode.com/problems/rotate-function,"Array, Math, Dynamic Programming"
EASY,Maximum Length Substring With Two Occurrences,8.9,0.007766266290217097,https://leetcode.com/problems/maximum-length-substring-with-two-occurrences,"Hash Table, String, Sliding Window"
EASY,Binary Number with Alternating Bits,8.9,0.007000405932444768,https://leetcode.com/problems/binary-number-with-alternating-bits,Bit Manipulation
HARD,Maximum Students Taking Exam,8.9,0.005436095780278997,https://leetcode.com/problems/maximum-students-taking-exam,"Array, Dynamic Programming, Bit Manipulation, Matrix, Bitmask, Maximum Flow, Maximum Matching, Bipartite Graph, Edmonds–Karp Algorithm, MPM Algorithm, Push-Relabel Algorithm, Minimum Cut, Matching (Graph), Flow Network, Dinic's Algorithm"
EASY,Find Closest Number to Zero,8.9,0.004811771483520529,https://leetcode.com/problems/find-closest-number-to-zero,Array
HARD,Find the K-Sum of an Array,8.9,0.004181787445058041,https://leetcode.com/problems/find-the-k-sum-of-an-array,"Array, Sorting, Heap (Priority Queue)"
HARD,Couples Holding Hands,8.9,0.005965833618623759,https://leetcode.com/problems/couples-holding-hands,"Greedy, Depth-First Search, Breadth-First Search, Union-Find, Graph Theory"
HARD,Course Schedule III,8.9,0.004204481243912896,https://leetcode.com/problems/course-schedule-iii,"Array, Greedy, Sorting, Heap (Priority Queue)"
EASY,Find Smallest Letter Greater Than Target,8.9,0.00595370019232332,https://leetcode.com/problems/find-smallest-letter-greater-than-target,"Array, Binary Search"
