Difficulty,Title,Frequency,Acceptance Rate,Link,Topics
MEDIUM,Minimum Remove to Make Valid Parentheses,100.0,0.0071570266116854075,https://leetcode.com/problems/minimum-remove-to-make-valid-parentheses,"String, Stack"
EASY,Valid Word Abbreviation,96.9,0.0037047809064440955,https://leetcode.com/problems/valid-word-abbreviation,"Two Pointers, String"
EASY,Valid Palindrome II,95.2,0.004461402405485885,https://leetcode.com/problems/valid-palindrome-ii,"Two Pointers, String, Greedy"
MEDIUM,Binary Tree Vertical Order Traversal,93.4,0.005788604132969444,https://leetcode.com/problems/binary-tree-vertical-order-traversal,"Hash Table, Tree, Depth-First Search, Breadth-First Search, Sorting, Binary Tree"
MEDIUM,Kth Largest Element in an Array,93.1,0.006924374681224585,https://leetcode.com/problems/kth-largest-element-in-an-array,"Array, Divide and Conquer, Sorting, Heap (Priority Queue), Quickselect"
MEDIUM,Basic Calculator II,89.7,0.004708543633336923,https://leetcode.com/problems/basic-calculator-ii,"Math, String, Stack"
MEDIUM,Lowest Common Ancestor of a Binary Tree III,88.5,0.008301671948066684,https://leetcode.com/problems/lowest-common-ancestor-of-a-binary-tree-iii,"Hash Table, Two Pointers, Tree, Binary Tree, Binary Lifting, Lowest Common Ancestor"
MEDIUM,Nested List Weight Sum,88.1,0.008598194742742628,https://leetcode.com/problems/nested-list-weight-sum,"Depth-First Search, Breadth-First Search"
MEDIUM,Random Pick with Weight,87.9,0.004921193509565506,https://leetcode.com/problems/random-pick-with-weight,"Array, Math, Binary Search, Prefix Sum, Randomized"
EASY,Two Sum,87.5,0.0058009569065051395,https://leetcode.com/problems/two-sum,"Array, Hash Table"
EASY,Diameter of Binary Tree,86.4,0.006608644865917956,https://leetcode.com/problems/diameter-of-binary-tree,"Tree, Depth-First Search, Binary Tree, DP on Trees"
MEDIUM,Subarray Sum Equals K,86.4,0.004798003846179368,https://leetcode.com/problems/subarray-sum-equals-k,"Array, Hash Table, Prefix Sum"
MEDIUM,Lowest Common Ancestor of a Binary Tree,86.2,0.006995189177522382,https://leetcode.com/problems/lowest-common-ancestor-of-a-binary-tree,"Tree, Depth-First Search, Binary Tree, Binary Lifting, Lowest Common Ancestor"
MEDIUM,Find Peak Element,85.9,0.0047140579695030055,https://leetcode.com/problems/find-peak-element,"Array, Binary Search"
EASY,Merge Sorted Array,85.8,0.005552795361426026,https://leetcode.com/problems/merge-sorted-array,"Array, Two Pointers, Sorting"
MEDIUM,Binary Tree Right Side View,85.5,0.007097968141694821,https://leetcode.com/problems/binary-tree-right-side-view,"Tree, Depth-First Search, Breadth-First Search, Binary Tree"
MEDIUM,Merge Intervals,84.0,0.005257646418354588,https://leetcode.com/problems/merge-intervals,"Array, Sorting, Quicksort"
MEDIUM,"Pow(x, n)",83.6,0.003917077429147729,https://leetcode.com/problems/powx-n,"Math, Recursion"
MEDIUM,Simplify Path,83.5,0.005122124583086863,https://leetcode.com/problems/simplify-path,"String, Stack"
MEDIUM,Buildings With an Ocean View,82.4,0.008087318964587621,https://leetcode.com/problems/buildings-with-an-ocean-view,"Array, Stack, Monotonic Stack"
MEDIUM,Top K Frequent Elements,81.6,0.006713896392811846,https://leetcode.com/problems/top-k-frequent-elements,"Array, Hash Table, Divide and Conquer, Sorting, Heap (Priority Queue), Bucket Sort, Counting, Quickselect"
EASY,Valid Palindrome,81.5,0.0054070499205451225,https://leetcode.com/problems/valid-palindrome,"Two Pointers, String"
MEDIUM,Shortest Path in Binary Matrix,81.2,0.005205251240929667,https://leetcode.com/problems/shortest-path-in-binary-matrix,"Array, Breadth-First Search, Matrix"
EASY,Best Time to Buy and Sell Stock,80.1,0.005725127893111592,https://leetcode.com/problems/best-time-to-buy-and-sell-stock,"Array, Dynamic Programming"
MEDIUM,Dot Product of Two Sparse Vectors,79.6,0.00898920702566936,https://leetcode.com/problems/dot-product-of-two-sparse-vectors,"Array, Hash Table, Two Pointers, Design, Linear Algebra"
MEDIUM,Sum Root to Leaf Numbers,78.5,0.007027319648789748,https://leetcode.com/problems/sum-root-to-leaf-numbers,"Tree, Depth-First Search, Binary Tree"
MEDIUM,Next Permutation,78.4,0.004595894196110162,https://leetcode.com/problems/next-permutation,"Array, Two Pointers"
MEDIUM,Copy List with Random Pointer,78.4,0.006350924649997945,https://leetcode.com/problems/copy-list-with-random-pointer,"Hash Table, Linked List"
MEDIUM,LRU Cache,77.8,0.004786886321880775,https://leetcode.com/problems/lru-cache,"Hash Table, Linked List, Design, Doubly-Linked List"
EASY,Range Sum of BST,77.5,0.008762708687680573,https://leetcode.com/problems/range-sum-of-bst,"Tree, Depth-First Search, Binary Search Tree, Binary Tree"
MEDIUM,K Closest Points to Origin,76.6,0.006928839586235807,https://leetcode.com/problems/k-closest-points-to-origin,"Array, Math, Divide and Conquer, Geometry, Sorting, Heap (Priority Queue), Quickselect, K-D Tree"
HARD,Merge k Sorted Lists,74.4,0.006029394737326398,https://leetcode.com/problems/merge-k-sorted-lists,"Linked List, Divide and Conquer, Heap (Priority Queue), Merge Sort, Tournament Sort"
MEDIUM,Interval List Intersections,74.0,0.007314302081344282,https://leetcode.com/problems/interval-list-intersections,"Array, Two Pointers, Sweep Line"
EASY,Moving Average from Data Stream,73.6,0.008022841921995209,https://leetcode.com/problems/moving-average-from-data-stream,"Array, Design, Queue, Data Stream"
MEDIUM,Custom Sort String,73.3,0.007232251380451601,https://leetcode.com/problems/custom-sort-string,"Hash Table, String, Sorting"
HARD,Making A Large Island,72.9,0.005708577773167518,https://leetcode.com/problems/making-a-large-island,"Array, Depth-First Search, Breadth-First Search, Union-Find, Matrix"
MEDIUM,Max Consecutive Ones III,72.9,0.006827661609587484,https://leetcode.com/problems/max-consecutive-ones-iii,"Array, Binary Search, Sliding Window, Prefix Sum"
MEDIUM,Find First and Last Position of Element in Sorted Array,72.8,0.004950618836456947,https://leetcode.com/problems/find-first-and-last-position-of-element-in-sorted-array,"Array, Binary Search"
MEDIUM,Add Two Numbers,72.0,0.00491330966770989,https://leetcode.com/problems/add-two-numbers,"Linked List, Math, Recursion"
MEDIUM,Minimum Add to Make Parentheses Valid,72.0,0.007427570442540657,https://leetcode.com/problems/minimum-add-to-make-parentheses-valid,"String, Stack, Greedy, Bracket Sequences"
EASY,Valid Parentheses,71.4,0.004472564577393003,https://leetcode.com/problems/valid-parentheses,"String, Stack, Bracket Sequences"
MEDIUM,Maximum Swap,71.4,0.005209213259001477,https://leetcode.com/problems/maximum-swap,"Math, Greedy"
HARD,Minimum Window Substring,70.9,0.004825493082709374,https://leetcode.com/problems/minimum-window-substring,"Hash Table, String, Sliding Window"
MEDIUM,Clone Graph,69.9,0.006597999735064248,https://leetcode.com/problems/clone-graph,"Hash Table, Depth-First Search, Breadth-First Search, Graph Theory"
EASY,Longest Common Prefix,69.4,0.004818722323606658,https://leetcode.com/problems/longest-common-prefix,"Array, String, Trie"
HARD,Vertical Order Traversal of a Binary Tree,69.3,0.005452699348666497,https://leetcode.com/problems/vertical-order-traversal-of-a-binary-tree,"Hash Table, Tree, Depth-First Search, Breadth-First Search, Sorting, Binary Tree"
MEDIUM,3Sum,68.4,0.003969312443673831,https://leetcode.com/problems/3sum,"Array, Two Pointers, Sorting"
HARD,Valid Number,68.2,0.0023440163677049667,https://leetcode.com/problems/valid-number,String
EASY,Kth Missing Positive Number,67.9,0.006382801417311815,https://leetcode.com/problems/kth-missing-positive-number,"Array, Binary Search"
MEDIUM,Diagonal Traverse,67.2,0.006736865468671831,https://leetcode.com/problems/diagonal-traverse,"Array, Matrix, Simulation"
MEDIUM,Longest Substring Without Repeating Characters,66.3,0.0039779465199704395,https://leetcode.com/problems/longest-substring-without-repeating-characters,"Hash Table, String, Sliding Window"
MEDIUM,Exclusive Time of Functions,66.3,0.006626042210744203,https://leetcode.com/problems/exclusive-time-of-functions,"Array, Stack"
MEDIUM,Longest Palindromic Substring,65.5,0.0038471120984698874,https://leetcode.com/problems/longest-palindromic-substring,"Two Pointers, String, Dynamic Programming, Manacher"
MEDIUM,All Nodes Distance K in Binary Tree,65.5,0.006800106426821792,https://leetcode.com/problems/all-nodes-distance-k-in-binary-tree,"Hash Table, Tree, Depth-First Search, Breadth-First Search, Binary Tree"
MEDIUM,Course Schedule,65.1,0.005204031790875026,https://leetcode.com/problems/course-schedule,"Depth-First Search, Breadth-First Search, Graph Theory, Topological Sort, Directed Acyclic Graph"
MEDIUM,Remove Nth Node From End of List,64.4,0.0052391524656797295,https://leetcode.com/problems/remove-nth-node-from-end-of-list,"Linked List, Two Pointers"
HARD,Median of Two Sorted Arrays,63.8,0.004736979963874208,https://leetcode.com/problems/median-of-two-sorted-arrays,"Array, Binary Search, Divide and Conquer"
EASY,Add Strings,63.8,0.00522192666185936,https://leetcode.com/problems/add-strings,"Math, String, Simulation"
MEDIUM,Insert into a Sorted Circular Linked List,63.8,0.0038583034184292487,https://leetcode.com/problems/insert-into-a-sorted-circular-linked-list,Linked List
MEDIUM,Convert Binary Search Tree to Sorted Doubly Linked List,63.0,0.006563056403268796,https://leetcode.com/problems/convert-binary-search-tree-to-sorted-doubly-linked-list,"Linked List, Stack, Tree, Depth-First Search, Binary Search Tree, Binary Tree, Doubly-Linked List"
EASY,Remove Duplicates from Sorted Array,62.6,0.006356308944076769,https://leetcode.com/problems/remove-duplicates-from-sorted-array,"Array, Two Pointers"
MEDIUM,Number of Islands,62.6,0.006496045595930192,https://leetcode.com/problems/number-of-islands,"Array, Depth-First Search, Breadth-First Search, Union-Find, Matrix"
EASY,Closest Binary Search Tree Value,62.2,0.004913335490049192,https://leetcode.com/problems/closest-binary-search-tree-value,"Binary Search, Tree, Depth-First Search, Binary Search Tree, Binary Tree"
EASY,Move Zeroes,62.0,0.006426540363651741,https://leetcode.com/problems/move-zeroes,"Array, Two Pointers"
EASY,Palindrome Number,61.8,0.006087450999166423,https://leetcode.com/problems/palindrome-number,Math
HARD,Trapping Rain Water,61.6,0.006802852880710293,https://leetcode.com/problems/trapping-rain-water,"Array, Two Pointers, Dynamic Programming, Stack, Monotonic Stack"
MEDIUM,Group Shifted Strings,61.4,0.006783461912328056,https://leetcode.com/problems/group-shifted-strings,"Array, Hash Table, String"
MEDIUM,Palindromic Substrings,60.4,0.007312522584701131,https://leetcode.com/problems/palindromic-substrings,"Two Pointers, String, Dynamic Programming"
HARD,Robot Room Cleaner,60.4,0.007802244466866529,https://leetcode.com/problems/robot-room-cleaner,"Backtracking, Interactive"
MEDIUM,Container With Most Water,60.2,0.006064829842522907,https://leetcode.com/problems/container-with-most-water,"Array, Two Pointers, Greedy"
MEDIUM,Accounts Merge,60.2,0.006188999215268161,https://leetcode.com/problems/accounts-merge,"Array, Hash Table, String, Depth-First Search, Breadth-First Search, Union-Find, Sorting"
MEDIUM,Subsets,59.7,0.008271570156203122,https://leetcode.com/problems/subsets,"Array, Backtracking, Bit Manipulation"
MEDIUM,Binary Search Tree Iterator,59.5,0.007688335090086719,https://leetcode.com/problems/binary-search-tree-iterator,"Stack, Tree, Design, Binary Search Tree, Binary Tree, Iterator"
EASY,Goat Latin,59.0,0.007014961886387518,https://leetcode.com/problems/goat-latin,String
EASY,Contains Duplicate II,58.7,0.0051785098328470235,https://leetcode.com/problems/contains-duplicate-ii,"Array, Hash Table, Sliding Window"
MEDIUM,Continuous Subarray Sum,58.5,0.0031594524559303717,https://leetcode.com/problems/continuous-subarray-sum,"Array, Hash Table, Math, Prefix Sum, Pigeonhole Principle"
MEDIUM,Maximum Subarray,58.2,0.005373543161064693,https://leetcode.com/problems/maximum-subarray,"Array, Divide and Conquer, Dynamic Programming"
MEDIUM,String to Integer (atoi),57.9,0.0021567182847849965,https://leetcode.com/problems/string-to-integer-atoi,String
EASY,Roman to Integer,57.9,0.006704941751145893,https://leetcode.com/problems/roman-to-integer,"Hash Table, Math, String"
MEDIUM,Generate Parentheses,57.7,0.007906617395717882,https://leetcode.com/problems/generate-parentheses,"String, Dynamic Programming, Backtracking, Bracket Sequences"
HARD,Expression Add Operators,57.7,0.004366070522025442,https://leetcode.com/problems/expression-add-operators,"Math, String, Backtracking"
MEDIUM,Random Pick Index,57.7,0.006512326268133296,https://leetcode.com/problems/random-pick-index,"Hash Table, Math, Reservoir Sampling, Randomized"
HARD,Sliding Window Median,57.7,0.003908063269758123,https://leetcode.com/problems/sliding-window-median,"Array, Hash Table, Sliding Window, Heap (Priority Queue), Treap"
EASY,Merge Strings Alternately,57.1,0.008214734933686404,https://leetcode.com/problems/merge-strings-alternately,"Two Pointers, String"
MEDIUM,Koko Eating Bananas,56.8,0.0050395931681862126,https://leetcode.com/problems/koko-eating-bananas,"Array, Binary Search"
EASY,Merge Two Sorted Lists,56.5,0.006874749834652867,https://leetcode.com/problems/merge-two-sorted-lists,"Linked List, Recursion"
MEDIUM,Kth Smallest Element in a Sorted Matrix,56.5,0.006496157537102983,https://leetcode.com/problems/kth-smallest-element-in-a-sorted-matrix,"Array, Binary Search, Sorting, Heap (Priority Queue), Matrix"
HARD,Valid Palindrome III,56.5,0.004916473026439741,https://leetcode.com/problems/valid-palindrome-iii,"String, Dynamic Programming"
EASY,Climbing Stairs,56.2,0.005428138838327141,https://leetcode.com/problems/climbing-stairs,"Math, Dynamic Programming, Memoization"
EASY,Majority Element,56.2,0.006648700923500386,https://leetcode.com/problems/majority-element,"Array, Hash Table, Divide and Conquer, Sorting, Counting, Boyer–Moore Majority Vote Algorithm"
HARD,Word Ladder,55.3,0.0046326219264349626,https://leetcode.com/problems/word-ladder,"Hash Table, String, Breadth-First Search, Bidirectional Search"
EASY,Missing Ranges,55.3,0.0035683969145483053,https://leetcode.com/problems/missing-ranges,Array
EASY,Remove All Adjacent Duplicates In String,55.0,0.007386801148329582,https://leetcode.com/problems/remove-all-adjacent-duplicates-in-string,"String, Stack"
EASY,Create Hello World Function,55.0,0.008191597892549411,https://leetcode.com/problems/create-hello-world-function,
MEDIUM,Letter Combinations of a Phone Number,54.7,0.00666599875655181,https://leetcode.com/problems/letter-combinations-of-a-phone-number,"Hash Table, String, Backtracking"
EASY,Toeplitz Matrix,54.3,0.006983907418094353,https://leetcode.com/problems/toeplitz-matrix,"Array, Matrix"
MEDIUM,Group Anagrams,54.0,0.007312900794903427,https://leetcode.com/problems/group-anagrams,"Array, Hash Table, String, Sorting"
MEDIUM,Sort Colors,53.6,0.007016879048173766,https://leetcode.com/problems/sort-colors,"Array, Two Pointers, Sorting, Quicksort, Bubble Sort"
EASY,Recyclable and Low Fat Products,53.6,0.00886324136620424,https://leetcode.com/problems/recyclable-and-low-fat-products,Database
MEDIUM,Search in Rotated Sorted Array,53.3,0.004546228086994554,https://leetcode.com/problems/search-in-rotated-sorted-array,"Array, Binary Search"
MEDIUM,Set Matrix Zeroes,52.9,0.006348235344997938,https://leetcode.com/problems/set-matrix-zeroes,"Array, Hash Table, Matrix"
HARD,Sliding Window Maximum,52.9,0.004910887861731836,https://leetcode.com/problems/sliding-window-maximum,"Array, Queue, Sliding Window, Heap (Priority Queue), Monotonic Queue, Range Minimum/Maximum Query"
MEDIUM,Reverse Integer,52.6,0.003236618481634047,https://leetcode.com/problems/reverse-integer,Math
MEDIUM,Check Completeness of a Binary Tree,52.6,0.00594532343127758,https://leetcode.com/problems/check-completeness-of-a-binary-tree,"Tree, Breadth-First Search, Binary Tree"
MEDIUM,Rotate Image,51.8,0.008057030023943944,https://leetcode.com/problems/rotate-image,"Array, Math, Matrix"
MEDIUM,Longest Consecutive Sequence,51.8,0.004720833110065445,https://leetcode.com/problems/longest-consecutive-sequence,"Array, Hash Table, Union-Find"
MEDIUM,Word Break,51.4,0.004977888526934449,https://leetcode.com/problems/word-break,"Array, Hash Table, String, Dynamic Programming, Trie, Memoization, Brute-Force Search"
EASY,Strobogrammatic Number,51.0,0.00474989761760621,https://leetcode.com/problems/strobogrammatic-number,"Hash Table, Two Pointers, String"
HARD,Alien Dictionary,51.0,0.003728662273233914,https://leetcode.com/problems/alien-dictionary,"Array, String, Depth-First Search, Breadth-First Search, Graph Theory, Topological Sort, Directed Acyclic Graph"
MEDIUM,Spiral Matrix,50.6,0.005762715963602771,https://leetcode.com/problems/spiral-matrix,"Array, Matrix, Simulation"
EASY,Plus One,50.6,0.005045043128608226,https://leetcode.com/problems/plus-one,"Array, Math"
HARD,Binary Tree Maximum Path Sum,50.6,0.004266475440835114,https://leetcode.com/problems/binary-tree-maximum-path-sum,"Dynamic Programming, Tree, Depth-First Search, Binary Tree, DP on Trees"
MEDIUM,Meeting Rooms II,50.6,0.005277671515035725,https://leetcode.com/problems/meeting-rooms-ii,"Array, Two Pointers, Greedy, Sorting, Heap (Priority Queue), Prefix Sum"
HARD,Find Median from Data Stream,50.2,0.005487685181953533,https://leetcode.com/problems/find-median-from-data-stream,"Two Pointers, Design, Sorting, Heap (Priority Queue), Data Stream"
EASY,Squares of a Sorted Array,50.2,0.007406496006956812,https://leetcode.com/problems/squares-of-a-sorted-array,"Array, Two Pointers, Sorting"
MEDIUM,Count Nodes Equal to Average of Subtree,50.2,0.008679603126571596,https://leetcode.com/problems/count-nodes-equal-to-average-of-subtree,"Tree, Depth-First Search, Binary Tree"
MEDIUM,Populating Next Right Pointers in Each Node,49.8,0.006763884163754266,https://leetcode.com/problems/populating-next-right-pointers-in-each-node,"Linked List, Tree, Depth-First Search, Breadth-First Search, Binary Tree"
EASY,Valid Anagram,49.8,0.006853254068880933,https://leetcode.com/problems/valid-anagram,"Hash Table, String, Sorting"
MEDIUM,Design Tic-Tac-Toe,49.8,0.005875690354305425,https://leetcode.com/problems/design-tic-tac-toe,"Array, Hash Table, Design, Matrix, Simulation"
EASY,Pascal's Triangle,49.3,0.007929398548511948,https://leetcode.com/problems/pascals-triangle,"Array, Dynamic Programming"
HARD,Longest Valid Parentheses,48.9,0.003950329548564074,https://leetcode.com/problems/longest-valid-parentheses,"String, Dynamic Programming, Stack, Bracket Sequences"
HARD,Basic Calculator,48.4,0.004711207001383739,https://leetcode.com/problems/basic-calculator,"Math, String, Stack, Recursion"
MEDIUM,Decode String,48.4,0.006309047277825921,https://leetcode.com/problems/decode-string,"String, Stack, Recursion"
MEDIUM,Construct Binary Tree from String,48.4,0.005869611235872326,https://leetcode.com/problems/construct-binary-tree-from-string,"String, Stack, Tree, Depth-First Search, Binary Tree"
MEDIUM,Boundary of Binary Tree,48.4,0.004818242670596554,https://leetcode.com/problems/boundary-of-binary-tree,"Tree, Depth-First Search, Binary Tree"
EASY,Can Place Flowers,48.4,0.0029279948369358893,https://leetcode.com/problems/can-place-flowers,"Array, Greedy"
MEDIUM,Unique Paths,48.4,0.006717320753484389,https://leetcode.com/problems/unique-paths,"Math, Dynamic Programming, Combinatorics"
MEDIUM,Product of Array Except Self,47.5,0.006916454363650314,https://leetcode.com/problems/product-of-array-except-self,"Array, Prefix Sum"
MEDIUM,Find K Closest Elements,47.5,0.0050012714056485484,https://leetcode.com/problems/find-k-closest-elements,"Array, Two Pointers, Binary Search, Sliding Window, Sorting, Heap (Priority Queue)"
MEDIUM,3Sum Closest,47.0,0.004920551044725829,https://leetcode.com/problems/3sum-closest,"Array, Two Pointers, Sorting"
MEDIUM,4Sum,47.0,0.004145645999593137,https://leetcode.com/problems/4sum,"Array, Two Pointers, Sorting"
MEDIUM,Jump Game,47.0,0.004138482349990174,https://leetcode.com/problems/jump-game,"Array, Dynamic Programming, Greedy"
EASY,Palindrome Linked List,47.0,0.0058607893924166096,https://leetcode.com/problems/palindrome-linked-list,"Linked List, Two Pointers, Stack, Recursion"
MEDIUM,Lowest Common Ancestor of a Binary Search Tree,47.0,0.007119584695676382,https://leetcode.com/problems/lowest-common-ancestor-of-a-binary-search-tree,"Tree, Depth-First Search, Binary Search Tree, Binary Tree, Binary Lifting, Lowest Common Ancestor"
HARD,Longest Increasing Path in a Matrix,47.0,0.00569505292468001,https://leetcode.com/problems/longest-increasing-path-in-a-matrix,"Array, Dynamic Programming, Depth-First Search, Breadth-First Search, Graph Theory, Topological Sort, Memoization, Matrix, Directed Acyclic Graph"
MEDIUM,Battleships in a Board,47.0,0.0077730257245265865,https://leetcode.com/problems/battleships-in-a-board,"Array, Depth-First Search, Matrix"
EASY,Maximum Average Subarray I,47.0,0.004890197128141376,https://leetcode.com/problems/maximum-average-subarray-i,"Array, Sliding Window"
MEDIUM,Friends Of Appropriate Ages,47.0,0.0049984426773940546,https://leetcode.com/problems/friends-of-appropriate-ages,"Array, Two Pointers, Binary Search, Sorting"
EASY,Add Binary,46.5,0.005848485275135622,https://leetcode.com/problems/add-binary,"Math, String, Bit Manipulation, Simulation"
EASY,Reverse Linked List,46.5,0.00809420240611855,https://leetcode.com/problems/reverse-linked-list,"Linked List, Recursion"
HARD,Remove Invalid Parentheses,46.5,0.005009524180511462,https://leetcode.com/problems/remove-invalid-parentheses,"String, Backtracking, Breadth-First Search"
MEDIUM,Insert Delete GetRandom O(1),46.5,0.00554863639630497,https://leetcode.com/problems/insert-delete-getrandom-o1,"Array, Hash Table, Math, Design, Randomized"
MEDIUM,Max Area of Island,46.5,0.007418586686657869,https://leetcode.com/problems/max-area-of-island,"Array, Depth-First Search, Breadth-First Search, Union-Find, Matrix"
MEDIUM,Capacity To Ship Packages Within D Days,46.5,0.007450837927194623,https://leetcode.com/problems/capacity-to-ship-packages-within-d-days,"Array, Binary Search"
MEDIUM,Diagonal Traverse II,46.5,0.0058344710776800325,https://leetcode.com/problems/diagonal-traverse-ii,"Array, Sorting, Heap (Priority Queue)"
MEDIUM,Multiply Strings,45.9,0.004462404401044526,https://leetcode.com/problems/multiply-strings,"Math, String, Simulation"
MEDIUM,Longest Repeating Character Replacement,45.9,0.00604302486313581,https://leetcode.com/problems/longest-repeating-character-replacement,"Hash Table, String, Sliding Window"
HARD,Largest Rectangle in Histogram,44.8,0.005066387716709447,https://leetcode.com/problems/largest-rectangle-in-histogram,"Array, Stack, Monotonic Stack, Range Minimum/Maximum Query"
MEDIUM,Best Time to Buy and Sell Stock II,44.8,0.007150178723807184,https://leetcode.com/problems/best-time-to-buy-and-sell-stock-ii,"Array, Dynamic Programming, Greedy"
MEDIUM,Single Element in a Sorted Array,44.8,0.005939555398935895,https://leetcode.com/problems/single-element-in-a-sorted-array,"Array, Binary Search"
MEDIUM,Daily Temperatures,44.8,0.0069056929993463936,https://leetcode.com/problems/daily-temperatures,"Array, Stack, Monotonic Stack"
MEDIUM,Missing Element in Sorted Array,44.8,0.005973042102548734,https://leetcode.com/problems/missing-element-in-sorted-array,"Array, Binary Search"
MEDIUM,Remove All Adjacent Duplicates in String II,44.8,0.006175710558084819,https://leetcode.com/problems/remove-all-adjacent-duplicates-in-string-ii,"String, Stack"
EASY,Add Two Integers,44.8,0.00880908568196026,https://leetcode.com/problems/add-two-integers,Math
HARD,Regular Expression Matching,44.2,0.00315764548557563,https://leetcode.com/problems/regular-expression-matching,"String, Dynamic Programming, Recursion"
EASY,Remove Element,44.2,0.006237185871662675,https://leetcode.com/problems/remove-element,"Array, Two Pointers"
MEDIUM,Palindrome Partitioning,44.2,0.00745050600076674,https://leetcode.com/problems/palindrome-partitioning,"String, Dynamic Programming, Backtracking"
EASY,Contains Duplicate,44.2,0.006462906522501603,https://leetcode.com/problems/contains-duplicate,"Array, Hash Table, Sorting"
EASY,Range Sum Query - Immutable,44.2,0.007316425936310673,https://leetcode.com/problems/range-sum-query-immutable,"Array, Design, Prefix Sum"
MEDIUM,Coin Change,44.2,0.004897339390553551,https://leetcode.com/problems/coin-change,"Array, Dynamic Programming, Breadth-First Search, Knapsack Problem, Complete Knapsack"
MEDIUM,Peak Index in a Mountain Array,44.2,0.006670385488718844,https://leetcode.com/problems/peak-index-in-a-mountain-array,"Array, Binary Search, Ternary Search"
MEDIUM,Binary Tree Level Order Traversal,43.6,0.007329001297258806,https://leetcode.com/problems/binary-tree-level-order-traversal,"Tree, Breadth-First Search, Binary Tree"
MEDIUM,String Compression,43.6,0.006060154441334584,https://leetcode.com/problems/string-compression,"Two Pointers, String"
MEDIUM,Minesweeper,43.6,0.006890005675052404,https://leetcode.com/problems/minesweeper,"Array, Depth-First Search, Breadth-First Search, Matrix"
HARD,Best Time to Buy and Sell Stock III,43.6,0.005451233779338835,https://leetcode.com/problems/best-time-to-buy-and-sell-stock-iii,"Array, Dynamic Programming"
MEDIUM,Reverse Words in a String,43.0,0.005753061273208931,https://leetcode.com/problems/reverse-words-in-a-string,"Two Pointers, String"
HARD,Shortest Distance from All Buildings,43.0,0.004498036504592978,https://leetcode.com/problems/shortest-distance-from-all-buildings,"Array, Breadth-First Search, Matrix"
EASY,Is Subsequence,43.0,0.0049341573820887545,https://leetcode.com/problems/is-subsequence,"Two Pointers, String, Dynamic Programming"
EASY,Search Insert Position,42.3,0.0052016563563754255,https://leetcode.com/problems/search-insert-position,"Array, Binary Search"
EASY,Sqrt(x),42.3,0.00422308241294214,https://leetcode.com/problems/sqrtx,"Math, Binary Search, Newton's Method"
MEDIUM,Rotate Array,42.3,0.004532008665203593,https://leetcode.com/problems/rotate-array,"Array, Math, Two Pointers"
EASY,Happy Number,42.3,0.0060115475159581745,https://leetcode.com/problems/happy-number,"Hash Table, Math, Two Pointers, Floyd's Cycle Finding Algorithm"
MEDIUM,Shortest Bridge,42.3,0.00597095395782115,https://leetcode.com/problems/shortest-bridge,"Array, Depth-First Search, Breadth-First Search, Matrix"
MEDIUM,Product of Two Run-Length Encoded Arrays,42.3,0.005961931290622099,https://leetcode.com/problems/product-of-two-run-length-encoded-arrays,"Array, Two Pointers"
MEDIUM,Divide Two Integers,41.7,0.0020225026488889927,https://leetcode.com/problems/divide-two-integers,"Math, Bit Manipulation"
MEDIUM,Permutations,41.7,0.008226147251178878,https://leetcode.com/problems/permutations,"Array, Backtracking"
HARD,N-Queens,41.7,0.007626983929720488,https://leetcode.com/problems/n-queens,"Array, Backtracking, Algorithm X"
EASY,Single Number,41.7,0.007815796034783776,https://leetcode.com/problems/single-number,"Array, Bit Manipulation"
MEDIUM,Reorder List,41.7,0.006600058973491128,https://leetcode.com/problems/reorder-list,"Linked List, Two Pointers, Stack, Recursion"
MEDIUM,Two Sum II - Input Array Is Sorted,41.7,0.006568610332072161,https://leetcode.com/problems/two-sum-ii-input-array-is-sorted,"Array, Two Pointers, Binary Search"
MEDIUM,House Robber,41.7,0.0053502690930537075,https://leetcode.com/problems/house-robber,"Array, Dynamic Programming"
EASY,Binary Search,41.7,0.006130284997611573,https://leetcode.com/problems/binary-search,"Array, Binary Search"
MEDIUM,Zigzag Conversion,41.0,0.005489179264677859,https://leetcode.com/problems/zigzag-conversion,String
MEDIUM,Min Stack,41.0,0.005855050106001617,https://leetcode.com/problems/min-stack,"Stack, Design"
MEDIUM,Asteroid Collision,41.0,0.004876316393024784,https://leetcode.com/problems/asteroid-collision,"Array, Stack, Simulation"
MEDIUM,Car Pooling,41.0,0.005647519438385424,https://leetcode.com/problems/car-pooling,"Array, Sorting, Heap (Priority Queue), Simulation, Prefix Sum"
EASY,Power of Two,41.0,0.0050421381641461375,https://leetcode.com/problems/power-of-two,"Math, Bit Manipulation, Recursion"
MEDIUM,Search a 2D Matrix,40.2,0.005438016074911106,https://leetcode.com/problems/search-a-2d-matrix,"Array, Binary Search, Matrix"
MEDIUM,Course Schedule II,40.2,0.005608803536414847,https://leetcode.com/problems/course-schedule-ii,"Depth-First Search, Breadth-First Search, Graph Theory, Topological Sort"
MEDIUM,Odd Even Linked List,40.2,0.006273141482482893,https://leetcode.com/problems/odd-even-linked-list,Linked List
EASY,Intersection of Two Arrays,40.2,0.007820162182954305,https://leetcode.com/problems/intersection-of-two-arrays,"Array, Hash Table, Two Pointers, Binary Search, Sorting"
MEDIUM,Simple Bank System,40.2,0.0069569251305521326,https://leetcode.com/problems/simple-bank-system,"Array, Hash Table, Design, Simulation"
EASY,Find the Index of the First Occurrence in a String,39.5,0.004716740635630281,https://leetcode.com/problems/find-the-index-of-the-first-occurrence-in-a-string,"Two Pointers, String, String Matching, Z Algorithm, Knuth–Morris–Pratt Algorithm, Boyer–Moore String-Search Algorithm"
MEDIUM,Combination Sum,39.5,0.007700612985083521,https://leetcode.com/problems/combination-sum,"Array, Backtracking"
HARD,Word Ladder II,39.5,0.0027962682264301964,https://leetcode.com/problems/word-ladder-ii,"Hash Table, String, Backtracking, Breadth-First Search, Bidirectional Search"
MEDIUM,Find Minimum in Rotated Sorted Array,39.5,0.0055170616075949875,https://leetcode.com/problems/find-minimum-in-rotated-sorted-array,"Array, Binary Search"
EASY,Rising Temperature,39.5,0.005193934311857248,https://leetcode.com/problems/rising-temperature,Database
EASY,First Bad Version,39.5,0.004751373025743808,https://leetcode.com/problems/first-bad-version,"Binary Search, Interactive"
EASY,Find Pivot Index,39.5,0.006359856131998152,https://leetcode.com/problems/find-pivot-index,"Array, Prefix Sum"
MEDIUM,Combination Sum II,38.7,0.0059972831947888,https://leetcode.com/problems/combination-sum-ii,"Array, Backtracking"
HARD,First Missing Positive,38.7,0.004354292161618131,https://leetcode.com/problems/first-missing-positive,"Array, Hash Table"
MEDIUM,Search in Rotated Sorted Array II,38.7,0.00404459926029525,https://leetcode.com/problems/search-in-rotated-sorted-array-ii,"Array, Binary Search"
EASY,Binary Tree Inorder Traversal,38.7,0.008051022703301937,https://leetcode.com/problems/binary-tree-inorder-traversal,"Stack, Tree, Depth-First Search, Binary Tree"
MEDIUM,Validate Binary Search Tree,38.7,0.0036206319940006175,https://leetcode.com/problems/validate-binary-search-tree,"Tree, Depth-First Search, Binary Search Tree, Binary Tree"
HARD,Serialize and Deserialize Binary Tree,38.7,0.00610284664919484,https://leetcode.com/problems/serialize-and-deserialize-binary-tree,"String, Tree, Depth-First Search, Breadth-First Search, Design, Binary Tree"
HARD,Split Array Largest Sum,38.7,0.006119229640773564,https://leetcode.com/problems/split-array-largest-sum,"Array, Binary Search, Dynamic Programming, Greedy, Prefix Sum"
MEDIUM,Contiguous Array,38.7,0.0052083122294663865,https://leetcode.com/problems/contiguous-array,"Array, Hash Table, Prefix Sum"
EASY,Middle of the Linked List,38.7,0.008227619749958613,https://leetcode.com/problems/middle-of-the-linked-list,"Linked List, Two Pointers"
MEDIUM,Binary Tree Zigzag Level Order Traversal,37.8,0.006432906491949339,https://leetcode.com/problems/binary-tree-zigzag-level-order-traversal,"Tree, Breadth-First Search, Binary Tree"
EASY,Isomorphic Strings,37.8,0.004892120770926258,https://leetcode.com/problems/isomorphic-strings,"Hash Table, String"
MEDIUM,Target Sum,37.8,0.005273122421032791,https://leetcode.com/problems/target-sum,"Array, Dynamic Programming, Backtracking, Knapsack Problem, 0-1 Knapsack"
EASY,Next Greater Element I,37.8,0.00766840817058294,https://leetcode.com/problems/next-greater-element-i,"Array, Hash Table, Stack, Monotonic Stack"
MEDIUM,Next Greater Element II,37.8,0.006900565186766373,https://leetcode.com/problems/next-greater-element-ii,"Array, Stack, Monotonic Stack"
HARD,Swim in Rising Water,37.8,0.006817680753988078,https://leetcode.com/problems/swim-in-rising-water,"Array, Binary Search, Depth-First Search, Breadth-First Search, Union-Find, Minimax, Heap (Priority Queue), Matrix, Dijkstra's Algorithm"
EASY,Article Views I,37.8,0.007681266240038428,https://leetcode.com/problems/article-views-i,Database
MEDIUM,Cutting Ribbons,37.8,0.00530532742467667,https://leetcode.com/problems/cutting-ribbons,"Array, Binary Search"
MEDIUM,Unique Binary Search Trees,37.8,0.00640837365276268,https://leetcode.com/problems/unique-binary-search-trees,"Math, Dynamic Programming, Tree, Binary Search Tree, Binary Tree"
MEDIUM,Integer to Roman,37.0,0.007149620593872541,https://leetcode.com/problems/integer-to-roman,"Hash Table, Math, String"
EASY,Maximum Depth of Binary Tree,37.0,0.007852246638497637,https://leetcode.com/problems/maximum-depth-of-binary-tree,"Tree, Depth-First Search, Breadth-First Search, Binary Tree"
HARD,Word Break II,37.0,0.0056024252519363705,https://leetcode.com/problems/word-break-ii,"Array, Hash Table, String, Dynamic Programming, Backtracking, Trie, Memoization"
MEDIUM,Partition Equal Subset Sum,37.0,0.004989080444446374,https://leetcode.com/problems/partition-equal-subset-sum,"Array, Dynamic Programming, Knapsack Problem, 0-1 Knapsack"
MEDIUM,Frequency of the Most Frequent Element,37.0,0.004512506450952909,https://leetcode.com/problems/frequency-of-the-most-frequent-element,"Array, Binary Search, Greedy, Sliding Window, Sorting, Prefix Sum"
EASY,Fibonacci Number,37.0,0.007452186341263647,https://leetcode.com/problems/fibonacci-number,"Math, Dynamic Programming, Recursion, Memoization"
MEDIUM,Rotting Oranges,37.0,0.005927628246549014,https://leetcode.com/problems/rotting-oranges,"Array, Breadth-First Search, Matrix"
MEDIUM,Jump Game II,36.0,0.0043359459919640134,https://leetcode.com/problems/jump-game-ii,"Array, Dynamic Programming, Greedy"
MEDIUM,Word Search,36.0,0.0047946906865729685,https://leetcode.com/problems/word-search,"Array, String, Backtracking, Depth-First Search, Matrix"
MEDIUM,Decode Ways,36.0,0.0038445804400976903,https://leetcode.com/problems/decode-ways,"String, Dynamic Programming"
MEDIUM,Gas Station,36.0,0.004855707059904421,https://leetcode.com/problems/gas-station,"Array, Greedy"
MEDIUM,Largest Number,36.0,0.004358513856173169,https://leetcode.com/problems/largest-number,"Array, String, Greedy, Sorting"
MEDIUM,Sort Characters By Frequency,36.0,0.00757102220228408,https://leetcode.com/problems/sort-characters-by-frequency,"Hash Table, String, Sorting, Heap (Priority Queue), Bucket Sort, Counting"
EASY,Sort Array By Parity,36.0,0.007662652936744288,https://leetcode.com/problems/sort-array-by-parity,"Array, Two Pointers, Sorting"
MEDIUM,Lowest Common Ancestor of a Binary Tree II,36.0,0.006974628081750794,https://leetcode.com/problems/lowest-common-ancestor-of-a-binary-tree-ii,"Tree, Depth-First Search, Binary Tree, Binary Lifting, Lowest Common Ancestor"
EASY,Reverse String,36.0,0.008119741905072917,https://leetcode.com/problems/reverse-string,"Two Pointers, String"
EASY,Max Consecutive Ones,36.0,0.0065917832268794965,https://leetcode.com/problems/max-consecutive-ones,Array
MEDIUM,Valid Sudoku,35.1,0.006495081112387079,https://leetcode.com/problems/valid-sudoku,"Array, Hash Table, Matrix"
MEDIUM,Kth Smallest Element in a BST,35.1,0.007721486715526714,https://leetcode.com/problems/kth-smallest-element-in-a-bst,"Tree, Depth-First Search, Binary Search Tree, Binary Tree"
MEDIUM,Walls and Gates,35.1,0.006414155259217336,https://leetcode.com/problems/walls-and-gates,"Array, Breadth-First Search, Matrix"
MEDIUM,Longest Increasing Subsequence,35.1,0.005984857536590311,https://leetcode.com/problems/longest-increasing-subsequence,"Array, Binary Search, Dynamic Programming, Longest Increasing Subsequence"
MEDIUM,Next Greater Element III,35.1,0.0035555144694796813,https://leetcode.com/problems/next-greater-element-iii,"Math, Two Pointers, String"
EASY,Greatest Common Divisor of Strings,35.1,0.0054275958437990665,https://leetcode.com/problems/greatest-common-divisor-of-strings,"Math, String, Euclidean Algorithm, Greatest Common Divisor"
MEDIUM,Minimum Time to Collect All Apples in a Tree,35.1,0.0063843293152090275,https://leetcode.com/problems/minimum-time-to-collect-all-apples-in-a-tree,"Hash Table, Tree, Depth-First Search, Breadth-First Search, DP on Trees"
HARD,Maximal Rectangle,34.0,0.0059595524837098394,https://leetcode.com/problems/maximal-rectangle,"Array, Dynamic Programming, Stack, Matrix, Monotonic Stack"
MEDIUM,Reverse Linked List II,34.0,0.005217657509171903,https://leetcode.com/problems/reverse-linked-list-ii,Linked List
EASY,Linked List Cycle,34.0,0.005490608731594055,https://leetcode.com/problems/linked-list-cycle,"Hash Table, Linked List, Two Pointers, Floyd's Cycle Finding Algorithm"
MEDIUM,Maximum Product Subarray,34.0,0.0036892267403277725,https://leetcode.com/problems/maximum-product-subarray,"Array, Dynamic Programming"
MEDIUM,Strobogrammatic Number II,34.0,0.005354472463501491,https://leetcode.com/problems/strobogrammatic-number-ii,"Array, String, Recursion"
MEDIUM,Find the Duplicate Number,34.0,0.0064769336188518845,https://leetcode.com/problems/find-the-duplicate-number,"Array, Two Pointers, Binary Search, Bit Manipulation, Pigeonhole Principle, Floyd's Cycle Finding Algorithm"
MEDIUM,Sparse Matrix Multiplication,34.0,0.006934041622244544,https://leetcode.com/problems/sparse-matrix-multiplication,"Array, Hash Table, Matrix, Linear Algebra"
MEDIUM,Increasing Triplet Subsequence,34.0,0.003958444018812339,https://leetcode.com/problems/increasing-triplet-subsequence,"Array, Greedy, Longest Increasing Subsequence"
MEDIUM,Remove K Digits,34.0,0.003749084808606814,https://leetcode.com/problems/remove-k-digits,"String, Stack, Greedy, Monotonic Stack"
MEDIUM,Permutation in String,34.0,0.0049521833278750906,https://leetcode.com/problems/permutation-in-string,"Hash Table, Two Pointers, String, Sliding Window"
MEDIUM,Sort List,34.0,0.006518690021125599,https://leetcode.com/problems/sort-list,"Linked List, Two Pointers, Divide and Conquer, Sorting, Merge Sort"
MEDIUM,Second Highest Salary,34.0,0.004798854790554549,https://leetcode.com/problems/second-highest-salary,Database
HARD,Reverse Nodes in k-Group,32.9,0.006696562856773472,https://leetcode.com/problems/reverse-nodes-in-k-group,"Linked List, Recursion"
MEDIUM,Count and Say,32.9,0.006362002151329618,https://leetcode.com/problems/count-and-say,String
MEDIUM,Rotate List,32.9,0.004311411150238861,https://leetcode.com/problems/rotate-list,"Linked List, Two Pointers"
MEDIUM,Remove Duplicates from Sorted Array II,32.9,0.0065155686237386165,https://leetcode.com/problems/remove-duplicates-from-sorted-array-ii,"Array, Two Pointers"
EASY,Same Tree,32.9,0.006778334334887297,https://leetcode.com/problems/same-tree,"Tree, Depth-First Search, Breadth-First Search, Binary Tree"
HARD,Candy,32.9,0.004904712937047853,https://leetcode.com/problems/candy,"Array, Greedy"
MEDIUM,Count Primes,32.9,0.003637089015656107,https://leetcode.com/problems/count-primes,"Array, Math, Enumeration, Number Theory, Primality Test, Sieve Theory, Prime Number Sieve"
MEDIUM,Delete Node in a Linked List,32.9,0.008429265370780363,https://leetcode.com/problems/delete-node-in-a-linked-list,Linked List
MEDIUM,The Maze,32.9,0.006051052807248266,https://leetcode.com/problems/the-maze,"Array, Depth-First Search, Breadth-First Search, Matrix"
EASY,Big Countries,32.9,0.006875453690418995,https://leetcode.com/problems/big-countries,Database
MEDIUM,Minimum Cost For Tickets,32.9,0.006747686229543243,https://leetcode.com/problems/minimum-cost-for-tickets,"Array, Dynamic Programming"
EASY,Kids With the Greatest Number of Candies,32.9,0.008800511294138195,https://leetcode.com/problems/kids-with-the-greatest-number-of-candies,Array
EASY,Length of Last Word,32.9,0.005951313158761853,https://leetcode.com/problems/length-of-last-word,String
MEDIUM,Shortest Path in a Hidden Grid,32.9,0.004469054550056955,https://leetcode.com/problems/shortest-path-in-a-hidden-grid,"Array, Depth-First Search, Breadth-First Search, Matrix, Interactive"
EASY,Check if Array Is Sorted and Rotated,32.9,0.005761119491314133,https://leetcode.com/problems/check-if-array-is-sorted-and-rotated,Array
MEDIUM,Populating Next Right Pointers in Each Node II,32.9,0.005803792058693432,https://leetcode.com/problems/populating-next-right-pointers-in-each-node-ii,"Linked List, Tree, Depth-First Search, Breadth-First Search, Binary Tree"
MEDIUM,Combinations,31.8,0.007502156672214686,https://leetcode.com/problems/combinations,Backtracking
MEDIUM,Subsets II,31.8,0.0061826559340732,https://leetcode.com/problems/subsets-ii,"Array, Backtracking, Bit Manipulation"
MEDIUM,Path Sum II,31.8,0.006274185486667891,https://leetcode.com/problems/path-sum-ii,"Backtracking, Tree, Depth-First Search, Binary Tree"
MEDIUM,Flatten Binary Tree to Linked List,31.8,0.007132474376299099,https://leetcode.com/problems/flatten-binary-tree-to-linked-list,"Linked List, Stack, Tree, Depth-First Search, Binary Tree"
EASY,Intersection of Two Linked Lists,31.8,0.006446742010081502,https://leetcode.com/problems/intersection-of-two-linked-lists,"Hash Table, Linked List, Two Pointers"
MEDIUM,Minimum Size Subarray Sum,31.8,0.005261700277893023,https://leetcode.com/problems/minimum-size-subarray-sum,"Array, Binary Search, Sliding Window, Prefix Sum"
MEDIUM,Majority Element II,31.8,0.005667188458266564,https://leetcode.com/problems/majority-element-ii,"Array, Hash Table, Sorting, Counting, Boyer–Moore Majority Vote Algorithm"
MEDIUM,Search a 2D Matrix II,31.8,0.005790449222183378,https://leetcode.com/problems/search-a-2d-matrix-ii,"Array, Binary Search, Divide and Conquer, Matrix"
MEDIUM,Non-overlapping Intervals,31.8,0.005756999034760687,https://leetcode.com/problems/non-overlapping-intervals,"Array, Dynamic Programming, Greedy, Sorting"
HARD,Reverse Pairs,31.8,0.003498657680874901,https://leetcode.com/problems/reverse-pairs,"Array, Binary Search, Divide and Conquer, Binary Indexed Tree, Segment Tree, Merge Sort, Ordered Set, Treap"
MEDIUM,Valid Parenthesis String,31.8,0.004040377441019261,https://leetcode.com/problems/valid-parenthesis-string,"String, Dynamic Programming, Stack, Greedy, Bracket Sequences"
MEDIUM,Smallest Subtree with all the Deepest Nodes,31.8,0.007769344131145701,https://leetcode.com/problems/smallest-subtree-with-all-the-deepest-nodes,"Hash Table, Tree, Depth-First Search, Breadth-First Search, Binary Tree, Binary Lifting, Lowest Common Ancestor, DP on Trees"
MEDIUM,Rearrange Array Elements by Sign,31.8,0.008480491684871473,https://leetcode.com/problems/rearrange-array-elements-by-sign,"Array, Two Pointers, Simulation"
EASY,Number of Recent Calls,31.8,0.007889265837011692,https://leetcode.com/problems/number-of-recent-calls,"Design, Queue, Data Stream"
HARD,Russian Doll Envelopes,31.8,0.0038121966528496766,https://leetcode.com/problems/russian-doll-envelopes,"Array, Binary Search, Dynamic Programming, Sorting, Longest Increasing Subsequence"
HARD,Sudoku Solver,30.5,0.00655862679929366,https://leetcode.com/problems/sudoku-solver,"Array, Hash Table, Backtracking, Matrix, Algorithm X, Dancing Links"
HARD,Text Justification,30.5,0.005189781309297195,https://leetcode.com/problems/text-justification,"Array, String, Simulation"
MEDIUM,Edit Distance,30.5,0.006111943464226246,https://leetcode.com/problems/edit-distance,"String, Dynamic Programming"
EASY,Symmetric Tree,30.5,0.006182585242327735,https://leetcode.com/problems/symmetric-tree,"Tree, Depth-First Search, Breadth-First Search, Binary Tree"
MEDIUM,Single Number II,30.5,0.0067672223527995455,https://leetcode.com/problems/single-number-ii,"Array, Bit Manipulation"
EASY,Employees Earning More Than Their Managers,30.5,0.0073744450686214595,https://leetcode.com/problems/employees-earning-more-than-their-managers,Database
EASY,Missing Number,30.5,0.007251665417263012,https://leetcode.com/problems/missing-number,"Array, Hash Table, Math, Binary Search, Bit Manipulation, Sorting"
MEDIUM,Flatten Nested List Iterator,30.5,0.006582862080460586,https://leetcode.com/problems/flatten-nested-list-iterator,"Stack, Tree, Depth-First Search, Design, Queue, Iterator"
EASY,Ransom Note,30.5,0.006631441774509499,https://leetcode.com/problems/ransom-note,"Hash Table, String, Counting"
MEDIUM,Number of Provinces,30.5,0.007093669837187868,https://leetcode.com/problems/number-of-provinces,"Depth-First Search, Breadth-First Search, Union-Find, Graph Theory"
EASY,Rotate String,30.5,0.006666955374631898,https://leetcode.com/problems/rotate-string,"String, String Matching"
EASY,Verifying an Alien Dictionary,30.5,0.005609905580519492,https://leetcode.com/problems/verifying-an-alien-dictionary,"Array, Hash Table, String"
MEDIUM,Longest Common Subsequence,30.5,0.005947673813115264,https://leetcode.com/problems/longest-common-subsequence,"String, Dynamic Programming, Longest Common Subsequence"
EASY,Concatenation of Array,30.5,0.00900756132148634,https://leetcode.com/problems/concatenation-of-array,"Array, Simulation"
MEDIUM,Construct Binary Tree from Preorder and Inorder Traversal,30.5,0.006938062472503299,https://leetcode.com/problems/construct-binary-tree-from-preorder-and-inorder-traversal,"Array, Hash Table, Divide and Conquer, Tree, Binary Tree"
HARD,Wildcard Matching,30.5,0.003262356634547298,https://leetcode.com/problems/wildcard-matching,"String, Dynamic Programming, Greedy, Recursion"
EASY,Implement Stack using Queues,30.5,0.0070542627780582024,https://leetcode.com/problems/implement-stack-using-queues,"Stack, Design, Queue"
MEDIUM,Insert Interval,29.2,0.004581213795777891,https://leetcode.com/problems/insert-interval,Array
EASY,Balanced Binary Tree,29.2,0.005900741417982952,https://leetcode.com/problems/balanced-binary-tree,"Tree, Depth-First Search, Binary Tree"
MEDIUM,Find All Anagrams in a String,29.2,0.005432476761398598,https://leetcode.com/problems/find-all-anagrams-in-a-string,"Hash Table, String, Sliding Window"
HARD,Stickers to Spell Word,29.2,0.005110706640330104,https://leetcode.com/problems/stickers-to-spell-word,"Array, Hash Table, String, Dynamic Programming, Backtracking, Bit Manipulation, Memoization, Bitmask"
MEDIUM,Delete Nodes And Return Forest,29.2,0.007248246540471741,https://leetcode.com/problems/delete-nodes-and-return-forest,"Array, Hash Table, Tree, Depth-First Search, Binary Tree"
EASY,Average Selling Price,29.2,0.0037748196935933442,https://leetcode.com/problems/average-selling-price,Database
EASY,Minimum Time Visiting All Points,29.2,0.008484570804381468,https://leetcode.com/problems/minimum-time-visiting-all-points,"Array, Math, Geometry"
MEDIUM,Minimum Path Sum,29.2,0.0068742808789195595,https://leetcode.com/problems/minimum-path-sum,"Array, Dynamic Programming, Matrix"
MEDIUM,House Robber II,29.2,0.004540396793908979,https://leetcode.com/problems/house-robber-ii,"Array, Dynamic Programming"
EASY,Create a DataFrame from List,29.2,0.008087149658192011,https://leetcode.com/problems/create-a-dataframe-from-list,
MEDIUM,Largest Divisible Subset,29.2,0.005000358898220243,https://leetcode.com/problems/largest-divisible-subset,"Array, Math, Dynamic Programming, Sorting"
MEDIUM,Identify the Largest Outlier in an Array,29.2,0.0036484741109405533,https://leetcode.com/problems/identify-the-largest-outlier-in-an-array,"Array, Hash Table, Counting, Enumeration"
EASY,Combine Two Tables,29.2,0.007987951725059264,https://leetcode.com/problems/combine-two-tables,Database
MEDIUM,Evaluate Reverse Polish Notation,27.7,0.0058488041692814265,https://leetcode.com/problems/evaluate-reverse-polish-notation,"Array, Math, Stack"
MEDIUM,Managers with at Least 5 Direct Reports,27.7,0.004939574200749959,https://leetcode.com/problems/managers-with-at-least-5-direct-reports,Database
HARD,Maximum Sum of 3 Non-Overlapping Subarrays,27.7,0.005999105525447425,https://leetcode.com/problems/maximum-sum-of-3-non-overlapping-subarrays,"Array, Dynamic Programming, Sliding Window, Prefix Sum"
EASY,Kth Largest Element in a Stream,27.7,0.006147275365308256,https://leetcode.com/problems/kth-largest-element-in-a-stream,"Tree, Design, Binary Search Tree, Heap (Priority Queue), Binary Tree, Data Stream"
MEDIUM,Fruit Into Baskets,27.7,0.005215365119010584,https://leetcode.com/problems/fruit-into-baskets,"Array, Hash Table, Sliding Window"
EASY,Rank Transform of an Array,27.7,0.00739750254311277,https://leetcode.com/problems/rank-transform-of-an-array,"Array, Hash Table, Sorting"
MEDIUM,Longest Subarray of 1's After Deleting One Element,27.7,0.007148314463155756,https://leetcode.com/problems/longest-subarray-of-1s-after-deleting-one-element,"Array, Dynamic Programming, Sliding Window"
EASY,Running Sum of 1d Array,27.7,0.008707011670387486,https://leetcode.com/problems/running-sum-of-1d-array,"Array, Prefix Sum"
EASY,Customer Who Visited but Did Not Make Any Transactions,27.7,0.006830277729529651,https://leetcode.com/problems/customer-who-visited-but-did-not-make-any-transactions,Database
HARD,Max Points on a Line,27.7,0.0031255370500333783,https://leetcode.com/problems/max-points-on-a-line,"Array, Hash Table, Math, Geometry, Euclidean Algorithm, Greatest Common Divisor"
MEDIUM,Minimum Knight Moves,27.7,0.0042057051162411535,https://leetcode.com/problems/minimum-knight-moves,"Breadth-First Search, Heuristic Search, Bidirectional Search, A* Search"
MEDIUM,Binary Subarrays With Sum,27.7,0.006966225962257827,https://leetcode.com/problems/binary-subarrays-with-sum,"Array, Hash Table, Sliding Window, Prefix Sum"
MEDIUM,Minimum Time Difference,27.7,0.006268180680812973,https://leetcode.com/problems/minimum-time-difference,"Array, Math, String, Sorting"
MEDIUM,Sum of Subarray Minimums,27.7,0.0038950058234631466,https://leetcode.com/problems/sum-of-subarray-minimums,"Array, Dynamic Programming, Stack, Monotonic Stack"
MEDIUM,Product Sales Analysis III,27.7,0.004641121439122574,https://leetcode.com/problems/product-sales-analysis-iii,Database
MEDIUM,Friend Requests II: Who Has the Most Friends,27.7,0.006340528029711764,https://leetcode.com/problems/friend-requests-ii-who-has-the-most-friends,Database
EASY,Students and Examinations,27.7,0.006177261698803488,https://leetcode.com/problems/students-and-examinations,Database
MEDIUM,Find the Length of the Longest Common Prefix,27.7,0.006226152649412633,https://leetcode.com/problems/find-the-length-of-the-longest-common-prefix,"Array, Hash Table, String, Trie"
EASY,Min Cost Climbing Stairs,27.7,0.006863482593276317,https://leetcode.com/problems/min-cost-climbing-stairs,"Array, Dynamic Programming"
MEDIUM,Rank Scores,27.7,0.006854024677836279,https://leetcode.com/problems/rank-scores,Database
MEDIUM,Find the Most Common Response,27.7,0.007500515261096851,https://leetcode.com/problems/find-the-most-common-response,"Array, Hash Table, String, Counting"
MEDIUM,Longest Substring with At Most Two Distinct Characters,27.7,0.00571497735348932,https://leetcode.com/problems/longest-substring-with-at-most-two-distinct-characters,"Hash Table, String, Sliding Window"
MEDIUM,Unique Binary Search Trees II,26.1,0.006312666920029363,https://leetcode.com/problems/unique-binary-search-trees-ii,"Dynamic Programming, Backtracking, Tree, Binary Search Tree, Binary Tree"
MEDIUM,Surrounded Regions,26.1,0.004606745908117994,https://leetcode.com/problems/surrounded-regions,"Array, Depth-First Search, Breadth-First Search, Union-Find, Matrix"
MEDIUM,Linked List Cycle II,26.1,0.005888487677185936,https://leetcode.com/problems/linked-list-cycle-ii,"Hash Table, Linked List, Two Pointers, Floyd's Cycle Finding Algorithm"
EASY,Word Pattern,26.1,0.004451281832487718,https://leetcode.com/problems/word-pattern,"Hash Table, String"
EASY,Triangle Judgement,26.1,0.007509377077875211,https://leetcode.com/problems/triangle-judgement,Database
MEDIUM,Task Scheduler,26.1,0.006363492940458064,https://leetcode.com/problems/task-scheduler,"Array, Hash Table, Greedy, Sorting, Heap (Priority Queue), Counting"
MEDIUM,Design Circular Queue,26.1,0.005521272128251863,https://leetcode.com/problems/design-circular-queue,"Array, Linked List, Design, Queue"
EASY,Monotonic Array,26.1,0.0062588487857794224,https://leetcode.com/problems/monotonic-array,Array
EASY,Remove Outermost Parentheses,26.1,0.008739021486965193,https://leetcode.com/problems/remove-outermost-parentheses,"String, Stack, Bracket Sequences"
MEDIUM,Number of Subsequences That Satisfy the Given Sum Condition,26.1,0.004901924250576553,https://leetcode.com/problems/number-of-subsequences-that-satisfy-the-given-sum-condition,"Array, Two Pointers, Binary Search, Sorting"
EASY,Maximum Nesting Depth of the Parentheses,26.1,0.008504440517617907,https://leetcode.com/problems/maximum-nesting-depth-of-the-parentheses,"String, Stack, Bracket Sequences"
MEDIUM,Max Number of K-Sum Pairs,26.1,0.005731385791659128,https://leetcode.com/problems/max-number-of-k-sum-pairs,"Array, Hash Table, Two Pointers, Sorting"
MEDIUM,Minimum Number of Days to Make m Bouquets,26.1,0.005705229093352668,https://leetcode.com/problems/minimum-number-of-days-to-make-m-bouquets,"Array, Binary Search"
MEDIUM,Find All Duplicates in an Array,26.1,0.007710565462447662,https://leetcode.com/problems/find-all-duplicates-in-an-array,"Array, Hash Table, Sorting"
EASY,Unique Number of Occurrences,26.1,0.007885875474706735,https://leetcode.com/problems/unique-number-of-occurrences,"Array, Hash Table"
MEDIUM,Largest BST Subtree,26.1,0.004592518995979818,https://leetcode.com/problems/largest-bst-subtree,"Dynamic Programming, Tree, Depth-First Search, Binary Search Tree, Binary Tree, DP on Trees"
MEDIUM,Convert Sorted List to Binary Search Tree,26.1,0.006719566823465599,https://leetcode.com/problems/convert-sorted-list-to-binary-search-tree,"Linked List, Divide and Conquer, Tree, Binary Search Tree, Binary Tree"
EASY,Replace Employee ID With The Unique Identifier,26.1,0.008375611105986532,https://leetcode.com/problems/replace-employee-id-with-the-unique-identifier,Database
MEDIUM,Top K Frequent Words,26.1,0.006050133278276931,https://leetcode.com/problems/top-k-frequent-words,"Array, Hash Table, String, Trie, Sorting, Heap (Priority Queue), Bucket Sort, Counting"
MEDIUM,01 Matrix,26.1,0.005472596192258154,https://leetcode.com/problems/01-matrix,"Array, Dynamic Programming, Breadth-First Search, Matrix"
EASY,Remove Duplicates from Sorted List,26.1,0.00573378338480924,https://leetcode.com/problems/remove-duplicates-from-sorted-list,Linked List
MEDIUM,Triangle,26.1,0.005991279655134909,https://leetcode.com/problems/triangle,"Array, Dynamic Programming"
EASY,Customers Who Never Order,26.1,0.0072227393477675254,https://leetcode.com/problems/customers-who-never-order,Database
MEDIUM,Letter Case Permutation,26.1,0.007603362851876176,https://leetcode.com/problems/letter-case-permutation,"String, Backtracking, Bit Manipulation"
EASY,Summary Ranges,26.1,0.005461920181162896,https://leetcode.com/problems/summary-ranges,Array
EASY,Power of Three,26.1,0.005147309631052609,https://leetcode.com/problems/power-of-three,"Math, Recursion"
MEDIUM,Monthly Transactions I,26.1,0.005968962827502794,https://leetcode.com/problems/monthly-transactions-i,Database
EASY,Find Winner on a Tic Tac Toe Game,26.1,0.005468769609196556,https://leetcode.com/problems/find-winner-on-a-tic-tac-toe-game,"Array, Hash Table, Matrix, Simulation"
EASY,Minimum Deletions for At Most K Distinct Characters,26.1,0.007323713229279146,https://leetcode.com/problems/minimum-deletions-for-at-most-k-distinct-characters,"Hash Table, String, Greedy, Sorting, Counting"
MEDIUM,Swap Nodes in Pairs,24.4,0.007010500856735466,https://leetcode.com/problems/swap-nodes-in-pairs,"Linked List, Recursion"
MEDIUM,Unique Paths II,24.4,0.004494307244138306,https://leetcode.com/problems/unique-paths-ii,"Array, Dynamic Programming, Matrix"
MEDIUM,Restore IP Addresses,24.4,0.005679399148673051,https://leetcode.com/problems/restore-ip-addresses,"String, Backtracking"
EASY,Path Sum,24.4,0.005551584567794654,https://leetcode.com/problems/path-sum,"Tree, Depth-First Search, Breadth-First Search, Binary Tree"
EASY,Reverse Bits,24.4,0.006912626303850664,https://leetcode.com/problems/reverse-bits,"Divide and Conquer, Bit Manipulation"
HARD,Word Search II,24.4,0.0038787500694886256,https://leetcode.com/problems/word-search-ii,"Array, String, Backtracking, Trie, Matrix"
EASY,Invert Binary Tree,24.4,0.008036548249024777,https://leetcode.com/problems/invert-binary-tree,"Tree, Depth-First Search, Breadth-First Search, Binary Tree"
MEDIUM,Maximum Size Subarray Sum Equals k,24.4,0.005093534684022913,https://leetcode.com/problems/maximum-size-subarray-sum-equals-k,"Array, Hash Table, Prefix Sum"
EASY,Reverse Vowels of a String,24.4,0.006208611912701759,https://leetcode.com/problems/reverse-vowels-of-a-string,"Two Pointers, String"
EASY,Intersection of Two Arrays II,24.4,0.006021536461182609,https://leetcode.com/problems/intersection-of-two-arrays-ii,"Array, Hash Table, Two Pointers, Binary Search, Sorting"
EASY,Valid Perfect Square,24.4,0.004513254554787149,https://leetcode.com/problems/valid-perfect-square,"Math, Binary Search"
EASY,Fizz Buzz,24.4,0.0075808353312077645,https://leetcode.com/problems/fizz-buzz,"Math, String, Simulation"
MEDIUM,Pacific Atlantic Water Flow,24.4,0.00613439277157126,https://leetcode.com/problems/pacific-atlantic-water-flow,"Array, Depth-First Search, Breadth-First Search, Matrix"
MEDIUM,Delete Node in a BST,24.4,0.005525734294463449,https://leetcode.com/problems/delete-node-in-a-bst,"Tree, Binary Search Tree, Binary Tree"
EASY,Find Customer Referee,24.4,0.007335326369553356,https://leetcode.com/problems/find-customer-referee,Database
MEDIUM,Reorganize String,24.4,0.005744914934148615,https://leetcode.com/problems/reorganize-string,"Hash Table, String, Greedy, Sorting, Heap (Priority Queue), Counting"
MEDIUM,Lowest Common Ancestor of Deepest Leaves,24.4,0.007952316463836945,https://leetcode.com/problems/lowest-common-ancestor-of-deepest-leaves,"Hash Table, Tree, Depth-First Search, Breadth-First Search, Binary Tree, Binary Lifting, Lowest Common Ancestor, DP on Trees"
MEDIUM,Count Good Numbers,24.4,0.005799126996277226,https://leetcode.com/problems/count-good-numbers,"Math, Recursion"
EASY,Average Time of Process per Machine,24.4,0.006693236986635176,https://leetcode.com/problems/average-time-of-process-per-machine,Database
MEDIUM,Partition List,24.4,0.006184155901085583,https://leetcode.com/problems/partition-list,"Linked List, Two Pointers"
MEDIUM,Online Stock Span,24.4,0.0069620510968522184,https://leetcode.com/problems/online-stock-span,"Stack, Design, Monotonic Stack, Data Stream"
HARD,N-Queens II,24.4,0.007919379764521018,https://leetcode.com/problems/n-queens-ii,"Backtracking, Algorithm X"
EASY,Count Negative Numbers in a Sorted Matrix,24.4,0.007972194710815077,https://leetcode.com/problems/count-negative-numbers-in-a-sorted-matrix,"Array, Binary Search, Matrix"
MEDIUM,Find Kth Bit in Nth Binary String,24.4,0.00737185282314345,https://leetcode.com/problems/find-kth-bit-in-nth-binary-string,"String, Recursion, Simulation"
MEDIUM,Redundant Connection,24.4,0.006808052742972997,https://leetcode.com/problems/redundant-connection,"Depth-First Search, Breadth-First Search, Union-Find, Graph Theory"
EASY,Largest Odd Number in String,24.4,0.006797940514785025,https://leetcode.com/problems/largest-odd-number-in-string,"Math, String, Greedy"
MEDIUM,Inorder Successor in BST II,24.4,0.00611048199304603,https://leetcode.com/problems/inorder-successor-in-bst-ii,"Tree, Binary Search Tree, Binary Tree"
HARD,Distinct Subsequences,24.4,0.005239512364502914,https://leetcode.com/problems/distinct-subsequences,"String, Dynamic Programming"
EASY,Find Missing and Repeated Values,24.4,0.008297247484801446,https://leetcode.com/problems/find-missing-and-repeated-values,"Array, Hash Table, Math, Matrix"
MEDIUM,Fraction to Recurring Decimal,24.4,0.0031256555608260234,https://leetcode.com/problems/fraction-to-recurring-decimal,"Hash Table, Math, String"
MEDIUM,Maximum Points You Can Obtain from Cards,24.4,0.005824683388650974,https://leetcode.com/problems/maximum-points-you-can-obtain-from-cards,"Array, Sliding Window, Prefix Sum"
HARD,Substring with Concatenation of All Words,22.5,0.0035003467062902434,https://leetcode.com/problems/substring-with-concatenation-of-all-words,"Hash Table, String, Sliding Window"
EASY,Convert Sorted Array to Binary Search Tree,22.5,0.00759846432024721,https://leetcode.com/problems/convert-sorted-array-to-binary-search-tree,"Array, Divide and Conquer, Tree, Binary Search Tree, Binary Tree"
EASY,Minimum Depth of Binary Tree,22.5,0.00535804631518325,https://leetcode.com/problems/minimum-depth-of-binary-tree,"Tree, Depth-First Search, Breadth-First Search, Binary Tree"
EASY,Remove Linked List Elements,22.5,0.005521374962345806,https://leetcode.com/problems/remove-linked-list-elements,"Linked List, Recursion"
EASY,Meeting Rooms,22.5,0.005952694148386923,https://leetcode.com/problems/meeting-rooms,"Array, Sorting, Quicksort"
HARD,Integer to English Words,22.5,0.0035162830678028894,https://leetcode.com/problems/integer-to-english-words,"Math, String, Recursion"
EASY,Counting Bits,22.5,0.008077756069559055,https://leetcode.com/problems/counting-bits,"Dynamic Programming, Bit Manipulation"
EASY,Longest Palindrome,22.5,0.005617380211256825,https://leetcode.com/problems/longest-palindrome,"Hash Table, String, Greedy"
EASY,Assign Cookies,22.5,0.005541676547900806,https://leetcode.com/problems/assign-cookies,"Array, Two Pointers, Greedy, Sorting, Quicksort"
EASY,Flood Fill,22.5,0.00687874493834294,https://leetcode.com/problems/flood-fill,"Array, Depth-First Search, Breadth-First Search, Matrix"
MEDIUM,Open the Lock,22.5,0.0061504407369465655,https://leetcode.com/problems/open-the-lock,"Array, Hash Table, String, Breadth-First Search, Bidirectional Search"
MEDIUM,Sort an Array,22.5,0.005579245273375482,https://leetcode.com/problems/sort-an-array,"Array, Divide and Conquer, Sorting, Heap (Priority Queue), Merge Sort, Bucket Sort, Radix Sort, Counting Sort"
MEDIUM,Maximum Sum Circular Subarray,22.5,0.005115694818251434,https://leetcode.com/problems/maximum-sum-circular-subarray,"Array, Divide and Conquer, Dynamic Programming, Queue, Monotonic Queue"
MEDIUM,Maximum Level Sum of a Binary Tree,22.5,0.0070030687518442,https://leetcode.com/problems/maximum-level-sum-of-a-binary-tree,"Tree, Depth-First Search, Breadth-First Search, Binary Tree"
EASY,Element Appearing More Than 25% In Sorted Array,22.5,0.0061337301935501755,https://leetcode.com/problems/element-appearing-more-than-25-in-sorted-array,Array
HARD,Number of Visible People in a Queue,22.5,0.007346109899241716,https://leetcode.com/problems/number-of-visible-people-in-a-queue,"Array, Stack, Monotonic Stack"
MEDIUM,Angle Between Hands of a Clock,22.5,0.006987941494851849,https://leetcode.com/problems/angle-between-hands-of-a-clock,Math
MEDIUM,Number of Substrings Containing All Three Characters,22.5,0.00744002928978337,https://leetcode.com/problems/number-of-substrings-containing-all-three-characters,"Hash Table, String, Sliding Window"
MEDIUM,Maximum Number of Events That Can Be Attended,22.5,0.0039056367849819103,https://leetcode.com/problems/maximum-number-of-events-that-can-be-attended,"Array, Greedy, Sorting, Heap (Priority Queue)"
EASY,Invalid Tweets,22.5,0.008521907306237288,https://leetcode.com/problems/invalid-tweets,Database
MEDIUM,Product of the Last K Numbers,22.5,0.006303289476787794,https://leetcode.com/problems/product-of-the-last-k-numbers,"Array, Math, Design, Data Stream, Prefix Sum"
MEDIUM,Remove Duplicate Letters,22.5,0.005427941547695846,https://leetcode.com/problems/remove-duplicate-letters,"String, Stack, Greedy, Monotonic Stack"
EASY,Employee Bonus,22.5,0.00779128403669051,https://leetcode.com/problems/employee-bonus,Database
MEDIUM,Path Sum III,22.5,0.004658917248768188,https://leetcode.com/problems/path-sum-iii,"Tree, Depth-First Search, Binary Tree"
EASY,Convert a Number to Hexadecimal,22.5,0.005473479095892075,https://leetcode.com/problems/convert-a-number-to-hexadecimal,"Math, String, Bit Manipulation"
EASY,Lemonade Change,22.5,0.0059394434421660945,https://leetcode.com/problems/lemonade-change,"Array, Greedy"
MEDIUM,Immediate Food Delivery II,22.5,0.005673569612006866,https://leetcode.com/problems/immediate-food-delivery-ii,Database
MEDIUM,Remove Sub-Folders from the Filesystem,22.5,0.007860429223690901,https://leetcode.com/problems/remove-sub-folders-from-the-filesystem,"Array, String, Depth-First Search, Trie"
EASY,Implement Queue using Stacks,22.5,0.007023141135749349,https://leetcode.com/problems/implement-queue-using-stacks,"Stack, Design, Queue"
MEDIUM,Even Odd Tree,22.5,0.006727439297538893,https://leetcode.com/problems/even-odd-tree,"Tree, Breadth-First Search, Binary Tree"
EASY,Check if the Sentence Is Pangram,22.5,0.00843024391797131,https://leetcode.com/problems/check-if-the-sentence-is-pangram,"Hash Table, String"
HARD,Unique Paths III,22.5,0.008294729433120014,https://leetcode.com/problems/unique-paths-iii,"Array, Backtracking, Bit Manipulation, Matrix, Hamiltonian Path"
MEDIUM,Shifting Letters II,22.5,0.005383635393594491,https://leetcode.com/problems/shifting-letters-ii,"Array, String, Prefix Sum"
EASY,Find Numbers with Even Number of Digits,22.5,0.007994890838001518,https://leetcode.com/problems/find-numbers-with-even-number-of-digits,"Array, Math"
MEDIUM,Repeated DNA Sequences,22.5,0.0053823337922067616,https://leetcode.com/problems/repeated-dna-sequences,"Hash Table, String, Bit Manipulation, Sliding Window, Rolling Hash, Hash Function, Z Algorithm, Boyer–Moore String-Search Algorithm"
EASY,Count Binary Substrings,22.5,0.0070533933233594415,https://leetcode.com/problems/count-binary-substrings,"Two Pointers, String"
EASY,Find the K-th Character in String Game I,22.5,0.008156667401037328,https://leetcode.com/problems/find-the-k-th-character-in-string-game-i,"Math, Bit Manipulation, Recursion, Simulation"
MEDIUM,Coin Change II,22.5,0.005930276965082515,https://leetcode.com/problems/coin-change-ii,"Array, Dynamic Programming, Knapsack Problem, Complete Knapsack"
EASY,Fruits Into Baskets II,22.5,0.007037827004005134,https://leetcode.com/problems/fruits-into-baskets-ii,"Array, Binary Search, Segment Tree, Simulation, Ordered Set"
MEDIUM,Maximum Length of a Concatenated String with Unique Characters,22.5,0.005488775840463407,https://leetcode.com/problems/maximum-length-of-a-concatenated-string-with-unique-characters,"Array, String, Backtracking, Bit Manipulation"
EASY,Duplicate Emails,20.4,0.007419650128619686,https://leetcode.com/problems/duplicate-emails,Database
MEDIUM,Encode and Decode Strings,20.4,0.005185191253965341,https://leetcode.com/problems/encode-and-decode-strings,"Array, String, Design"
MEDIUM,Range Sum Query 2D - Immutable,20.4,0.005883559578382397,https://leetcode.com/problems/range-sum-query-2d-immutable,"Array, Design, Matrix, Prefix Sum"
MEDIUM,Find K Pairs with Smallest Sums,20.4,0.004226056115126629,https://leetcode.com/problems/find-k-pairs-with-smallest-sums,"Array, Heap (Priority Queue)"
MEDIUM,Evaluate Division,20.4,0.006450730363828341,https://leetcode.com/problems/evaluate-division,"Array, String, Depth-First Search, Breadth-First Search, Union-Find, Graph Theory, Shortest Path, Bellman–Ford Algorithm, Floyd–Warshall Algorithm"
MEDIUM,Longest Palindromic Subsequence,20.4,0.0065803966173144145,https://leetcode.com/problems/longest-palindromic-subsequence,"String, Dynamic Programming"
EASY,Minimum Absolute Difference in BST,20.4,0.005966362244082153,https://leetcode.com/problems/minimum-absolute-difference-in-bst,"Tree, Depth-First Search, Breadth-First Search, Binary Search Tree, Binary Tree"
MEDIUM,Add Bold Tag in String,20.4,0.005148832416585635,https://leetcode.com/problems/add-bold-tag-in-string,"Array, Hash Table, String, Trie, String Matching, Aho–Corasick Algorithm"
EASY,Merge Two Binary Trees,20.4,0.007914596999620434,https://leetcode.com/problems/merge-two-binary-trees,"Tree, Depth-First Search, Breadth-First Search, Binary Tree"
MEDIUM,Maximum Width of Binary Tree,20.4,0.004597522096945749,https://leetcode.com/problems/maximum-width-of-binary-tree,"Tree, Depth-First Search, Breadth-First Search, Binary Tree"
MEDIUM,Subarray Product Less Than K,20.4,0.005485859626348739,https://leetcode.com/problems/subarray-product-less-than-k,"Array, Binary Search, Sliding Window, Prefix Sum"
EASY,Jewels and Stones,20.4,0.00896348382173113,https://leetcode.com/problems/jewels-and-stones,"Hash Table, String"
MEDIUM,Cheapest Flights Within K Stops,20.4,0.004241504506485694,https://leetcode.com/problems/cheapest-flights-within-k-stops,"Dynamic Programming, Depth-First Search, Breadth-First Search, Graph Theory, Heap (Priority Queue), Shortest Path"
EASY,Design HashMap,20.4,0.006675582962216989,https://leetcode.com/problems/design-hashmap,"Array, Hash Table, Linked List, Design, Hash Function"
EASY,Backspace String Compare,20.4,0.00501727156043414,https://leetcode.com/problems/backspace-string-compare,"Two Pointers, String, Stack, Simulation"
MEDIUM,Construct Binary Search Tree from Preorder Traversal,20.4,0.008454691245093387,https://leetcode.com/problems/construct-binary-search-tree-from-preorder-traversal,"Array, Stack, Tree, Binary Search Tree, Monotonic Stack, Binary Tree"
MEDIUM,Balance a Binary Search Tree,20.4,0.008628101924076962,https://leetcode.com/problems/balance-a-binary-search-tree,"Divide and Conquer, Greedy, Tree, Depth-First Search, Binary Search Tree, Binary Tree"
MEDIUM,Sum of Beauty of All Substrings,20.4,0.0074673549849516765,https://leetcode.com/problems/sum-of-beauty-of-all-substrings,"Hash Table, String, Counting"
MEDIUM,K Radius Subarray Averages,20.4,0.0046422477082423905,https://leetcode.com/problems/k-radius-subarray-averages,"Array, Sliding Window"
MEDIUM,Validate IP Address,20.4,0.0028461752149450564,https://leetcode.com/problems/validate-ip-address,String
MEDIUM,Spiral Matrix II,20.4,0.00756615367409957,https://leetcode.com/problems/spiral-matrix-ii,"Array, Matrix, Simulation"
MEDIUM,Minimum Falling Path Sum,20.4,0.006084639593348092,https://leetcode.com/problems/minimum-falling-path-sum,"Array, Dynamic Programming, Matrix"
MEDIUM,Game Play Analysis IV,20.4,0.004211084862741984,https://leetcode.com/problems/game-play-analysis-iv,Database
MEDIUM,Boats to Save People,20.4,0.00622978935636384,https://leetcode.com/problems/boats-to-save-people,"Array, Two Pointers, Greedy, Sorting, Timsort"
EASY,Defanging an IP Address,20.4,0.009013092952697015,https://leetcode.com/problems/defanging-an-ip-address,String
EASY,Excel Sheet Column Title,20.4,0.004729631691212344,https://leetcode.com/problems/excel-sheet-column-title,"Math, String"
MEDIUM,Time Based Key-Value Store,20.4,0.005012846207215244,https://leetcode.com/problems/time-based-key-value-store,"Hash Table, String, Binary Search, Design"
MEDIUM,Count Complete Tree Nodes,20.4,0.007287330718106511,https://leetcode.com/problems/count-complete-tree-nodes,"Binary Search, Bit Manipulation, Tree, Binary Tree"
EASY,Baseball Game,20.4,0.0080990656407522,https://leetcode.com/problems/baseball-game,"Array, Stack, Simulation"
MEDIUM,Movie Rating,20.4,0.004416319885663012,https://leetcode.com/problems/movie-rating,Database
EASY,Binary Tree Paths,20.4,0.006917661212579479,https://leetcode.com/problems/binary-tree-paths,"String, Backtracking, Tree, Depth-First Search, Binary Tree"
MEDIUM,Sum of Two Integers,20.4,0.005587485699398526,https://leetcode.com/problems/sum-of-two-integers,"Math, Bit Manipulation"
MEDIUM,Lexicographical Numbers,20.4,0.007635230516257136,https://leetcode.com/problems/lexicographical-numbers,"Depth-First Search, Trie"
EASY,Ugly Number,20.4,0.004405790797511205,https://leetcode.com/problems/ugly-number,Math
HARD,All O`one Data Structure,20.4,0.004446828603783362,https://leetcode.com/problems/all-oone-data-structure,"Hash Table, Linked List, Design, Doubly-Linked List"
EASY,Maximum Score After Splitting a String,20.4,0.00650630694543691,https://leetcode.com/problems/maximum-score-after-splitting-a-string,"String, Prefix Sum"
MEDIUM,Find the Smallest Divisor Given a Threshold,20.4,0.006660783105475889,https://leetcode.com/problems/find-the-smallest-divisor-given-a-threshold,"Array, Binary Search"
MEDIUM,Binary Tree Pruning,20.4,0.007255303942686012,https://leetcode.com/problems/binary-tree-pruning,"Tree, Depth-First Search, Binary Tree"
EASY,Tenth Line,20.4,0.0037403380032088374,https://leetcode.com/problems/tenth-line,Shell
EASY,Reverse String II,20.4,0.0054346593210726725,https://leetcode.com/problems/reverse-string-ii,"Two Pointers, String"
EASY,Defuse the Bomb,20.4,0.00794617309253517,https://leetcode.com/problems/defuse-the-bomb,"Array, Sliding Window"
EASY,Add Digits,20.4,0.006923318391082473,https://leetcode.com/problems/add-digits,"Math, Simulation, Number Theory"
MEDIUM,Number of Operations to Make Network Connected,20.4,0.006714930409038606,https://leetcode.com/problems/number-of-operations-to-make-network-connected,"Depth-First Search, Breadth-First Search, Union-Find, Graph Theory"
EASY,Valid Mountain Array,20.4,0.0035673287734097254,https://leetcode.com/problems/valid-mountain-array,Array
HARD,Palindrome Partitioning II,20.4,0.0037742656225082777,https://leetcode.com/problems/palindrome-partitioning-ii,"String, Dynamic Programming"
MEDIUM,Rabbits in Forest,20.4,0.005803383457517577,https://leetcode.com/problems/rabbits-in-forest,"Array, Hash Table, Math, Greedy"
MEDIUM,Minimum Number of Operations to Move All Balls to Each Box,20.4,0.009014117763057179,https://leetcode.com/problems/minimum-number-of-operations-to-move-all-balls-to-each-box,"Array, String, Prefix Sum"
EASY,Find Subsequence of Length K With the Largest Sum,20.4,0.005728507767531101,https://leetcode.com/problems/find-subsequence-of-length-k-with-the-largest-sum,"Array, Hash Table, Sorting, Heap (Priority Queue)"
MEDIUM,132 Pattern,20.4,0.0035032694454801504,https://leetcode.com/problems/132-pattern,"Array, Binary Search, Stack, Monotonic Stack, Ordered Set"
MEDIUM,Count the Hidden Sequences,20.4,0.0056686478792536575,https://leetcode.com/problems/count-the-hidden-sequences,"Array, Prefix Sum"
EASY,Richest Customer Wealth,20.4,0.008880493248429915,https://leetcode.com/problems/richest-customer-wealth,"Array, Matrix"
MEDIUM,Meeting Scheduler,20.4,0.005520939734422881,https://leetcode.com/problems/meeting-scheduler,"Array, Two Pointers, Sorting"
EASY,Finding 3-Digit Even Numbers,20.4,0.007862036050343758,https://leetcode.com/problems/finding-3-digit-even-numbers,"Array, Hash Table, Recursion, Sorting, Enumeration"
EASY,Maximum Difference by Remapping a Digit,20.4,0.0075544704065420056,https://leetcode.com/problems/maximum-difference-by-remapping-a-digit,"Math, Greedy"
EASY,Number of 1 Bits,18.0,0.007736185011229805,https://leetcode.com/problems/number-of-1-bits,"Divide and Conquer, Bit Manipulation"
MEDIUM,Implement Trie (Prefix Tree),18.0,0.006991493762135701,https://leetcode.com/problems/implement-trie-prefix-tree,"Hash Table, String, Design, Trie"
EASY,Find All Numbers Disappeared in an Array,18.0,0.006453708283817394,https://leetcode.com/problems/find-all-numbers-disappeared-in-an-array,"Array, Hash Table"
EASY,Subtree of Another Tree,18.0,0.005204678040553297,https://leetcode.com/problems/subtree-of-another-tree,"Tree, Depth-First Search, String Matching, Binary Tree, Hash Function"
MEDIUM,Sum of Square Numbers,18.0,0.0036997579039237376,https://leetcode.com/problems/sum-of-square-numbers,"Math, Two Pointers, Binary Search"
MEDIUM,Candy Crush,18.0,0.007762900839484375,https://leetcode.com/problems/candy-crush,"Array, Two Pointers, Matrix, Simulation"
MEDIUM,Partition Labels,18.0,0.00820088974180042,https://leetcode.com/problems/partition-labels,"Hash Table, Two Pointers, String, Greedy"
EASY,Search in a Binary Search Tree,18.0,0.008306606903660222,https://leetcode.com/problems/search-in-a-binary-search-tree,"Tree, Binary Search Tree, Binary Tree"
MEDIUM,Is Graph Bipartite?,18.0,0.005977211296992278,https://leetcode.com/problems/is-graph-bipartite,"Depth-First Search, Breadth-First Search, Union-Find, Graph Theory, Graph Coloring, Bipartite Graph"
HARD,Binary Tree Cameras,18.0,0.004807813330861584,https://leetcode.com/problems/binary-tree-cameras,"Dynamic Programming, Tree, Depth-First Search, Binary Tree, DP on Trees"
MEDIUM,Tree Diameter,18.0,0.006125671756376354,https://leetcode.com/problems/tree-diameter,"Tree, Depth-First Search, Breadth-First Search, Graph Theory, Topological Sort, DP on Trees"
HARD,Shortest Path in a Grid with Obstacles Elimination,18.0,0.004663196154145178,https://leetcode.com/problems/shortest-path-in-a-grid-with-obstacles-elimination,"Array, Breadth-First Search, Matrix"
MEDIUM,Longest Continuous Subarray With Absolute Diff Less Than or Equal to Limit,18.0,0.005791895667388651,https://leetcode.com/problems/longest-continuous-subarray-with-absolute-diff-less-than-or-equal-to-limit,"Array, Queue, Sliding Window, Heap (Priority Queue), Ordered Set, Monotonic Queue"
EASY,Check If Two String Arrays are Equivalent,18.0,0.00861747096921608,https://leetcode.com/problems/check-if-two-string-arrays-are-equivalent,"Array, String"
MEDIUM,Unique Length-3 Palindromic Subsequences,18.0,0.007376138759597406,https://leetcode.com/problems/unique-length-3-palindromic-subsequences,"Hash Table, String, Bit Manipulation, Prefix Sum"
MEDIUM,Longest Absolute File Path,18.0,0.004979223626685687,https://leetcode.com/problems/longest-absolute-file-path,"String, Stack, Depth-First Search"
HARD,Insert Delete GetRandom O(1) - Duplicates allowed,18.0,0.003689525730978801,https://leetcode.com/problems/insert-delete-getrandom-o1-duplicates-allowed,"Array, Hash Table, Math, Design, Randomized"
EASY,Consecutive Characters,18.0,0.006041935936357169,https://leetcode.com/problems/consecutive-characters,String
MEDIUM,Bulb Switcher,18.0,0.0056329254145333066,https://leetcode.com/problems/bulb-switcher,"Math, Brainteaser"
EASY,Binary Tree Postorder Traversal,18.0,0.007882984670200101,https://leetcode.com/problems/binary-tree-postorder-traversal,"Stack, Tree, Depth-First Search, Binary Tree"
EASY,Set Mismatch,18.0,0.004336908153791977,https://leetcode.com/problems/set-mismatch,"Array, Hash Table, Bit Manipulation, Sorting"
EASY,First Unique Character in a String,18.0,0.006611194976843643,https://leetcode.com/problems/first-unique-character-in-a-string,"Hash Table, String, Queue, Counting"
EASY,Binary Tree Preorder Traversal,18.0,0.007647322016906394,https://leetcode.com/problems/binary-tree-preorder-traversal,"Stack, Tree, Depth-First Search, Binary Tree"
MEDIUM,Count Number of Nice Subarrays,18.0,0.007563641154728967,https://leetcode.com/problems/count-number-of-nice-subarrays,"Array, Hash Table, Math, Sliding Window, Prefix Sum"
HARD,Count of Smaller Numbers After Self,18.0,0.004392837515135026,https://leetcode.com/problems/count-of-smaller-numbers-after-self,"Array, Binary Search, Divide and Conquer, Binary Indexed Tree, Segment Tree, Merge Sort, Ordered Set, Treap"
HARD,Trapping Rain Water II,18.0,0.006419299448122842,https://leetcode.com/problems/trapping-rain-water-ii,"Array, Breadth-First Search, Heap (Priority Queue), Matrix"
EASY,Delete Duplicate Emails,18.0,0.006657998647991257,https://leetcode.com/problems/delete-duplicate-emails,Database
MEDIUM,Find the Prefix Common Array of Two Arrays,18.0,0.008829161889586289,https://leetcode.com/problems/find-the-prefix-common-array-of-two-arrays,"Array, Hash Table, Bit Manipulation"
MEDIUM,Find Eventual Safe States,18.0,0.007142286525319057,https://leetcode.com/problems/find-eventual-safe-states,"Depth-First Search, Breadth-First Search, Graph Theory, Topological Sort, Kosaraju's Algorithm, Tarjan's SCC Algorithm"
MEDIUM,Remove Duplicates from Sorted List II,18.0,0.00523540931174912,https://leetcode.com/problems/remove-duplicates-from-sorted-list-ii,"Linked List, Two Pointers"
EASY,Minimum Absolute Difference,18.0,0.007518442569249718,https://leetcode.com/problems/minimum-absolute-difference,"Array, Sorting"
MEDIUM,Product Price at a Given Date,18.0,0.00583567885506313,https://leetcode.com/problems/product-price-at-a-given-date,Database
MEDIUM,Find Duplicate File in System,18.0,0.006748934711999762,https://leetcode.com/problems/find-duplicate-file-in-system,"Array, Hash Table, String"
MEDIUM,Minimum Operations to Exceed Threshold Value II,18.0,0.004578243788313047,https://leetcode.com/problems/minimum-operations-to-exceed-threshold-value-ii,"Array, Heap (Priority Queue), Simulation"
MEDIUM,Stock Price Fluctuation ,18.0,0.004925273628977333,https://leetcode.com/problems/stock-price-fluctuation,"Hash Table, Design, Heap (Priority Queue), Data Stream, Ordered Set"
MEDIUM,Zero Array Transformation II,18.0,0.004353382812276127,https://leetcode.com/problems/zero-array-transformation-ii,"Array, Two Pointers, Binary Search, Prefix Sum"
MEDIUM,Minimum Number of Changes to Make Binary String Beautiful,18.0,0.007625334424330462,https://leetcode.com/problems/minimum-number-of-changes-to-make-binary-string-beautiful,String
HARD,Shortest Subarray with Sum at Least K,18.0,0.0033014980575212334,https://leetcode.com/problems/shortest-subarray-with-sum-at-least-k,"Array, Binary Search, Queue, Sliding Window, Heap (Priority Queue), Prefix Sum, Monotonic Queue"
EASY,Count Equal and Divisible Pairs in an Array,18.0,0.008376987968469092,https://leetcode.com/problems/count-equal-and-divisible-pairs-in-an-array,Array
EASY,Sort Array by Increasing Frequency,18.0,0.008100681253185376,https://leetcode.com/problems/sort-array-by-increasing-frequency,"Array, Hash Table, Sorting"
EASY,Not Boring Movies,18.0,0.007517550247191374,https://leetcode.com/problems/not-boring-movies,Database
EASY,Third Maximum Number,18.0,0.004016711709716007,https://leetcode.com/problems/third-maximum-number,"Array, Sorting"
EASY,Longest Harmonious Subsequence,18.0,0.00649919901673503,https://leetcode.com/problems/longest-harmonious-subsequence,"Array, Hash Table, Sliding Window, Sorting, Counting"
EASY,Divisor Game,18.0,0.00724379703170733,https://leetcode.com/problems/divisor-game,"Math, Dynamic Programming, Brainteaser, Game Theory, Impartial Game"
MEDIUM,Check if a Parentheses String Can Be Valid,18.0,0.0045247218647870005,https://leetcode.com/problems/check-if-a-parentheses-string-can-be-valid,"String, Stack, Greedy, Bracket Sequences"
MEDIUM,Interleaving String,18.0,0.004457149134356134,https://leetcode.com/problems/interleaving-string,"String, Dynamic Programming"
EASY,Arranging Coins,18.0,0.0048503700938677145,https://leetcode.com/problems/arranging-coins,"Math, Binary Search"
EASY,Transpose Matrix,18.0,0.007706208674875508,https://leetcode.com/problems/transpose-matrix,"Array, Matrix, Simulation"
MEDIUM,Snakes and Ladders,18.0,0.00482342869463926,https://leetcode.com/problems/snakes-and-ladders,"Array, Breadth-First Search, Matrix"
MEDIUM,New 21 Game,18.0,0.005194910510984189,https://leetcode.com/problems/new-21-game,"Math, Dynamic Programming, Sliding Window, Probability and Statistics"
MEDIUM,Integer Break,18.0,0.006263135685505826,https://leetcode.com/problems/integer-break,"Math, Dynamic Programming"
EASY,Shuffle the Array,18.0,0.008869461172012812,https://leetcode.com/problems/shuffle-the-array,Array
MEDIUM,Validate Stack Sequences,18.0,0.0070670364979540275,https://leetcode.com/problems/validate-stack-sequences,"Array, Stack, Simulation"
MEDIUM,Minimize the Maximum Difference of Pairs,18.0,0.005103456200153792,https://leetcode.com/problems/minimize-the-maximum-difference-of-pairs,"Array, Binary Search, Dynamic Programming, Greedy, Sorting"
EASY,Find Lucky Integer in an Array,18.0,0.007561452163197023,https://leetcode.com/problems/find-lucky-integer-in-an-array,"Array, Hash Table, Counting"
MEDIUM,Greatest Sum Divisible by Three,18.0,0.005700181505379252,https://leetcode.com/problems/greatest-sum-divisible-by-three,"Array, Dynamic Programming, Greedy, Sorting"
MEDIUM,Best Time to Buy and Sell Stock using Strategy,18.0,0.00597250141544471,https://leetcode.com/problems/best-time-to-buy-and-sell-stock-using-strategy,"Array, Sliding Window, Prefix Sum"
EASY,Minimum Pair Removal to Sort Array I,18.0,0.006525191872634628,https://leetcode.com/problems/minimum-pair-removal-to-sort-array-i,"Array, Hash Table, Linked List, Heap (Priority Queue), Simulation, Doubly-Linked List, Ordered Set"
MEDIUM,Minimum Absolute Difference Between Elements With Constraint,18.0,0.0038007509255288422,https://leetcode.com/problems/minimum-absolute-difference-between-elements-with-constraint,"Array, Binary Search, Ordered Set"
HARD,Dungeon Game,15.3,0.004200809393825798,https://leetcode.com/problems/dungeon-game,"Array, Dynamic Programming, Matrix"
HARD,The Skyline Problem,15.3,0.0045773495018944,https://leetcode.com/problems/the-skyline-problem,"Array, Divide and Conquer, Binary Indexed Tree, Segment Tree, Sweep Line, Sorting, Heap (Priority Queue), Ordered Set"
EASY,Palindrome Permutation,15.3,0.006869682902338577,https://leetcode.com/problems/palindrome-permutation,"Hash Table, String, Bit Manipulation"
HARD,Best Meeting Point,15.3,0.006143219217419532,https://leetcode.com/problems/best-meeting-point,"Array, Math, Sorting, Matrix"
EASY,Island Perimeter,15.3,0.007432075212961662,https://leetcode.com/problems/island-perimeter,"Array, Depth-First Search, Breadth-First Search, Matrix"
MEDIUM,Flatten a Multilevel Doubly Linked List,15.3,0.006329520983082093,https://leetcode.com/problems/flatten-a-multilevel-doubly-linked-list,"Linked List, Depth-First Search, Doubly-Linked List"
MEDIUM,Subarray Sums Divisible by K,15.3,0.0056643242377316175,https://leetcode.com/problems/subarray-sums-divisible-by-k,"Array, Hash Table, Prefix Sum"
EASY,Last Stone Weight,15.3,0.00667353380091523,https://leetcode.com/problems/last-stone-weight,"Array, Heap (Priority Queue)"
HARD,Parsing A Boolean Expression,15.3,0.006979832451459678,https://leetcode.com/problems/parsing-a-boolean-expression,"String, Stack, Recursion"
EASY,User Activity for the Past 30 Days I,15.3,0.005139121946939536,https://leetcode.com/problems/user-activity-for-the-past-30-days-i,Database
MEDIUM,All Elements in Two Binary Search Trees,15.3,0.008037689143223493,https://leetcode.com/problems/all-elements-in-two-binary-search-trees,"Tree, Depth-First Search, Binary Search Tree, Sorting, Binary Tree"
HARD,Maximum Sum BST in Binary Tree,15.3,0.004863410158931306,https://leetcode.com/problems/maximum-sum-bst-in-binary-tree,"Dynamic Programming, Tree, Depth-First Search, Binary Search Tree, Binary Tree, DP on Trees"
MEDIUM,Path With Minimum Effort,15.3,0.006389796901962057,https://leetcode.com/problems/path-with-minimum-effort,"Array, Binary Search, Depth-First Search, Breadth-First Search, Union-Find, Heap (Priority Queue), Matrix, Dijkstra's Algorithm"
MEDIUM,Nearest Exit from Entrance in Maze,15.3,0.004903748683598749,https://leetcode.com/problems/nearest-exit-from-entrance-in-maze,"Array, Breadth-First Search, Matrix"
MEDIUM,Find a Peak Element II,15.3,0.005553048246023013,https://leetcode.com/problems/find-a-peak-element-ii,"Array, Binary Search, Matrix"
EASY,Root Equals Sum of Children,15.3,0.008513233900472912,https://leetcode.com/problems/root-equals-sum-of-children,"Tree, Binary Tree"
EASY,Counter,15.3,0.008244050041307157,https://leetcode.com/problems/counter,
EASY,Array Prototype Last,15.3,0.0074662163148414675,https://leetcode.com/problems/array-prototype-last,
EASY,To Be Or Not To Be,15.3,0.006341087847188918,https://leetcode.com/problems/to-be-or-not-to-be,
EASY,Sort the People,15.3,0.008480914464489493,https://leetcode.com/problems/sort-the-people,"Array, Hash Table, String, Sorting"
MEDIUM,Game of Life,15.3,0.007294289389465494,https://leetcode.com/problems/game-of-life,"Array, Matrix, Simulation"
HARD,LFU Cache,15.3,0.0050029532509508244,https://leetcode.com/problems/lfu-cache,"Hash Table, Linked List, Design, Doubly-Linked List"
HARD,Design Skiplist,15.3,0.0059775390923834885,https://leetcode.com/problems/design-skiplist,"Linked List, Design"
EASY,Maximum Product of Three Numbers,15.3,0.00482224409490848,https://leetcode.com/problems/maximum-product-of-three-numbers,"Array, Math, Sorting"
MEDIUM,Maximum Candies Allocated to K Children,15.3,0.004989241075846388,https://leetcode.com/problems/maximum-candies-allocated-to-k-children,"Array, Binary Search"
HARD,Guess the Word,15.3,0.003660275621759791,https://leetcode.com/problems/guess-the-word,"Array, Math, String, Minimax, Interactive, Game Theory"
MEDIUM,Maximal Square,15.3,0.005074676659393479,https://leetcode.com/problems/maximal-square,"Array, Dynamic Programming, Matrix"
EASY,Perfect Number,15.3,0.004987726611593921,https://leetcode.com/problems/perfect-number,Math
MEDIUM,Count Good Nodes in Binary Tree,15.3,0.007394898866450176,https://leetcode.com/problems/count-good-nodes-in-binary-tree,"Tree, Depth-First Search, Breadth-First Search, Binary Tree"
EASY,Two Sum IV - Input is a BST,15.3,0.006361461104037718,https://leetcode.com/problems/two-sum-iv-input-is-a-bst,"Hash Table, Two Pointers, Tree, Depth-First Search, Breadth-First Search, Binary Search Tree, Binary Tree"
MEDIUM,Customers Who Bought All Products,15.3,0.0064393050727679065,https://leetcode.com/problems/customers-who-bought-all-products,Database
MEDIUM,The k-th Lexicographical String of All Happy Strings of Length n,15.3,0.008707962253204714,https://leetcode.com/problems/the-k-th-lexicographical-string-of-all-happy-strings-of-length-n,"String, Backtracking"
MEDIUM,Delete the Middle Node of a Linked List,15.3,0.006091387135793427,https://leetcode.com/problems/delete-the-middle-node-of-a-linked-list,"Linked List, Two Pointers"
MEDIUM,Count Total Number of Colored Cells,15.3,0.006621364990789046,https://leetcode.com/problems/count-total-number-of-colored-cells,Math
EASY,Count Largest Group,15.3,0.007467390579457144,https://leetcode.com/problems/count-largest-group,"Hash Table, Math, Counting"
MEDIUM,Mini Parser,15.3,0.00433243096313226,https://leetcode.com/problems/mini-parser,"String, Stack, Depth-First Search"
EASY,Fix Names in a Table,15.3,0.0060643935483553815,https://leetcode.com/problems/fix-names-in-a-table,Database
MEDIUM,Investments in 2016,15.3,0.005165477457820478,https://leetcode.com/problems/investments-in-2016,Database
EASY,Reshape the Matrix,15.3,0.0065420043013043735,https://leetcode.com/problems/reshape-the-matrix,"Array, Matrix, Simulation"
HARD,Number of Ways to Form a Target String Given a Dictionary,15.3,0.005632866292702732,https://leetcode.com/problems/number-of-ways-to-form-a-target-string-given-a-dictionary,"Array, String, Dynamic Programming"
MEDIUM,Make Sum Divisible by P,15.3,0.0042594784909602565,https://leetcode.com/problems/make-sum-divisible-by-p,"Array, Hash Table, Prefix Sum"
HARD,Find the Count of Good Integers,15.3,0.006925609387970719,https://leetcode.com/problems/find-the-count-of-good-integers,"Hash Table, Math, Combinatorics, Enumeration"
EASY,  Count Symmetric Integers,15.3,0.008317319796954315,https://leetcode.com/problems/count-symmetric-integers,"Math, Enumeration"
MEDIUM,Count Square Submatrices with All Ones,15.3,0.008080449604791276,https://leetcode.com/problems/count-square-submatrices-with-all-ones,"Array, Dynamic Programming, Matrix"
EASY,Percentage of Users Attended a Contest,15.3,0.006095991645750207,https://leetcode.com/problems/percentage-of-users-attended-a-contest,Database
EASY,Leaf-Similar Trees,15.3,0.00703306868418036,https://leetcode.com/problems/leaf-similar-trees,"Tree, Depth-First Search, Binary Tree"
HARD,Find the Maximum Sum of Node Values,15.3,0.006913671913671914,https://leetcode.com/problems/find-the-maximum-sum-of-node-values,"Array, Dynamic Programming, Greedy, Bit Manipulation, Tree, Sorting"
EASY,Divisible and Non-divisible Sums Difference,15.3,0.00910913321851623,https://leetcode.com/problems/divisible-and-non-divisible-sums-difference,Math
HARD,Block Placement Queries,15.3,0.004141530323533029,https://leetcode.com/problems/block-placement-queries,"Array, Binary Search, Binary Indexed Tree, Segment Tree, Ordered Set"
EASY,Find Words Containing Character,15.3,0.009041334548185405,https://leetcode.com/problems/find-words-containing-character,"Array, String"
MEDIUM,Recover Binary Search Tree,15.3,0.006067054905516555,https://leetcode.com/problems/recover-binary-search-tree,"Tree, Depth-First Search, Binary Search Tree, Binary Tree"
EASY,Check If N and Its Double Exist,15.3,0.00419730635647233,https://leetcode.com/problems/check-if-n-and-its-double-exist,"Array, Hash Table, Two Pointers, Binary Search, Sorting"
MEDIUM,Word Subsets,15.3,0.005598904759617293,https://leetcode.com/problems/word-subsets,"Array, Hash Table, String"
HARD,Number of Islands II,15.3,0.004070945688002146,https://leetcode.com/problems/number-of-islands-ii,"Array, Hash Table, Union-Find"
MEDIUM,Department Highest Salary,15.3,0.005908861254885984,https://leetcode.com/problems/department-highest-salary,Database
HARD,Sum of k-Mirror Numbers,15.3,0.006355062616464997,https://leetcode.com/problems/sum-of-k-mirror-numbers,"Math, Enumeration"
EASY,Longest Strictly Increasing or Strictly Decreasing Subarray,15.3,0.006493006296092202,https://leetcode.com/problems/longest-strictly-increasing-or-strictly-decreasing-subarray,Array
MEDIUM,Number of Zero-Filled Subarrays,15.3,0.007005534711689417,https://leetcode.com/problems/number-of-zero-filled-subarrays,"Array, Math"
MEDIUM,Number of Closed Islands,15.3,0.006725057967057124,https://leetcode.com/problems/number-of-closed-islands,"Array, Depth-First Search, Breadth-First Search, Union-Find, Matrix"
MEDIUM,Smallest Number in Infinite Set,15.3,0.007066448966310677,https://leetcode.com/problems/smallest-number-in-infinite-set,"Hash Table, Design, Heap (Priority Queue), Ordered Set"
EASY,Maximum Difference Between Increasing Elements,15.3,0.006665402006593982,https://leetcode.com/problems/maximum-difference-between-increasing-elements,Array
MEDIUM,Letter Tile Possibilities,15.3,0.008352939678659639,https://leetcode.com/problems/letter-tile-possibilities,"Hash Table, String, Backtracking, Counting"
EASY,Merge Two 2D Arrays by Summing Values,15.3,0.008165816555479105,https://leetcode.com/problems/merge-two-2d-arrays-by-summing-values,"Array, Hash Table, Two Pointers"
MEDIUM,Successful Pairs of Spells and Potions,15.3,0.00498110765401369,https://leetcode.com/problems/successful-pairs-of-spells-and-potions,"Array, Two Pointers, Binary Search, Sorting"
HARD,Put Marbles in Bags,15.3,0.00720510524582102,https://leetcode.com/problems/put-marbles-in-bags,"Array, Greedy, Sorting, Heap (Priority Queue)"
MEDIUM,Maximum Absolute Sum of Any Subarray,15.3,0.007075500082825954,https://leetcode.com/problems/maximum-absolute-sum-of-any-subarray,"Array, Dynamic Programming"
HARD,Longest Duplicate Substring,15.3,0.0031370244794347896,https://leetcode.com/problems/longest-duplicate-substring,"String, Binary Search, Sliding Window, Rolling Hash, Suffix Array, Hash Function, Suffix Automaton, Suffix Tree, Z Algorithm, Boyer–Moore String-Search Algorithm"
MEDIUM,Hand of Straights,15.3,0.005832107644181026,https://leetcode.com/problems/hand-of-straights,"Array, Hash Table, Greedy, Sorting"
MEDIUM,Maximum Average Pass Ratio,15.3,0.0074086944337408474,https://leetcode.com/problems/maximum-average-pass-ratio,"Array, Greedy, Heap (Priority Queue)"
EASY,Repeated Substring Pattern,15.3,0.004865482308431229,https://leetcode.com/problems/repeated-substring-pattern,"String, String Matching, Z Algorithm, Knuth–Morris–Pratt Algorithm"
MEDIUM,Rotating the Box,15.3,0.008246598618740789,https://leetcode.com/problems/rotating-the-box,"Array, Two Pointers, Matrix"
MEDIUM,Minimum Deletions to Make String Balanced,15.3,0.006815874002694022,https://leetcode.com/problems/minimum-deletions-to-make-string-balanced,"String, Dynamic Programming, Stack"
HARD,Count of Range Sum,15.3,0.00396135774266334,https://leetcode.com/problems/count-of-range-sum,"Array, Binary Search, Divide and Conquer, Binary Indexed Tree, Segment Tree, Merge Sort, Ordered Set, Treap"
EASY,Three Consecutive Odds,15.3,0.006932610297510883,https://leetcode.com/problems/three-consecutive-odds,Array
HARD,Collect Coins in a Tree,15.3,0.003979289006756331,https://leetcode.com/problems/collect-coins-in-a-tree,"Array, Tree, Graph Theory, Topological Sort"
MEDIUM,Domino and Tromino Tiling,15.3,0.005126150224317972,https://leetcode.com/problems/domino-and-tromino-tiling,Dynamic Programming
HARD,Largest Color Value in a Directed Graph,15.3,0.005718224356286481,https://leetcode.com/problems/largest-color-value-in-a-directed-graph,"Hash Table, String, Dynamic Programming, Graph Theory, Topological Sort, Memoization, Counting, Directed Acyclic Graph"
MEDIUM,Distribute Candies Among Children II,15.3,0.005564238069997744,https://leetcode.com/problems/distribute-candies-among-children-ii,"Math, Combinatorics, Enumeration"
EASY,Product Sales Analysis I,15.3,0.008610245747496754,https://leetcode.com/problems/product-sales-analysis-i,Database
MEDIUM,Arithmetic Slices,15.3,0.006487880165585892,https://leetcode.com/problems/arithmetic-slices,"Array, Dynamic Programming, Sliding Window"
MEDIUM,Repeated String Match,15.3,0.003964015668224913,https://leetcode.com/problems/repeated-string-match,"String, String Matching, Z Algorithm, Knuth–Morris–Pratt Algorithm, Boyer–Moore String-Search Algorithm"
MEDIUM,Stone Game,15.3,0.007691583615128614,https://leetcode.com/problems/stone-game,"Array, Math, Dynamic Programming, Minimax, Game Theory, Zero-Sum Game"
EASY,Find Most Frequent Vowel and Consonant,15.3,0.008925682426117503,https://leetcode.com/problems/find-most-frequent-vowel-and-consonant,"Hash Table, String, Counting"
MEDIUM,Valid Triangle Number,15.3,0.005713971529713038,https://leetcode.com/problems/valid-triangle-number,"Array, Two Pointers, Binary Search, Greedy, Sorting"
HARD,Count Number of Trapezoids II,15.3,0.003971790929007852,https://leetcode.com/problems/count-number-of-trapezoids-ii,"Array, Hash Table, Math, Geometry"
EASY,Count Square Sum Triples,15.3,0.007717145508075301,https://leetcode.com/problems/count-square-sum-triples,"Math, Enumeration"
EASY,Can Make Arithmetic Progression From Sequence,15.3,0.006871071869184676,https://leetcode.com/problems/can-make-arithmetic-progression-from-sequence,"Array, Sorting"
MEDIUM,Maximum Number of Operations to Move Ones to the End,15.3,0.006691201779236941,https://leetcode.com/problems/maximum-number-of-operations-to-move-ones-to-the-end,"String, Greedy, Counting"
MEDIUM,Sequential Digits,15.3,0.006864223951286823,https://leetcode.com/problems/sequential-digits,Enumeration
MEDIUM,Maximum Product of Splitted Binary Tree,15.3,0.005577105635653199,https://leetcode.com/problems/maximum-product-of-splitted-binary-tree,"Tree, Depth-First Search, Binary Tree"
EASY,Pascal's Triangle II,12.2,0.006789263971561984,https://leetcode.com/problems/pascals-triangle-ii,"Array, Dynamic Programming"
MEDIUM,Consecutive Numbers,12.2,0.004908367839167957,https://leetcode.com/problems/consecutive-numbers,Database
HARD,Best Time to Buy and Sell Stock IV,12.2,0.005104138896517539,https://leetcode.com/problems/best-time-to-buy-and-sell-stock-iv,"Array, Dynamic Programming"
MEDIUM,Minimum Height Trees,12.2,0.004274990800723705,https://leetcode.com/problems/minimum-height-trees,"Depth-First Search, Breadth-First Search, Graph Theory, Topological Sort"
MEDIUM,Find Largest Value in Each Tree Row,12.2,0.006637018154857475,https://leetcode.com/problems/find-largest-value-in-each-tree-row,"Tree, Depth-First Search, Breadth-First Search, Binary Tree"
MEDIUM,Swapping Nodes in a Linked List,12.2,0.0069689249090689,https://leetcode.com/problems/swapping-nodes-in-a-linked-list,"Linked List, Two Pointers"
MEDIUM,Dota2 Senate,12.2,0.005037478333735091,https://leetcode.com/problems/dota2-senate,"String, Greedy, Queue"
EASY,Cousins in Binary Tree,12.2,0.005967085737703834,https://leetcode.com/problems/cousins-in-binary-tree,"Tree, Depth-First Search, Breadth-First Search, Binary Tree"
MEDIUM,Two City Scheduling,12.2,0.006885736389310913,https://leetcode.com/problems/two-city-scheduling,"Array, Greedy, Sorting, Hungarian Algorithm, Successive Shortest Path Algorithm"
EASY,Maximum Population Year,12.2,0.006452244613389247,https://leetcode.com/problems/maximum-population-year,"Array, Counting, Prefix Sum"
HARD,Count Subarrays With Score Less Than K,12.2,0.006221383759589243,https://leetcode.com/problems/count-subarrays-with-score-less-than-k,"Array, Binary Search, Sliding Window, Prefix Sum"
MEDIUM,Partition to K Equal Sum Subsets,12.2,0.0038826600535143254,https://leetcode.com/problems/partition-to-k-equal-sum-subsets,"Array, Dynamic Programming, Backtracking, Bit Manipulation, Memoization, Bitmask"
MEDIUM,Confirmation Rate,12.2,0.006254299455292268,https://leetcode.com/problems/confirmation-rate,Database
MEDIUM,Ugly Number II,12.2,0.004976019496665163,https://leetcode.com/problems/ugly-number-ii,"Hash Table, Math, Dynamic Programming, Heap (Priority Queue)"
MEDIUM,UTF-8 Validation,12.2,0.004654139715394567,https://leetcode.com/problems/utf-8-validation,"Array, Bit Manipulation"
EASY,Crawler Log Folder,12.2,0.007170762897559504,https://leetcode.com/problems/crawler-log-folder,"Array, String, Stack"
MEDIUM,Number of Connected Components in an Undirected Graph,12.2,0.006510127305254116,https://leetcode.com/problems/number-of-connected-components-in-an-undirected-graph,"Depth-First Search, Breadth-First Search, Union-Find, Graph Theory"
MEDIUM,Check If Array Pairs Are Divisible by k,12.2,0.0046209412956125465,https://leetcode.com/problems/check-if-array-pairs-are-divisible-by-k,"Array, Hash Table, Counting"
MEDIUM,Equal Row and Column Pairs,12.2,0.007127430236735998,https://leetcode.com/problems/equal-row-and-column-pairs,"Array, Hash Table, Matrix, Simulation"
HARD,Shortest Common Supersequence ,12.2,0.006226732603996745,https://leetcode.com/problems/shortest-common-supersequence,"String, Dynamic Programming, Longest Common Subsequence"
EASY,Design HashSet,12.2,0.006836055897195018,https://leetcode.com/problems/design-hashset,"Array, Hash Table, Linked List, Design, Hash Function"
MEDIUM,Binary Tree Level Order Traversal II,12.2,0.0068858006051861105,https://leetcode.com/problems/binary-tree-level-order-traversal-ii,"Tree, Breadth-First Search, Binary Tree"
MEDIUM,Longest String Chain,12.2,0.006339618166452899,https://leetcode.com/problems/longest-string-chain,"Array, Hash Table, Two Pointers, String, Dynamic Programming, Sorting"
EASY,Primary Department for Each Employee,12.2,0.0075139611383108935,https://leetcode.com/problems/primary-department-for-each-employee,Database
EASY,Nim Game,12.2,0.006032964724702435,https://leetcode.com/problems/nim-game,"Math, Brainteaser, Minimax, Game Theory, Nim Game, Impartial Game"
MEDIUM,Car Fleet,12.2,0.005556909106303712,https://leetcode.com/problems/car-fleet,"Array, Stack, Sorting, Monotonic Stack"
MEDIUM,Best Sightseeing Pair,12.2,0.006270116888531939,https://leetcode.com/problems/best-sightseeing-pair,"Array, Dynamic Programming"
MEDIUM,Sum of Subarray Ranges,12.2,0.0061792473479155416,https://leetcode.com/problems/sum-of-subarray-ranges,"Array, Stack, Monotonic Stack"
EASY,Add to Array-Form of Integer,12.2,0.00456625420253779,https://leetcode.com/problems/add-to-array-form-of-integer,"Array, Math"
MEDIUM,Find the Celebrity,12.2,0.004906643023186505,https://leetcode.com/problems/find-the-celebrity,"Two Pointers, Graph Theory, Interactive"
MEDIUM,Combination Sum IV,12.2,0.005526452967281973,https://leetcode.com/problems/combination-sum-iv,"Array, Dynamic Programming"
HARD,Burst Balloons,12.2,0.006419256722731394,https://leetcode.com/problems/burst-balloons,"Array, Dynamic Programming"
EASY,Find Smallest Letter Greater Than Target,12.2,0.00595370019232332,https://leetcode.com/problems/find-smallest-letter-greater-than-target,"Array, Binary Search"
MEDIUM,Split Linked List in Parts,12.2,0.007069242656625373,https://leetcode.com/problems/split-linked-list-in-parts,Linked List
MEDIUM,Remove All Occurrences of a Substring,12.2,0.007865711721173793,https://leetcode.com/problems/remove-all-occurrences-of-a-substring,"String, Stack, Simulation"
EASY,Valid Phone Numbers,12.2,0.003057050940420271,https://leetcode.com/problems/valid-phone-numbers,Shell
HARD,Shortest Palindrome,12.2,0.004295031470576048,https://leetcode.com/problems/shortest-palindrome,"String, Rolling Hash, String Matching, Hash Function, Manacher, Z Algorithm, Knuth–Morris–Pratt Algorithm"
MEDIUM,Longest Substring with At Most K Distinct Characters,12.2,0.005009995005595468,https://leetcode.com/problems/longest-substring-with-at-most-k-distinct-characters,"Hash Table, String, Sliding Window"
EASY,Find the Highest Altitude,12.2,0.008464390788833341,https://leetcode.com/problems/find-the-highest-altitude,"Array, Prefix Sum"
EASY,Find Closest Number to Zero,12.2,0.004811771483520529,https://leetcode.com/problems/find-closest-number-to-zero,Array
MEDIUM,Insert Greatest Common Divisors in Linked List,12.2,0.009128019994445987,https://leetcode.com/problems/insert-greatest-common-divisors-in-linked-list,"Linked List, Math, Number Theory"
MEDIUM,Find the Longest Substring Containing Vowels in Even Counts,12.2,0.007557476549567776,https://leetcode.com/problems/find-the-longest-substring-containing-vowels-in-even-counts,"Hash Table, String, Bit Manipulation, Prefix Sum"
HARD,Max Stack,12.2,0.004599698831436495,https://leetcode.com/problems/max-stack,"Linked List, Stack, Design, Doubly-Linked List, Ordered Set"
MEDIUM,Find if Array Can Be Sorted,12.2,0.006639617281843209,https://leetcode.com/problems/find-if-array-can-be-sorted,"Array, Bit Manipulation, Sorting"
HARD,Smallest Range Covering Elements from K Lists,12.2,0.007032804009378925,https://leetcode.com/problems/smallest-range-covering-elements-from-k-lists,"Array, Hash Table, Greedy, Sliding Window, Sorting, Heap (Priority Queue)"
MEDIUM,Score of Parentheses,12.2,0.006350352472274206,https://leetcode.com/problems/score-of-parentheses,"String, Stack, Bracket Sequences"
MEDIUM,Matchsticks to Square,12.2,0.004219587091872905,https://leetcode.com/problems/matchsticks-to-square,"Array, Dynamic Programming, Backtracking, Bit Manipulation, Bitmask"
MEDIUM,Shortest Subarray With OR at Least K II,12.2,0.005010917953691959,https://leetcode.com/problems/shortest-subarray-with-or-at-least-k-ii,"Array, Bit Manipulation, Sliding Window"
MEDIUM,Nested List Weight Sum II,12.2,0.006704579704627294,https://leetcode.com/problems/nested-list-weight-sum-ii,"Stack, Depth-First Search, Breadth-First Search"
MEDIUM,Possible Bipartition,12.2,0.005296183402081014,https://leetcode.com/problems/possible-bipartition,"Depth-First Search, Breadth-First Search, Union-Find, Graph Theory, Graph Coloring, Bipartite Graph"
EASY,Number of Common Factors,12.2,0.008041506457655527,https://leetcode.com/problems/number-of-common-factors,"Math, Enumeration, Number Theory, Euclidean Algorithm, Greatest Common Divisor"
EASY,Determine Whether Matrix Can Be Obtained By Rotation,12.2,0.00685029344335865,https://leetcode.com/problems/determine-whether-matrix-can-be-obtained-by-rotation,"Array, Matrix"
HARD,Sliding Puzzle,12.2,0.007455278690662966,https://leetcode.com/problems/sliding-puzzle,"Array, Dynamic Programming, Backtracking, Breadth-First Search, Memoization, Matrix, Heuristic Search, Bidirectional Search, A* Search"
MEDIUM,Move Pieces to Obtain a String,12.2,0.005660922509225092,https://leetcode.com/problems/move-pieces-to-obtain-a-string,"Two Pointers, String"
MEDIUM,Minimum Limit of Balls in a Bag,12.2,0.0065968288285314656,https://leetcode.com/problems/minimum-limit-of-balls-in-a-bag,"Array, Binary Search"
MEDIUM,My Calendar I,12.2,0.005837596018796275,https://leetcode.com/problems/my-calendar-i,"Array, Binary Search, Design, Segment Tree, Ordered Set"
MEDIUM,Find Longest Special Substring That Occurs Thrice I,12.2,0.006184150929443628,https://leetcode.com/problems/find-longest-special-substring-that-occurs-thrice-i,"Hash Table, String, Binary Search, Sliding Window, Counting"
MEDIUM,Push Dominoes,12.2,0.006306387639520351,https://leetcode.com/problems/push-dominoes,"Two Pointers, String, Dynamic Programming"
MEDIUM,All Ancestors of a Node in a Directed Acyclic Graph,12.2,0.006229980901968451,https://leetcode.com/problems/all-ancestors-of-a-node-in-a-directed-acyclic-graph,"Depth-First Search, Breadth-First Search, Graph Theory, Topological Sort, Directed Acyclic Graph"
MEDIUM,Maximum Earnings From Taxi,12.2,0.004674054466328682,https://leetcode.com/problems/maximum-earnings-from-taxi,"Array, Hash Table, Binary Search, Dynamic Programming, Sorting"
MEDIUM,House Robber IV,12.2,0.0064572015593247715,https://leetcode.com/problems/house-robber-iv,"Array, Binary Search, Dynamic Programming, Greedy"
EASY,Sign of the Product of an Array,12.2,0.0064685472794506075,https://leetcode.com/problems/sign-of-the-product-of-an-array,"Array, Math"
EASY,Counting Words With a Given Prefix,12.2,0.008439975674032029,https://leetcode.com/problems/counting-words-with-a-given-prefix,"Array, String, String Matching"
HARD,Meeting Rooms III,12.2,0.005139427060793017,https://leetcode.com/problems/meeting-rooms-iii,"Array, Hash Table, Sorting, Heap (Priority Queue), Simulation"
EASY,Second Minimum Node In a Binary Tree,12.2,0.004631361783423094,https://leetcode.com/problems/second-minimum-node-in-a-binary-tree,"Tree, Depth-First Search, Binary Tree"
EASY,Find the Difference,12.2,0.006061566033398124,https://leetcode.com/problems/find-the-difference,"Hash Table, String, Bit Manipulation, Sorting"
EASY,Clear Digits,12.2,0.008269975759497972,https://leetcode.com/problems/clear-digits,"String, Stack, Simulation"
EASY,Maximum Product of Two Elements in an Array,12.2,0.008495612950535912,https://leetcode.com/problems/maximum-product-of-two-elements-in-an-array,"Array, Sorting, Heap (Priority Queue)"
HARD,Rank Transform of a Matrix,12.2,0.004253785791926623,https://leetcode.com/problems/rank-transform-of-a-matrix,"Array, Union-Find, Graph Theory, Topological Sort, Sorting, Matrix"
EASY,Power of Four,12.2,0.005247287251444982,https://leetcode.com/problems/power-of-four,"Math, Bit Manipulation, Recursion"
MEDIUM,Construct String from Binary Tree,12.2,0.0070861643080388234,https://leetcode.com/problems/construct-string-from-binary-tree,"String, Tree, Depth-First Search, Binary Tree"
EASY,Game Play Analysis I,12.2,0.0076605799628638735,https://leetcode.com/problems/game-play-analysis-i,Database
MEDIUM,Find the Lexicographically Largest String From the Box I,12.2,0.004093887655174925,https://leetcode.com/problems/find-the-lexicographically-largest-string-from-the-box-i,"Two Pointers, String, Enumeration"
MEDIUM,Delete Nodes From Linked List Present in Array,12.2,0.006925577009896164,https://leetcode.com/problems/delete-nodes-from-linked-list-present-in-array,"Array, Hash Table, Linked List"
EASY,Binary Watch,12.2,0.0066085324698300085,https://leetcode.com/problems/binary-watch,"Backtracking, Bit Manipulation"
EASY,Design Parking System,12.2,0.008718918500917418,https://leetcode.com/problems/design-parking-system,"Design, Simulation, Counting"
MEDIUM,Flatten Deeply Nested Array,12.2,0.006614240056275136,https://leetcode.com/problems/flatten-deeply-nested-array,
MEDIUM,Maximum XOR of Two Numbers in an Array,12.2,0.005371118970782822,https://leetcode.com/problems/maximum-xor-of-two-numbers-in-an-array,"Array, Hash Table, Bit Manipulation, Trie"
HARD,Maximum Profit in Job Scheduling,12.2,0.0054812066905163956,https://leetcode.com/problems/maximum-profit-in-job-scheduling,"Array, Binary Search, Dynamic Programming, Sorting"
MEDIUM,Minimum Genetic Mutation,12.2,0.0057061993362396935,https://leetcode.com/problems/minimum-genetic-mutation,"Hash Table, String, Breadth-First Search, Bidirectional Search"
MEDIUM,Network Delay Time,12.2,0.006135709418853017,https://leetcode.com/problems/network-delay-time,"Depth-First Search, Breadth-First Search, Graph Theory, Heap (Priority Queue), Shortest Path, Dijkstra's Algorithm"
EASY,To Lower Case,12.2,0.008510460652381958,https://leetcode.com/problems/to-lower-case,String
MEDIUM,Minimum Number of Vertices to Reach All Nodes,12.2,0.00817438646396608,https://leetcode.com/problems/minimum-number-of-vertices-to-reach-all-nodes,"Graph Theory, Directed Acyclic Graph"
MEDIUM,Zero Array Transformation III,12.2,0.005473813881458539,https://leetcode.com/problems/zero-array-transformation-iii,"Array, Two Pointers, Greedy, Sorting, Heap (Priority Queue), Prefix Sum"
MEDIUM,Last Person to Fit in the Bus,12.2,0.006973226243280447,https://leetcode.com/problems/last-person-to-fit-in-the-bus,Database
MEDIUM,Number of Matching Subsequences,12.2,0.005058392370230723,https://leetcode.com/problems/number-of-matching-subsequences,"Array, Hash Table, String, Binary Search, Dynamic Programming, Trie, Sorting"
EASY,Find the Peaks,12.2,0.007510793727549047,https://leetcode.com/problems/find-the-peaks,"Array, Enumeration"
EASY,Find the Original Typed String I,12.2,0.007209982192679532,https://leetcode.com/problems/find-the-original-typed-string-i,String
MEDIUM,Exchange Seats,12.2,0.0074657568474947415,https://leetcode.com/problems/exchange-seats,Database
MEDIUM,Four Divisors,12.2,0.005652986792647637,https://leetcode.com/problems/four-divisors,"Array, Math, Prime Factorization, Sieve Theory"
EASY,Split a String in Balanced Strings,12.2,0.008757078493779193,https://leetcode.com/problems/split-a-string-in-balanced-strings,"String, Greedy, Counting"
MEDIUM,Add Two Numbers II,12.2,0.006294734877635025,https://leetcode.com/problems/add-two-numbers-ii,"Linked List, Math, Stack"
HARD,Human Traffic of Stadium,12.2,0.0051974840539575975,https://leetcode.com/problems/human-traffic-of-stadium,Database
EASY,Find the XOR of Numbers Which Appear Twice,12.2,0.007927810861090597,https://leetcode.com/problems/find-the-xor-of-numbers-which-appear-twice,"Array, Hash Table, Bit Manipulation"
EASY,Delete Columns to Make Sorted,12.2,0.007816383905085423,https://leetcode.com/problems/delete-columns-to-make-sorted,"Array, String, Longest Increasing Subsequence"
MEDIUM,Count Special Triplets,12.2,0.004709149199680186,https://leetcode.com/problems/count-special-triplets,"Array, Hash Table, Counting"
EASY,Count Elements With Maximum Frequency,12.2,0.00797278948809198,https://leetcode.com/problems/count-elements-with-maximum-frequency,"Array, Hash Table, Counting"
HARD,Jump Game IV,12.2,0.005107222178072051,https://leetcode.com/problems/jump-game-iv,"Array, Hash Table, Breadth-First Search"
EASY,Largest Perimeter Triangle,12.2,0.006243549306855599,https://leetcode.com/problems/largest-perimeter-triangle,"Array, Math, Greedy, Sorting, Quicksort, Polygons"
MEDIUM,Maximum Matrix Sum,12.2,0.006750693658860543,https://leetcode.com/problems/maximum-matrix-sum,"Array, Greedy, Matrix"
MEDIUM,Count Unguarded Cells in the Grid,12.2,0.0069157652042638705,https://leetcode.com/problems/count-unguarded-cells-in-the-grid,"Array, Matrix, Simulation"
EASY,Find Books with No Available Copies,12.2,0.005453321101633712,https://leetcode.com/problems/find-books-with-no-available-copies,Database
MEDIUM,Power Grid Maintenance,12.2,0.00559088687500368,https://leetcode.com/problems/power-grid-maintenance,"Array, Hash Table, Depth-First Search, Breadth-First Search, Union-Find, Graph Theory, Heap (Priority Queue), Ordered Set"
MEDIUM,Longest Balanced Substring II,12.2,0.004188189558408848,https://leetcode.com/problems/longest-balanced-substring-ii,"Hash Table, String, Prefix Sum"
MEDIUM,Restore the Array From Adjacent Pairs,12.2,0.007512462897809968,https://leetcode.com/problems/restore-the-array-from-adjacent-pairs,"Array, Hash Table, Depth-First Search"
EASY,Flipping an Image,12.2,0.008395051414529736,https://leetcode.com/problems/flipping-an-image,"Array, Two Pointers, Bit Manipulation, Matrix, Simulation"
MEDIUM,Count Partitions With Max-Min Difference at Most K,12.2,0.005837589554970628,https://leetcode.com/problems/count-partitions-with-max-min-difference-at-most-k,"Array, Dynamic Programming, Queue, Sliding Window, Prefix Sum, Monotonic Queue"
HARD,Minimum Cost Path with Teleportations,12.2,0.0045322662344240705,https://leetcode.com/problems/minimum-cost-path-with-teleportations,"Array, Dynamic Programming, Matrix"
MEDIUM,Find the Largest Area of Square Inside Two Rectangles,12.2,0.006676540515258993,https://leetcode.com/problems/find-the-largest-area-of-square-inside-two-rectangles,"Array, Math, Geometry"
HARD,Trionic Array II,12.2,0.00473564469063752,https://leetcode.com/problems/trionic-array-ii,"Array, Dynamic Programming"
MEDIUM,Longest Balanced Substring I,12.2,0.006966072455434158,https://leetcode.com/problems/longest-balanced-substring-i,"Hash Table, String, Counting, Enumeration"
HARD,Number of Digit One,8.7,0.003957957082968072,https://leetcode.com/problems/number-of-digit-one,"Math, Dynamic Programming, Recursion"
MEDIUM,Graph Valid Tree,8.7,0.0050109163690448865,https://leetcode.com/problems/graph-valid-tree,"Depth-First Search, Breadth-First Search, Union-Find, Graph Theory"
MEDIUM,Bulls and Cows,8.7,0.005288296429669015,https://leetcode.com/problems/bulls-and-cows,"Hash Table, String, Counting"
HARD,Reconstruct Itinerary,8.7,0.004489977329533721,https://leetcode.com/problems/reconstruct-itinerary,"Array, String, Depth-First Search, Graph Theory, Sorting, Heap (Priority Queue), Eulerian Circuit, Eulerian Path, Semi-Eulerian Graph"
MEDIUM,Shuffle an Array,8.7,0.005993314131670247,https://leetcode.com/problems/shuffle-an-array,"Array, Math, Design, Randomized"
EASY,Sum of Left Leaves,8.7,0.0063030819269452795,https://leetcode.com/problems/sum-of-left-leaves,"Tree, Depth-First Search, Breadth-First Search, Binary Tree"
MEDIUM,Queue Reconstruction by Height,8.7,0.007495335385763597,https://leetcode.com/problems/queue-reconstruction-by-height,"Array, Binary Indexed Tree, Segment Tree, Sorting"
EASY,Longest Continuous Increasing Subsequence,8.7,0.005233026397090342,https://leetcode.com/problems/longest-continuous-increasing-subsequence,Array
MEDIUM,All Paths From Source to Target,8.7,0.008377105584081028,https://leetcode.com/problems/all-paths-from-source-to-target,"Backtracking, Depth-First Search, Breadth-First Search, Graph Theory, Directed Acyclic Graph"
HARD,Recover a Tree From Preorder Traversal,8.7,0.008321487205198534,https://leetcode.com/problems/recover-a-tree-from-preorder-traversal,"String, Tree, Depth-First Search, Binary Tree"
HARD,Find in Mountain Array,8.7,0.0041942931713805295,https://leetcode.com/problems/find-in-mountain-array,"Array, Binary Search, Interactive, Ternary Search"
EASY,N-th Tribonacci Number,8.7,0.006307438453128082,https://leetcode.com/problems/n-th-tribonacci-number,"Math, Dynamic Programming, Memoization"
EASY,Number of Good Pairs,8.7,0.008991139771804152,https://leetcode.com/problems/number-of-good-pairs,"Array, Hash Table, Math, Counting"
MEDIUM,Minimum Insertions to Balance a Parentheses String,8.7,0.005366885110328667,https://leetcode.com/problems/minimum-insertions-to-balance-a-parentheses-string,"String, Stack, Greedy, Bracket Sequences"
EASY,Find Users With Valid E-Mails,8.7,0.0035397786059965515,https://leetcode.com/problems/find-users-with-valid-e-mails,Database
MEDIUM,Diameter of N-Ary Tree,8.7,0.0075472694116517905,https://leetcode.com/problems/diameter-of-n-ary-tree,"Tree, Depth-First Search, DP on Trees"
MEDIUM,Minimize Maximum Pair Sum in Array,8.7,0.008326409840150777,https://leetcode.com/problems/minimize-maximum-pair-sum-in-array,"Array, Two Pointers, Greedy, Sorting"
MEDIUM,Find Unique Binary String,8.7,0.00812298834373715,https://leetcode.com/problems/find-unique-binary-string,"Array, Hash Table, String, Backtracking"
HARD,Check if an Original String Exists Given Two Encoded Strings,8.7,0.00434467730564635,https://leetcode.com/problems/check-if-an-original-string-exists-given-two-encoded-strings,"String, Dynamic Programming"
MEDIUM,Maximum Sum of Distinct Subarrays With Length K,8.7,0.004343609199165783,https://leetcode.com/problems/maximum-sum-of-distinct-subarrays-with-length-k,"Array, Hash Table, Sliding Window"
MEDIUM,Remove Nodes From Linked List,8.7,0.007515575650350567,https://leetcode.com/problems/remove-nodes-from-linked-list,"Linked List, Stack, Recursion, Monotonic Stack"
MEDIUM,Design Memory Allocator,8.7,0.005055772660014417,https://leetcode.com/problems/design-memory-allocator,"Array, Hash Table, Design, Simulation"
EASY,Find Common Elements Between Two Arrays,8.7,0.008474020446082895,https://leetcode.com/problems/find-common-elements-between-two-arrays,"Array, Hash Table"
MEDIUM,Search Suggestions System,8.7,0.006523510779196843,https://leetcode.com/problems/search-suggestions-system,"Array, String, Binary Search, Trie, Sorting, Heap (Priority Queue)"
EASY,Array Partition,8.7,0.008207983996433386,https://leetcode.com/problems/array-partition,"Array, Greedy, Sorting, Counting Sort"
EASY,Guess Number Higher or Lower,8.7,0.00581360953135901,https://leetcode.com/problems/guess-number-higher-or-lower,"Binary Search, Interactive"
HARD,IPO,8.7,0.005372791707017313,https://leetcode.com/problems/ipo,"Array, Greedy, Sorting, Heap (Priority Queue)"
HARD,Subarrays with K Different Integers,8.7,0.006886168876439561,https://leetcode.com/problems/subarrays-with-k-different-integers,"Array, Hash Table, Sliding Window, Counting"
MEDIUM,Extra Characters in a String,8.7,0.005716240105392349,https://leetcode.com/problems/extra-characters-in-a-string,"Array, Hash Table, String, Dynamic Programming, Trie"
EASY,The Number of Employees Which Report to Each Employee,8.7,0.005373213231708882,https://leetcode.com/problems/the-number-of-employees-which-report-to-each-employee,Database
EASY,Most Common Word,8.7,0.00453213436680432,https://leetcode.com/problems/most-common-word,"Array, Hash Table, String, Counting"
EASY,Find if Path Exists in Graph,8.7,0.005570838621028978,https://leetcode.com/problems/find-if-path-exists-in-graph,"Depth-First Search, Breadth-First Search, Union-Find, Graph Theory"
EASY,Subtract the Product and Sum of Digits of an Integer,8.7,0.008660759755260497,https://leetcode.com/problems/subtract-the-product-and-sum-of-digits-of-an-integer,Math
EASY,Find Mode in Binary Search Tree,8.7,0.005925483518806486,https://leetcode.com/problems/find-mode-in-binary-search-tree,"Tree, Depth-First Search, Binary Search Tree, Binary Tree"
HARD,Permutation Sequence,8.7,0.005400053213395375,https://leetcode.com/problems/permutation-sequence,"Math, Recursion"
EASY,Find Words That Can Be Formed by Characters,8.7,0.007172403239229646,https://leetcode.com/problems/find-words-that-can-be-formed-by-characters,"Array, Hash Table, String, Counting"
EASY,Queries Quality and Percentage,8.7,0.005441998709935297,https://leetcode.com/problems/queries-quality-and-percentage,Database
MEDIUM,Minimum Array End,8.7,0.005529706461013506,https://leetcode.com/problems/minimum-array-end,Bit Manipulation
MEDIUM,Count Subarrays Where Max Element Appears at Least K Times,8.7,0.006231666376310722,https://leetcode.com/problems/count-subarrays-where-max-element-appears-at-least-k-times,"Array, Sliding Window"
MEDIUM,Maximum Difference Between Node and Ancestor,8.7,0.007823403011518149,https://leetcode.com/problems/maximum-difference-between-node-and-ancestor,"Tree, Depth-First Search, Binary Tree"
EASY,Rectangle Overlap,8.7,0.004698221857237491,https://leetcode.com/problems/rectangle-overlap,"Math, Geometry"
MEDIUM,Grumpy Bookstore Owner,8.7,0.0064137045494737,https://leetcode.com/problems/grumpy-bookstore-owner,"Array, Sliding Window"
HARD,Patching Array,8.7,0.005458058316117783,https://leetcode.com/problems/patching-array,"Array, Greedy"
EASY,Intersection of Three Sorted Arrays,8.7,0.007999459897380504,https://leetcode.com/problems/intersection-of-three-sorted-arrays,"Array, Hash Table, Binary Search, Counting"
MEDIUM,Construct K Palindrome Strings,8.7,0.006850960071190154,https://leetcode.com/problems/construct-k-palindrome-strings,"Hash Table, String, Greedy, Counting"
MEDIUM,Nth Digit,8.7,0.0038776086113002967,https://leetcode.com/problems/nth-digit,"Math, Binary Search"
MEDIUM,Stone Game II,8.7,0.007573664067434937,https://leetcode.com/problems/stone-game-ii,"Array, Math, Dynamic Programming, Minimax, Prefix Sum, Game Theory, Zero-Sum Game"
MEDIUM,Insert into a Binary Search Tree,8.7,0.007361381552086932,https://leetcode.com/problems/insert-into-a-binary-search-tree,"Tree, Binary Search Tree, Binary Tree"
MEDIUM,One Edit Distance,8.7,0.003457808992831801,https://leetcode.com/problems/one-edit-distance,"Two Pointers, String"
MEDIUM,Minimum Path Cost in a Hidden Grid,8.7,0.005908716257984752,https://leetcode.com/problems/minimum-path-cost-in-a-hidden-grid,"Array, Depth-First Search, Breadth-First Search, Graph Theory, Heap (Priority Queue), Matrix, Interactive, Shortest Path"
MEDIUM,Brick Wall,8.7,0.005606223364071898,https://leetcode.com/problems/brick-wall,"Array, Hash Table"
EASY,Sum of Unique Elements,8.7,0.008021881131917812,https://leetcode.com/problems/sum-of-unique-elements,"Array, Hash Table, Counting"
EASY,Find a Corresponding Node of a Binary Tree in a Clone of That Tree,8.7,0.008584925760914847,https://leetcode.com/problems/find-a-corresponding-node-of-a-binary-tree-in-a-clone-of-that-tree,"Tree, Depth-First Search, Breadth-First Search, Binary Tree"
MEDIUM,Leftmost Column with at Least a One,8.7,0.005526771585898811,https://leetcode.com/problems/leftmost-column-with-at-least-a-one,"Array, Binary Search, Matrix, Interactive"
EASY,Check if One String Swap Can Make Strings Equal,8.7,0.004953737213556182,https://leetcode.com/problems/check-if-one-string-swap-can-make-strings-equal,"Hash Table, String, Counting"
MEDIUM,Length of the Longest Subsequence That Sums to Target,8.7,0.004032591595840466,https://leetcode.com/problems/length-of-the-longest-subsequence-that-sums-to-target,"Array, Dynamic Programming, Knapsack Problem, 0-1 Knapsack"
HARD,Stone Game III,8.7,0.006793160225533994,https://leetcode.com/problems/stone-game-iii,"Array, Math, Dynamic Programming, Minimax, Game Theory, Zero-Sum Game"
MEDIUM,Spiral Matrix III,8.7,0.008458228502903899,https://leetcode.com/problems/spiral-matrix-iii,"Array, Matrix, Simulation"
EASY,Score of a String,8.7,0.009120958677427916,https://leetcode.com/problems/score-of-a-string,String
EASY,Sum of Digits of String After Convert,8.7,0.007481636197943744,https://leetcode.com/problems/sum-of-digits-of-string-after-convert,"String, Simulation"
MEDIUM,Construct Binary Tree from Preorder and Postorder Traversal,8.7,0.007806948766747606,https://leetcode.com/problems/construct-binary-tree-from-preorder-and-postorder-traversal,"Array, Hash Table, Divide and Conquer, Tree, Binary Tree"
MEDIUM,Max Sum of a Pair With Equal Sum of Digits,8.7,0.00659284807151409,https://leetcode.com/problems/max-sum-of-a-pair-with-equal-sum-of-digits,"Array, Hash Table, Sorting, Heap (Priority Queue)"
MEDIUM,Linked List in Binary Tree,8.7,0.005201411493309092,https://leetcode.com/problems/linked-list-in-binary-tree,"Linked List, Tree, Depth-First Search, Binary Tree"
MEDIUM,Find the Minimum and Maximum Number of Nodes Between Critical Points,8.7,0.006944661593622082,https://leetcode.com/problems/find-the-minimum-and-maximum-number-of-nodes-between-critical-points,Linked List
MEDIUM,Divide Intervals Into Minimum Number of Groups,8.7,0.00635882752386431,https://leetcode.com/problems/divide-intervals-into-minimum-number-of-groups,"Array, Two Pointers, Greedy, Sorting, Heap (Priority Queue), Prefix Sum"
MEDIUM,Ones and Zeroes,8.7,0.005368345835689367,https://leetcode.com/problems/ones-and-zeroes,"Array, String, Dynamic Programming, Knapsack Problem, 0-1 Knapsack"
MEDIUM,Minimum Moves to Equal Array Elements,8.7,0.005901813995165458,https://leetcode.com/problems/minimum-moves-to-equal-array-elements,"Array, Math"
MEDIUM,Course Schedule IV,8.7,0.006018946453846046,https://leetcode.com/problems/course-schedule-iv,"Depth-First Search, Breadth-First Search, Graph Theory, Topological Sort"
MEDIUM,Maximum Gap,8.7,0.00528245519522236,https://leetcode.com/problems/maximum-gap,"Array, Sorting, Bucket Sort, Radix Sort, Pigeonhole Principle"
MEDIUM,Tuple with Same Product,8.7,0.0070065499367315855,https://leetcode.com/problems/tuple-with-same-product,"Array, Hash Table, Counting"
EASY,Add Two Promises,8.7,0.009169820301162371,https://leetcode.com/problems/add-two-promises,
HARD,Partition Array Into Two Arrays to Minimize Sum Difference,8.7,0.002437989731536651,https://leetcode.com/problems/partition-array-into-two-arrays-to-minimize-sum-difference,"Array, Two Pointers, Binary Search, Dynamic Programming, Bit Manipulation, Meet in the Middle, Sorting, Ordered Set, Bitmask"
MEDIUM,Delete and Earn,8.7,0.00574781085384071,https://leetcode.com/problems/delete-and-earn,"Array, Hash Table, Dynamic Programming"
MEDIUM,Restaurant Growth,8.7,0.005957991321660542,https://leetcode.com/problems/restaurant-growth,Database
HARD,Find Building Where Alice and Bob Can Meet,8.7,0.00525709051653636,https://leetcode.com/problems/find-building-where-alice-and-bob-can-meet,"Array, Binary Search, Stack, Binary Indexed Tree, Segment Tree, Heap (Priority Queue), Monotonic Stack"
MEDIUM,Find Score of an Array After Marking All Elements,8.7,0.006456322738798871,https://leetcode.com/problems/find-score-of-an-array-after-marking-all-elements,"Array, Hash Table, Sorting, Heap (Priority Queue), Simulation"
MEDIUM,2 Keys Keyboard,8.7,0.00594557541075623,https://leetcode.com/problems/2-keys-keyboard,"Math, Dynamic Programming"
HARD,Count the Number of Arrays with K Matching Adjacent Elements,8.7,0.005824228109228704,https://leetcode.com/problems/count-the-number-of-arrays-with-k-matching-adjacent-elements,"Math, Combinatorics, Fermat's Little Theorem"
MEDIUM,Word Frequency,8.7,0.002979879282710633,https://leetcode.com/problems/word-frequency,Shell
MEDIUM,Count Ways To Build Good Strings,8.7,0.005884268138057586,https://leetcode.com/problems/count-ways-to-build-good-strings,Dynamic Programming
MEDIUM,Maximum Number of Fish in a Grid,8.7,0.007036169659120479,https://leetcode.com/problems/maximum-number-of-fish-in-a-grid,"Array, Depth-First Search, Breadth-First Search, Union-Find, Matrix"
EASY,String Matching in an Array,8.7,0.006982394838161003,https://leetcode.com/problems/string-matching-in-an-array,"Array, String, String Matching"
MEDIUM,Number of Ways to Split Array,8.7,0.00557930955647005,https://leetcode.com/problems/number-of-ways-to-split-array,"Array, Prefix Sum"
EASY,Maximum Units on a Truck,8.7,0.0075163831715162575,https://leetcode.com/problems/maximum-units-on-a-truck,"Array, Greedy, Sorting"
HARD,Minimum Cost to Make at Least One Valid Path in a Grid,8.7,0.007112786447781475,https://leetcode.com/problems/minimum-cost-to-make-at-least-one-valid-path-in-a-grid,"Array, Breadth-First Search, Graph Theory, Heap (Priority Queue), Matrix, Shortest Path, 0-1 BFS, Dijkstra's Algorithm"
MEDIUM,Detect Squares,8.7,0.005289923339798651,https://leetcode.com/problems/detect-squares,"Array, Hash Table, Design, Counting, Data Stream"
EASY,Valid Word,8.7,0.005084752246113829,https://leetcode.com/problems/valid-word,String
EASY,Find the Difference of Two Arrays,8.7,0.008159406354364868,https://leetcode.com/problems/find-the-difference-of-two-arrays,"Array, Hash Table"
MEDIUM,Spiral Matrix IV,8.7,0.008231698225734307,https://leetcode.com/problems/spiral-matrix-iv,"Array, Linked List, Matrix, Simulation"
EASY,Minimum Cost of Buying Candies With Discount,8.7,0.007161010465040021,https://leetcode.com/problems/minimum-cost-of-buying-candies-with-discount,"Array, Greedy, Sorting"
EASY,Long Pressed Name,8.7,0.0033074600483625084,https://leetcode.com/problems/long-pressed-name,"Two Pointers, String"
HARD,Divide Nodes Into the Maximum Number of Groups,8.7,0.006685905039997566,https://leetcode.com/problems/divide-nodes-into-the-maximum-number-of-groups,"Depth-First Search, Breadth-First Search, Union-Find, Graph Theory"
EASY,How Many Numbers Are Smaller Than the Current Number,8.7,0.008748119472336861,https://leetcode.com/problems/how-many-numbers-are-smaller-than-the-current-number,"Array, Hash Table, Sorting, Counting Sort"
EASY,Special Array I,8.7,0.0081638532619134,https://leetcode.com/problems/special-array-i,Array
MEDIUM,Lexicographically Smallest Equivalent String,8.7,0.008108227127852068,https://leetcode.com/problems/lexicographically-smallest-equivalent-string,"String, Union-Find"
EASY,Minimum Distance Between BST Nodes,8.7,0.006176320286318296,https://leetcode.com/problems/minimum-distance-between-bst-nodes,"Tree, Depth-First Search, Breadth-First Search, Binary Search Tree, Binary Tree"
HARD,Number of Submatrices That Sum to Target,8.7,0.007468097139479604,https://leetcode.com/problems/number-of-submatrices-that-sum-to-target,"Array, Hash Table, Matrix, Prefix Sum"
EASY,Final Prices With a Special Discount in a Shop,8.7,0.008429697356002474,https://leetcode.com/problems/final-prices-with-a-special-discount-in-a-shop,"Array, Stack, Monotonic Stack"
MEDIUM,Minimum Time to Complete Trips,8.7,0.003998108350559694,https://leetcode.com/problems/minimum-time-to-complete-trips,"Array, Binary Search"
MEDIUM,Number of Sub-arrays With Odd Sum,8.7,0.0055609808793345575,https://leetcode.com/problems/number-of-sub-arrays-with-odd-sum,"Array, Math, Dynamic Programming, Prefix Sum"
EASY,Apply Operations to an Array,8.7,0.007475133293916356,https://leetcode.com/problems/apply-operations-to-an-array,"Array, Two Pointers, Simulation"
MEDIUM,Most Stones Removed with Same Row or Column,8.7,0.00633893729147263,https://leetcode.com/problems/most-stones-removed-with-same-row-or-column,"Hash Table, Depth-First Search, Union-Find, Graph Theory, Bipartite Graph"
HARD,Maximum Difference Between Even and Odd Frequency II,8.7,0.0048367925839334905,https://leetcode.com/problems/maximum-difference-between-even-and-odd-frequency-ii,"String, Sliding Window, Enumeration, Prefix Sum"
HARD,Minimum Cost Walk in Weighted Graph,8.7,0.006799191883590957,https://leetcode.com/problems/minimum-cost-walk-in-weighted-graph,"Array, Bit Manipulation, Union-Find, Graph Theory"
EASY,Group Sold Products By The Date,8.7,0.007817990328994141,https://leetcode.com/problems/group-sold-products-by-the-date,Database
MEDIUM,Longest Nice Subarray,8.7,0.0064783830476641095,https://leetcode.com/problems/longest-nice-subarray,"Array, Bit Manipulation, Sliding Window"
MEDIUM,Vowel Spellchecker,8.7,0.006145180774872724,https://leetcode.com/problems/vowel-spellchecker,"Array, Hash Table, String"
MEDIUM,Minimum Time to Repair Cars,8.7,0.005947501571809228,https://leetcode.com/problems/minimum-time-to-repair-cars,"Array, Binary Search"
EASY,Two Furthest Houses With Different Colors,8.7,0.007169847279749956,https://leetcode.com/problems/two-furthest-houses-with-different-colors,"Array, Greedy"
HARD,Painting the Walls,8.7,0.0049200218683314815,https://leetcode.com/problems/painting-the-walls,"Array, Dynamic Programming"
MEDIUM,Count the Number of Good Subarrays,8.7,0.0065732672397810325,https://leetcode.com/problems/count-the-number-of-good-subarrays,"Array, Hash Table, Sliding Window"
MEDIUM,Count the Number of Fair Pairs,8.7,0.005258411286845087,https://leetcode.com/problems/count-the-number-of-fair-pairs,"Array, Two Pointers, Binary Search, Sorting"
MEDIUM,Sum of Absolute Differences in a Sorted Array,8.7,0.006856267226923151,https://leetcode.com/problems/sum-of-absolute-differences-in-a-sorted-array,"Array, Math, Prefix Sum"
EASY,Image Smoother,8.7,0.006952791283718714,https://leetcode.com/problems/image-smoother,"Array, Matrix"
MEDIUM,Maximum Number of Distinct Elements After Operations,8.7,0.005211416227408702,https://leetcode.com/problems/maximum-number-of-distinct-elements-after-operations,"Array, Greedy, Sorting"
MEDIUM,String Compression III,8.7,0.006714583319812832,https://leetcode.com/problems/string-compression-iii,String
MEDIUM,Event Emitter,8.7,0.007511905845239178,https://leetcode.com/problems/event-emitter,
HARD,Nth Magical Number,8.7,0.0037018432472407103,https://leetcode.com/problems/nth-magical-number,"Math, Binary Search, Least Common Multiple, Inclusion-Exclusion Principle"
HARD,Concatenated Divisibility,8.7,0.0030600149337315662,https://leetcode.com/problems/concatenated-divisibility,"Array, Dynamic Programming, Bit Manipulation, Bitmask"
MEDIUM,Reorder Routes to Make All Paths Lead to the City Zero,8.7,0.0066090023414214615,https://leetcode.com/problems/reorder-routes-to-make-all-paths-lead-to-the-city-zero,"Depth-First Search, Breadth-First Search, Graph Theory"
HARD,Count Number of Balanced Permutations,8.7,0.004902645415708183,https://leetcode.com/problems/count-number-of-balanced-permutations,"Math, String, Dynamic Programming, Combinatorics"
MEDIUM,Convert BST to Greater Tree,8.7,0.007186448950352572,https://leetcode.com/problems/convert-bst-to-greater-tree,"Tree, Depth-First Search, Binary Search Tree, Binary Tree"
EASY,Timeout Cancellation,8.7,0.008955307402550761,https://leetcode.com/problems/timeout-cancellation,
MEDIUM,Maximum Matching of Players With Trainers,8.7,0.007547714833699771,https://leetcode.com/problems/maximum-matching-of-players-with-trainers,"Array, Two Pointers, Greedy, Sorting"
EASY,The Two Sneaky Numbers of Digitville,8.7,0.008961170115425543,https://leetcode.com/problems/the-two-sneaky-numbers-of-digitville,"Array, Hash Table, Math"
MEDIUM,Design File System,8.7,0.006517900483302497,https://leetcode.com/problems/design-file-system,"Hash Table, String, Design, Trie"
EASY,Find X-Sum of All K-Long Subarrays I,8.7,0.007608933883003705,https://leetcode.com/problems/find-x-sum-of-all-k-long-subarrays-i,"Array, Hash Table, Sliding Window, Heap (Priority Queue)"
HARD,Find Minimum Time to Finish All Jobs,8.7,0.004618263547163833,https://leetcode.com/problems/find-minimum-time-to-finish-all-jobs,"Array, Dynamic Programming, Backtracking, Bit Manipulation, Bitmask"
EASY,Maximum Difference Between Adjacent Elements in a Circular Array,8.7,0.007561469842924009,https://leetcode.com/problems/maximum-difference-between-adjacent-elements-in-a-circular-array,Array
HARD,Painting a Grid With Three Different Colors,8.7,0.007693910096680951,https://leetcode.com/problems/painting-a-grid-with-three-different-colors,"Dynamic Programming, Graph Coloring"
MEDIUM,Continuous Subarrays,8.7,0.005798537435586542,https://leetcode.com/problems/continuous-subarrays,"Array, Queue, Sliding Window, Heap (Priority Queue), Ordered Set, Monotonic Queue"
HARD,Contains Duplicate III,8.7,0.0025087528351574752,https://leetcode.com/problems/contains-duplicate-iii,"Array, Sliding Window, Sorting, Bucket Sort, Ordered Set"
MEDIUM,Lexicographically Minimum String After Removing Stars,8.7,0.005086538421213761,https://leetcode.com/problems/lexicographically-minimum-string-after-removing-stars,"Hash Table, String, Stack, Greedy, Heap (Priority Queue)"
EASY,Find All K-Distant Indices in an Array,8.7,0.007721987820339618,https://leetcode.com/problems/find-all-k-distant-indices-in-an-array,"Array, Two Pointers"
EASY,Replace Elements with Greatest Element on Right Side,8.7,0.0072536188625725775,https://leetcode.com/problems/replace-elements-with-greatest-element-on-right-side,Array
EASY,Maximum Unique Subarray Sum After Deletion,8.7,0.004055295795955873,https://leetcode.com/problems/maximum-unique-subarray-sum-after-deletion,"Array, Hash Table, Greedy"
MEDIUM,Furthest Building You Can Reach,8.7,0.00510971574438786,https://leetcode.com/problems/furthest-building-you-can-reach,"Array, Greedy, Heap (Priority Queue)"
MEDIUM,Find Root of N-Ary Tree,8.7,0.00785508217469801,https://leetcode.com/problems/find-root-of-n-ary-tree,"Hash Table, Bit Manipulation, Tree, Depth-First Search"
MEDIUM,Avoid Flood in The City,8.7,0.003896325342534569,https://leetcode.com/problems/avoid-flood-in-the-city,"Array, Hash Table, Binary Search, Greedy, Heap (Priority Queue)"
MEDIUM,Number of Dice Rolls With Target Sum,8.7,0.006255765758584959,https://leetcode.com/problems/number-of-dice-rolls-with-target-sum,Dynamic Programming
EASY,Maximum 69 Number,8.7,0.008457796795235157,https://leetcode.com/problems/maximum-69-number,"Math, Greedy"
EASY,Sum of Root To Leaf Binary Numbers,8.7,0.007667747645802175,https://leetcode.com/problems/sum-of-root-to-leaf-binary-numbers,"Tree, Depth-First Search, Binary Tree"
MEDIUM,Maximum Number of Occurrences of a Substring,8.7,0.005480484174529172,https://leetcode.com/problems/maximum-number-of-occurrences-of-a-substring,"Hash Table, String, Sliding Window"
MEDIUM,Find Bottom Left Tree Value,8.7,0.007252537349275765,https://leetcode.com/problems/find-bottom-left-tree-value,"Tree, Depth-First Search, Breadth-First Search, Binary Tree"
HARD,Shortest Cycle in a Graph,8.7,0.004043274587561551,https://leetcode.com/problems/shortest-cycle-in-a-graph,"Breadth-First Search, Graph Theory"
EASY,Minimum Operations to Make Array Sum Divisible by K,8.7,0.009231886530780102,https://leetcode.com/problems/minimum-operations-to-make-array-sum-divisible-by-k,"Array, Math"
MEDIUM,Check If a String Contains All Binary Codes of Size K,8.7,0.0061637773805832685,https://leetcode.com/problems/check-if-a-string-contains-all-binary-codes-of-size-k,"Hash Table, String, Bit Manipulation, Rolling Hash, Hash Function, Directed Acyclic Graph"
HARD,Longest Happy Prefix,8.7,0.005374430111913923,https://leetcode.com/problems/longest-happy-prefix,"String, Rolling Hash, String Matching, Hash Function, Z Algorithm, Knuth–Morris–Pratt Algorithm"
HARD,Count the Number of Powerful Integers,8.7,0.004625014686875808,https://leetcode.com/problems/count-the-number-of-powerful-integers,"Math, String, Dynamic Programming"
HARD,24 Game,8.7,0.005962356589998353,https://leetcode.com/problems/24-game,"Array, Math, Backtracking"
MEDIUM,Maximum Subarray Sum With Length Divisible by K,8.7,0.004956067865271077,https://leetcode.com/problems/maximum-subarray-sum-with-length-divisible-by-k,"Array, Hash Table, Prefix Sum"
MEDIUM,Minimum Score Triangulation of Polygon,8.7,0.006761840841932567,https://leetcode.com/problems/minimum-score-triangulation-of-polygon,"Array, Dynamic Programming, Triangulation, Polygons"
MEDIUM,Minimum Operations to Make the Integer Zero,8.7,0.005801490925062023,https://leetcode.com/problems/minimum-operations-to-make-the-integer-zero,"Bit Manipulation, Brainteaser, Enumeration"
MEDIUM,Find the Minimum Amount of Time to Brew Potions,8.7,0.006269069446727022,https://leetcode.com/problems/find-the-minimum-amount-of-time-to-brew-potions,"Array, Simulation, Prefix Sum"
MEDIUM,Binary Tree Longest Consecutive Sequence,8.7,0.005483578077881211,https://leetcode.com/problems/binary-tree-longest-consecutive-sequence,"Tree, Depth-First Search, Binary Tree, DP on Trees"
MEDIUM,4Sum II,8.7,0.005813039386622118,https://leetcode.com/problems/4sum-ii,"Array, Hash Table"
HARD,Maximum Height by Stacking Cuboids ,8.7,0.006250536976529244,https://leetcode.com/problems/maximum-height-by-stacking-cuboids,"Array, Dynamic Programming, Sorting"
MEDIUM,Distant Barcodes,8.7,0.004936455886191595,https://leetcode.com/problems/distant-barcodes,"Array, Hash Table, Greedy, Sorting, Heap (Priority Queue), Counting"
MEDIUM,The Maze II,8.7,0.0055199115044247795,https://leetcode.com/problems/the-maze-ii,"Array, Depth-First Search, Breadth-First Search, Graph Theory, Heap (Priority Queue), Matrix, Shortest Path, Dijkstra's Algorithm, Heuristic Search, A* Search"
EASY,Water Bottles,8.7,0.007256279117522492,https://leetcode.com/problems/water-bottles,"Math, Simulation"
HARD,Last Day Where You Can Still Cross,8.7,0.006875345099081781,https://leetcode.com/problems/last-day-where-you-can-still-cross,"Array, Binary Search, Depth-First Search, Breadth-First Search, Union-Find, Matrix"
MEDIUM,Min Cost to Connect All Points,8.7,0.007156212691707227,https://leetcode.com/problems/min-cost-to-connect-all-points,"Array, Union-Find, Graph Theory, Minimum Spanning Tree, Prim's Algorithm, Kruskal's Algorithm, Borůvka's Algorithm"
MEDIUM,Last Stone Weight II,8.7,0.006056608358629438,https://leetcode.com/problems/last-stone-weight-ii,"Array, Dynamic Programming, Knapsack Problem, 0-1 Knapsack"
MEDIUM,Separate Squares I,8.7,0.0057950924796339245,https://leetcode.com/problems/separate-squares-i,"Array, Binary Search"
MEDIUM,Finding Pairs With a Certain Sum,8.7,0.006154399134007348,https://leetcode.com/problems/finding-pairs-with-a-certain-sum,"Array, Hash Table, Design"
EASY,Make Array Elements Equal to Zero,8.7,0.0068141584148601895,https://leetcode.com/problems/make-array-elements-equal-to-zero,"Array, Simulation, Prefix Sum"
EASY,Check If Digits Are Equal in String After Operations I,8.7,0.00822763149352155,https://leetcode.com/problems/check-if-digits-are-equal-in-string-after-operations-i,"Math, String, Simulation, Combinatorics, Number Theory"
HARD,Cherry Pickup II,8.7,0.00725967946751821,https://leetcode.com/problems/cherry-pickup-ii,"Array, Dynamic Programming, Matrix"
MEDIUM,Best Time to Buy and Sell Stock V,8.7,0.0060574493136522885,https://leetcode.com/problems/best-time-to-buy-and-sell-stock-v,"Array, Dynamic Programming"
MEDIUM,Unpopular Books,8.7,0.0043400805444665244,https://leetcode.com/problems/unpopular-books,Database
MEDIUM,Tree Node,8.7,0.0076325624627165915,https://leetcode.com/problems/tree-node,Database
HARD,Maximum Running Time of N Computers,8.7,0.005637855381633987,https://leetcode.com/problems/maximum-running-time-of-n-computers,"Array, Binary Search, Greedy, Sorting"
MEDIUM,Design Hit Counter,8.7,0.006974268305624691,https://leetcode.com/problems/design-hit-counter,"Array, Binary Search, Design, Queue, Data Stream"
MEDIUM,Find the Safest Path in a Grid,8.7,0.0057349690108531625,https://leetcode.com/problems/find-the-safest-path-in-a-grid,"Array, Binary Search, Breadth-First Search, Union-Find, Heap (Priority Queue), Matrix"
EASY,Fair Candy Swap,8.7,0.006547633690516674,https://leetcode.com/problems/fair-candy-swap,"Array, Hash Table, Binary Search, Sorting"
HARD,Max Dot Product of Two Subsequences,8.7,0.006937159513076167,https://leetcode.com/problems/max-dot-product-of-two-subsequences,"Array, Dynamic Programming, Longest Common Subsequence"
EASY,Find Common Characters,8.7,0.0074801277214917,https://leetcode.com/problems/find-common-characters,"Array, Hash Table, String"
HARD,Stream of Characters,8.7,0.005275951080030216,https://leetcode.com/problems/stream-of-characters,"Array, String, Design, Trie, Data Stream, Aho–Corasick Algorithm"
EASY,Reverse Words in a String III,8.7,0.00841215588263049,https://leetcode.com/problems/reverse-words-in-a-string-iii,"Two Pointers, String"
MEDIUM,Number of Steps to Reduce a Number in Binary Representation to One,8.7,0.006374802235557344,https://leetcode.com/problems/number-of-steps-to-reduce-a-number-in-binary-representation-to-one,"String, Bit Manipulation, Simulation"
MEDIUM,Minimum Removals to Balance Array,8.7,0.004783538851052468,https://leetcode.com/problems/minimum-removals-to-balance-array,"Array, Binary Search, Sliding Window, Sorting"
MEDIUM,Permutations II,5.0,0.006400897031031544,https://leetcode.com/problems/permutations-ii,"Array, Backtracking, Sorting"
MEDIUM,Factorial Trailing Zeroes,5.0,0.004722451850611288,https://leetcode.com/problems/factorial-trailing-zeroes,Math
MEDIUM,H-Index,5.0,0.004178340534522178,https://leetcode.com/problems/h-index,"Array, Sorting, Counting Sort"
EASY,Friend Requests I: Overall Acceptance Rate,5.0,0.004101717089125102,https://leetcode.com/problems/friend-requests-i-overall-acceptance-rate,Database
EASY,Average of Levels in Binary Tree,5.0,0.007513819309150509,https://leetcode.com/problems/average-of-levels-in-binary-tree,"Tree, Depth-First Search, Breadth-First Search, Binary Tree"
HARD,Minimum Window Subsequence,5.0,0.00438490652194912,https://leetcode.com/problems/minimum-window-subsequence,"String, Dynamic Programming, Sliding Window"
HARD,Basic Calculator III,5.0,0.0053496846483939145,https://leetcode.com/problems/basic-calculator-iii,"Math, String, Stack, Recursion"
HARD,Bus Routes,5.0,0.004749635960401232,https://leetcode.com/problems/bus-routes,"Array, Hash Table, Breadth-First Search"
MEDIUM,Complete Binary Tree Inserter,5.0,0.0065193807317584715,https://leetcode.com/problems/complete-binary-tree-inserter,"Tree, Breadth-First Search, Design, Binary Tree"
MEDIUM,Average Waiting Time,5.0,0.007312353324641461,https://leetcode.com/problems/average-waiting-time,"Array, Simulation"
EASY,Time Needed to Buy Tickets,5.0,0.007315099192162805,https://leetcode.com/problems/time-needed-to-buy-tickets,"Array, Queue, Simulation"
MEDIUM,Adding Spaces to a String,5.0,0.007185659714216276,https://leetcode.com/problems/adding-spaces-to-a-string,"Array, Two Pointers, String, Simulation"
EASY,Count Hills and Valleys in an Array,5.0,0.00691227607815577,https://leetcode.com/problems/count-hills-and-valleys-in-an-array,Array
EASY,Largest Local Values in a Matrix,5.0,0.008770749082048765,https://leetcode.com/problems/largest-local-values-in-a-matrix,"Array, Matrix"
MEDIUM,Validate Binary Tree Nodes,5.0,0.00441920774877573,https://leetcode.com/problems/validate-binary-tree-nodes,"Tree, Depth-First Search, Breadth-First Search, Union-Find, Graph Theory, Binary Tree"
EASY,Count Pairs Whose Sum is Less than Target,5.0,0.008765082053736913,https://leetcode.com/problems/count-pairs-whose-sum-is-less-than-target,"Array, Two Pointers, Binary Search, Sorting"
MEDIUM,Sum of Nodes with Even-Valued Grandparent,5.0,0.008598609702981999,https://leetcode.com/problems/sum-of-nodes-with-even-valued-grandparent,"Tree, Depth-First Search, Breadth-First Search, Binary Tree"
EASY,Convert 1D Array Into 2D Array,5.0,0.007241327220586402,https://leetcode.com/problems/convert-1d-array-into-2d-array,"Array, Matrix, Simulation"
MEDIUM,Partition Array for Maximum Sum,5.0,0.0077542166577360475,https://leetcode.com/problems/partition-array-for-maximum-sum,"Array, Dynamic Programming"
HARD,Design Search Autocomplete System,5.0,0.0050057343632813976,https://leetcode.com/problems/design-search-autocomplete-system,"String, Depth-First Search, Design, Trie, Sorting, Heap (Priority Queue), Data Stream"
MEDIUM,Shortest Unsorted Continuous Subarray,5.0,0.003853243604157498,https://leetcode.com/problems/shortest-unsorted-continuous-subarray,"Array, Two Pointers, Stack, Greedy, Sorting, Monotonic Stack"
MEDIUM,Step-By-Step Directions From a Binary Tree Node to Another,5.0,0.00564667064091722,https://leetcode.com/problems/step-by-step-directions-from-a-binary-tree-node-to-another,"String, Tree, Depth-First Search, Binary Tree, Binary Lifting, Lowest Common Ancestor"
MEDIUM,Page Recommendations,5.0,0.006546547610611107,https://leetcode.com/problems/page-recommendations,Database
EASY,Count of Matches in Tournament,5.0,0.008655234313309789,https://leetcode.com/problems/count-of-matches-in-tournament,"Math, Simulation"
MEDIUM,House Robber III,5.0,0.0056223349996515305,https://leetcode.com/problems/house-robber-iii,"Dynamic Programming, Tree, Depth-First Search, Binary Tree, DP on Trees"
HARD,Count Subarrays With Fixed Bounds,5.0,0.006917437440700361,https://leetcode.com/problems/count-subarrays-with-fixed-bounds,"Array, Queue, Sliding Window, Monotonic Queue"
HARD,Department Top Three Salaries,5.0,0.006139915399752801,https://leetcode.com/problems/department-top-three-salaries,Database
MEDIUM,Snapshot Array,5.0,0.0036804521594194805,https://leetcode.com/problems/snapshot-array,"Array, Hash Table, Binary Search, Design, Persistent Data Structure"
MEDIUM,Find the Maximum Length of Valid Subsequence II,5.0,0.005704033984405328,https://leetcode.com/problems/find-the-maximum-length-of-valid-subsequence-ii,"Array, Dynamic Programming"
EASY,Longest Subsequence With Limited Sum,5.0,0.007375786996799016,https://leetcode.com/problems/longest-subsequence-with-limited-sum,"Array, Binary Search, Greedy, Sorting, Prefix Sum"
HARD,K-th Smallest in Lexicographical Order,5.0,0.004649765683562257,https://leetcode.com/problems/k-th-smallest-in-lexicographical-order,Trie
EASY,Number Complement,5.0,0.0070531261105215935,https://leetcode.com/problems/number-complement,Bit Manipulation
EASY,Build Array from Permutation,5.0,0.009109479191362957,https://leetcode.com/problems/build-array-from-permutation,"Array, Simulation"
MEDIUM,Largest Plus Sign,5.0,0.004948502581755594,https://leetcode.com/problems/largest-plus-sign,"Array, Dynamic Programming"
EASY,Project Employees I,5.0,0.006719149909617344,https://leetcode.com/problems/project-employees-i,Database
MEDIUM,H-Index II,5.0,0.003993624837404766,https://leetcode.com/problems/h-index-ii,"Array, Binary Search"
MEDIUM,Number of Longest Increasing Subsequence,5.0,0.005256585433852347,https://leetcode.com/problems/number-of-longest-increasing-subsequence,"Array, Dynamic Programming, Binary Indexed Tree, Segment Tree, Longest Increasing Subsequence"
MEDIUM,Strong Friendship,5.0,0.00547029153316626,https://leetcode.com/problems/strong-friendship,Database
MEDIUM,Binary Search Tree Iterator II,5.0,0.006323120782360795,https://leetcode.com/problems/binary-search-tree-iterator-ii,"Stack, Tree, Design, Binary Search Tree, Binary Tree, Iterator"
MEDIUM,Web Crawler Multithreaded,5.0,0.005133506440324623,https://leetcode.com/problems/web-crawler-multithreaded,"Depth-First Search, Breadth-First Search, Concurrency"
MEDIUM,Total Hamming Distance,5.0,0.0055332529659843244,https://leetcode.com/problems/total-hamming-distance,"Array, Math, Bit Manipulation"
EASY,Calculate Amount Paid in Taxes,5.0,0.006946106395807244,https://leetcode.com/problems/calculate-amount-paid-in-taxes,"Array, Simulation"
HARD,Minimum Cost to Reach Destination in Time,5.0,0.0042231413096996545,https://leetcode.com/problems/minimum-cost-to-reach-destination-in-time,"Array, Dynamic Programming, Graph Theory, Dijkstra's Algorithm"
HARD,Page Recommendations II,5.0,0.004594812240400102,https://leetcode.com/problems/page-recommendations-ii,Database
HARD,Decode Ways II,5.0,0.0032155822395978782,https://leetcode.com/problems/decode-ways-ii,"String, Dynamic Programming"
MEDIUM,Path with Maximum Probability,5.0,0.006572409017778953,https://leetcode.com/problems/path-with-maximum-probability,"Array, Graph Theory, Heap (Priority Queue), Shortest Path, Dijkstra's Algorithm"
EASY,Number of Students Unable to Eat Lunch,5.0,0.007993640725021501,https://leetcode.com/problems/number-of-students-unable-to-eat-lunch,"Array, Stack, Queue, Simulation"
HARD,K Inverse Pairs Array,5.0,0.0049009324009324,https://leetcode.com/problems/k-inverse-pairs-array,Dynamic Programming
MEDIUM,Maximum Total Damage With Spell Casting,5.0,0.004500454797730636,https://leetcode.com/problems/maximum-total-damage-with-spell-casting,"Array, Hash Table, Two Pointers, Binary Search, Dynamic Programming, Sorting, Counting"
MEDIUM,Longest Subarray With Maximum Bitwise AND,5.0,0.00653569793289387,https://leetcode.com/problems/longest-subarray-with-maximum-bitwise-and,"Array, Bit Manipulation, Brainteaser"
MEDIUM,Shortest Way to Form String,5.0,0.006175917622016446,https://leetcode.com/problems/shortest-way-to-form-string,"Two Pointers, String, Binary Search, Greedy"
EASY,Display the First Three Rows,5.0,0.009297649003047742,https://leetcode.com/problems/display-the-first-three-rows,
MEDIUM,Count Number of Maximum Bitwise-OR Subsets,5.0,0.008947216115018544,https://leetcode.com/problems/count-number-of-maximum-bitwise-or-subsets,"Array, Backtracking, Bit Manipulation, Enumeration"
MEDIUM,Minimum Operations to Make a Uni-Value Grid,5.0,0.0070759769386680785,https://leetcode.com/problems/minimum-operations-to-make-a-uni-value-grid,"Array, Math, Sorting, Matrix"
HARD,Scramble String,5.0,0.004536454035626843,https://leetcode.com/problems/scramble-string,"String, Dynamic Programming"
EASY,Maximum Value of an Ordered Triplet I,5.0,0.005807270412098469,https://leetcode.com/problems/maximum-value-of-an-ordered-triplet-i,"Array, Prefix Sum"
HARD,Remove Max Number of Edges to Keep Graph Fully Traversable,5.0,0.007010407886886442,https://leetcode.com/problems/remove-max-number-of-edges-to-keep-graph-fully-traversable,"Union-Find, Graph Theory"
HARD,Maximum Vacation Days,5.0,0.004679958145343669,https://leetcode.com/problems/maximum-vacation-days,"Array, Dynamic Programming, Matrix"
MEDIUM,Split a String Into the Max Number of Unique Substrings,5.0,0.00687469291899372,https://leetcode.com/problems/split-a-string-into-the-max-number-of-unique-substrings,"Hash Table, String, Backtracking"
HARD,Minimum Number of Removals to Make Mountain Array,5.0,0.005478650182042738,https://leetcode.com/problems/minimum-number-of-removals-to-make-mountain-array,"Array, Binary Search, Dynamic Programming, Greedy"
MEDIUM,Count Servers that Communicate,5.0,0.007357592479568362,https://leetcode.com/problems/count-servers-that-communicate,"Array, Depth-First Search, Breadth-First Search, Union-Find, Matrix, Counting"
MEDIUM,Find Champion II,5.0,0.007044089860401632,https://leetcode.com/problems/find-champion-ii,Graph Theory
MEDIUM,Longest Square Streak in an Array,5.0,0.005310416497962048,https://leetcode.com/problems/longest-square-streak-in-an-array,"Array, Hash Table, Binary Search, Dynamic Programming, Sorting"
MEDIUM,Seat Reservation Manager,5.0,0.006737646472970531,https://leetcode.com/problems/seat-reservation-manager,"Design, Heap (Priority Queue)"
MEDIUM,Shortest Subarray to be Removed to Make Array Sorted,5.0,0.0051308723133302436,https://leetcode.com/problems/shortest-subarray-to-be-removed-to-make-array-sorted,"Array, Two Pointers, Binary Search, Stack, Monotonic Stack"
MEDIUM,Find the Power of K-Size Subarrays I,5.0,0.006209760794248329,https://leetcode.com/problems/find-the-power-of-k-size-subarrays-i,"Array, Sliding Window"
EASY,Self Dividing Numbers,5.0,0.008113448431193679,https://leetcode.com/problems/self-dividing-numbers,Math
MEDIUM,Most Profitable Path in a Tree,5.0,0.006730534434196051,https://leetcode.com/problems/most-profitable-path-in-a-tree,"Array, Tree, Depth-First Search, Breadth-First Search, Graph Theory"
MEDIUM,Longest Substring with At Least K Repeating Characters,5.0,0.004656576149080542,https://leetcode.com/problems/longest-substring-with-at-least-k-repeating-characters,"Hash Table, String, Divide and Conquer, Sliding Window"
MEDIUM,Bitwise AND of Numbers Range,5.0,0.004902145538804481,https://leetcode.com/problems/bitwise-and-of-numbers-range,Bit Manipulation
EASY,Take Gifts From the Richest Pile,5.0,0.007545797984669459,https://leetcode.com/problems/take-gifts-from-the-richest-pile,"Array, Heap (Priority Queue), Simulation"
MEDIUM,Linked List Random Node,5.0,0.006511475481467726,https://leetcode.com/problems/linked-list-random-node,"Linked List, Math, Reservoir Sampling, Randomized"
MEDIUM,Number of Laser Beams in a Bank,5.0,0.008697078225314204,https://leetcode.com/problems/number-of-laser-beams-in-a-bank,"Array, Math, String, Matrix"
MEDIUM,Group the People Given the Group Size They Belong To,5.0,0.008751817584341022,https://leetcode.com/problems/group-the-people-given-the-group-size-they-belong-to,"Array, Hash Table, Greedy"
MEDIUM,Max Chunks To Make Sorted,5.0,0.006424605297486185,https://leetcode.com/problems/max-chunks-to-make-sorted,"Array, Stack, Greedy, Sorting, Monotonic Stack"
MEDIUM,Maximum Twin Sum of a Linked List,5.0,0.008326434871399472,https://leetcode.com/problems/maximum-twin-sum-of-a-linked-list,"Linked List, Two Pointers, Stack"
EASY,Count Prefix and Suffix Pairs I,5.0,0.00776668066658599,https://leetcode.com/problems/count-prefix-and-suffix-pairs-i,"Array, String, Trie, Rolling Hash, String Matching, Hash Function"
HARD,Maximum Frequency Stack,5.0,0.006704403224897107,https://leetcode.com/problems/maximum-frequency-stack,"Hash Table, Stack, Design, Ordered Set"
MEDIUM,Prime Palindrome,5.0,0.002851039697542533,https://leetcode.com/problems/prime-palindrome,"Math, Number Theory, Primality Test"
MEDIUM,Longest Repeating Substring,5.0,0.00634763846120484,https://leetcode.com/problems/longest-repeating-substring,"String, Binary Search, Dynamic Programming, Rolling Hash, Suffix Array, Hash Function, Suffix Automaton, Suffix Tree"
MEDIUM,Maximum and Minimum Sums of at Most Size K Subsequences,5.0,0.002218808839560004,https://leetcode.com/problems/maximum-and-minimum-sums-of-at-most-size-k-subsequences,"Array, Math, Dynamic Programming, Sorting, Combinatorics"
MEDIUM,Print Binary Tree,5.0,0.006686662727293127,https://leetcode.com/problems/print-binary-tree,"Tree, Depth-First Search, Breadth-First Search, Binary Tree"
MEDIUM,Max Consecutive Ones II,5.0,0.005211819769472581,https://leetcode.com/problems/max-consecutive-ones-ii,"Array, Dynamic Programming, Sliding Window"
MEDIUM,Minimum Area Rectangle,5.0,0.005549137667726122,https://leetcode.com/problems/minimum-area-rectangle,"Array, Hash Table, Math, Geometry, Sorting"
MEDIUM,Find the Punishment Number of an Integer,5.0,0.008160802790836186,https://leetcode.com/problems/find-the-punishment-number-of-an-integer,"Math, Backtracking"
HARD,Similar String Groups,5.0,0.005653306451302611,https://leetcode.com/problems/similar-string-groups,"Array, Hash Table, String, Depth-First Search, Breadth-First Search, Union-Find"
EASY,Apply Transform Over Each Element in Array,5.0,0.008618023053252478,https://leetcode.com/problems/apply-transform-over-each-element-in-array,
MEDIUM,Beautiful Array,5.0,0.00703475212397486,https://leetcode.com/problems/beautiful-array,"Array, Math, Divide and Conquer"
MEDIUM,Debounce,5.0,0.009166450176285024,https://leetcode.com/problems/debounce,
HARD,Final Array State After K Multiplication Operations II,5.0,0.0013766251202756829,https://leetcode.com/problems/final-array-state-after-k-multiplication-operations-ii,"Array, Heap (Priority Queue), Simulation"
EASY,Transformed Array,5.0,0.007043360529599062,https://leetcode.com/problems/transformed-array,"Array, Simulation"
EASY,Max Pair Sum in an Array,5.0,0.006121219133570527,https://leetcode.com/problems/max-pair-sum-in-an-array,"Array, Hash Table"
MEDIUM,Length of Longest Fibonacci Subsequence,5.0,0.005757462290519264,https://leetcode.com/problems/length-of-longest-fibonacci-subsequence,"Array, Hash Table, Dynamic Programming"
MEDIUM,Closest Prime Numbers in Range,5.0,0.005194671341860249,https://leetcode.com/problems/closest-prime-numbers-in-range,"Math, Number Theory, Primality Test, Sieve Theory, Prime Number Sieve"
HARD,Maximum Number of Points From Grid Queries,5.0,0.005923648977749266,https://leetcode.com/problems/maximum-number-of-points-from-grid-queries,"Array, Two Pointers, Breadth-First Search, Union-Find, Sorting, Heap (Priority Queue), Matrix"
EASY,Find the Town Judge,5.0,0.00510460062175515,https://leetcode.com/problems/find-the-town-judge,"Array, Hash Table, Graph Theory"
MEDIUM,Check if Number is a Sum of Powers of Three,5.0,0.00793999104343932,https://leetcode.com/problems/check-if-number-is-a-sum-of-powers-of-three,Math
EASY,Function Composition,5.0,0.008678120581443845,https://leetcode.com/problems/function-composition,
EASY,Divide Array Into Equal Pairs,5.0,0.007922890909885207,https://leetcode.com/problems/divide-array-into-equal-pairs,"Array, Hash Table, Bit Manipulation, Counting"
HARD,Shortest Path Visiting All Nodes,5.0,0.006625993165849298,https://leetcode.com/problems/shortest-path-visiting-all-nodes,"Dynamic Programming, Bit Manipulation, Breadth-First Search, Graph Theory, Bitmask"
EASY,Detect Capital,5.0,0.005694321398578284,https://leetcode.com/problems/detect-capital,String
HARD,Minimum Cost to Cut a Stick,5.0,0.0063399863869314545,https://leetcode.com/problems/minimum-cost-to-cut-a-stick,"Array, Dynamic Programming, Sorting"
MEDIUM,Generate Random Point in a Circle,5.0,0.0043535743267037194,https://leetcode.com/problems/generate-random-point-in-a-circle,"Math, Geometry, Rejection Sampling, Randomized"
HARD,Apply Operations to Maximize Score,5.0,0.0053656405524800084,https://leetcode.com/problems/apply-operations-to-maximize-score,"Array, Math, Stack, Greedy, Sorting, Monotonic Stack, Number Theory"
MEDIUM,Solving Questions With Brainpower,5.0,0.006020150443245811,https://leetcode.com/problems/solving-questions-with-brainpower,"Array, Dynamic Programming"
MEDIUM,Minimum Domino Rotations For Equal Row,5.0,0.005649741310925314,https://leetcode.com/problems/minimum-domino-rotations-for-equal-row,"Array, Greedy"
MEDIUM,Minimum Average Difference,5.0,0.0044021941854086675,https://leetcode.com/problems/minimum-average-difference,"Array, Prefix Sum"
HARD,Remove Boxes,5.0,0.004964726764037846,https://leetcode.com/problems/remove-boxes,"Array, Dynamic Programming, Memoization"
MEDIUM,Minimum Fuel Cost to Report to the Capital,5.0,0.0065371796588194675,https://leetcode.com/problems/minimum-fuel-cost-to-report-to-the-capital,"Tree, Depth-First Search, Breadth-First Search, Graph Theory"
EASY,Minimum Number of Operations to Make Elements in Array Distinct,5.0,0.007126182073165534,https://leetcode.com/problems/minimum-number-of-operations-to-make-elements-in-array-distinct,"Array, Hash Table"
EASY,Maximum Odd Binary Number,5.0,0.008301009444977994,https://leetcode.com/problems/maximum-odd-binary-number,"Math, String, Greedy"
EASY,Logger Rate Limiter,5.0,0.007688323322346132,https://leetcode.com/problems/logger-rate-limiter,"Hash Table, Design, Data Stream"
MEDIUM,Find Maximal Uncovered Ranges,5.0,0.004987750102082483,https://leetcode.com/problems/find-maximal-uncovered-ranges,"Array, Sorting"
MEDIUM,Longest Palindrome After Substring Concatenation I,5.0,0.004354451140437868,https://leetcode.com/problems/longest-palindrome-after-substring-concatenation-i,"Two Pointers, String, Dynamic Programming, Enumeration"
EASY,Count Special Quadruplets,5.0,0.006490547459629775,https://leetcode.com/problems/count-special-quadruplets,"Array, Hash Table, Enumeration"
EASY,Number of Valid Words in a Sentence,5.0,0.003137756005012141,https://leetcode.com/problems/number-of-valid-words-in-a-sentence,String
HARD,Sort Items by Groups Respecting Dependencies,5.0,0.006602288848954885,https://leetcode.com/problems/sort-items-by-groups-respecting-dependencies,"Depth-First Search, Breadth-First Search, Graph Theory, Topological Sort, Directed Acyclic Graph"
MEDIUM,Knight Dialer,5.0,0.006210608296690475,https://leetcode.com/problems/knight-dialer,Dynamic Programming
MEDIUM,Count Complete Subarrays in an Array,5.0,0.007610801001143919,https://leetcode.com/problems/count-complete-subarrays-in-an-array,"Array, Hash Table, Sliding Window"
MEDIUM,Count of Interesting Subarrays,5.0,0.005779595973328554,https://leetcode.com/problems/count-of-interesting-subarrays,"Array, Hash Table, Prefix Sum"
EASY,Count Subarrays of Length Three With a Condition,5.0,0.00613572976763459,https://leetcode.com/problems/count-subarrays-of-length-three-with-a-condition,Array
MEDIUM,Reverse Nodes in Even Length Groups,5.0,0.006495148258398732,https://leetcode.com/problems/reverse-nodes-in-even-length-groups,Linked List
MEDIUM,Maximum Erasure Value,5.0,0.006439831552266427,https://leetcode.com/problems/maximum-erasure-value,"Array, Hash Table, Sliding Window"
EASY,A Number After a Double Reversal,5.0,0.008268035487240567,https://leetcode.com/problems/a-number-after-a-double-reversal,Math
MEDIUM,Satisfiability of Equality Equations,5.0,0.005211120031167728,https://leetcode.com/problems/satisfiability-of-equality-equations,"Array, String, Union-Find, Graph Theory"
MEDIUM,Find Minimum Time to Reach Last Room I,5.0,0.005548441370285554,https://leetcode.com/problems/find-minimum-time-to-reach-last-room-i,"Array, Graph Theory, Heap (Priority Queue), Matrix, Shortest Path"
HARD,Find the Closest Palindrome,5.0,0.003207208639465825,https://leetcode.com/problems/find-the-closest-palindrome,"Math, String"
HARD,Maximum Number of Tasks You Can Assign,5.0,0.004995120831180759,https://leetcode.com/problems/maximum-number-of-tasks-you-can-assign,"Array, Two Pointers, Binary Search, Greedy, Queue, Sorting, Monotonic Queue"
HARD,Find Sum of Array Product of Magical Sequences,5.0,0.0061370005189413605,https://leetcode.com/problems/find-sum-of-array-product-of-magical-sequences,"Array, Math, Dynamic Programming, Bit Manipulation, Combinatorics, Bitmask"
MEDIUM,Minimum Operations to Make Binary Array Elements Equal to One I,5.0,0.008026135235339836,https://leetcode.com/problems/minimum-operations-to-make-binary-array-elements-equal-to-one-i,"Array, Bit Manipulation, Queue, Sliding Window, Prefix Sum"
MEDIUM,Minimum Moves to Reach Target Score,5.0,0.005259337878107523,https://leetcode.com/problems/minimum-moves-to-reach-target-score,"Math, Greedy"
HARD,Kth Smallest Number in Multiplication Table,5.0,0.0054680359061197,https://leetcode.com/problems/kth-smallest-number-in-multiplication-table,"Math, Binary Search"
HARD,Minimum Number of Taps to Open to Water a Garden,5.0,0.005106341685817617,https://leetcode.com/problems/minimum-number-of-taps-to-open-to-water-a-garden,"Array, Dynamic Programming, Greedy"
MEDIUM,Paint Fence,5.0,0.0048497922245821405,https://leetcode.com/problems/paint-fence,Dynamic Programming
EASY,Remove Digit From Number to Maximize Result,5.0,0.004876906238599051,https://leetcode.com/problems/remove-digit-from-number-to-maximize-result,"String, Greedy, Enumeration"
EASY,Longest Uncommon Subsequence I,5.0,0.006254527455432554,https://leetcode.com/problems/longest-uncommon-subsequence-i,String
MEDIUM,Longest Unequal Adjacent Groups Subsequence II,5.0,0.0051298721062595495,https://leetcode.com/problems/longest-unequal-adjacent-groups-subsequence-ii,"Array, String, Dynamic Programming"
MEDIUM,Longest Palindrome by Concatenating Two Letter Words,5.0,0.005345248500557581,https://leetcode.com/problems/longest-palindrome-by-concatenating-two-letter-words,"Array, Hash Table, String, Greedy, Counting"
MEDIUM,Find Original Array From Doubled Array,5.0,0.0040906475854877574,https://leetcode.com/problems/find-original-array-from-doubled-array,"Array, Hash Table, Greedy, Sorting"
MEDIUM,Resulting String After Adjacent Removals,5.0,0.005727495880829887,https://leetcode.com/problems/resulting-string-after-adjacent-removals,"String, Stack, Simulation"
MEDIUM,Minimum Adjacent Swaps to Reach the Kth Smallest Number,5.0,0.00718058089649391,https://leetcode.com/problems/minimum-adjacent-swaps-to-reach-the-kth-smallest-number,"Two Pointers, String, Greedy"
MEDIUM,Clone Binary Tree With Random Pointer,5.0,0.008129160836195566,https://leetcode.com/problems/clone-binary-tree-with-random-pointer,"Hash Table, Tree, Depth-First Search, Breadth-First Search, Binary Tree"
EASY,Total Distance Traveled,5.0,0.004179415508248272,https://leetcode.com/problems/total-distance-traveled,"Math, Simulation"
MEDIUM,Complex Number Multiplication,5.0,0.007373867402971338,https://leetcode.com/problems/complex-number-multiplication,"Math, String, Simulation"
MEDIUM,Smallest Range II,5.0,0.0038192274524297505,https://leetcode.com/problems/smallest-range-ii,"Array, Math, Greedy, Sorting"
MEDIUM,Using a Robot to Print the Lexicographically Smallest String,5.0,0.006219613337069207,https://leetcode.com/problems/using-a-robot-to-print-the-lexicographically-smallest-string,"Hash Table, String, Stack, Greedy"
MEDIUM,Transform Array to All Equal Elements,5.0,0.00333273706805842,https://leetcode.com/problems/transform-array-to-all-equal-elements,"Array, Greedy"
MEDIUM,Max Difference You Can Get From Changing an Integer,5.0,0.004863295991316072,https://leetcode.com/problems/max-difference-you-can-get-from-changing-an-integer,"Math, Greedy"
MEDIUM,Corporate Flight Bookings,5.0,0.00685207593693992,https://leetcode.com/problems/corporate-flight-bookings,"Array, Prefix Sum"
EASY,Count Odd Numbers in an Interval Range,5.0,0.005476911763454866,https://leetcode.com/problems/count-odd-numbers-in-an-interval-range,Math
EASY,Maximum Difference Between Even and Odd Frequency I,5.0,0.006075554987094849,https://leetcode.com/problems/maximum-difference-between-even-and-odd-frequency-i,"Hash Table, String, Counting"
HARD,Minimum Operations to Make Array Elements Zero,5.0,0.006006522115696006,https://leetcode.com/problems/minimum-operations-to-make-array-elements-zero,"Array, Math, Bit Manipulation"
MEDIUM,Flip String to Monotone Increasing,5.0,0.00619362235315883,https://leetcode.com/problems/flip-string-to-monotone-increasing,"String, Dynamic Programming"
MEDIUM,Decoded String at Index,5.0,0.003750067982813945,https://leetcode.com/problems/decoded-string-at-index,"String, Stack"
MEDIUM,Find Duplicate Subtrees,5.0,0.006083154324477106,https://leetcode.com/problems/find-duplicate-subtrees,"Hash Table, Tree, Depth-First Search, Binary Tree"
MEDIUM,Divide Array Into Arrays With Max Difference,5.0,0.00790788890120856,https://leetcode.com/problems/divide-array-into-arrays-with-max-difference,"Array, Greedy, Sorting"
HARD,Minimum Difference in Sums After Removal of Elements,5.0,0.00695772519322223,https://leetcode.com/problems/minimum-difference-in-sums-after-removal-of-elements,"Array, Dynamic Programming, Heap (Priority Queue)"
EASY,Find N Unique Integers Sum up to Zero,5.0,0.007844300645937071,https://leetcode.com/problems/find-n-unique-integers-sum-up-to-zero,"Array, Math"
MEDIUM,Maximum Manhattan Distance After K Changes,5.0,0.005418832461705912,https://leetcode.com/problems/maximum-manhattan-distance-after-k-changes,"Hash Table, Math, String, Counting"
MEDIUM,Rotated Digits,5.0,0.006408531015426862,https://leetcode.com/problems/rotated-digits,"Math, Dynamic Programming"
MEDIUM,Reach End of Array With Max Score,5.0,0.0033779398930337684,https://leetcode.com/problems/reach-end-of-array-with-max-score,"Array, Greedy"
MEDIUM,Fraction Addition and Subtraction,5.0,0.006656669888377206,https://leetcode.com/problems/fraction-addition-and-subtraction,"Math, String, Simulation, Euclidean Algorithm, Greatest Common Divisor"
MEDIUM,Ways to Express an Integer as Sum of Powers,5.0,0.004979696939685055,https://leetcode.com/problems/ways-to-express-an-integer-as-sum-of-powers,Dynamic Programming
MEDIUM,Bitwise ORs of Subarrays,5.0,0.0056961455594127285,https://leetcode.com/problems/bitwise-ors-of-subarrays,"Array, Dynamic Programming, Bit Manipulation"
HARD,Find the Original Typed String II,5.0,0.004544575392629651,https://leetcode.com/problems/find-the-original-typed-string-ii,"String, Dynamic Programming, Prefix Sum"
HARD,Height of Binary Tree After Subtree Removal Queries,5.0,0.005493374806239475,https://leetcode.com/problems/height-of-binary-tree-after-subtree-removal-queries,"Array, Tree, Depth-First Search, Breadth-First Search, Binary Tree"
EASY,Destination City,5.0,0.00795430335080227,https://leetcode.com/problems/destination-city,"Array, Hash Table, String"
MEDIUM,Find the Maximum Length of Valid Subsequence I,5.0,0.0054904631110227,https://leetcode.com/problems/find-the-maximum-length-of-valid-subsequence-i,"Array, Dynamic Programming"
MEDIUM,Reschedule Meetings for Maximum Free Time I,5.0,0.00538588152794281,https://leetcode.com/problems/reschedule-meetings-for-maximum-free-time-i,"Array, Greedy, Sliding Window"
MEDIUM,Can I Win,5.0,0.00316774134732184,https://leetcode.com/problems/can-i-win,"Math, Dynamic Programming, Bit Manipulation, Memoization, Game Theory, Bitmask"
HARD,The Earliest and Latest Rounds Where Players Compete,5.0,0.007205348527317006,https://leetcode.com/problems/the-earliest-and-latest-rounds-where-players-compete,"Dynamic Programming, Memoization"
MEDIUM,Construct Binary Tree from Inorder and Postorder Traversal,5.0,0.00693917578820311,https://leetcode.com/problems/construct-binary-tree-from-inorder-and-postorder-traversal,"Array, Hash Table, Divide and Conquer, Tree, Binary Tree"
MEDIUM,Super Pow,5.0,0.003734254464847296,https://leetcode.com/problems/super-pow,"Math, Divide and Conquer, Euler's Totient Function, Euler's Theorem"
EASY,Convert Binary Number in a Linked List to Integer,5.0,0.008239744042841557,https://leetcode.com/problems/convert-binary-number-in-a-linked-list-to-integer,"Linked List, Math"
MEDIUM,Maximum Score From Removing Substrings,5.0,0.006641197407061561,https://leetcode.com/problems/maximum-score-from-removing-substrings,"String, Stack, Greedy"
MEDIUM,Partition Array into Two Equal Product Subsets,5.0,0.003508217078329032,https://leetcode.com/problems/partition-array-into-two-equal-product-subsets,"Array, Bit Manipulation, Recursion, Enumeration"
EASY,Minimum Number Game,5.0,0.008575223201621596,https://leetcode.com/problems/minimum-number-game,"Array, Sorting, Heap (Priority Queue), Simulation"
MEDIUM,Smallest Subarrays With Maximum Bitwise OR,5.0,0.006192491766158913,https://leetcode.com/problems/smallest-subarrays-with-maximum-bitwise-or,"Array, Binary Search, Bit Manipulation, Sliding Window"
HARD,Minimum Score After Removals on a Tree,5.0,0.007600302392137805,https://leetcode.com/problems/minimum-score-after-removals-on-a-tree,"Array, Bit Manipulation, Tree, Depth-First Search"
MEDIUM,Single-Threaded CPU,5.0,0.004802635391194502,https://leetcode.com/problems/single-threaded-cpu,"Array, Sorting, Heap (Priority Queue)"
MEDIUM,Minimum Number of Operations to Make Array Empty,5.0,0.006238542208090011,https://leetcode.com/problems/minimum-number-of-operations-to-make-array-empty,"Array, Hash Table, Greedy, Counting"
MEDIUM,Reorder Data in Log Files,5.0,0.005678013130355938,https://leetcode.com/problems/reorder-data-in-log-files,"Array, String, Sorting"
HARD,Palindrome Pairs,5.0,0.00374957717295181,https://leetcode.com/problems/palindrome-pairs,"Array, Hash Table, String, Trie, Hash Function"
MEDIUM,Maximum Alternating Subsequence Sum,5.0,0.005925374117182227,https://leetcode.com/problems/maximum-alternating-subsequence-sum,"Array, Dynamic Programming"
MEDIUM,Minimum Addition to Make Integer Beautiful,5.0,0.0038955318740115587,https://leetcode.com/problems/minimum-addition-to-make-integer-beautiful,"Math, Greedy"
HARD,Rearranging Fruits,5.0,0.005725804127692192,https://leetcode.com/problems/rearranging-fruits,"Array, Hash Table, Greedy, Sort"
MEDIUM,Most Profit Assigning Work,5.0,0.005631316893047863,https://leetcode.com/problems/most-profit-assigning-work,"Array, Two Pointers, Binary Search, Greedy, Sorting"
MEDIUM,Reach a Number,5.0,0.004554043273008655,https://leetcode.com/problems/reach-a-number,"Math, Binary Search"
MEDIUM,3Sum With Multiplicity,5.0,0.004642843787628357,https://leetcode.com/problems/3sum-with-multiplicity,"Array, Hash Table, Two Pointers, Sorting, Counting"
MEDIUM,Reordered Power of 2,5.0,0.0065871811916571495,https://leetcode.com/problems/reordered-power-of-2,"Hash Table, Math, Sorting, Counting, Enumeration"
HARD,Cherry Pickup,5.0,0.0040270487618501005,https://leetcode.com/problems/cherry-pickup,"Array, Dynamic Programming, Matrix"
EASY,Swap Sex of Employees,5.0,0.008486644898054212,https://leetcode.com/problems/swap-sex-of-employees,Database
MEDIUM,Longest Arithmetic Subsequence of Given Difference,5.0,0.0054340803367053095,https://leetcode.com/problems/longest-arithmetic-subsequence-of-given-difference,"Array, Hash Table, Dynamic Programming"
EASY,Reformat Department Table,5.0,0.007641273405082739,https://leetcode.com/problems/reformat-department-table,Database
MEDIUM,Sort Matrix by Diagonals,5.0,0.008469399116675533,https://leetcode.com/problems/sort-matrix-by-diagonals,"Array, Sorting, Matrix"
MEDIUM,Count Submatrices With All Ones,5.0,0.007100133222236345,https://leetcode.com/problems/count-submatrices-with-all-ones,"Array, Dynamic Programming, Stack, Matrix, Monotonic Stack"
MEDIUM,Largest Prime from Consecutive Prime Sum,5.0,0.003936690387711195,https://leetcode.com/problems/largest-prime-from-consecutive-prime-sum,"Array, Math, Number Theory"
EASY,Check if Two Chessboard Squares Have the Same Color,5.0,0.00721889223511983,https://leetcode.com/problems/check-if-two-chessboard-squares-have-the-same-color,"Math, String"
MEDIUM,Non-decreasing Array,5.0,0.0025562762206484957,https://leetcode.com/problems/non-decreasing-array,Array
EASY,Find the Pivot Integer,5.0,0.008373707792554747,https://leetcode.com/problems/find-the-pivot-integer,"Math, Prefix Sum"
MEDIUM,Additive Number,5.0,0.003428211138067629,https://leetcode.com/problems/additive-number,"String, Backtracking"
EASY,Maximum Area of Longest Diagonal Rectangle,5.0,0.00459556007324493,https://leetcode.com/problems/maximum-area-of-longest-diagonal-rectangle,Array
MEDIUM,Prime Subtraction Operation,5.0,0.005542074972779592,https://leetcode.com/problems/prime-subtraction-operation,"Array, Math, Binary Search, Greedy, Number Theory"
EASY,Zigzag Grid Traversal With Skip,5.0,0.006565066355035458,https://leetcode.com/problems/zigzag-grid-traversal-with-skip,"Array, Matrix, Simulation"
MEDIUM,Find the Number of Ways to Place People I,5.0,0.006404018630432272,https://leetcode.com/problems/find-the-number-of-ways-to-place-people-i,"Array, Math, Geometry, Sorting, Enumeration"
HARD,Find the Number of Ways to Place People II,5.0,0.006418405695695768,https://leetcode.com/problems/find-the-number-of-ways-to-place-people-ii,"Array, Math, Geometry, Sorting, Enumeration"
EASY,Find Closest Person,5.0,0.00889999007641163,https://leetcode.com/problems/find-closest-person,Math
EASY,Reshape Data: Pivot,5.0,0.008294644131991673,https://leetcode.com/problems/reshape-data-pivot,
MEDIUM,Sort Vowels in a String,5.0,0.008348176719925155,https://leetcode.com/problems/sort-vowels-in-a-string,"String, Sorting"
MEDIUM,Vowels Game in a String,5.0,0.007692229371198978,https://leetcode.com/problems/vowels-game-in-a-string,"Math, String, Brainteaser, Game Theory"
MEDIUM,Grid Teleportation Traversal,5.0,0.0023860506803552515,https://leetcode.com/problems/grid-teleportation-traversal,"Array, Hash Table, Breadth-First Search, Matrix"
EASY,Decode the Message,5.0,0.008593744970763371,https://leetcode.com/problems/decode-the-message,"Hash Table, String"
EASY,Calculate Money in Leetcode Bank,5.0,0.008251361913156135,https://leetcode.com/problems/calculate-money-in-leetcode-bank,Math
MEDIUM,Count Nice Pairs in an Array,5.0,0.004843584185493047,https://leetcode.com/problems/count-nice-pairs-in-an-array,"Array, Hash Table, Math, Counting"
MEDIUM,The Latest Time to Catch a Bus,5.0,0.003019492669910021,https://leetcode.com/problems/the-latest-time-to-catch-a-bus,"Array, Two Pointers, Binary Search, Sorting"
MEDIUM,Loud and Rich,5.0,0.006400431982103598,https://leetcode.com/problems/loud-and-rich,"Array, Depth-First Search, Graph Theory, Topological Sort, Directed Acyclic Graph"
MEDIUM,Water Bottles II,5.0,0.007806811724378127,https://leetcode.com/problems/water-bottles-ii,"Math, Simulation"
HARD,Perfect Rectangle,5.0,0.003888250665174612,https://leetcode.com/problems/perfect-rectangle,"Array, Hash Table, Math, Geometry, Sweep Line"
HARD,Number of Pairs Satisfying Inequality,5.0,0.004781220657276995,https://leetcode.com/problems/number-of-pairs-satisfying-inequality,"Array, Binary Search, Divide and Conquer, Binary Indexed Tree, Segment Tree, Merge Sort, Ordered Set"
EASY,Compute Decimal Representation,5.0,0.00649515325104223,https://leetcode.com/problems/compute-decimal-representation,"Array, Math"
HARD,Count the Number of Infection Sequences,5.0,0.0038393453573814297,https://leetcode.com/problems/count-the-number-of-infection-sequences,"Array, Math, Combinatorics, Fermat's Little Theorem"
MEDIUM,Super Ugly Number,5.0,0.004645823169456796,https://leetcode.com/problems/super-ugly-number,"Array, Math, Dynamic Programming"
MEDIUM,Lowest Common Ancestor of a Binary Tree IV,5.0,0.007958199356913184,https://leetcode.com/problems/lowest-common-ancestor-of-a-binary-tree-iv,"Hash Table, Tree, Depth-First Search, Binary Tree, Binary Lifting, Lowest Common Ancestor"
EASY,Minimum Difference Between Highest and Lowest of K Scores,5.0,0.006639359593012383,https://leetcode.com/problems/minimum-difference-between-highest-and-lowest-of-k-scores,"Array, Sliding Window, Sorting"
MEDIUM,The kth Factor of n,5.0,0.00706858330179279,https://leetcode.com/problems/the-kth-factor-of-n,"Math, Number Theory, Prime Factorization"
MEDIUM,Eliminate Maximum Number of Monsters,5.0,0.0051243724650424025,https://leetcode.com/problems/eliminate-maximum-number-of-monsters,"Array, Greedy, Sorting"
EASY,Design an Ordered Stream,5.0,0.008271990791333362,https://leetcode.com/problems/design-an-ordered-stream,"Array, Hash Table, Design, Data Stream"
HARD,Length of the Longest Valid Substring,5.0,0.0038643754259565766,https://leetcode.com/problems/length-of-the-longest-valid-substring,"Array, Hash Table, String, Sliding Window"
MEDIUM,Maximum Frequency of an Element After Performing Operations I,5.0,0.004018042419344269,https://leetcode.com/problems/maximum-frequency-of-an-element-after-performing-operations-i,"Array, Binary Search, Sliding Window, Sorting, Prefix Sum"
MEDIUM,Next Greater Numerically Balanced Number,5.0,0.006305807934924052,https://leetcode.com/problems/next-greater-numerically-balanced-number,"Hash Table, Math, Backtracking, Counting, Enumeration"
MEDIUM,Maximum Binary Tree,5.0,0.008644219494765178,https://leetcode.com/problems/maximum-binary-tree,"Array, Divide and Conquer, Stack, Tree, Monotonic Stack, Binary Tree, Cartesian Tree"
MEDIUM,Maximize Area of Square Hole in Grid,5.0,0.006177397319285635,https://leetcode.com/problems/maximize-area-of-square-hole-in-grid,"Array, Sorting"
MEDIUM,Count Number of Rectangles Containing Each Point,5.0,0.003789175135901678,https://leetcode.com/problems/count-number-of-rectangles-containing-each-point,"Array, Hash Table, Binary Search, Binary Indexed Tree, Sorting"
EASY,Number of Days Between Two Dates,5.0,0.005330759770429079,https://leetcode.com/problems/number-of-days-between-two-dates,"Math, String"
MEDIUM,Insertion Sort List,5.0,0.005993785609329717,https://leetcode.com/problems/insertion-sort-list,"Linked List, Sorting"
MEDIUM,Maximum Product of Three Elements After One Replacement,5.0,0.004828924063088645,https://leetcode.com/problems/maximum-product-of-three-elements-after-one-replacement,"Array, Math, Greedy, Sorting"
EASY,Intersection of Multiple Arrays,5.0,0.006874240907404679,https://leetcode.com/problems/intersection-of-multiple-arrays,"Array, Hash Table, Sorting, Counting"
HARD,Design a Text Editor,5.0,0.005142492225677476,https://leetcode.com/problems/design-a-text-editor,"Linked List, String, Stack, Design, Simulation, Doubly-Linked List"
MEDIUM,Longest Mountain in Array,5.0,0.004245344287638158,https://leetcode.com/problems/longest-mountain-in-array,"Array, Two Pointers, Dynamic Programming, Enumeration"
MEDIUM,Minimum Operations to Convert All Elements to Zero,5.0,0.005308139293324391,https://leetcode.com/problems/minimum-operations-to-convert-all-elements-to-zero,"Array, Hash Table, Stack, Greedy, Monotonic Stack"
EASY,Check If All 1's Are at Least Length K Places Away,5.0,0.006430575488789026,https://leetcode.com/problems/check-if-all-1s-are-at-least-length-k-places-away,Array
EASY,The K Weakest Rows in a Matrix,5.0,0.007448604481142218,https://leetcode.com/problems/the-k-weakest-rows-in-a-matrix,"Array, Binary Search, Sorting, Heap (Priority Queue), Matrix"
EASY,Coupon Code Validator,5.0,0.006469579514906365,https://leetcode.com/problems/coupon-code-validator,"Array, Hash Table, String, Sorting"
MEDIUM,Increment Submatrices by One,5.0,0.0073828067597354885,https://leetcode.com/problems/increment-submatrices-by-one,"Array, Matrix, Prefix Sum"
MEDIUM,Count the Number of Substrings With Dominant Ones,5.0,0.004199969522648481,https://leetcode.com/problems/count-the-number-of-substrings-with-dominant-ones,"String, Enumeration"
MEDIUM,Champagne Tower,5.0,0.006397982998415784,https://leetcode.com/problems/champagne-tower,Dynamic Programming
MEDIUM,3Sum Smaller,5.0,0.005138337968330907,https://leetcode.com/problems/3sum-smaller,"Array, Two Pointers, Binary Search, Sorting"
EASY,Keep Multiplying Found Values by Two,5.0,0.00749698556694629,https://leetcode.com/problems/keep-multiplying-found-values-by-two,"Array, Hash Table, Sorting, Simulation"
HARD,Set Intersection Size At Least Two,5.0,0.005812802984673142,https://leetcode.com/problems/set-intersection-size-at-least-two,"Array, Greedy, Sorting"
MEDIUM,Maximum Number of Vowels in a Substring of Given Length,5.0,0.0062685518854509945,https://leetcode.com/problems/maximum-number-of-vowels-in-a-substring-of-given-length,"String, Sliding Window"
MEDIUM,Rectangle Area,5.0,0.005009191145751518,https://leetcode.com/problems/rectangle-area,"Math, Geometry"
MEDIUM,Smallest Integer Divisible by K,5.0,0.005416481240350965,https://leetcode.com/problems/smallest-integer-divisible-by-k,"Hash Table, Math, Pigeonhole Principle"
MEDIUM,Shortest Distance in a Plane,5.0,0.006090885618383683,https://leetcode.com/problems/shortest-distance-in-a-plane,"Database, Nearest Pair of Points"
HARD,Design In-Memory File System,5.0,0.004831368860605818,https://leetcode.com/problems/design-in-memory-file-system,"Hash Table, String, Design, Trie, Sorting"
MEDIUM,Capital Gain/Loss,5.0,0.008445847088835534,https://leetcode.com/problems/capital-gainloss,Database
MEDIUM,Count Number of Trapezoids I,5.0,0.004808594535870921,https://leetcode.com/problems/count-number-of-trapezoids-i,"Array, Hash Table, Math, Geometry"
EASY,Longest Even Odd Subarray With Threshold,5.0,0.0032519670906743397,https://leetcode.com/problems/longest-even-odd-subarray-with-threshold,"Array, Sliding Window"
MEDIUM,Count the Number of Computer Unlocking Permutations,5.0,0.0058951629876320055,https://leetcode.com/problems/count-the-number-of-computer-unlocking-permutations,"Array, Math, Brainteaser, Combinatorics"
MEDIUM,Construct Quad Tree,5.0,0.007861745646084299,https://leetcode.com/problems/construct-quad-tree,"Array, Divide and Conquer, Tree, Matrix"
EASY,K Items With the Maximum Sum,5.0,0.006036122849514649,https://leetcode.com/problems/k-items-with-the-maximum-sum,"Math, Greedy"
EASY,Minimum Changes To Make Alternating Binary String,5.0,0.006789286319715207,https://leetcode.com/problems/minimum-changes-to-make-alternating-binary-string,String
HARD,Sum of Distances in Tree,5.0,0.006575374783595216,https://leetcode.com/problems/sum-of-distances-in-tree,"Dynamic Programming, Tree, Depth-First Search, Graph Theory, DP on Trees"
MEDIUM,Nth Highest Salary,5.0,0.003990517424491866,https://leetcode.com/problems/nth-highest-salary,Database
MEDIUM,Create Binary Tree From Descriptions,5.0,0.008391478698296422,https://leetcode.com/problems/create-binary-tree-from-descriptions,"Array, Hash Table, Tree, Binary Tree"
MEDIUM,Partition Array According to Given Pivot,5.0,0.009075473293263891,https://leetcode.com/problems/partition-array-according-to-given-pivot,"Array, Two Pointers, Simulation"
MEDIUM,Jump Game VI,5.0,0.004656777937841619,https://leetcode.com/problems/jump-game-vi,"Array, Dynamic Programming, Queue, Heap (Priority Queue), Monotonic Queue"
EASY,Minimum Recolors to Get K Consecutive Black Blocks,5.0,0.0068938703019248305,https://leetcode.com/problems/minimum-recolors-to-get-k-consecutive-black-blocks,"String, Sliding Window"
MEDIUM,Number of Ways to Assign Edge Weights I,5.0,0.0063971649484536085,https://leetcode.com/problems/number-of-ways-to-assign-edge-weights-i,"Math, Tree, Depth-First Search"
HARD,Find Minimum in Rotated Sorted Array II,5.0,0.004688570040789392,https://leetcode.com/problems/find-minimum-in-rotated-sorted-array-ii,"Array, Binary Search"
MEDIUM,Two Best Non-Overlapping Events,5.0,0.006394894503777025,https://leetcode.com/problems/two-best-non-overlapping-events,"Array, Binary Search, Dynamic Programming, Sorting, Heap (Priority Queue)"
MEDIUM,Largest Submatrix With Rearrangements,5.0,0.008019162177085976,https://leetcode.com/problems/largest-submatrix-with-rearrangements,"Array, Greedy, Sorting, Matrix"
EASY,Rearrange Products Table,5.0,0.008552766363050296,https://leetcode.com/problems/rearrange-products-table,Database
MEDIUM,Count Vowel Strings in Ranges,5.0,0.006788224525156103,https://leetcode.com/problems/count-vowel-strings-in-ranges,"Array, String, Prefix Sum"
MEDIUM,Magnetic Force Between Two Balls,5.0,0.007254693451975427,https://leetcode.com/problems/magnetic-force-between-two-balls,"Array, Binary Search, Sorting"
MEDIUM,Split and Merge Array Transformation,5.0,0.005829654282415268,https://leetcode.com/problems/split-and-merge-array-transformation,"Array, Hash Table, Breadth-First Search"
MEDIUM,Maximum Beauty of an Array After Applying Operation,5.0,0.0058351565038449035,https://leetcode.com/problems/maximum-beauty-of-an-array-after-applying-operation,"Array, Binary Search, Sliding Window, Sorting"
MEDIUM,Minimum Length of String After Deleting Similar Ends,5.0,0.005617598873933727,https://leetcode.com/problems/minimum-length-of-string-after-deleting-similar-ends,"Two Pointers, String"
HARD,Maximum Profit from Trading Stocks with Discounts,5.0,0.005645490785013085,https://leetcode.com/problems/maximum-profit-from-trading-stocks-with-discounts,"Array, Dynamic Programming, Tree, Depth-First Search"
EASY,Binary Tree Tilt,5.0,0.0066300941554359415,https://leetcode.com/problems/binary-tree-tilt,"Tree, Depth-First Search, Binary Tree, DP on Trees"
HARD,Employee Free Time,5.0,0.007297656237611201,https://leetcode.com/problems/employee-free-time,"Array, Sweep Line, Sorting, Heap (Priority Queue)"
EASY,Minimum Bit Flips to Convert Number,5.0,0.008794671003143654,https://leetcode.com/problems/minimum-bit-flips-to-convert-number,Bit Manipulation
EASY,Divide an Array Into Subarrays With Minimum Cost I,5.0,0.008061686807865594,https://leetcode.com/problems/divide-an-array-into-subarrays-with-minimum-cost-i,"Array, Sorting, Enumeration"
EASY,N-Repeated Element in Size 2N Array,5.0,0.007998966661588294,https://leetcode.com/problems/n-repeated-element-in-size-2n-array,"Array, Hash Table, Pigeonhole Principle"
HARD,Number of Ways to Paint N × 3 Grid,5.0,0.008055706339339391,https://leetcode.com/problems/number-of-ways-to-paint-n-3-grid,"Dynamic Programming, Graph Coloring"
EASY,Buddy Strings,5.0,0.003417313986063894,https://leetcode.com/problems/buddy-strings,"Hash Table, String"
MEDIUM,Parallel Courses,5.0,0.0062360854065326935,https://leetcode.com/problems/parallel-courses,"Graph Theory, Topological Sort, Directed Acyclic Graph"
MEDIUM,Remove Comments,5.0,0.004039956733569388,https://leetcode.com/problems/remove-comments,"Array, String"
HARD,Range Module,5.0,0.0045412920182597875,https://leetcode.com/problems/range-module,"Design, Segment Tree, Ordered Set"
MEDIUM,Remove Covered Intervals,5.0,0.006017011116577376,https://leetcode.com/problems/remove-covered-intervals,"Array, Sorting"
MEDIUM,Minimum ASCII Delete Sum for Two Strings,5.0,0.007112932032786639,https://leetcode.com/problems/minimum-ascii-delete-sum-for-two-strings,"String, Dynamic Programming, Longest Common Subsequence"
MEDIUM,Path Existence Queries in a Graph I,5.0,0.007023023486210232,https://leetcode.com/problems/path-existence-queries-in-a-graph-i,"Array, Hash Table, Binary Search, Union-Find, Graph Theory"
MEDIUM,Number of Enclaves,5.0,0.0072181894837901805,https://leetcode.com/problems/number-of-enclaves,"Array, Depth-First Search, Breadth-First Search, Union-Find, Matrix"
MEDIUM,Count the Number of Complete Components,5.0,0.008081815581195768,https://leetcode.com/problems/count-the-number-of-complete-components,"Depth-First Search, Breadth-First Search, Union-Find, Graph Theory"
MEDIUM,Perfect Squares,5.0,0.0056804738036452754,https://leetcode.com/problems/perfect-squares,"Math, Dynamic Programming, Breadth-First Search, Knapsack Problem, Complete Knapsack"
HARD,Lexicographically Smallest String After Deleting Duplicate Characters,5.0,0.0021225270782792905,https://leetcode.com/problems/lexicographically-smallest-string-after-deleting-duplicate-characters,"Hash Table, String, Stack, Greedy, Monotonic Stack"
MEDIUM,Distinct Prime Factors of Product of Array,5.0,0.005511129562801392,https://leetcode.com/problems/distinct-prime-factors-of-product-of-array,"Array, Hash Table, Math, Number Theory, Prime Factorization, Euclidean Algorithm, Primality Test, Greatest Common Divisor, Sieve Theory, Prime Number Sieve"
MEDIUM,Construct the Minimum Bitwise Array II,5.0,0.0066654131744160105,https://leetcode.com/problems/construct-the-minimum-bitwise-array-ii,"Array, Bit Manipulation"
MEDIUM,Maximize Active Section with Trade I,5.0,0.006095642138456787,https://leetcode.com/problems/maximize-active-section-with-trade-i,"String, Enumeration"
MEDIUM,Minimum Number of Swaps to Make the String Balanced,5.0,0.007804356967066127,https://leetcode.com/problems/minimum-number-of-swaps-to-make-the-string-balanced,"Two Pointers, String, Stack, Greedy, Bracket Sequences"
EASY,Calculate Special Bonus,5.0,0.0057126793123702365,https://leetcode.com/problems/calculate-special-bonus,Database
MEDIUM,Design Linked List,5.0,0.0030677102559575715,https://leetcode.com/problems/design-linked-list,"Linked List, Design"
HARD,Minimum Falling Path Sum II,5.0,0.006297976765048226,https://leetcode.com/problems/minimum-falling-path-sum-ii,"Array, Dynamic Programming, Matrix"
MEDIUM,Detect Cycles in 2D Grid,5.0,0.00635081936008583,https://leetcode.com/problems/detect-cycles-in-2d-grid,"Array, Depth-First Search, Breadth-First Search, Union-Find, Matrix"
MEDIUM,Keys and Rooms,5.0,0.007614455268820791,https://leetcode.com/problems/keys-and-rooms,"Depth-First Search, Breadth-First Search, Graph Theory"
EASY,Trionic Array I,5.0,0.004951499259823099,https://leetcode.com/problems/trionic-array-i,Array
MEDIUM,Integer Replacement,5.0,0.0037891137711975635,https://leetcode.com/problems/integer-replacement,"Dynamic Programming, Greedy, Bit Manipulation, Memoization"
MEDIUM,Maximize the Confusion of an Exam,5.0,0.007044007067428197,https://leetcode.com/problems/maximize-the-confusion-of-an-exam,"String, Binary Search, Sliding Window, Prefix Sum"
MEDIUM,Smallest Palindromic Rearrangement I,5.0,0.0074541310220621335,https://leetcode.com/problems/smallest-palindromic-rearrangement-i,"String, Sorting, Counting Sort"
EASY,Matrix Similarity After Cyclic Shifts,5.0,0.007445395168738108,https://leetcode.com/problems/matrix-similarity-after-cyclic-shifts,"Array, Math, Matrix, Simulation"
EASY,Number of Changing Keys,5.0,0.008099983095935017,https://leetcode.com/problems/number-of-changing-keys,String
EASY,Relative Sort Array,5.0,0.007538589530040575,https://leetcode.com/problems/relative-sort-array,"Array, Hash Table, Sorting, Counting Sort, Quicksort, Bubble Sort"
EASY,Patients With a Condition,5.0,0.00391664718818318,https://leetcode.com/problems/patients-with-a-condition,Database
EASY,Smallest Divisible Digit Product I,5.0,0.007305295055363272,https://leetcode.com/problems/smallest-divisible-digit-product-i,"Math, Enumeration"
MEDIUM,Predict the Winner,5.0,0.005988094964953137,https://leetcode.com/problems/predict-the-winner,"Array, Math, Dynamic Programming, Recursion, Minimax, Game Theory, Zero-Sum Game"
MEDIUM,Sort Transformed Array,5.0,0.005828517672355866,https://leetcode.com/problems/sort-transformed-array,"Array, Math, Two Pointers, Sorting"
MEDIUM,Minimum Number of Seconds to Make Mountain Height Zero,5.0,0.005830950698483448,https://leetcode.com/problems/minimum-number-of-seconds-to-make-mountain-height-zero,"Array, Math, Binary Search, Greedy, Heap (Priority Queue)"
MEDIUM,K-th Symbol in Grammar,5.0,0.0048611700449347735,https://leetcode.com/problems/k-th-symbol-in-grammar,"Math, Bit Manipulation, Recursion"
MEDIUM,Distribute Coins in Binary Tree,5.0,0.007733381510142222,https://leetcode.com/problems/distribute-coins-in-binary-tree,"Tree, Depth-First Search, Binary Tree, DP on Trees"
